ENTIDAD,MUN,NOM_MUN,LOC,AGEB,pob_total,pob_0a2,pob_3a5,pob_60mas,pob_65mas,pob_discapacidad,pob_disc_autocuidado,pob_3a5_no_escuela,pob_sin_serv_salud,hogares,hogares_jefa,pob_0a5,CVEGEO_AGEB,lat,lon,guarderias_1km,cuidado_mayores_1km,desierto_infancia,desierto_mayores
09,002,Azcapotzalco,0001,0010,3183,60.0,73.0,816.0,671.0,171.0,34.0,11.0,603.0,867.0,358.0,133.0,0900200010010,19.512768780000002,-99.2056225,1,0,False,False
09,002,Azcapotzalco,0001,0025,5593,122.0,164.0,1293.0,1025.0,341.0,59.0,50.0,1034.0,1760.0,761.0,286.0,0900200010025,19.51274725,-99.20179851,1,0,False,True
09,002,Azcapotzalco,0001,003A,4235,88.0,131.0,931.0,749.0,249.0,44.0,13.0,899.0,1190.0,483.0,219.0,090020001003A,19.50999785,-99.20729167,3,0,False,True
09,002,Azcapotzalco,0001,0044,4768,110.0,141.0,1132.0,905.0,371.0,57.0,32.0,855.0,1389.0,575.0,251.0,0900200010044,19.509457745,-99.20357661,1,0,False,True
09,002,Azcapotzalco,0001,0097,2176,40.0,54.0,562.0,470.0,144.0,26.0,13.0,387.0,597.0,218.0,94.0,0900200010097,19.50670766,-99.20585505,3,0,False,False
09,002,Azcapotzalco,0001,010A,3346,76.0,72.0,862.0,709.0,218.0,22.0,11.0,658.0,912.0,383.0,148.0,090020001010A,19.50630327,-99.20239425,2,0,False,True
09,002,Azcapotzalco,0001,0114,9866,291.0,350.0,1405.0,932.0,624.0,108.0,89.0,2191.0,3027.0,1217.0,641.0,0900200010114,19.49749208,-99.18739496,3,0,False,True
09,002,Azcapotzalco,0001,0129,5703,174.0,209.0,649.0,408.0,217.0,20.0,45.0,904.0,1831.0,739.0,383.0,0900200010129,19.49636151,-99.17373732,1,0,False,False
09,002,Azcapotzalco,0001,0133,7288,246.0,271.0,1125.0,766.0,291.0,59.0,69.0,1309.0,1991.0,795.0,517.0,0900200010133,19.495432815,-99.18044726,3,0,False,True
09,002,Azcapotzalco,0001,0148,2513,53.0,72.0,551.0,407.0,124.0,20.0,12.0,498.0,750.0,258.0,125.0,0900200010148,19.49591117,-99.21019843,2,0,False,False
09,002,Azcapotzalco,0001,0167,3049,80.0,119.0,489.0,325.0,223.0,38.0,33.0,723.0,915.0,319.0,199.0,0900200010167,19.49965704,-99.201033265,2,0,False,False
09,002,Azcapotzalco,0001,0171,2313,48.0,53.0,507.0,387.0,169.0,33.0,12.0,423.0,695.0,315.0,101.0,0900200010171,19.494867215,-99.200865605,0,0,False,False
09,002,Azcapotzalco,0001,0186,11139,365.0,400.0,1553.0,1034.0,605.0,99.0,68.0,2236.0,3500.0,1200.0,765.0,0900200010186,19.49694023,-99.196721535,0,0,True,True
09,002,Azcapotzalco,0001,0190,8920,308.0,356.0,1357.0,906.0,467.0,78.0,79.0,2011.0,2829.0,1112.0,664.0,0900200010190,19.49391303,-99.19347599,1,0,False,True
09,002,Azcapotzalco,0001,0203,5495,152.0,218.0,960.0,637.0,262.0,58.0,49.0,1273.0,1466.0,624.0,370.0,0900200010203,19.4928509,-99.18423908,3,0,False,True
09,002,Azcapotzalco,0001,0218,4162,110.0,112.0,822.0,569.0,158.0,35.0,32.0,942.0,1276.0,546.0,222.0,0900200010218,19.49168684,-99.18646469,3,0,False,True
09,002,Azcapotzalco,0001,0222,7064,229.0,255.0,1048.0,680.0,316.0,51.0,69.0,1665.0,2001.0,786.0,484.0,0900200010222,19.491328985000003,-99.17699563,2,0,False,True
09,002,Azcapotzalco,0001,0237,7093,221.0,268.0,1081.0,731.0,540.0,71.0,63.0,1881.0,2047.0,760.0,489.0,0900200010237,19.491946069999997,-99.21292622,0,0,True,True
09,002,Azcapotzalco,0001,0256,4894,113.0,190.0,804.0,554.0,270.0,52.0,54.0,1202.0,1424.0,514.0,303.0,0900200010256,19.48931544,-99.20544221,1,0,False,False
09,002,Azcapotzalco,0001,0260,5027,115.0,152.0,990.0,700.0,351.0,70.0,51.0,1009.0,1370.0,583.0,267.0,0900200010260,19.49200123,-99.19853536,0,0,False,True
09,002,Azcapotzalco,0001,0275,7063,189.0,240.0,1179.0,751.0,352.0,70.0,74.0,1513.0,1876.0,752.0,429.0,0900200010275,19.48849028,-99.19711545,1,0,False,True
09,002,Azcapotzalco,0001,028A,3133,50.0,82.0,742.0,525.0,150.0,21.0,19.0,618.0,1004.0,447.0,132.0,090020001028A,19.48865489,-99.19162681,4,0,False,False
09,002,Azcapotzalco,0001,0294,6122,180.0,193.0,1135.0,813.0,369.0,59.0,33.0,1216.0,1983.0,823.0,373.0,0900200010294,19.486728975,-99.19301938500001,2,0,False,True
09,002,Azcapotzalco,0001,0307,5718,160.0,165.0,1052.0,726.0,261.0,47.0,40.0,1077.0,1663.0,755.0,325.0,0900200010307,19.48874347,-99.18764906,5,0,False,True
09,002,Azcapotzalco,0001,0311,3817,90.0,127.0,772.0,539.0,204.0,48.0,27.0,939.0,1203.0,555.0,217.0,0900200010311,19.48350653,-99.18575436,3,2,False,False
09,002,Azcapotzalco,0001,0326,8373,250.0,284.0,1113.0,678.0,419.0,47.0,39.0,1500.0,2774.0,1217.0,534.0,0900200010326,19.488518155,-99.181290305,4,2,False,False
09,002,Azcapotzalco,0001,0330,2352,65.0,79.0,403.0,268.0,134.0,26.0,25.0,497.0,606.0,263.0,144.0,0900200010330,19.48691534,-99.17622420000001,2,2,False,False
09,002,Azcapotzalco,0001,0345,4283,119.0,133.0,946.0,733.0,354.0,129.0,36.0,886.0,1256.0,566.0,252.0,0900200010345,19.481670455,-99.17668918999999,1,2,False,False
09,002,Azcapotzalco,0001,035A,6325,201.0,214.0,825.0,533.0,253.0,52.0,59.0,1271.0,1891.0,821.0,415.0,090020001035A,19.48163094,-99.17303894,0,2,True,False
09,002,Azcapotzalco,0001,0364,3407,74.0,96.0,717.0,531.0,199.0,29.0,15.0,722.0,914.0,424.0,170.0,0900200010364,19.47495529,-99.16259055,6,0,False,False
09,002,Azcapotzalco,0001,0379,4525,130.0,123.0,976.0,689.0,237.0,51.0,24.0,867.0,1337.0,605.0,253.0,0900200010379,19.47525472,-99.16109269,7,0,False,True
09,002,Azcapotzalco,0001,0383,4040,86.0,123.0,836.0,599.0,293.0,43.0,18.0,896.0,1228.0,509.0,209.0,0900200010383,19.47976046,-99.1560125,7,0,False,True
09,002,Azcapotzalco,0001,0398,4230,112.0,155.0,843.0,599.0,310.0,44.0,31.0,1023.0,1351.0,551.0,267.0,0900200010398,19.47589501,-99.1557773,7,0,False,True
09,002,Azcapotzalco,0001,0400,3953,94.0,102.0,818.0,545.0,228.0,28.0,28.0,914.0,1231.0,485.0,196.0,0900200010400,19.4758776,-99.15394677,8,0,False,False
09,002,Azcapotzalco,0001,0415,4165,109.0,129.0,917.0,662.0,256.0,37.0,27.0,869.0,1297.0,568.0,238.0,0900200010415,19.47512763,-99.1493386,7,1,False,False
09,002,Azcapotzalco,0001,0434,2831,54.0,77.0,791.0,583.0,186.0,41.0,11.0,471.0,964.0,392.0,131.0,0900200010434,19.4852142,-99.20027196000001,0,0,False,False
09,002,Azcapotzalco,0001,0449,2939,79.0,75.0,701.0,494.0,162.0,34.0,26.0,572.0,818.0,307.0,154.0,0900200010449,19.480318405,-99.20160765,1,0,False,False
09,002,Azcapotzalco,0001,0468,4552,110.0,125.0,790.0,554.0,150.0,29.0,32.0,994.0,1656.0,715.0,235.0,0900200010468,19.48211643,-99.1870114,2,2,False,False
09,002,Azcapotzalco,0001,0472,6574,127.0,204.0,1181.0,816.0,266.0,50.0,49.0,1021.0,2345.0,1007.0,331.0,0900200010472,19.47667649,-99.18705575,4,2,False,False
09,002,Azcapotzalco,0001,0487,4207,105.0,129.0,836.0,582.0,241.0,52.0,35.0,1049.0,1313.0,549.0,234.0,0900200010487,19.48040165,-99.18282257,3,2,False,False
09,002,Azcapotzalco,0001,0491,6312,144.0,190.0,1260.0,905.0,377.0,81.0,53.0,1324.0,1914.0,799.0,334.0,0900200010491,19.47547283,-99.17666296,1,3,False,False
09,002,Azcapotzalco,0001,0504,4754,91.0,132.0,1049.0,741.0,202.0,50.0,24.0,851.0,1532.0,653.0,223.0,0900200010504,19.473305064999998,-99.17711665,1,3,False,False
09,002,Azcapotzalco,0001,0519,2409,65.0,71.0,490.0,359.0,130.0,14.0,17.0,471.0,793.0,313.0,136.0,0900200010519,19.47252781,-99.174767,1,1,False,False
09,002,Azcapotzalco,0001,0542,6915,224.0,323.0,824.0,572.0,298.0,46.0,59.0,1444.0,2317.0,847.0,547.0,0900200010542,19.46877682,-99.16151835,5,1,False,False
09,002,Azcapotzalco,0001,0557,4475,112.0,130.0,873.0,644.0,366.0,52.0,35.0,1117.0,1396.0,634.0,242.0,0900200010557,19.472302535,-99.155351775,9,0,False,True
09,002,Azcapotzalco,0001,0561,3454,119.0,116.0,658.0,455.0,179.0,37.0,17.0,742.0,1044.0,454.0,235.0,0900200010561,19.470648,-99.15170873,8,0,False,False
09,002,Azcapotzalco,0001,0576,3168,89.0,117.0,603.0,407.0,233.0,35.0,30.0,733.0,946.0,362.0,206.0,0900200010576,19.47172279,-99.14870732,10,1,False,False
09,002,Azcapotzalco,0001,0580,4220,124.0,157.0,757.0,523.0,293.0,53.0,43.0,794.0,1222.0,541.0,281.0,0900200010580,19.46981078,-99.145855765,7,1,False,False
09,002,Azcapotzalco,0001,0595,5116,166.0,214.0,765.0,522.0,327.0,46.0,62.0,1324.0,1480.0,643.0,380.0,0900200010595,19.48261593,-99.215268235,1,0,False,False
09,002,Azcapotzalco,0001,0608,5135,179.0,230.0,687.0,477.0,244.0,47.0,64.0,1351.0,1500.0,565.0,409.0,0900200010608,19.47752771,-99.21468112,1,0,False,False
09,002,Azcapotzalco,0001,0612,4333,150.0,161.0,613.0,425.0,225.0,71.0,41.0,1105.0,1253.0,421.0,311.0,0900200010612,19.47890418,-99.21685095,1,0,False,False
09,002,Azcapotzalco,0001,0627,4912,168.0,201.0,705.0,487.0,275.0,51.0,60.0,1270.0,1545.0,570.0,369.0,0900200010627,19.475612405,-99.21816563499999,0,0,True,False
09,002,Azcapotzalco,0001,0631,5263,127.0,163.0,1066.0,758.0,352.0,62.0,31.0,1340.0,1449.0,544.0,290.0,0900200010631,19.47901497,-99.20731913,1,0,False,True
09,002,Azcapotzalco,0001,0650,6499,182.0,216.0,1186.0,794.0,360.0,60.0,54.0,1542.0,1815.0,742.0,398.0,0900200010650,19.475813825000003,-99.19924959,0,0,True,True
09,002,Azcapotzalco,0001,0665,7747,208.0,277.0,1280.0,867.0,408.0,67.0,79.0,1716.0,2406.0,927.0,485.0,0900200010665,19.47422396,-99.192856845,4,0,False,True
09,002,Azcapotzalco,0001,067A,6226,158.0,176.0,1070.0,702.0,329.0,44.0,26.0,1105.0,2087.0,793.0,334.0,090020001067A,19.47227778,-99.18486321,4,1,False,False
09,002,Azcapotzalco,0001,0684,3991,88.0,118.0,910.0,635.0,188.0,37.0,27.0,826.0,1393.0,604.0,206.0,0900200010684,19.468321845,-99.18743485,5,3,False,False
09,002,Azcapotzalco,0001,0699,2696,48.0,50.0,702.0,491.0,126.0,40.0,7.0,593.0,898.0,339.0,98.0,0900200010699,19.46865662,-99.179334245,2,1,False,False
09,002,Azcapotzalco,0001,0701,2400,43.0,48.0,609.0,436.0,146.0,34.0,,516.0,825.0,350.0,91.0,0900200010701,19.46522941,-99.17938862,2,1,False,False
09,002,Azcapotzalco,0001,0716,3775,88.0,104.0,826.0,589.0,213.0,50.0,15.0,892.0,1256.0,522.0,192.0,0900200010716,19.464633085,-99.17460439,0,1,False,False
09,002,Azcapotzalco,0001,0720,2653,44.0,45.0,767.0,566.0,115.0,31.0,,627.0,929.0,388.0,89.0,0900200010720,19.4683677,-99.16825336,1,1,False,False
09,002,Azcapotzalco,0001,074A,2850,79.0,102.0,627.0,433.0,142.0,14.0,24.0,639.0,934.0,402.0,181.0,090020001074A,19.469863795000002,-99.16533047499999,4,1,False,False
09,002,Azcapotzalco,0001,0754,2282,54.0,80.0,519.0,375.0,134.0,21.0,16.0,431.0,733.0,324.0,134.0,0900200010754,19.466564355,-99.16328677999999,3,1,False,False
09,002,Azcapotzalco,0001,0769,9195,320.0,342.0,1204.0,807.0,423.0,66.0,64.0,1983.0,3178.0,1169.0,662.0,0900200010769,19.46613792,-99.1545351,4,0,False,True
09,002,Azcapotzalco,0001,0773,2314,67.0,62.0,496.0,362.0,217.0,38.0,16.0,400.0,693.0,324.0,129.0,0900200010773,19.46610598,-99.15090698,5,0,False,False
09,002,Azcapotzalco,0001,0788,2450,59.0,79.0,550.0,373.0,184.0,34.0,18.0,603.0,775.0,357.0,138.0,0900200010788,19.466007325,-99.14640463500001,6,0,False,False
09,002,Azcapotzalco,0001,0792,4954,124.0,141.0,1026.0,733.0,336.0,49.0,21.0,1185.0,1645.0,732.0,265.0,0900200010792,19.46380406,-99.18627442,6,3,False,False
09,002,Azcapotzalco,0001,0805,1996,41.0,59.0,488.0,360.0,92.0,31.0,9.0,393.0,741.0,296.0,100.0,0900200010805,19.46367878,-99.18111208,4,3,False,False
09,002,Azcapotzalco,0001,081A,3761,100.0,86.0,825.0,604.0,232.0,32.0,22.0,974.0,1407.0,683.0,186.0,090020001081A,19.461024025,-99.18228820499999,3,3,False,False
09,002,Azcapotzalco,0001,0824,3028,77.0,88.0,583.0,423.0,174.0,29.0,23.0,626.0,981.0,405.0,165.0,0900200010824,19.46037407,-99.174399,1,1,False,False
09,002,Azcapotzalco,0001,0839,3004,43.0,73.0,825.0,608.0,126.0,36.0,16.0,538.0,1072.0,428.0,116.0,0900200010839,19.46415428,-99.16904499,1,1,False,False
09,002,Azcapotzalco,0001,0843,3643,76.0,69.0,951.0,674.0,178.0,27.0,14.0,879.0,1245.0,491.0,145.0,0900200010843,19.45988047,-99.16772513999999,3,1,False,False
09,002,Azcapotzalco,0001,0858,4395,105.0,135.0,858.0,587.0,289.0,39.0,20.0,909.0,1412.0,601.0,240.0,0900200010858,19.46249554,-99.16290993,2,1,False,False
09,002,Azcapotzalco,0001,0877,821,19.0,31.0,119.0,88.0,38.0,5.0,14.0,257.0,213.0,66.0,50.0,0900200010877,19.49044784,-99.15749164,0,0,False,False
09,002,Azcapotzalco,0001,0881,5207,175.0,216.0,799.0,516.0,303.0,40.0,69.0,1135.0,1464.0,636.0,391.0,0900200010881,19.48407052,-99.16119568,1,0,False,False
09,002,Azcapotzalco,0001,0896,1532,39.0,39.0,345.0,254.0,84.0,13.0,12.0,263.0,568.0,256.0,78.0,0900200010896,19.47417877,-99.17258421,0,1,False,False
09,002,Azcapotzalco,0001,0909,1810,40.0,33.0,465.0,364.0,69.0,11.0,,218.0,645.0,350.0,73.0,0900200010909,19.472647355,-99.17142527,1,1,False,False
09,002,Azcapotzalco,0001,0913,3311,71.0,90.0,745.0,519.0,282.0,44.0,27.0,566.0,976.0,394.0,161.0,0900200010913,19.50950544,-99.19304323,0,0,False,False
09,002,Azcapotzalco,0001,0928,1841,80.0,79.0,197.0,114.0,143.0,21.0,23.0,519.0,518.0,237.0,159.0,0900200010928,19.50291025,-99.201984805,3,0,False,False
09,002,Azcapotzalco,0001,0932,408,11.0,17.0,90.0,45.0,43.0,3.0,6.0,58.0,126.0,55.0,28.0,0900200010932,19.50437651,-99.177612,1,0,False,False
09,002,Azcapotzalco,0001,0947,4456,103.0,154.0,799.0,440.0,224.0,27.0,36.0,714.0,1309.0,515.0,257.0,0900200010947,19.50475811,-99.18543813,1,0,False,False
09,002,Azcapotzalco,0001,0966,2047,24.0,36.0,704.0,588.0,105.0,39.0,7.0,384.0,644.0,225.0,60.0,0900200010966,19.50453049,-99.20863128,3,0,False,False
09,002,Azcapotzalco,0001,0970,2953,56.0,75.0,627.0,443.0,171.0,20.0,12.0,526.0,885.0,328.0,131.0,0900200010970,19.498328309999998,-99.205205955,3,0,False,False
09,002,Azcapotzalco,0001,0985,2334,64.0,51.0,544.0,403.0,199.0,37.0,14.0,440.0,694.0,324.0,115.0,0900200010985,19.49611198,-99.20280199,0,0,False,False
09,002,Azcapotzalco,0001,099A,1337,36.0,54.0,231.0,141.0,33.0,15.0,24.0,117.0,418.0,176.0,90.0,090020001099A,19.49492299,-99.20636217,2,0,False,False
09,002,Azcapotzalco,0001,1004,7559,221.0,283.0,955.0,597.0,431.0,62.0,53.0,1644.0,2284.0,878.0,504.0,0900200011004,19.49319867,-99.20316542,0,0,True,True
09,002,Azcapotzalco,0001,1019,1689,44.0,63.0,298.0,191.0,117.0,12.0,18.0,278.0,536.0,238.0,107.0,0900200011019,19.48133384,-99.19945671,1,0,False,False
09,002,Azcapotzalco,0001,1023,7644,221.0,232.0,1223.0,829.0,395.0,71.0,54.0,1438.0,2731.0,1073.0,453.0,0900200011023,19.48094264,-99.19325913,1,0,False,True
09,002,Azcapotzalco,0001,1038,7053,252.0,329.0,959.0,628.0,424.0,66.0,85.0,1814.0,2138.0,745.0,581.0,0900200011038,19.47633808,-99.21116026,1,0,False,True
09,002,Azcapotzalco,0001,1042,5802,204.0,208.0,873.0,569.0,317.0,70.0,63.0,1540.0,1617.0,601.0,412.0,0900200011042,19.47472082,-99.20732796,1,0,False,True
09,002,Azcapotzalco,0001,1057,2418,39.0,56.0,648.0,473.0,111.0,30.0,4.0,470.0,861.0,378.0,95.0,0900200011057,19.46542615,-99.16686877,1,1,False,False
09,002,Azcapotzalco,0001,1061,1719,40.0,49.0,442.0,331.0,69.0,22.0,16.0,284.0,673.0,342.0,89.0,0900200011061,19.46327326,-99.16498997,1,1,False,False
09,002,Azcapotzalco,0001,1076,1,,,,,,,,,,,,0900200011076,19.48601745,-99.20865567,1,0,False,False
09,002,Azcapotzalco,0001,1080,5000,208.0,222.0,433.0,273.0,153.0,25.0,54.0,653.0,1783.0,622.0,430.0,0900200011080,19.4858063,-99.21264516,1,0,False,False
09,002,Azcapotzalco,0001,1095,7035,241.0,233.0,964.0,620.0,402.0,62.0,61.0,1397.0,2145.0,793.0,474.0,0900200011095,19.482538895,-99.205126785,1,0,False,True
09,002,Azcapotzalco,0001,1112,4239,97.0,141.0,671.0,361.0,217.0,43.0,31.0,650.0,1300.0,535.0,238.0,0900200011112,19.50964769,-99.1973931,1,0,False,False
09,002,Azcapotzalco,0001,1127,2837,69.0,100.0,471.0,242.0,173.0,17.0,15.0,352.0,875.0,320.0,169.0,0900200011127,19.50663466,-99.192706965,0,0,False,False
09,002,Azcapotzalco,0001,1131,2543,61.0,51.0,617.0,459.0,129.0,20.0,7.0,550.0,889.0,444.0,112.0,0900200011131,19.47292497,-99.16691175,4,0,False,False
09,002,Azcapotzalco,0001,1146,927,13.0,27.0,246.0,184.0,58.0,15.0,3.0,185.0,342.0,183.0,40.0,0900200011146,19.47165788,-99.16593775,4,0,False,False
09,002,Azcapotzalco,0001,1150,3486,134.0,144.0,304.0,190.0,126.0,18.0,36.0,478.0,1055.0,330.0,278.0,0900200011150,19.50488884,-99.17500279,1,0,False,False
09,002,Azcapotzalco,0001,1165,400,14.0,26.0,45.0,32.0,21.0,3.0,7.0,132.0,107.0,47.0,40.0,0900200011165,19.50053527,-99.16029637,0,0,False,False
09,002,Azcapotzalco,0001,117A,1602,37.0,45.0,366.0,267.0,73.0,8.0,6.0,253.0,537.0,205.0,82.0,090020001117A,19.50758481,-99.210303275,3,0,False,False
09,002,Azcapotzalco,0001,1184,1433,24.0,37.0,307.0,222.0,41.0,6.0,7.0,194.0,471.0,174.0,61.0,0900200011184,19.50084942,-99.20637626,3,0,False,False
09,003,Coyoacán,0001,0018,1658,24.0,43.0,559.0,431.0,80.0,21.0,3.0,414.0,657.0,300.0,67.0,0900300010018,19.35496866,-99.16921874,1,2,False,False
09,003,Coyoacán,0001,0022,1569,21.0,25.0,497.0,344.0,72.0,7.0,6.0,362.0,583.0,244.0,46.0,0900300010022,19.355416495,-99.16486900000001,2,2,False,False
09,003,Coyoacán,0001,0037,1428,32.0,31.0,442.0,325.0,65.0,13.0,0.0,362.0,473.0,211.0,63.0,0900300010037,19.35244245,-99.16121129,2,2,False,False
09,003,Coyoacán,0001,0041,3006,49.0,50.0,899.0,662.0,129.0,39.0,13.0,793.0,1307.0,643.0,99.0,0900300010041,19.35609938,-99.15581381,3,1,False,False
09,003,Coyoacán,0001,0056,3895,73.0,83.0,1033.0,709.0,175.0,35.0,8.0,921.0,1383.0,676.0,156.0,0900300010056,19.35124477,-99.15190571,3,0,False,True
09,003,Coyoacán,0001,0060,4299,105.0,107.0,1061.0,780.0,243.0,61.0,13.0,1150.0,1420.0,591.0,212.0,0900300010060,19.35094319,-99.14723007,3,1,False,False
09,003,Coyoacán,0001,0075,2825,40.0,59.0,789.0,554.0,154.0,28.0,12.0,743.0,1055.0,464.0,99.0,0900300010075,19.35280197,-99.14415512,4,1,False,False
09,003,Coyoacán,0001,008A,2297,35.0,35.0,720.0,531.0,134.0,39.0,,612.0,709.0,271.0,70.0,090030001008A,19.35180869,-99.131490505,2,4,False,False
09,003,Coyoacán,0001,0094,3531,43.0,72.0,1028.0,733.0,239.0,58.0,10.0,935.0,1165.0,519.0,115.0,0900300010094,19.3567987,-99.1295492,2,7,False,False
09,003,Coyoacán,0001,0107,6992,147.0,182.0,1758.0,1288.0,390.0,75.0,41.0,1729.0,2339.0,987.0,329.0,0900300010107,19.35385345,-99.12611437000001,1,5,False,False
09,003,Coyoacán,0001,0111,1380,18.0,18.0,512.0,424.0,153.0,56.0,3.0,269.0,374.0,146.0,36.0,0900300010111,19.3466762,-99.17634484,1,7,False,False
09,003,Coyoacán,0001,0126,1803,24.0,43.0,547.0,416.0,67.0,17.0,9.0,367.0,607.0,224.0,67.0,0900300010126,19.346595285,-99.170290115,0,6,False,False
09,003,Coyoacán,0001,0130,2171,36.0,39.0,714.0,533.0,83.0,27.0,6.0,610.0,738.0,344.0,75.0,0900300010130,19.34999077,-99.16298765,1,3,False,False
09,003,Coyoacán,0001,0145,2090,36.0,47.0,601.0,448.0,102.0,25.0,9.0,445.0,777.0,372.0,83.0,0900300010145,19.349098820000002,-99.16117186,2,3,False,False
09,003,Coyoacán,0001,015A,5065,78.0,112.0,1305.0,957.0,248.0,57.0,21.0,1110.0,1827.0,909.0,190.0,090030001015A,19.34478157,-99.15344572,5,2,False,False
09,003,Coyoacán,0001,0164,2900,63.0,64.0,737.0,543.0,152.0,32.0,4.0,593.0,1073.0,473.0,127.0,0900300010164,19.34316182,-99.14026243,5,3,False,False
09,003,Coyoacán,0001,0179,2198,23.0,42.0,609.0,450.0,93.0,33.0,4.0,494.0,751.0,304.0,65.0,0900300010179,19.34903748,-99.1340637,2,3,False,False
09,003,Coyoacán,0001,0183,2789,55.0,60.0,711.0,504.0,112.0,35.0,3.0,694.0,1065.0,399.0,115.0,0900300010183,19.34424197,-99.13360021,2,4,False,False
09,003,Coyoacán,0001,0198,1649,23.0,39.0,486.0,344.0,76.0,17.0,7.0,375.0,495.0,194.0,62.0,0900300010198,19.34609225,-99.12831139,2,3,False,False
09,003,Coyoacán,0001,0200,5523,106.0,149.0,1210.0,847.0,184.0,41.0,18.0,1368.0,1997.0,752.0,255.0,0900300010200,19.34414269,-99.126189975,3,2,False,False
09,003,Coyoacán,0001,0215,6100,130.0,185.0,1088.0,740.0,176.0,31.0,36.0,1489.0,2261.0,861.0,315.0,0900300010215,19.35061178,-99.12280916,1,1,False,False
09,003,Coyoacán,0001,022A,8705,282.0,334.0,1329.0,878.0,457.0,66.0,79.0,2012.0,2463.0,957.0,616.0,090030001022A,19.34068697,-99.11947934,4,0,False,True
09,003,Coyoacán,0001,0234,710,19.0,14.0,207.0,153.0,32.0,10.0,,120.0,245.0,103.0,33.0,0900300010234,19.345093470000002,-99.181293505,2,6,False,False
09,003,Coyoacán,0001,0249,740,8.0,14.0,183.0,127.0,20.0,5.0,0.0,187.0,265.0,107.0,22.0,0900300010249,19.34606463,-99.1791748,2,6,False,False
09,003,Coyoacán,0001,0268,1305,14.0,21.0,440.0,339.0,78.0,19.0,0.0,313.0,472.0,216.0,35.0,0900300010268,19.34537696,-99.17146576,0,6,False,False
09,003,Coyoacán,0001,0272,3327,60.0,67.0,1016.0,758.0,148.0,47.0,,724.0,1116.0,496.0,127.0,0900300010272,19.342302205,-99.17159674999999,0,6,False,False
09,003,Coyoacán,0001,0287,8213,206.0,232.0,1729.0,1219.0,313.0,76.0,51.0,2409.0,2517.0,1111.0,438.0,0900300010287,19.34402002,-99.16400219,0,3,True,False
09,003,Coyoacán,0001,0291,4212,95.0,112.0,901.0,599.0,148.0,35.0,20.0,867.0,1507.0,677.0,207.0,0900300010291,19.34214568,-99.15060596,7,2,False,False
09,003,Coyoacán,0001,0304,1968,30.0,39.0,509.0,351.0,102.0,25.0,4.0,471.0,664.0,293.0,69.0,0900300010304,19.33782779,-99.14623695,6,2,False,False
09,003,Coyoacán,0001,0319,2494,47.0,58.0,638.0,458.0,119.0,26.0,10.0,648.0,913.0,336.0,105.0,0900300010319,19.34097666,-99.139304205,5,3,False,False
09,003,Coyoacán,0001,0323,2398,30.0,55.0,691.0,489.0,197.0,37.0,8.0,600.0,802.0,350.0,85.0,0900300010323,19.33863748,-99.13715495,5,4,False,False
09,003,Coyoacán,0001,0342,3376,52.0,66.0,1028.0,765.0,143.0,34.0,3.0,772.0,1116.0,420.0,118.0,0900300010342,19.33838847,-99.12407329,4,1,False,False
09,003,Coyoacán,0001,0357,4074,131.0,149.0,622.0,428.0,110.0,17.0,42.0,1452.0,1207.0,474.0,280.0,0900300010357,19.33921534,-99.1166524,4,0,False,False
09,003,Coyoacán,0001,0361,1977,35.0,41.0,495.0,368.0,110.0,29.0,5.0,488.0,671.0,321.0,76.0,0900300010361,19.339140819999997,-99.188650905,2,1,False,False
09,003,Coyoacán,0001,0376,1268,9.0,25.0,353.0,278.0,70.0,19.0,4.0,194.0,513.0,248.0,34.0,0900300010376,19.338100885,-99.18604325999999,2,1,False,False
09,003,Coyoacán,0001,0380,2851,43.0,31.0,735.0,509.0,161.0,21.0,6.0,490.0,1234.0,638.0,74.0,0900300010380,19.3380505,-99.18398023,2,1,False,False
09,003,Coyoacán,0001,0395,2301,31.0,21.0,501.0,370.0,112.0,23.0,0.0,452.0,989.0,505.0,52.0,0900300010395,19.34171216,-99.18154469,2,5,False,False
09,003,Coyoacán,0001,0408,1576,19.0,19.0,406.0,308.0,61.0,15.0,,310.0,641.0,323.0,38.0,0900300010408,19.33686258,-99.18198853,1,2,False,False
09,003,Coyoacán,0001,0412,3853,48.0,46.0,1051.0,829.0,197.0,45.0,7.0,694.0,1433.0,742.0,94.0,0900300010412,19.3374436,-99.17862527,1,3,False,False
09,003,Coyoacán,0001,0427,2116,41.0,46.0,622.0,473.0,107.0,30.0,5.0,546.0,619.0,236.0,87.0,0900300010427,19.34057499,-99.16977953,0,4,False,False
09,003,Coyoacán,0001,0431,5344,151.0,168.0,953.0,689.0,275.0,55.0,36.0,1543.0,1499.0,558.0,319.0,0900300010431,19.33589961,-99.16871464,1,2,False,False
09,003,Coyoacán,0001,0446,5501,119.0,161.0,1015.0,679.0,278.0,61.0,33.0,1375.0,1812.0,787.0,280.0,0900300010446,19.3371041,-99.15586405,2,2,False,False
09,003,Coyoacán,0001,0450,6576,107.0,170.0,1402.0,963.0,223.0,37.0,34.0,1764.0,2135.0,932.0,277.0,0900300010450,19.33622828,-99.15285586,5,2,False,False
09,003,Coyoacán,0001,0465,1476,27.0,34.0,464.0,338.0,76.0,15.0,5.0,364.0,485.0,211.0,61.0,0900300010465,19.335603235,-99.14489861,5,3,False,False
09,003,Coyoacán,0001,0484,1003,17.0,14.0,289.0,198.0,41.0,9.0,,117.0,356.0,149.0,31.0,0900300010484,19.33505811,-99.13727621,3,5,False,False
09,003,Coyoacán,0001,0499,2502,37.0,37.0,809.0,590.0,194.0,59.0,3.0,639.0,803.0,296.0,74.0,0900300010499,19.335358465,-99.13526308,1,5,False,False
09,003,Coyoacán,0001,0501,3477,73.0,61.0,976.0,728.0,173.0,58.0,11.0,792.0,1058.0,405.0,134.0,0900300010501,19.33524392,-99.131165015,3,4,False,False
09,003,Coyoacán,0001,0516,1436,35.0,38.0,363.0,265.0,88.0,12.0,6.0,299.0,433.0,183.0,73.0,0900300010516,19.33636039,-99.12305047,4,1,False,False
09,003,Coyoacán,0001,0520,2615,66.0,81.0,570.0,439.0,189.0,22.0,16.0,718.0,708.0,355.0,147.0,0900300010520,19.333490335,-99.12478519,3,1,False,False
09,003,Coyoacán,0001,0535,7676,272.0,328.0,1016.0,671.0,336.0,60.0,113.0,2360.0,2247.0,982.0,600.0,0900300010535,19.335644875,-99.11990979,5,0,False,True
09,003,Coyoacán,0001,054A,784,5.0,13.0,217.0,170.0,17.0,6.0,5.0,180.0,309.0,141.0,18.0,090030001054A,19.335427359999997,-99.17924174000001,2,2,False,False
09,003,Coyoacán,0001,0554,4591,104.0,124.0,780.0,492.0,198.0,16.0,16.0,1146.0,1540.0,655.0,228.0,0900300010554,19.33234523,-99.17556711,1,1,False,False
09,003,Coyoacán,0001,0573,12827,336.0,416.0,1810.0,1120.0,691.0,95.0,89.0,3423.0,3688.0,1535.0,752.0,0900300010573,19.33034687,-99.153230365,4,2,False,False
09,003,Coyoacán,0001,0588,1779,25.0,38.0,464.0,359.0,96.0,8.0,4.0,302.0,525.0,237.0,63.0,0900300010588,19.32981216,-99.12416192500001,3,0,False,False
09,003,Coyoacán,0001,0605,3621,157.0,186.0,446.0,282.0,150.0,19.0,70.0,1297.0,1033.0,374.0,343.0,0900300010605,19.333257135,-99.11535709500001,4,0,False,False
09,003,Coyoacán,0001,061A,10554,316.0,369.0,1489.0,1074.0,699.0,110.0,93.0,2704.0,2987.0,1258.0,685.0,090030001061A,19.32990258,-99.1722025,3,0,False,True
09,003,Coyoacán,0001,0624,9838,316.0,386.0,1219.0,869.0,432.0,89.0,107.0,3176.0,2742.0,1087.0,702.0,0900300010624,19.32847317,-99.16716295,5,0,False,True
09,003,Coyoacán,0001,0639,12525,394.0,547.0,1634.0,1206.0,789.0,160.0,145.0,3311.0,3099.0,1394.0,941.0,0900300010639,19.32595121,-99.1633453,6,0,False,True
09,003,Coyoacán,0001,0643,8559,254.0,300.0,1293.0,906.0,604.0,102.0,85.0,2763.0,2298.0,842.0,554.0,0900300010643,19.32322819,-99.15749299,6,2,False,False
09,003,Coyoacán,0001,0658,10461,288.0,378.0,1690.0,1154.0,615.0,121.0,74.0,3166.0,2846.0,1096.0,666.0,0900300010658,19.32489218,-99.15537841,5,1,False,False
09,003,Coyoacán,0001,0662,5469,189.0,171.0,940.0,657.0,315.0,60.0,36.0,1636.0,1605.0,567.0,360.0,0900300010662,19.32340218,-99.14709153,2,1,False,False
09,003,Coyoacán,0001,0677,8113,206.0,251.0,1590.0,1076.0,468.0,62.0,44.0,2235.0,2537.0,1173.0,457.0,0900300010677,19.32254498,-99.14223798500001,2,2,False,False
09,003,Coyoacán,0001,0681,4561,158.0,137.0,892.0,556.0,174.0,22.0,11.0,1090.0,1462.0,616.0,295.0,0900300010681,19.326942015,-99.1428175,3,3,False,False
09,003,Coyoacán,0001,0696,2382,42.0,46.0,663.0,472.0,127.0,45.0,7.0,534.0,869.0,385.0,88.0,0900300010696,19.327634564999997,-99.140235615,3,3,False,False
09,003,Coyoacán,0001,0709,3117,67.0,85.0,778.0,567.0,161.0,47.0,19.0,901.0,1084.0,442.0,152.0,0900300010709,19.32820616,-99.13826316,3,3,False,False
09,003,Coyoacán,0001,0713,4685,93.0,91.0,1405.0,1079.0,363.0,82.0,15.0,1250.0,1448.0,647.0,184.0,0900300010713,19.32985224,-99.13125592,3,4,False,False
09,003,Coyoacán,0001,0728,3836,50.0,65.0,1186.0,895.0,311.0,74.0,11.0,985.0,1248.0,497.0,115.0,0900300010728,19.32636872,-99.1347571,2,2,False,False
09,003,Coyoacán,0001,0770,326,6.0,10.0,67.0,53.0,7.0,4.0,4.0,76.0,144.0,49.0,16.0,0900300010770,19.32452584,-99.181758985,0,0,False,False
09,003,Coyoacán,0001,0785,11640,419.0,473.0,1399.0,1010.0,554.0,109.0,160.0,3458.0,3350.0,1576.0,892.0,0900300010785,19.32333853,-99.1707864,10,0,False,True
09,003,Coyoacán,0001,079A,9058,323.0,343.0,1151.0,837.0,503.0,91.0,98.0,3196.0,2405.0,908.0,666.0,090030001079A,19.31801957,-99.16950653,7,0,False,True
09,003,Coyoacán,0001,0802,13042,463.0,548.0,1545.0,1129.0,743.0,121.0,150.0,4431.0,3624.0,1439.0,1011.0,0900300010802,19.32179261,-99.16727288999999,9,1,False,False
09,003,Coyoacán,0001,0817,10152,250.0,324.0,1579.0,1027.0,647.0,114.0,73.0,3206.0,3010.0,1204.0,574.0,0900300010817,19.318458645,-99.16121059,10,1,False,False
09,003,Coyoacán,0001,0821,5221,152.0,184.0,782.0,524.0,354.0,52.0,43.0,1676.0,1499.0,604.0,336.0,0900300010821,19.317807639999998,-99.157335865,7,1,False,False
09,003,Coyoacán,0001,0836,6381,189.0,224.0,1050.0,723.0,514.0,68.0,46.0,1895.0,1836.0,773.0,413.0,0900300010836,19.31881834,-99.15123333,4,2,False,False
09,003,Coyoacán,0001,0840,6633,187.0,233.0,1176.0,820.0,454.0,82.0,58.0,1894.0,1894.0,708.0,420.0,0900300010840,19.31606483,-99.14810453,4,1,False,False
09,003,Coyoacán,0001,0855,2696,70.0,60.0,658.0,454.0,190.0,31.0,10.0,687.0,807.0,347.0,130.0,0900300010855,19.31682734,-99.14282887,2,1,False,False
09,003,Coyoacán,0001,086A,2670,40.0,42.0,760.0,593.0,198.0,46.0,5.0,633.0,927.0,423.0,82.0,090030001086A,19.32096154,-99.13328226,3,1,False,False
09,003,Coyoacán,0001,0889,2647,51.0,40.0,861.0,682.0,183.0,31.0,4.0,539.0,916.0,345.0,91.0,0900300010889,19.31800601,-99.12871439,1,0,False,True
09,003,Coyoacán,0001,0893,1749,28.0,33.0,588.0,488.0,70.0,26.0,5.0,401.0,583.0,200.0,61.0,0900300010893,19.315925915,-99.12565183,2,0,False,False
09,003,Coyoacán,0001,0906,3324,59.0,59.0,871.0,654.0,236.0,20.0,12.0,712.0,1130.0,470.0,118.0,0900300010906,19.317311,-99.12431592,3,0,False,True
09,003,Coyoacán,0001,093A,1211,14.0,23.0,397.0,314.0,32.0,9.0,4.0,252.0,407.0,151.0,37.0,090030001093A,19.31293382,-99.11476167,3,0,False,False
09,003,Coyoacán,0001,0959,4224,139.0,148.0,646.0,474.0,392.0,58.0,27.0,1188.0,1153.0,454.0,287.0,0900300010959,19.32004121,-99.10644962,2,2,False,False
09,003,Coyoacán,0001,0963,6516,183.0,208.0,1129.0,776.0,511.0,105.0,54.0,1742.0,1840.0,899.0,391.0,0900300010963,19.31377206,-99.16381366,7,2,False,False
09,003,Coyoacán,0001,0978,8080,233.0,315.0,1122.0,752.0,599.0,65.0,75.0,2429.0,2244.0,861.0,548.0,0900300010978,19.31046373,-99.15960756,3,2,False,False
09,003,Coyoacán,0001,0982,6525,181.0,199.0,1018.0,670.0,348.0,74.0,45.0,1885.0,1884.0,780.0,380.0,0900300010982,19.31192796,-99.15048334,6,0,False,True
09,003,Coyoacán,0001,0997,9422,268.0,328.0,1483.0,970.0,578.0,77.0,46.0,2792.0,2621.0,1039.0,596.0,0900300010997,19.31054009,-99.15219136,5,1,False,False
09,003,Coyoacán,0001,1001,6521,190.0,256.0,931.0,644.0,534.0,77.0,57.0,1940.0,1751.0,695.0,446.0,0900300011001,19.30723831,-99.15247478,5,2,False,False
09,003,Coyoacán,0001,1016,6606,219.0,259.0,941.0,615.0,260.0,54.0,56.0,1927.0,1762.0,601.0,478.0,0900300011016,19.31342973,-99.14581743,5,0,False,True
09,003,Coyoacán,0001,1020,4471,95.0,132.0,919.0,632.0,192.0,46.0,20.0,1046.0,1517.0,693.0,227.0,0900300011020,19.31177686,-99.14201544,3,0,False,True
09,003,Coyoacán,0001,1069,1633,18.0,27.0,548.0,413.0,84.0,19.0,,348.0,534.0,225.0,45.0,0900300011069,19.31112316,-99.1137476,3,0,False,False
09,003,Coyoacán,0001,1073,1616,35.0,25.0,486.0,379.0,78.0,22.0,9.0,454.0,516.0,202.0,60.0,0900300011073,19.30503041,-99.115738405,5,0,False,False
09,003,Coyoacán,0001,1092,5787,116.0,131.0,1425.0,983.0,565.0,166.0,16.0,1492.0,1820.0,699.0,247.0,0900300011092,19.29998628,-99.10696084,0,0,False,True
09,003,Coyoacán,0001,1105,2795,41.0,63.0,772.0,548.0,111.0,32.0,5.0,537.0,841.0,299.0,104.0,0900300011105,19.30271546,-99.18996093,3,0,False,False
09,003,Coyoacán,0001,1124,5743,142.0,196.0,938.0,638.0,275.0,57.0,51.0,1731.0,1797.0,772.0,338.0,0900300011124,19.30438198,-99.14715395,4,1,False,False
09,003,Coyoacán,0001,1139,691,11.0,16.0,196.0,137.0,59.0,14.0,,143.0,231.0,98.0,27.0,0900300011139,19.33658659,-99.14152362,3,4,False,False
09,003,Coyoacán,0001,1143,540,11.0,15.0,164.0,122.0,48.0,9.0,0.0,105.0,178.0,71.0,26.0,0900300011143,19.335144145,-99.138485,3,4,False,False
09,003,Coyoacán,0001,1158,8986,242.0,311.0,1287.0,874.0,547.0,93.0,56.0,2648.0,2451.0,968.0,553.0,0900300011158,19.33480824,-99.16143565,2,1,False,False
09,003,Coyoacán,0001,1162,14061,404.0,488.0,2104.0,1481.0,805.0,143.0,114.0,4422.0,3786.0,1589.0,892.0,0900300011162,19.331823355,-99.16446587,3,0,False,True
09,003,Coyoacán,0001,1181,4132,69.0,98.0,1055.0,731.0,204.0,33.0,14.0,987.0,1270.0,482.0,167.0,0900300011181,19.31065015,-99.1101861,3,0,False,True
09,003,Coyoacán,0001,1213,5772,127.0,147.0,1500.0,1088.0,297.0,41.0,13.0,1459.0,1832.0,743.0,274.0,0900300011213,19.3047455,-99.11213165,3,0,False,True
09,003,Coyoacán,0001,1228,2280,70.0,112.0,322.0,220.0,191.0,22.0,38.0,876.0,538.0,253.0,182.0,0900300011228,19.340289535,-99.130989615,3,4,False,False
09,003,Coyoacán,0001,1232,3022,61.0,79.0,738.0,553.0,136.0,42.0,18.0,975.0,877.0,290.0,140.0,0900300011232,19.33933276,-99.13059916,4,3,False,False
09,003,Coyoacán,0001,1247,5019,109.0,129.0,1246.0,954.0,364.0,60.0,25.0,1192.0,1527.0,694.0,238.0,0900300011247,19.331315065,-99.11936367999999,4,0,False,True
09,003,Coyoacán,0001,1251,2321,40.0,66.0,629.0,499.0,179.0,26.0,17.0,502.0,699.0,299.0,106.0,0900300011251,19.332928315,-99.115051465,4,0,False,False
09,003,Coyoacán,0001,1266,2811,65.0,64.0,672.0,539.0,202.0,54.0,16.0,739.0,799.0,401.0,129.0,0900300011266,19.3298488,-99.11529706,4,0,False,False
09,003,Coyoacán,0001,1270,4167,85.0,88.0,1112.0,853.0,246.0,60.0,20.0,1026.0,1333.0,588.0,173.0,0900300011270,19.32599217,-99.11879343,2,0,False,True
09,003,Coyoacán,0001,1285,3625,70.0,103.0,940.0,739.0,281.0,40.0,16.0,855.0,1106.0,421.0,173.0,0900300011285,19.32652591,-99.11450466,1,1,False,False
09,003,Coyoacán,0001,129A,3454,71.0,93.0,853.0,622.0,145.0,48.0,15.0,711.0,1045.0,441.0,164.0,090030001129A,19.32274553,-99.11808351,1,1,False,False
09,003,Coyoacán,0001,1302,1973,38.0,50.0,503.0,413.0,145.0,30.0,8.0,400.0,620.0,275.0,88.0,0900300011302,19.32271911,-99.11529127,1,1,False,False
09,003,Coyoacán,0001,1317,2754,54.0,77.0,702.0,537.0,189.0,22.0,17.0,634.0,786.0,369.0,131.0,0900300011317,19.32643125,-99.11093095,1,1,False,False
09,003,Coyoacán,0001,1321,3755,65.0,91.0,1065.0,869.0,314.0,57.0,11.0,832.0,1186.0,505.0,156.0,0900300011321,19.32488047,-99.112362875,1,1,False,False
09,003,Coyoacán,0001,1336,2908,55.0,85.0,718.0,595.0,237.0,27.0,12.0,591.0,919.0,372.0,140.0,0900300011336,19.32264287,-99.11249086,1,1,False,False
09,003,Coyoacán,0001,1340,2546,50.0,56.0,637.0,482.0,83.0,21.0,4.0,543.0,865.0,387.0,106.0,0900300011340,19.31589031,-99.12154439,4,0,False,False
09,003,Coyoacán,0001,1355,2461,46.0,52.0,718.0,563.0,76.0,19.0,10.0,543.0,844.0,386.0,98.0,0900300011355,19.31320099,-99.12208846,4,0,False,False
09,003,Coyoacán,0001,136A,2243,31.0,46.0,611.0,500.0,109.0,17.0,14.0,332.0,784.0,352.0,77.0,090030001136A,19.31601201,-99.11698057,3,0,False,False
09,003,Coyoacán,0001,1374,2494,34.0,48.0,714.0,589.0,96.0,28.0,10.0,382.0,843.0,409.0,82.0,0900300011374,19.3147379,-99.11924997,3,0,False,False
09,003,Coyoacán,0001,1389,3600,145.0,162.0,493.0,340.0,370.0,59.0,24.0,1118.0,1065.0,396.0,307.0,0900300011389,19.320410645000003,-99.10996958,2,2,False,False
09,003,Coyoacán,0001,1393,2828,88.0,104.0,427.0,294.0,198.0,32.0,16.0,596.0,791.0,350.0,192.0,0900300011393,19.318590655,-99.11157125,4,2,False,False
09,003,Coyoacán,0001,1406,3216,117.0,119.0,537.0,410.0,262.0,40.0,31.0,771.0,867.0,341.0,236.0,0900300011406,19.31636071,-99.10989094499999,4,2,False,False
09,003,Coyoacán,0001,1410,4242,100.0,127.0,831.0,566.0,176.0,38.0,24.0,958.0,1461.0,605.0,227.0,0900300011410,19.308539025,-99.1371619,2,2,False,False
09,003,Coyoacán,0001,1425,6786,171.0,228.0,1192.0,872.0,362.0,44.0,56.0,2261.0,1832.0,705.0,399.0,0900300011425,19.303595985,-99.141048995,3,3,False,False
09,003,Coyoacán,0001,143A,2877,38.0,50.0,852.0,624.0,112.0,24.0,4.0,753.0,937.0,303.0,88.0,090030001143A,19.307798355,-99.12020357,4,0,False,True
09,003,Coyoacán,0001,1444,2651,45.0,46.0,760.0,532.0,110.0,20.0,5.0,683.0,967.0,402.0,91.0,0900300011444,19.302387449999998,-99.11897292,2,1,False,False
09,003,Coyoacán,0001,1459,2436,64.0,81.0,496.0,311.0,82.0,12.0,25.0,544.0,910.0,349.0,145.0,0900300011459,19.32047168,-99.10477966,2,2,False,False
09,003,Coyoacán,0001,1463,2844,81.0,86.0,483.0,262.0,105.0,17.0,11.0,620.0,1033.0,454.0,167.0,0900300011463,19.3185493,-99.10067359,1,1,False,False
09,003,Coyoacán,0001,1478,3845,65.0,109.0,1023.0,737.0,290.0,29.0,38.0,790.0,1199.0,524.0,174.0,0900300011478,19.31632135,-99.10498905,3,2,False,False
09,003,Coyoacán,0001,1482,4758,73.0,116.0,1150.0,812.0,371.0,54.0,12.0,1033.0,1488.0,679.0,189.0,0900300011482,19.31702875,-99.10252503,2,2,False,False
09,003,Coyoacán,0001,1497,5249,116.0,164.0,1404.0,974.0,354.0,41.0,19.0,1176.0,1597.0,650.0,280.0,0900300011497,19.31492881,-99.10379536,2,1,False,False
09,003,Coyoacán,0001,150A,4541,71.0,108.0,1179.0,796.0,235.0,23.0,32.0,937.0,1447.0,574.0,179.0,090030001150A,19.310274435,-99.10724972,3,1,False,False
09,003,Coyoacán,0001,1514,5908,135.0,158.0,1391.0,979.0,300.0,40.0,31.0,1412.0,1731.0,813.0,293.0,0900300011514,19.31066504,-99.10199578,2,1,False,False
09,003,Coyoacán,0001,1529,5698,108.0,107.0,1148.0,848.0,282.0,38.0,11.0,1136.0,2256.0,1067.0,215.0,0900300011529,19.30514808,-99.18289879,1,0,False,True
09,003,Coyoacán,0001,1533,22,,0.0,3.0,,,0.0,0.0,12.0,9.0,4.0,,0900300011533,19.30829616,-99.17833646,1,0,False,False
09,003,Coyoacán,0001,1548,1494,38.0,31.0,265.0,141.0,53.0,3.0,6.0,248.0,685.0,334.0,69.0,0900300011548,19.30951378,-99.17564045,2,0,False,False
09,003,Coyoacán,0001,1552,1688,34.0,32.0,358.0,232.0,74.0,10.0,4.0,301.0,637.0,262.0,66.0,0900300011552,19.309424465,-99.17090069,3,0,False,False
09,003,Coyoacán,0001,1567,1682,34.0,43.0,434.0,293.0,76.0,15.0,5.0,306.0,626.0,330.0,77.0,0900300011567,19.31059207,-99.17051624,4,0,False,False
09,003,Coyoacán,0001,1571,2055,37.0,58.0,453.0,340.0,108.0,15.0,7.0,414.0,770.0,350.0,95.0,0900300011571,19.30655279,-99.1777239,1,0,False,False
09,003,Coyoacán,0001,1586,386,7.0,7.0,87.0,72.0,18.0,0.0,0.0,81.0,152.0,74.0,14.0,0900300011586,19.307123405,-99.174316,0,0,False,False
09,003,Coyoacán,0001,1590,1941,35.0,44.0,438.0,352.0,123.0,12.0,14.0,302.0,678.0,294.0,79.0,0900300011590,19.30840143,-99.17066271,3,0,False,False
09,003,Coyoacán,0001,1618,1151,11.0,29.0,358.0,258.0,26.0,4.0,11.0,184.0,388.0,117.0,40.0,0900300011618,19.30261706,-99.168685405,0,0,False,False
09,003,Coyoacán,0001,1622,2498,38.0,57.0,637.0,474.0,139.0,18.0,5.0,509.0,842.0,316.0,95.0,0900300011622,19.3069848,-99.16914491,1,1,False,False
09,003,Coyoacán,0001,1637,2821,51.0,79.0,702.0,515.0,168.0,19.0,16.0,590.0,1067.0,491.0,130.0,0900300011637,19.308364660000002,-99.166971015,2,1,False,False
09,003,Coyoacán,0001,1641,2483,65.0,81.0,553.0,402.0,144.0,16.0,10.0,522.0,925.0,433.0,146.0,0900300011641,19.306277645,-99.1646286,1,1,False,False
09,003,Coyoacán,0001,1656,3244,65.0,90.0,615.0,446.0,80.0,11.0,24.0,945.0,1023.0,432.0,155.0,0900300011656,19.30638497,-99.16094003,2,1,False,False
09,003,Coyoacán,0001,1660,3328,83.0,114.0,655.0,401.0,210.0,35.0,19.0,931.0,934.0,344.0,197.0,0900300011660,19.3033137,-99.16138605,1,1,False,False
09,003,Coyoacán,0001,1675,3996,73.0,100.0,978.0,698.0,104.0,25.0,22.0,1222.0,1176.0,393.0,173.0,0900300011675,19.309833665,-99.12970165,0,1,False,False
09,003,Coyoacán,0001,168A,1544,33.0,33.0,331.0,195.0,77.0,7.0,5.0,361.0,609.0,299.0,66.0,090030001168A,19.30966742,-99.12593288,2,1,False,False
09,003,Coyoacán,0001,1694,1542,28.0,37.0,299.0,178.0,39.0,9.0,4.0,382.0,591.0,266.0,65.0,0900300011694,19.30503098,-99.12593209,3,2,False,False
09,003,Coyoacán,0001,1707,5005,95.0,115.0,1164.0,751.0,217.0,47.0,19.0,1368.0,1593.0,571.0,210.0,0900300011707,19.32694514,-99.1245509,3,0,False,True
09,003,Coyoacán,0001,1726,2983,47.0,65.0,727.0,547.0,192.0,43.0,9.0,769.0,941.0,392.0,112.0,0900300011726,19.31738645,-99.13472982,3,0,False,False
09,003,Coyoacán,0001,1730,645,7.0,16.0,243.0,185.0,36.0,5.0,0.0,132.0,236.0,108.0,23.0,0900300011730,19.31317068,-99.13361953500001,2,1,False,False
09,003,Coyoacán,0001,1745,3535,103.0,103.0,624.0,398.0,203.0,26.0,9.0,776.0,1171.0,557.0,206.0,0900300011745,19.32623454,-99.12044805,2,0,False,False
09,003,Coyoacán,0001,175A,3635,69.0,108.0,839.0,617.0,203.0,26.0,17.0,783.0,1066.0,467.0,177.0,090030001175A,19.32240178,-99.12176654,2,0,False,True
09,003,Coyoacán,0001,1764,2890,67.0,105.0,514.0,301.0,237.0,20.0,16.0,724.0,961.0,403.0,172.0,0900300011764,19.32449081,-99.10624931,2,2,False,False
09,003,Coyoacán,0001,1779,1832,62.0,70.0,308.0,214.0,88.0,17.0,13.0,471.0,635.0,264.0,132.0,0900300011779,19.32215428,-99.10834705,2,2,False,False
09,003,Coyoacán,0001,1783,3170,78.0,88.0,684.0,474.0,143.0,20.0,10.0,571.0,1277.0,604.0,166.0,0900300011783,19.30360374,-99.178098135,3,0,False,False
09,003,Coyoacán,0001,1798,754,29.0,24.0,114.0,87.0,18.0,,,151.0,314.0,142.0,53.0,0900300011798,19.30294644,-99.17278702,2,0,False,False
09,004,Cuajimalpa de Morelos,0001,002A,4726,159.0,190.0,656.0,442.0,257.0,46.0,47.0,1162.0,1299.0,457.0,349.0,090040001002A,19.375138375,-99.285060655,3,0,False,False
09,004,Cuajimalpa de Morelos,0001,0049,4304,108.0,150.0,746.0,508.0,65.0,15.0,23.0,954.0,1237.0,346.0,258.0,0900400010049,19.37295338,-99.27745054,0,1,False,False
09,004,Cuajimalpa de Morelos,0001,0053,6459,221.0,274.0,882.0,582.0,171.0,54.0,78.0,1647.0,1948.0,778.0,495.0,0900400010053,19.3724464,-99.28875101,6,1,False,False
09,004,Cuajimalpa de Morelos,0001,0072,2849,107.0,118.0,392.0,274.0,133.0,21.0,49.0,692.0,787.0,275.0,225.0,0900400010072,19.36859178,-99.29228208,7,0,False,False
09,004,Cuajimalpa de Morelos,0001,0091,11767,425.0,496.0,1499.0,1007.0,587.0,95.0,120.0,2879.0,3099.0,1136.0,921.0,0900400010091,19.35549606,-99.30018168,5,0,False,True
09,004,Cuajimalpa de Morelos,0001,0104,7179,216.0,267.0,901.0,636.0,290.0,69.0,46.0,1290.0,2343.0,877.0,483.0,0900400010104,19.3603394,-99.28955825,3,2,False,False
09,004,Cuajimalpa de Morelos,0001,0119,6497,212.0,252.0,983.0,633.0,261.0,42.0,65.0,1485.0,1847.0,621.0,464.0,0900400010119,19.34742934,-99.30090575,5,0,False,True
09,004,Cuajimalpa de Morelos,0001,0123,6200,173.0,203.0,847.0,534.0,225.0,40.0,52.0,1648.0,1785.0,572.0,376.0,0900400010123,19.35224576,-99.29378343,5,0,False,True
09,004,Cuajimalpa de Morelos,0001,0138,7681,309.0,367.0,935.0,631.0,303.0,45.0,132.0,2458.0,1970.0,655.0,676.0,0900400010138,19.34214625,-99.28062018,0,0,True,True
09,004,Cuajimalpa de Morelos,0001,0176,9292,384.0,422.0,1295.0,818.0,285.0,63.0,85.0,2199.0,2438.0,733.0,806.0,0900400010176,19.39119183,-99.2603995,2,0,False,True
09,004,Cuajimalpa de Morelos,0001,0180,6474,239.0,261.0,948.0,583.0,188.0,41.0,47.0,1556.0,1718.0,530.0,500.0,0900400010180,19.38851864,-99.26123139,2,0,False,True
09,004,Cuajimalpa de Morelos,0001,0195,10984,355.0,430.0,1675.0,1119.0,422.0,93.0,85.0,3320.0,2638.0,934.0,785.0,0900400010195,19.38719423,-99.25178517,1,1,False,False
09,004,Cuajimalpa de Morelos,0001,0208,7474,276.0,372.0,768.0,494.0,361.0,74.0,120.0,2367.0,1939.0,620.0,648.0,0900400010208,19.36166329,-99.30290627,3,0,False,False
09,004,Cuajimalpa de Morelos,0001,0212,4941,154.0,162.0,602.0,412.0,199.0,37.0,24.0,1147.0,1404.0,487.0,316.0,0900400010212,19.35360043,-99.28638366,1,2,False,False
09,004,Cuajimalpa de Morelos,0001,0227,8867,370.0,475.0,859.0,562.0,371.0,55.0,146.0,2575.0,2161.0,709.0,845.0,0900400010227,19.35311035,-99.318117215,2,1,False,False
09,004,Cuajimalpa de Morelos,0001,0231,7804,313.0,394.0,747.0,476.0,273.0,41.0,138.0,2268.0,1926.0,596.0,707.0,0900400010231,19.34878405,-99.30986991,2,1,False,False
09,004,Cuajimalpa de Morelos,0001,0250,4220,145.0,182.0,473.0,295.0,163.0,20.0,61.0,1213.0,1087.0,366.0,327.0,0900400010250,19.330209795000002,-99.29093747,1,0,False,False
09,004,Cuajimalpa de Morelos,0001,027A,4578,135.0,196.0,686.0,449.0,143.0,40.0,42.0,1228.0,1379.0,557.0,331.0,090040001027A,19.3703751,-99.288302115,6,1,False,False
09,004,Cuajimalpa de Morelos,0001,0299,10533,346.0,411.0,1377.0,880.0,312.0,67.0,70.0,2727.0,3079.0,1042.0,757.0,0900400010299,19.35856153,-99.29741179,5,0,False,True
09,004,Cuajimalpa de Morelos,0001,0301,4195,136.0,163.0,547.0,367.0,77.0,26.0,32.0,715.0,1194.0,353.0,299.0,0900400010301,19.36613969,-99.29405484,6,0,False,False
09,004,Cuajimalpa de Morelos,0001,0320,2945,148.0,167.0,218.0,117.0,49.0,14.0,68.0,986.0,731.0,248.0,315.0,0900400010320,19.343240865,-99.286456055,0,0,False,False
09,004,Cuajimalpa de Morelos,0001,034A,3494,132.0,175.0,384.0,262.0,112.0,22.0,46.0,974.0,900.0,308.0,307.0,090040001034A,19.36886029,-99.28825838,8,1,False,False
09,004,Cuajimalpa de Morelos,0001,0354,6409,187.0,233.0,1058.0,736.0,222.0,70.0,59.0,1077.0,1913.0,914.0,420.0,0900400010354,19.36484991,-99.28754694,7,2,False,False
09,004,Cuajimalpa de Morelos,0001,0369,14609,604.0,549.0,1030.0,629.0,154.0,55.0,112.0,875.0,6018.0,1838.0,1153.0,0900400010369,19.36136683,-99.274947875,1,2,False,False
09,004,Cuajimalpa de Morelos,0001,0373,14170,591.0,693.0,1283.0,782.0,340.0,48.0,235.0,2808.0,3529.0,1002.0,1284.0,0900400010373,19.34471351,-99.27446897,0,0,True,True
09,004,Cuajimalpa de Morelos,0001,0392,599,27.0,37.0,42.0,31.0,13.0,4.0,11.0,139.0,149.0,41.0,64.0,0900400010392,19.34711677,-99.31909497,2,1,False,False
09,004,Cuajimalpa de Morelos,0001,0405,4253,131.0,163.0,632.0,450.0,427.0,33.0,45.0,897.0,1155.0,433.0,294.0,0900400010405,19.37372818,-99.28065604,2,1,False,False
09,004,Cuajimalpa de Morelos,0001,041A,3190,112.0,146.0,335.0,213.0,87.0,15.0,42.0,501.0,851.0,317.0,258.0,090040001041A,19.372390445,-99.27987031,3,1,False,False
09,004,Cuajimalpa de Morelos,0020,0246,9541,365.0,456.0,1175.0,778.0,452.0,71.0,122.0,2374.0,2485.0,797.0,821.0,0900400200246,19.32990215,-99.32688526,0,0,True,True
09,004,Cuajimalpa de Morelos,0020,0316,15087,647.0,770.0,1350.0,794.0,532.0,95.0,290.0,4399.0,3784.0,1092.0,1417.0,0900400200316,19.31279717,-99.33375759,0,0,True,True
09,004,Cuajimalpa de Morelos,0020,0388,1414,57.0,80.0,133.0,77.0,45.0,7.0,23.0,463.0,358.0,88.0,137.0,0900400200388,19.33968763,-99.3252413,0,0,False,False
09,005,Gustavo A. Madero,0001,0012,4355,160.0,181.0,537.0,369.0,347.0,50.0,75.0,1213.0,1258.0,505.0,341.0,0900500010012,19.56884179,-99.133289,1,0,False,False
09,005,Gustavo A. Madero,0001,0027,5631,192.0,242.0,799.0,550.0,359.0,46.0,87.0,1335.0,1590.0,626.0,434.0,0900500010027,19.56565989,-99.13830025,1,2,False,False
09,005,Gustavo A. Madero,0001,0050,10026,379.0,464.0,1353.0,907.0,449.0,84.0,166.0,2941.0,2819.0,1061.0,843.0,0900500010050,19.556630634999998,-99.13438955999999,2,2,False,False
09,005,Gustavo A. Madero,0001,0084,3396,119.0,144.0,524.0,382.0,154.0,36.0,47.0,867.0,928.0,303.0,263.0,0900500010084,19.55476049,-99.14037121,1,3,False,False
09,005,Gustavo A. Madero,0001,0099,4342,142.0,186.0,622.0,463.0,249.0,35.0,81.0,1386.0,1195.0,440.0,328.0,0900500010099,19.55258181,-99.15099442,0,1,False,False
09,005,Gustavo A. Madero,0001,0101,5213,203.0,228.0,702.0,474.0,473.0,55.0,81.0,1519.0,1500.0,588.0,431.0,0900500010101,19.55020873,-99.14304117,2,1,False,False
09,005,Gustavo A. Madero,0001,0135,4716,170.0,180.0,628.0,458.0,227.0,43.0,52.0,1177.0,1326.0,491.0,350.0,0900500010135,19.550972545,-99.153130265,0,1,True,False
09,005,Gustavo A. Madero,0001,014A,4456,177.0,216.0,540.0,386.0,255.0,41.0,66.0,1086.0,1282.0,414.0,393.0,090050001014A,19.548377695,-99.153952625,0,1,True,False
09,005,Gustavo A. Madero,0001,0154,8184,0.0,0.0,224.0,87.0,96.0,10.0,0.0,,0.0,0.0,0.0,0900500010154,19.54480961,-99.15090942,1,0,False,False
09,005,Gustavo A. Madero,0001,0169,7933,318.0,411.0,953.0,621.0,433.0,77.0,152.0,2192.0,2034.0,716.0,729.0,0900500010169,19.54471822,-99.135063495,2,0,False,True
09,005,Gustavo A. Madero,0001,0173,4482,130.0,168.0,784.0,549.0,296.0,40.0,49.0,1341.0,1249.0,426.0,298.0,0900500010173,19.54194709,-99.15080955,1,0,False,False
09,005,Gustavo A. Madero,0001,0188,4422,129.0,178.0,765.0,600.0,268.0,42.0,54.0,1271.0,1297.0,481.0,307.0,0900500010188,19.540702995,-99.147188435,2,0,False,False
09,005,Gustavo A. Madero,0001,0192,5552,166.0,227.0,921.0,694.0,427.0,59.0,86.0,1279.0,1532.0,564.0,393.0,0900500010192,19.54059924,-99.14164792,2,0,False,True
09,005,Gustavo A. Madero,0001,0205,6337,258.0,268.0,821.0,562.0,403.0,49.0,94.0,1702.0,1728.0,641.0,526.0,0900500010205,19.540984875,-99.13837197000001,2,0,False,False
09,005,Gustavo A. Madero,0001,0224,3017,93.0,130.0,548.0,408.0,184.0,25.0,32.0,825.0,825.0,313.0,223.0,0900500010224,19.53742248,-99.14984182,1,0,False,False
09,005,Gustavo A. Madero,0001,0243,7379,253.0,320.0,917.0,606.0,390.0,75.0,105.0,1805.0,1918.0,612.0,573.0,0900500010243,19.53674475,-99.14023615,2,0,False,True
09,005,Gustavo A. Madero,0001,0258,4738,167.0,216.0,669.0,492.0,296.0,37.0,72.0,1149.0,1322.0,643.0,383.0,0900500010258,19.5326007,-99.13991588,3,0,False,False
09,005,Gustavo A. Madero,0001,0262,4022,169.0,156.0,593.0,414.0,220.0,53.0,58.0,1139.0,1143.0,462.0,325.0,0900500010262,19.529806035,-99.140041645,3,1,False,False
09,005,Gustavo A. Madero,0001,0277,3195,77.0,81.0,691.0,513.0,234.0,33.0,18.0,713.0,1075.0,496.0,158.0,0900500010277,19.52969916,-99.155362,1,0,False,False
09,005,Gustavo A. Madero,0001,0281,2782,43.0,80.0,611.0,472.0,89.0,34.0,18.0,540.0,988.0,446.0,123.0,0900500010281,19.52845134,-99.15207177,1,0,False,False
09,005,Gustavo A. Madero,0001,0296,2757,68.0,63.0,648.0,491.0,95.0,26.0,15.0,556.0,1020.0,463.0,131.0,0900500010296,19.526595975,-99.149621155,2,1,False,False
09,005,Gustavo A. Madero,0001,0309,2212,42.0,62.0,536.0,403.0,114.0,9.0,11.0,387.0,797.0,332.0,104.0,0900500010309,19.524945535,-99.1466553,3,2,False,False
09,005,Gustavo A. Madero,0001,0313,3640,109.0,127.0,455.0,295.0,138.0,16.0,27.0,823.0,1049.0,389.0,236.0,0900500010313,19.52604301,-99.14364548,4,2,False,False
09,005,Gustavo A. Madero,0001,0328,1639,44.0,54.0,290.0,211.0,120.0,17.0,15.0,468.0,480.0,179.0,98.0,0900500010328,19.52498993,-99.141634995,4,1,False,False
09,005,Gustavo A. Madero,0001,0332,5616,244.0,238.0,697.0,461.0,231.0,53.0,91.0,1302.0,1593.0,662.0,482.0,0900500010332,19.524640939999998,-99.13834752,2,1,False,False
09,005,Gustavo A. Madero,0001,0351,4655,161.0,204.0,489.0,344.0,322.0,50.0,97.0,1094.0,1253.0,447.0,365.0,0900500010351,19.521721045,-99.12914634,2,1,False,False
09,005,Gustavo A. Madero,0001,0366,11779,349.0,405.0,1383.0,886.0,444.0,56.0,109.0,2279.0,4250.0,1658.0,754.0,0900500010366,19.52541739,-99.17104573,1,0,False,True
09,005,Gustavo A. Madero,0001,0370,3064,69.0,105.0,600.0,419.0,240.0,46.0,22.0,723.0,923.0,383.0,174.0,0900500010370,19.52499937,-99.16522564,1,0,False,False
09,005,Gustavo A. Madero,0001,0385,6250,205.0,249.0,1092.0,702.0,472.0,88.0,70.0,1945.0,1843.0,740.0,454.0,0900500010385,19.52167774,-99.15912416,0,0,True,True
09,005,Gustavo A. Madero,0001,039A,5682,118.0,124.0,1573.0,1166.0,222.0,31.0,29.0,1205.0,1863.0,721.0,242.0,090050001039A,19.52409671,-99.14946317,2,1,False,False
09,005,Gustavo A. Madero,0001,0402,5809,151.0,225.0,996.0,665.0,345.0,66.0,45.0,1610.0,1694.0,609.0,376.0,0900500010402,19.52166134,-99.15474741,1,1,False,False
09,005,Gustavo A. Madero,0001,0417,5194,166.0,188.0,733.0,486.0,220.0,70.0,70.0,1742.0,1499.0,653.0,354.0,0900500010417,19.51986735,-99.12959094,2,1,False,False
09,005,Gustavo A. Madero,0001,0421,3669,98.0,99.0,745.0,528.0,165.0,33.0,39.0,821.0,1157.0,440.0,197.0,0900500010421,19.52383805,-99.16855258,1,0,False,False
09,005,Gustavo A. Madero,0001,0436,4302,113.0,131.0,926.0,648.0,222.0,37.0,38.0,1112.0,1299.0,515.0,244.0,0900500010436,19.52106046,-99.16317652,1,0,False,True
09,005,Gustavo A. Madero,0001,0440,5028,152.0,171.0,975.0,665.0,316.0,48.0,53.0,1213.0,1486.0,627.0,323.0,0900500010440,19.519653679999998,-99.15902419,0,1,False,False
09,005,Gustavo A. Madero,0001,0455,4073,122.0,129.0,772.0,528.0,280.0,57.0,28.0,1035.0,1280.0,550.0,251.0,0900500010455,19.51937985,-99.15574795,1,1,False,False
09,005,Gustavo A. Madero,0001,0474,4984,130.0,153.0,998.0,655.0,248.0,71.0,46.0,1217.0,1477.0,598.0,283.0,0900500010474,19.516347670000002,-99.16016496,0,0,False,True
09,005,Gustavo A. Madero,0001,0489,4331,120.0,134.0,650.0,332.0,147.0,26.0,13.0,706.0,1663.0,715.0,254.0,0900500010489,19.50952156,-99.15855387,0,0,False,False
09,005,Gustavo A. Madero,0001,0493,2523,50.0,59.0,596.0,458.0,148.0,23.0,14.0,383.0,869.0,406.0,109.0,0900500010493,19.50408417,-99.15703486,0,0,False,False
09,005,Gustavo A. Madero,0001,0506,3021,93.0,111.0,487.0,365.0,145.0,19.0,25.0,500.0,1133.0,490.0,204.0,0900500010506,19.5071484,-99.154271875,0,0,False,False
09,005,Gustavo A. Madero,0001,0510,812,19.0,25.0,230.0,181.0,54.0,5.0,5.0,135.0,301.0,124.0,44.0,0900500010510,19.50113128,-99.15310717,0,0,False,False
09,005,Gustavo A. Madero,0001,0525,1550,15.0,31.0,524.0,403.0,187.0,101.0,,229.0,350.0,84.0,46.0,0900500010525,19.50744044,-99.14836325,0,0,False,False
09,005,Gustavo A. Madero,0001,0559,2660,65.0,75.0,527.0,378.0,137.0,24.0,22.0,663.0,850.0,319.0,140.0,0900500010559,19.51603652,-99.13355315999999,2,1,False,False
09,005,Gustavo A. Madero,0001,0563,3592,104.0,116.0,618.0,401.0,197.0,53.0,36.0,804.0,1107.0,486.0,220.0,0900500010563,19.51611347,-99.13023231,2,0,False,False
09,005,Gustavo A. Madero,0001,0582,3163,83.0,96.0,616.0,462.0,211.0,34.0,25.0,659.0,942.0,377.0,179.0,0900500010582,19.508136805,-99.12419579499999,2,2,False,False
09,005,Gustavo A. Madero,0001,0597,4646,138.0,151.0,718.0,478.0,182.0,22.0,44.0,1135.0,1309.0,515.0,289.0,0900500010597,19.507093310000002,-99.122112535,2,2,False,False
09,005,Gustavo A. Madero,0001,060A,1820,33.0,57.0,417.0,284.0,118.0,31.0,12.0,476.0,584.0,213.0,90.0,090050001060A,19.5052454,-99.12515242,1,2,False,False
09,005,Gustavo A. Madero,0001,0614,747,15.0,7.0,164.0,128.0,39.0,5.0,0.0,102.0,299.0,140.0,22.0,0900500010614,19.503519085,-99.13027266,1,2,False,False
09,005,Gustavo A. Madero,0001,0629,699,7.0,11.0,162.0,111.0,47.0,5.0,,68.0,278.0,132.0,18.0,0900500010629,19.503757085,-99.128546565,1,2,False,False
09,005,Gustavo A. Madero,0001,0633,2691,56.0,90.0,554.0,388.0,146.0,29.0,14.0,635.0,849.0,328.0,146.0,0900500010633,19.501631945,-99.12481188,1,2,False,False
09,005,Gustavo A. Madero,0001,0667,5490,201.0,257.0,814.0,557.0,416.0,62.0,102.0,1306.0,1542.0,590.0,458.0,0900500010667,19.50662307,-99.104695,0,0,True,False
09,005,Gustavo A. Madero,0001,0671,5776,200.0,267.0,857.0,559.0,324.0,60.0,71.0,1496.0,1559.0,576.0,467.0,0900500010671,19.50569451,-99.09957577,3,0,False,True
09,005,Gustavo A. Madero,0001,0703,7776,297.0,333.0,1183.0,785.0,478.0,76.0,97.0,1969.0,2197.0,911.0,630.0,0900500010703,19.50400702,-99.08329678,2,3,False,False
09,005,Gustavo A. Madero,0001,0718,0,0.0,0.0,0.0,0.0,0.0,0.0,0.0,0.0,0.0,0.0,0.0,0900500010718,19.50324705,-99.14005845,0,0,False,False
09,005,Gustavo A. Madero,0001,0722,3178,49.0,71.0,810.0,593.0,118.0,32.0,9.0,851.0,1097.0,387.0,120.0,0900500010722,19.49945453,-99.13141138,2,2,False,False
09,005,Gustavo A. Madero,0001,0737,2901,45.0,59.0,713.0,512.0,90.0,19.0,11.0,961.0,931.0,354.0,104.0,0900500010737,19.49580281,-99.12740087,3,1,False,False
09,005,Gustavo A. Madero,0001,0741,2303,42.0,36.0,585.0,439.0,121.0,23.0,,663.0,749.0,265.0,78.0,0900500010741,19.49567529,-99.12446219,2,2,False,False
09,005,Gustavo A. Madero,0001,0756,157,7.0,7.0,26.0,16.0,5.0,,,27.0,66.0,19.0,14.0,0900500010756,19.495221025,-99.12096939,1,2,False,False
09,005,Gustavo A. Madero,0001,0760,2709,93.0,84.0,453.0,314.0,207.0,34.0,34.0,886.0,740.0,288.0,177.0,0900500010760,19.492903480000003,-99.1169716,0,2,False,False
09,005,Gustavo A. Madero,0001,0775,2175,65.0,74.0,312.0,211.0,127.0,27.0,20.0,691.0,640.0,231.0,139.0,0900500010775,19.49762507,-99.11789129,0,0,False,False
09,005,Gustavo A. Madero,0001,078A,2384,59.0,85.0,386.0,273.0,93.0,18.0,18.0,606.0,704.0,254.0,144.0,090050001078A,19.501406475,-99.111742365,0,0,False,False
09,005,Gustavo A. Madero,0001,0794,2712,77.0,104.0,471.0,312.0,119.0,23.0,23.0,701.0,733.0,239.0,181.0,0900500010794,19.5003311,-99.111130655,0,0,False,False
09,005,Gustavo A. Madero,0001,0807,1554,82.0,100.0,144.0,85.0,59.0,10.0,42.0,453.0,382.0,153.0,182.0,0900500010807,19.50037049,-99.10128293,3,0,False,False
09,005,Gustavo A. Madero,0001,0811,4407,155.0,142.0,755.0,512.0,248.0,59.0,45.0,1221.0,1222.0,469.0,297.0,0900500010811,19.499992385,-99.09747322,4,0,False,False
09,005,Gustavo A. Madero,0001,0826,3830,129.0,137.0,616.0,405.0,229.0,48.0,32.0,1100.0,1124.0,421.0,266.0,0900500010826,19.50356599,-99.09199618,6,1,False,False
09,005,Gustavo A. Madero,0001,0830,4501,125.0,172.0,824.0,553.0,263.0,86.0,49.0,1380.0,1294.0,528.0,297.0,0900500010830,19.50081396,-99.094282005,5,0,False,True
09,005,Gustavo A. Madero,0001,0845,7846,241.0,326.0,1336.0,880.0,687.0,125.0,84.0,2250.0,2254.0,927.0,567.0,0900500010845,19.50113244,-99.08558769,5,3,False,False
09,005,Gustavo A. Madero,0001,085A,4357,130.0,177.0,705.0,473.0,211.0,49.0,49.0,1278.0,1223.0,514.0,307.0,090050001085A,19.500693915,-99.076281075,0,3,False,False
09,005,Gustavo A. Madero,0001,0864,5592,199.0,207.0,888.0,608.0,262.0,58.0,65.0,1561.0,1539.0,625.0,406.0,0900500010864,19.498250669999997,-99.072369775,0,2,True,False
09,005,Gustavo A. Madero,0001,0879,1856,29.0,41.0,469.0,358.0,120.0,21.0,12.0,342.0,721.0,319.0,70.0,0900500010879,19.50092903,-99.15429193,0,0,False,False
09,005,Gustavo A. Madero,0001,0883,766,10.0,20.0,195.0,147.0,36.0,4.0,,176.0,247.0,93.0,30.0,0900500010883,19.494981005,-99.15172974500001,0,0,False,False
09,005,Gustavo A. Madero,0001,0898,1533,35.0,43.0,349.0,248.0,50.0,12.0,10.0,248.0,586.0,253.0,78.0,0900500010898,19.49712574,-99.15049275000001,0,0,False,False
09,005,Gustavo A. Madero,0001,0900,1915,34.0,45.0,467.0,346.0,79.0,16.0,7.0,333.0,759.0,325.0,79.0,0900500010900,19.498895315,-99.149953405,0,0,False,False
09,005,Gustavo A. Madero,0001,0915,1933,38.0,42.0,459.0,343.0,142.0,16.0,4.0,314.0,759.0,351.0,80.0,0900500010915,19.49450917,-99.14903121,0,0,False,False
09,005,Gustavo A. Madero,0001,092A,2904,62.0,58.0,661.0,457.0,209.0,43.0,20.0,494.0,1103.0,438.0,120.0,090050001092A,19.494226115,-99.14576026,0,0,False,False
09,005,Gustavo A. Madero,0001,0934,2566,48.0,71.0,606.0,432.0,157.0,34.0,15.0,572.0,822.0,319.0,119.0,0900500010934,19.49300119,-99.14077269,1,0,False,False
09,005,Gustavo A. Madero,0001,0949,1842,24.0,32.0,517.0,386.0,77.0,13.0,7.0,340.0,582.0,207.0,56.0,0900500010949,19.49121631,-99.13372609,4,0,False,False
09,005,Gustavo A. Madero,0001,0953,1247,26.0,32.0,344.0,234.0,49.0,17.0,15.0,215.0,586.0,228.0,58.0,0900500010953,19.49017053,-99.1316047,4,0,False,False
09,005,Gustavo A. Madero,0001,0968,1798,42.0,50.0,364.0,260.0,65.0,16.0,3.0,531.0,577.0,201.0,92.0,0900500010968,19.48958722,-99.12497572000001,3,3,False,False
09,005,Gustavo A. Madero,0001,0972,2989,90.0,112.0,458.0,324.0,161.0,24.0,26.0,942.0,845.0,317.0,202.0,0900500010972,19.49455431,-99.11613038,0,1,False,False
09,005,Gustavo A. Madero,0001,0987,2773,84.0,106.0,481.0,337.0,156.0,25.0,20.0,843.0,744.0,256.0,190.0,0900500010987,19.49701167,-99.11334196,0,0,False,False
09,005,Gustavo A. Madero,0001,0991,5676,199.0,266.0,772.0,531.0,404.0,70.0,90.0,1701.0,1495.0,585.0,465.0,0900500010991,19.49827792,-99.0994323,4,0,False,False
09,005,Gustavo A. Madero,0001,1006,4733,169.0,172.0,854.0,586.0,380.0,49.0,52.0,1303.0,1357.0,570.0,341.0,0900500011006,19.49501876,-99.09484173,5,0,False,True
09,005,Gustavo A. Madero,0001,1025,7872,249.0,314.0,1405.0,926.0,557.0,55.0,81.0,2242.0,2315.0,915.0,563.0,0900500011025,19.49685409,-99.08712593999999,5,3,False,False
09,005,Gustavo A. Madero,0001,103A,4250,138.0,152.0,656.0,477.0,284.0,55.0,41.0,1361.0,1206.0,489.0,290.0,090050001103A,19.49643696,-99.08098275,2,3,False,False
09,005,Gustavo A. Madero,0001,1044,6184,210.0,234.0,966.0,661.0,316.0,50.0,97.0,1968.0,1820.0,712.0,444.0,0900500011044,19.493689605,-99.076315575,1,2,False,False
09,005,Gustavo A. Madero,0001,1059,3949,120.0,166.0,645.0,435.0,283.0,44.0,47.0,1248.0,1040.0,372.0,286.0,0900500011059,19.49466922,-99.06995596,0,0,False,False
09,005,Gustavo A. Madero,0001,1063,2382,45.0,55.0,547.0,388.0,143.0,19.0,5.0,428.0,920.0,426.0,100.0,0900500011063,19.492042375,-99.146808335,0,0,False,False
09,005,Gustavo A. Madero,0001,1078,0,0.0,0.0,0.0,0.0,0.0,0.0,0.0,0.0,0.0,0.0,0.0,0900500011078,19.49109236,-99.15122597,0,0,False,False
09,005,Gustavo A. Madero,0001,1082,2822,50.0,72.0,634.0,484.0,469.0,29.0,20.0,536.0,1004.0,443.0,122.0,0900500011082,19.49189962,-99.1419191,1,0,False,False
09,005,Gustavo A. Madero,0001,1097,2433,37.0,57.0,634.0,470.0,122.0,35.0,18.0,544.0,817.0,331.0,94.0,0900500011097,19.490554765,-99.137625275,3,0,False,False
09,005,Gustavo A. Madero,0001,110A,3057,41.0,71.0,842.0,630.0,162.0,38.0,17.0,655.0,985.0,363.0,112.0,090050001110A,19.48799549,-99.1389588,2,0,False,True
09,005,Gustavo A. Madero,0001,1114,2112,34.0,33.0,508.0,354.0,96.0,21.0,7.0,550.0,703.0,278.0,67.0,0900500011114,19.48712505,-99.1278805,4,3,False,False
09,005,Gustavo A. Madero,0001,1129,1745,29.0,36.0,470.0,311.0,79.0,22.0,5.0,399.0,573.0,209.0,65.0,0900500011129,19.48631337,-99.11852679,1,4,False,False
09,005,Gustavo A. Madero,0001,1133,6118,205.0,253.0,1019.0,654.0,319.0,73.0,80.0,1753.0,1733.0,740.0,458.0,0900500011133,19.48890114,-99.11055656,1,2,False,False
09,005,Gustavo A. Madero,0001,1148,4353,120.0,151.0,822.0,569.0,219.0,40.0,41.0,1224.0,1286.0,584.0,271.0,0900500011148,19.48921999,-99.10713569,1,0,False,True
09,005,Gustavo A. Madero,0001,1152,3678,108.0,159.0,616.0,425.0,189.0,43.0,66.0,1210.0,990.0,424.0,267.0,0900500011152,19.49060735,-99.10336189,0,1,False,False
09,005,Gustavo A. Madero,0001,1167,5776,229.0,261.0,739.0,503.0,290.0,40.0,129.0,1933.0,1592.0,591.0,490.0,0900500011167,19.493835435,-99.10051912,2,0,False,False
09,005,Gustavo A. Madero,0001,1171,6810,218.0,268.0,1143.0,781.0,440.0,72.0,64.0,1852.0,2025.0,817.0,486.0,0900500011171,19.49370149,-99.09455423,4,1,False,False
09,005,Gustavo A. Madero,0001,1186,6233,189.0,270.0,1070.0,688.0,406.0,87.0,82.0,1636.0,1829.0,757.0,459.0,0900500011186,19.49277489,-99.0891851,5,3,False,False
09,005,Gustavo A. Madero,0001,1190,4698,147.0,161.0,762.0,546.0,275.0,41.0,59.0,1475.0,1324.0,481.0,308.0,0900500011190,19.493731165,-99.084001175,5,3,False,False
09,005,Gustavo A. Madero,0001,1203,3360,107.0,138.0,499.0,336.0,113.0,25.0,43.0,1141.0,954.0,406.0,245.0,0900500011203,19.492156505,-99.07793436,1,2,False,False
09,005,Gustavo A. Madero,0001,1218,3646,124.0,153.0,584.0,395.0,113.0,18.0,37.0,1254.0,1055.0,454.0,277.0,0900500011218,19.49153923,-99.07365375,1,2,False,False
09,005,Gustavo A. Madero,0001,1222,3836,113.0,147.0,666.0,436.0,211.0,46.0,53.0,1177.0,1131.0,421.0,260.0,0900500011222,19.49030306,-99.06965698,0,0,False,False
09,005,Gustavo A. Madero,0001,1237,2770,63.0,69.0,726.0,523.0,148.0,52.0,17.0,657.0,940.0,381.0,132.0,0900500011237,19.48500697,-99.14847112,0,1,False,False
09,005,Gustavo A. Madero,0001,1241,61,,0.0,14.0,9.0,,0.0,0.0,18.0,25.0,8.0,,0900500011241,19.48293141,-99.14833982,3,1,False,False
09,005,Gustavo A. Madero,0001,1256,1121,36.0,61.0,175.0,134.0,63.0,5.0,16.0,372.0,399.0,164.0,97.0,0900500011256,19.48456142,-99.1323672,4,1,False,False
09,005,Gustavo A. Madero,0001,1260,2382,43.0,69.0,621.0,452.0,115.0,27.0,26.0,605.0,802.0,339.0,112.0,0900500011260,19.48468436,-99.12102532,2,4,False,False
09,005,Gustavo A. Madero,0001,1275,2985,73.0,92.0,642.0,468.0,175.0,24.0,15.0,824.0,980.0,451.0,165.0,0900500011275,19.48346856,-99.11780558,1,4,False,False
09,005,Gustavo A. Madero,0001,128A,7970,268.0,329.0,1275.0,885.0,511.0,63.0,92.0,2279.0,2229.0,885.0,597.0,090050001128A,19.48500629,-99.11212129,1,3,False,False
09,005,Gustavo A. Madero,0001,1294,7001,244.0,262.0,1155.0,774.0,404.0,72.0,92.0,2136.0,2091.0,836.0,506.0,0900500011294,19.4868677,-99.10670034,1,0,False,True
09,005,Gustavo A. Madero,0001,1307,13176,490.0,573.0,1435.0,879.0,590.0,75.0,193.0,3583.0,3857.0,1554.0,1063.0,0900500011307,19.488913365000002,-99.096850805,2,1,False,False
09,005,Gustavo A. Madero,0001,1311,2212,47.0,47.0,481.0,359.0,149.0,34.0,11.0,565.0,597.0,225.0,94.0,0900500011311,19.49015174,-99.09076341,3,1,False,False
09,005,Gustavo A. Madero,0001,1326,2602,52.0,65.0,589.0,451.0,107.0,20.0,21.0,555.0,795.0,347.0,117.0,0900500011326,19.49019155,-99.08328132,3,2,False,False
09,005,Gustavo A. Madero,0001,1330,5138,132.0,175.0,938.0,647.0,365.0,95.0,54.0,1064.0,1542.0,585.0,307.0,0900500011330,19.48767091,-99.08089135,3,1,False,False
09,005,Gustavo A. Madero,0001,1345,6216,194.0,218.0,1096.0,796.0,361.0,68.0,56.0,1639.0,1749.0,705.0,412.0,0900500011345,19.48601714,-99.077846925,3,0,False,True
09,005,Gustavo A. Madero,0001,135A,6197,193.0,238.0,978.0,709.0,394.0,60.0,76.0,1764.0,1682.0,600.0,431.0,090050001135A,19.487772035,-99.071314745,3,0,False,True
09,005,Gustavo A. Madero,0001,1364,4742,158.0,174.0,774.0,554.0,328.0,61.0,59.0,1218.0,1320.0,557.0,332.0,0900500011364,19.484796805000002,-99.06954181500001,2,0,False,False
09,005,Gustavo A. Madero,0001,1379,5453,166.0,153.0,1104.0,756.0,333.0,70.0,25.0,1484.0,1573.0,657.0,319.0,0900500011379,19.480370575,-99.144241265,3,1,False,False
09,005,Gustavo A. Madero,0001,1383,4092,111.0,157.0,827.0,617.0,170.0,31.0,40.0,1024.0,1208.0,482.0,268.0,0900500011383,19.47753054,-99.14499003,5,1,False,False
09,005,Gustavo A. Madero,0001,1398,3003,88.0,108.0,555.0,395.0,219.0,35.0,29.0,814.0,837.0,349.0,196.0,0900500011398,19.477126015,-99.13767889,2,1,False,False
09,005,Gustavo A. Madero,0001,1400,4437,161.0,170.0,550.0,378.0,245.0,39.0,54.0,1499.0,1356.0,578.0,331.0,0900500011400,19.47766301,-99.13454353,1,0,False,False
09,005,Gustavo A. Madero,0001,1415,3347,43.0,73.0,892.0,657.0,210.0,35.0,18.0,686.0,1120.0,469.0,116.0,0900500011415,19.47990023,-99.12462457,2,3,False,False
09,005,Gustavo A. Madero,0001,142A,2240,40.0,49.0,567.0,414.0,182.0,27.0,14.0,591.0,775.0,350.0,89.0,090050001142A,19.481486455000002,-99.122334745,2,4,False,False
09,005,Gustavo A. Madero,0001,1434,1729,37.0,61.0,356.0,250.0,104.0,11.0,5.0,550.0,534.0,222.0,98.0,0900500011434,19.4817427,-99.11703438,3,4,False,False
09,005,Gustavo A. Madero,0001,1449,2830,96.0,99.0,629.0,445.0,235.0,37.0,16.0,821.0,861.0,390.0,195.0,0900500011449,19.47996875,-99.1138915,3,2,False,False
09,005,Gustavo A. Madero,0001,1453,4315,146.0,183.0,623.0,409.0,248.0,36.0,49.0,1100.0,1292.0,502.0,329.0,0900500011453,19.48095756,-99.10614323,1,0,False,False
09,005,Gustavo A. Madero,0001,1468,3220,166.0,162.0,224.0,122.0,140.0,10.0,42.0,840.0,926.0,392.0,328.0,0900500011468,19.4830741,-99.10413888,1,2,False,False
09,005,Gustavo A. Madero,0001,1472,2827,75.0,80.0,588.0,417.0,242.0,35.0,17.0,662.0,866.0,338.0,155.0,0900500011472,19.483654145,-99.10119771000001,0,2,False,False
09,005,Gustavo A. Madero,0001,1487,2732,80.0,94.0,543.0,381.0,188.0,37.0,34.0,827.0,829.0,334.0,174.0,0900500011487,19.48407351,-99.09762711,0,3,False,False
09,005,Gustavo A. Madero,0001,1504,1035,18.0,22.0,288.0,230.0,33.0,8.0,0.0,205.0,282.0,111.0,40.0,0900500011504,19.486935425,-99.092222395,2,2,False,False
09,005,Gustavo A. Madero,0001,1523,5471,150.0,184.0,1001.0,722.0,272.0,54.0,46.0,1547.0,1545.0,588.0,334.0,0900500011523,19.48421097,-99.08050511,4,1,False,False
09,005,Gustavo A. Madero,0001,1538,4658,159.0,196.0,715.0,495.0,294.0,44.0,46.0,1374.0,1322.0,559.0,355.0,0900500011538,19.48402721,-99.07190373,3,0,False,False
09,005,Gustavo A. Madero,0001,1542,5144,174.0,199.0,823.0,600.0,279.0,53.0,58.0,1582.0,1333.0,546.0,373.0,0900500011542,19.4812233,-99.066385785,3,0,False,True
09,005,Gustavo A. Madero,0001,1557,3663,97.0,109.0,735.0,514.0,226.0,38.0,28.0,932.0,1118.0,486.0,206.0,0900500011557,19.47578279,-99.14320729,4,1,False,False
09,005,Gustavo A. Madero,0001,1561,4128,87.0,98.0,1020.0,772.0,266.0,35.0,11.0,916.0,1432.0,584.0,185.0,0900500011561,19.473291995,-99.13222816,4,1,False,False
09,005,Gustavo A. Madero,0001,1576,4358,82.0,90.0,1203.0,879.0,319.0,45.0,21.0,1050.0,1518.0,687.0,172.0,0900500011576,19.473793915,-99.12975259999999,4,1,False,False
09,005,Gustavo A. Madero,0001,1580,3199,66.0,69.0,860.0,613.0,180.0,46.0,17.0,892.0,1086.0,476.0,135.0,0900500011580,19.47365878,-99.12750713,5,1,False,False
09,005,Gustavo A. Madero,0001,1595,3490,63.0,97.0,833.0,578.0,238.0,53.0,21.0,977.0,1160.0,555.0,160.0,0900500011595,19.47723743,-99.1247318,4,2,False,False
09,005,Gustavo A. Madero,0001,1608,2467,36.0,52.0,677.0,461.0,167.0,19.0,5.0,648.0,829.0,389.0,88.0,0900500011608,19.47213716,-99.1242822,7,1,False,False
09,005,Gustavo A. Madero,0001,1612,2463,40.0,62.0,617.0,452.0,149.0,26.0,17.0,621.0,820.0,359.0,102.0,0900500011612,19.47660067,-99.11654346,4,1,False,False
09,005,Gustavo A. Madero,0001,1627,637,25.0,17.0,87.0,53.0,33.0,3.0,4.0,153.0,221.0,103.0,42.0,0900500011627,19.47751372,-99.10949649,2,1,False,False
09,005,Gustavo A. Madero,0001,1631,4100,135.0,126.0,783.0,554.0,323.0,62.0,37.0,811.0,1189.0,509.0,261.0,0900500011631,19.48227579,-99.09970699,0,2,False,False
09,005,Gustavo A. Madero,0001,1646,7,0.0,0.0,3.0,,0.0,0.0,0.0,,4.0,,0.0,0900500011646,19.47692794,-99.09905339,1,1,False,False
09,005,Gustavo A. Madero,0001,1650,7789,235.0,279.0,698.0,348.0,280.0,19.0,42.0,1113.0,2923.0,1193.0,514.0,0900500011650,19.4739825,-99.09580985,2,1,False,False
09,005,Gustavo A. Madero,0001,1665,4977,150.0,170.0,919.0,603.0,255.0,43.0,57.0,1047.0,1454.0,570.0,320.0,0900500011665,19.48058477,-99.08537945,5,2,False,False
09,005,Gustavo A. Madero,0001,167A,7456,213.0,280.0,1335.0,929.0,473.0,80.0,75.0,2042.0,2136.0,885.0,493.0,090050001167A,19.48020464,-99.08073773,5,2,False,False
09,005,Gustavo A. Madero,0001,1684,4341,132.0,142.0,757.0,538.0,256.0,60.0,27.0,1103.0,1259.0,503.0,274.0,0900500011684,19.481142745,-99.07299729,4,0,False,False
09,005,Gustavo A. Madero,0001,1699,3550,98.0,140.0,662.0,506.0,258.0,37.0,36.0,955.0,900.0,349.0,238.0,0900500011699,19.47754378,-99.07105632,4,1,False,False
09,005,Gustavo A. Madero,0001,1701,3544,133.0,135.0,502.0,367.0,240.0,31.0,35.0,1124.0,885.0,386.0,268.0,0900500011701,19.47962862,-99.068619825,4,0,False,False
09,005,Gustavo A. Madero,0001,1716,3589,108.0,114.0,617.0,418.0,196.0,46.0,32.0,982.0,973.0,410.0,222.0,0900500011716,19.478116139999997,-99.065698595,4,0,False,False
09,005,Gustavo A. Madero,0001,1720,3006,73.0,86.0,638.0,440.0,201.0,27.0,17.0,641.0,1017.0,401.0,159.0,0900500011720,19.47304034,-99.1420252,4,1,False,False
09,005,Gustavo A. Madero,0001,1735,5876,176.0,205.0,990.0,687.0,378.0,51.0,53.0,1435.0,1946.0,827.0,381.0,0900500011735,19.46892547,-99.14032573,4,0,False,True
09,005,Gustavo A. Madero,0001,174A,5034,150.0,158.0,881.0,582.0,374.0,51.0,62.0,1235.0,1597.0,695.0,308.0,090050001174A,19.466522,-99.13552562,7,1,False,False
09,005,Gustavo A. Madero,0001,1754,5282,145.0,183.0,959.0,641.0,368.0,74.0,44.0,1389.0,1712.0,797.0,328.0,0900500011754,19.469235,-99.13229834,6,1,False,False
09,005,Gustavo A. Madero,0001,1769,5556,133.0,176.0,1072.0,754.0,283.0,66.0,56.0,1539.0,1673.0,662.0,309.0,0900500011769,19.46428323,-99.12950723,9,1,False,False
09,005,Gustavo A. Madero,0001,1773,4611,131.0,158.0,896.0,604.0,188.0,32.0,41.0,1250.0,1514.0,637.0,289.0,0900500011773,19.466112255,-99.125862085,7,1,False,False
09,005,Gustavo A. Madero,0001,1788,3082,63.0,74.0,821.0,605.0,211.0,32.0,12.0,863.0,970.0,391.0,137.0,0900500011788,19.47460932,-99.114818225,3,1,False,False
09,005,Gustavo A. Madero,0001,1792,2749,50.0,86.0,762.0,566.0,235.0,46.0,11.0,786.0,884.0,400.0,136.0,0900500011792,19.47361805,-99.11880119,4,1,False,False
09,005,Gustavo A. Madero,0001,1805,3937,160.0,170.0,294.0,169.0,97.0,10.0,36.0,902.0,1450.0,556.0,330.0,0900500011805,19.47026015,-99.12123148,9,1,False,False
09,005,Gustavo A. Madero,0001,181A,3787,72.0,95.0,961.0,671.0,182.0,44.0,29.0,1023.0,1317.0,564.0,167.0,090050001181A,19.46936587,-99.121148175,9,1,False,False
09,005,Gustavo A. Madero,0001,1824,3291,83.0,104.0,772.0,563.0,195.0,33.0,13.0,895.0,1130.0,470.0,187.0,0900500011824,19.466004265000002,-99.122401655,8,1,False,False
09,005,Gustavo A. Madero,0001,1839,4354,130.0,139.0,863.0,596.0,355.0,55.0,38.0,1227.0,1355.0,539.0,269.0,0900500011839,19.471172545,-99.11081964,2,1,False,False
09,005,Gustavo A. Madero,0001,1843,3934,83.0,102.0,922.0,633.0,224.0,43.0,20.0,1102.0,1145.0,480.0,185.0,0900500011843,19.47065968,-99.10711094,1,0,False,True
09,005,Gustavo A. Madero,0001,1858,2052,45.0,64.0,456.0,304.0,92.0,12.0,12.0,551.0,624.0,260.0,109.0,0900500011858,19.469775185000003,-99.10383734999999,2,0,False,False
09,005,Gustavo A. Madero,0001,1862,3806,73.0,99.0,899.0,635.0,333.0,51.0,32.0,1183.0,1087.0,455.0,172.0,0900500011862,19.46551791,-99.10580256,2,1,False,False
09,005,Gustavo A. Madero,0001,1877,2646,60.0,84.0,563.0,421.0,112.0,21.0,19.0,600.0,766.0,333.0,144.0,0900500011877,19.468084285,-99.10052318000001,4,0,False,False
09,005,Gustavo A. Madero,0001,1881,2455,66.0,58.0,494.0,347.0,200.0,32.0,12.0,453.0,715.0,273.0,124.0,0900500011881,19.46679747,-99.09799798,6,0,False,False
09,005,Gustavo A. Madero,0001,1896,4486,85.0,101.0,1201.0,849.0,222.0,48.0,20.0,1193.0,1405.0,541.0,186.0,0900500011896,19.47127808,-99.09855463,2,1,False,False
09,005,Gustavo A. Madero,0001,1909,6163,187.0,198.0,1237.0,866.0,380.0,77.0,39.0,1434.0,1802.0,741.0,385.0,0900500011909,19.47669172,-99.08612098,3,2,False,False
09,005,Gustavo A. Madero,0001,1913,6882,188.0,242.0,1352.0,939.0,448.0,78.0,53.0,1834.0,1994.0,824.0,430.0,0900500011913,19.476356674999998,-99.083258155,3,3,False,False
09,005,Gustavo A. Madero,0001,1928,14,,,,,,,,,,,,0900500011928,19.477201864999998,-99.07795648000001,6,2,False,False
09,005,Gustavo A. Madero,0001,1932,3949,113.0,130.0,713.0,489.0,266.0,67.0,32.0,1156.0,1128.0,444.0,243.0,0900500011932,19.47528914,-99.06731258,4,1,False,False
09,005,Gustavo A. Madero,0001,1951,2954,89.0,112.0,458.0,302.0,107.0,23.0,25.0,850.0,804.0,299.0,201.0,0900500011951,19.472935775,-99.086044045,4,2,False,False
09,005,Gustavo A. Madero,0001,1970,5898,143.0,240.0,1080.0,714.0,381.0,75.0,46.0,1566.0,1362.0,600.0,383.0,0900500011970,19.46981768,-99.07556748,2,1,False,False
09,005,Gustavo A. Madero,0001,1985,6515,162.0,203.0,1158.0,788.0,472.0,117.0,56.0,1364.0,1621.0,652.0,365.0,0900500011985,19.46858943,-99.07564462,2,1,False,False
09,005,Gustavo A. Madero,0001,199A,4250,67.0,73.0,1027.0,810.0,389.0,71.0,9.0,1020.0,1201.0,508.0,140.0,090050001199A,19.47047269,-99.067944055,4,1,False,False
09,005,Gustavo A. Madero,0001,2004,2711,50.0,66.0,690.0,537.0,190.0,28.0,14.0,599.0,775.0,311.0,116.0,0900500012004,19.46667179,-99.06572722,2,0,False,False
09,005,Gustavo A. Madero,0001,2019,4307,106.0,141.0,874.0,642.0,275.0,33.0,26.0,1128.0,1134.0,484.0,247.0,0900500012019,19.47174984,-99.064443345,4,0,False,True
09,005,Gustavo A. Madero,0001,2023,4433,108.0,130.0,908.0,677.0,313.0,23.0,26.0,1067.0,1237.0,504.0,238.0,0900500012023,19.47441479,-99.06300513,4,0,False,True
09,005,Gustavo A. Madero,0001,2038,3222,74.0,97.0,824.0,621.0,122.0,22.0,16.0,903.0,1005.0,370.0,171.0,0900500012038,19.4662994,-99.06016107,2,0,False,True
09,005,Gustavo A. Madero,0001,2042,3604,70.0,108.0,850.0,616.0,150.0,42.0,28.0,915.0,1030.0,438.0,178.0,0900500012042,19.46587854,-99.06214662,2,0,False,True
09,005,Gustavo A. Madero,0001,2057,2694,73.0,77.0,558.0,389.0,172.0,27.0,21.0,753.0,805.0,285.0,150.0,0900500012057,19.46555798,-99.11553732,2,1,False,False
09,005,Gustavo A. Madero,0001,2061,3153,90.0,109.0,646.0,458.0,228.0,56.0,27.0,844.0,917.0,360.0,199.0,0900500012061,19.4635885,-99.11138585,2,1,False,False
09,005,Gustavo A. Madero,0001,2076,2946,68.0,91.0,629.0,451.0,194.0,43.0,16.0,784.0,865.0,387.0,159.0,0900500012076,19.46222961,-99.10744009000001,2,1,False,False
09,005,Gustavo A. Madero,0001,2080,2148,48.0,75.0,497.0,346.0,131.0,20.0,23.0,470.0,648.0,265.0,123.0,0900500012080,19.46390126,-99.1013753,4,0,False,False
09,005,Gustavo A. Madero,0001,2095,4036,128.0,158.0,765.0,542.0,209.0,54.0,30.0,931.0,1130.0,488.0,286.0,0900500012095,19.46271954,-99.10150137,4,0,False,False
09,005,Gustavo A. Madero,0001,2108,3677,99.0,115.0,756.0,517.0,164.0,32.0,25.0,899.0,1072.0,452.0,214.0,0900500012108,19.460457485,-99.10247735,4,1,False,False
09,005,Gustavo A. Madero,0001,2112,384,19.0,18.0,36.0,21.0,21.0,9.0,6.0,156.0,116.0,47.0,37.0,0900500012112,19.46239509,-99.0967803,5,0,False,False
09,005,Gustavo A. Madero,0001,2127,6630,235.0,264.0,816.0,513.0,374.0,68.0,66.0,1624.0,1824.0,736.0,499.0,0900500012127,19.46861993,-99.09048987,5,0,False,False
09,005,Gustavo A. Madero,0001,2131,4822,215.0,212.0,609.0,389.0,313.0,62.0,52.0,1361.0,1289.0,611.0,427.0,0900500012131,19.46652147,-99.083398285,1,0,False,False
09,005,Gustavo A. Madero,0001,2146,2810,60.0,74.0,623.0,424.0,173.0,29.0,12.0,795.0,765.0,305.0,134.0,0900500012146,19.46297627,-99.092618235,5,0,False,False
09,005,Gustavo A. Madero,0001,2150,3106,72.0,98.0,666.0,439.0,209.0,44.0,29.0,667.0,836.0,399.0,170.0,0900500012150,19.46471714,-99.08893813,4,0,False,False
09,005,Gustavo A. Madero,0001,2165,1009,30.0,32.0,163.0,100.0,28.0,9.0,6.0,318.0,239.0,81.0,62.0,0900500012165,19.458333,-99.06949931,1,0,False,False
09,005,Gustavo A. Madero,0001,217A,4413,107.0,137.0,943.0,671.0,259.0,61.0,49.0,938.0,1356.0,522.0,244.0,090050001217A,19.46288098,-99.11378842,2,1,False,False
09,005,Gustavo A. Madero,0001,2184,2870,57.0,73.0,731.0,551.0,260.0,58.0,18.0,594.0,877.0,376.0,130.0,0900500012184,19.46091104,-99.11871341,5,1,False,False
09,005,Gustavo A. Madero,0001,2199,3485,78.0,98.0,803.0,562.0,214.0,35.0,21.0,818.0,1058.0,480.0,176.0,0900500012199,19.459908040000002,-99.114608505,2,1,False,False
09,005,Gustavo A. Madero,0001,2201,4422,124.0,162.0,921.0,626.0,324.0,36.0,39.0,1008.0,1268.0,532.0,286.0,0900500012201,19.46166776,-99.11284661,1,1,False,False
09,005,Gustavo A. Madero,0001,2216,3197,89.0,125.0,681.0,465.0,191.0,41.0,27.0,865.0,991.0,405.0,214.0,0900500012216,19.45990761,-99.10860658,2,1,False,False
09,005,Gustavo A. Madero,0001,2220,5296,113.0,181.0,1081.0,751.0,302.0,72.0,85.0,1277.0,1430.0,606.0,294.0,0900500012220,19.45670864,-99.10419391,3,1,False,False
09,005,Gustavo A. Madero,0001,2235,3997,88.0,131.0,844.0,596.0,272.0,75.0,25.0,1261.0,1061.0,436.0,219.0,0900500012235,19.45741279,-99.094811025,4,0,False,True
09,005,Gustavo A. Madero,0001,224A,3517,84.0,100.0,734.0,488.0,304.0,58.0,17.0,888.0,930.0,423.0,184.0,090050001224A,19.45988139,-99.09170671,3,0,False,False
09,005,Gustavo A. Madero,0001,2254,3267,73.0,81.0,720.0,491.0,250.0,84.0,37.0,877.0,844.0,352.0,154.0,0900500012254,19.45753886,-99.086453995,3,1,False,False
09,005,Gustavo A. Madero,0001,2269,2773,61.0,81.0,591.0,415.0,142.0,39.0,25.0,701.0,732.0,335.0,142.0,0900500012269,19.454500115000002,-99.08322085,1,1,False,False
09,005,Gustavo A. Madero,0001,2273,5032,117.0,177.0,1020.0,739.0,314.0,51.0,32.0,1195.0,1432.0,678.0,294.0,0900500012273,19.45519542,-99.110201175,3,1,False,False
09,005,Gustavo A. Madero,0001,2288,7055,201.0,235.0,1366.0,966.0,495.0,81.0,59.0,1860.0,2041.0,839.0,436.0,0900500012288,19.45347702,-99.10493565499999,3,0,False,True
09,005,Gustavo A. Madero,0001,2292,4245,123.0,145.0,789.0,540.0,294.0,57.0,30.0,1011.0,1175.0,479.0,268.0,0900500012292,19.45244896,-99.09746517,1,0,False,False
09,005,Gustavo A. Madero,0001,2305,3614,105.0,129.0,620.0,434.0,222.0,44.0,31.0,854.0,955.0,383.0,234.0,0900500012305,19.45171483,-99.09729308,0,0,False,False
09,005,Gustavo A. Madero,0001,231A,3306,69.0,82.0,789.0,542.0,262.0,43.0,12.0,825.0,936.0,436.0,151.0,090050001231A,19.45513835,-99.0915777,3,0,False,False
09,005,Gustavo A. Madero,0001,2324,2997,69.0,89.0,700.0,486.0,233.0,42.0,24.0,727.0,769.0,303.0,158.0,0900500012324,19.45437742,-99.08593111,1,1,False,False
09,005,Gustavo A. Madero,0001,2339,751,17.0,21.0,172.0,123.0,54.0,6.0,,230.0,193.0,63.0,38.0,0900500012339,19.45361905,-99.08456099,0,1,False,False
09,005,Gustavo A. Madero,0001,2343,3588,78.0,88.0,861.0,609.0,314.0,52.0,20.0,936.0,1002.0,438.0,166.0,0900500012343,19.45014963,-99.08706909,0,2,False,False
09,005,Gustavo A. Madero,0001,2358,1767,40.0,62.0,401.0,271.0,93.0,20.0,18.0,482.0,491.0,185.0,102.0,0900500012358,19.455403905,-99.07023411,3,0,False,False
09,005,Gustavo A. Madero,0001,2362,2422,44.0,63.0,676.0,573.0,159.0,43.0,4.0,557.0,713.0,270.0,107.0,0900500012362,19.45535646,-99.06631744,1,0,False,False
09,005,Gustavo A. Madero,0001,2377,2986,41.0,60.0,856.0,689.0,197.0,50.0,13.0,698.0,885.0,364.0,101.0,0900500012377,19.45844384,-99.06434119,2,0,False,True
09,005,Gustavo A. Madero,0001,2381,2918,88.0,92.0,644.0,454.0,170.0,34.0,20.0,775.0,750.0,319.0,180.0,0900500012381,19.451544205,-99.075702345,2,1,False,False
09,005,Gustavo A. Madero,0001,2396,3449,67.0,98.0,711.0,498.0,168.0,21.0,33.0,891.0,938.0,378.0,165.0,0900500012396,19.45203503,-99.0712308,3,0,False,False
09,005,Gustavo A. Madero,0001,2409,3728,52.0,87.0,953.0,755.0,192.0,37.0,21.0,739.0,1054.0,443.0,139.0,0900500012409,19.4538868,-99.0648573,1,1,False,False
09,005,Gustavo A. Madero,0001,2428,2407,43.0,67.0,539.0,379.0,117.0,23.0,17.0,707.0,644.0,280.0,110.0,0900500012428,19.449566935,-99.06838539,3,0,False,False
09,005,Gustavo A. Madero,0001,2432,2660,49.0,66.0,744.0,556.0,205.0,34.0,11.0,550.0,784.0,336.0,115.0,0900500012432,19.45054394,-99.06521436,2,0,False,False
09,005,Gustavo A. Madero,0001,2447,2642,45.0,68.0,743.0,569.0,177.0,37.0,10.0,618.0,763.0,317.0,113.0,0900500012447,19.452153365,-99.060693985,1,1,False,False
09,005,Gustavo A. Madero,0001,2451,3246,77.0,82.0,777.0,606.0,126.0,24.0,36.0,796.0,971.0,430.0,159.0,0900500012451,19.452729395,-99.05746312,0,1,False,False
09,005,Gustavo A. Madero,0001,2466,3163,51.0,93.0,811.0,621.0,226.0,40.0,19.0,706.0,922.0,415.0,144.0,0900500012466,19.45299853,-99.05278502,0,1,False,False
09,005,Gustavo A. Madero,0001,2470,5374,142.0,183.0,992.0,705.0,372.0,58.0,43.0,1431.0,1452.0,544.0,325.0,0900500012470,19.447554205000003,-99.060988135,0,1,False,False
09,005,Gustavo A. Madero,0001,2485,6176,176.0,219.0,1076.0,735.0,359.0,66.0,52.0,1899.0,1692.0,663.0,395.0,0900500012485,19.44853723,-99.0576954,0,1,True,False
09,005,Gustavo A. Madero,0001,2536,1867,93.0,93.0,200.0,134.0,44.0,11.0,35.0,271.0,498.0,170.0,186.0,0900500012536,19.562821335,-99.123608315,0,1,False,False
09,005,Gustavo A. Madero,0001,2574,3313,143.0,177.0,344.0,233.0,214.0,56.0,68.0,985.0,860.0,341.0,320.0,0900500012574,19.5292459,-99.13637984,3,1,False,False
09,005,Gustavo A. Madero,0001,2593,5726,286.0,293.0,576.0,354.0,356.0,61.0,111.0,1457.0,1581.0,555.0,579.0,0900500012593,19.57105353,-99.13593821,1,0,False,False
09,005,Gustavo A. Madero,0001,2606,3240,136.0,155.0,468.0,344.0,163.0,29.0,66.0,642.0,871.0,289.0,291.0,0900500012606,19.56199532,-99.12539792,0,1,False,False
09,005,Gustavo A. Madero,0001,2610,7326,303.0,338.0,896.0,605.0,427.0,72.0,118.0,1896.0,1955.0,703.0,641.0,0900500012610,19.55895562,-99.12690159,0,1,True,False
09,005,Gustavo A. Madero,0001,2625,7116,291.0,330.0,896.0,618.0,422.0,100.0,99.0,1846.0,1908.0,620.0,621.0,0900500012625,19.554947034999998,-99.128215345,1,1,False,False
09,005,Gustavo A. Madero,0001,263A,2465,56.0,55.0,623.0,491.0,118.0,26.0,11.0,469.0,730.0,333.0,111.0,090050001263A,19.50993854,-99.10026707,2,0,False,False
09,005,Gustavo A. Madero,0001,2644,2242,49.0,59.0,532.0,413.0,76.0,17.0,14.0,407.0,628.0,238.0,108.0,0900500012644,19.51073143,-99.09678933,2,0,False,False
09,005,Gustavo A. Madero,0001,2659,2132,32.0,51.0,546.0,426.0,94.0,14.0,11.0,480.0,637.0,240.0,83.0,0900500012659,19.508897365000003,-99.09549255,3,0,False,False
09,005,Gustavo A. Madero,0001,2663,2595,42.0,74.0,663.0,536.0,148.0,28.0,25.0,661.0,797.0,326.0,116.0,0900500012663,19.50785303,-99.09338347,4,0,False,False
09,005,Gustavo A. Madero,0001,2678,2434,58.0,50.0,588.0,475.0,135.0,30.0,7.0,505.0,724.0,333.0,108.0,0900500012678,19.50766538,-99.09813444,3,0,False,False
09,005,Gustavo A. Madero,0001,2682,5028,178.0,179.0,879.0,598.0,297.0,38.0,65.0,1411.0,1417.0,528.0,357.0,0900500012682,19.50653486,-99.08961899,5,1,False,False
09,005,Gustavo A. Madero,0001,2697,2999,66.0,96.0,630.0,454.0,229.0,27.0,26.0,682.0,886.0,377.0,162.0,0900500012697,19.50556632,-99.09575126,4,0,False,False
09,005,Gustavo A. Madero,0001,270A,2602,59.0,63.0,661.0,519.0,109.0,15.0,11.0,489.0,704.0,273.0,122.0,090050001270A,19.45493321,-99.05917496,1,1,False,False
09,005,Gustavo A. Madero,0001,2714,2630,55.0,73.0,682.0,528.0,182.0,10.0,14.0,512.0,718.0,302.0,128.0,0900500012714,19.45629585,-99.05476618,0,1,False,False
09,005,Gustavo A. Madero,0001,2729,4496,166.0,176.0,580.0,387.0,209.0,22.0,58.0,1252.0,1353.0,480.0,342.0,0900500012729,19.56264461,-99.13384567,1,2,False,False
09,005,Gustavo A. Madero,0001,2733,3894,138.0,185.0,514.0,351.0,239.0,29.0,45.0,1069.0,1054.0,379.0,323.0,0900500012733,19.560414344999998,-99.13192119,1,2,False,False
09,005,Gustavo A. Madero,0001,2748,3855,153.0,193.0,462.0,293.0,243.0,37.0,80.0,1105.0,1032.0,343.0,346.0,0900500012748,19.552970945,-99.13158748500001,2,0,False,False
09,005,Gustavo A. Madero,0001,2752,4278,177.0,193.0,550.0,386.0,217.0,35.0,66.0,965.0,1144.0,388.0,370.0,0900500012752,19.55080495,-99.13272915,2,0,False,False
09,005,Gustavo A. Madero,0001,2767,5406,233.0,270.0,580.0,386.0,299.0,56.0,105.0,1665.0,1389.0,530.0,503.0,0900500012767,19.548445615,-99.13199218,1,0,False,False
09,005,Gustavo A. Madero,0001,2771,5099,245.0,275.0,524.0,354.0,293.0,51.0,112.0,1435.0,1377.0,453.0,520.0,0900500012771,19.54521891,-99.1302761,1,0,False,False
09,005,Gustavo A. Madero,0001,2786,2091,51.0,77.0,391.0,264.0,163.0,15.0,14.0,554.0,578.0,176.0,128.0,0900500012786,19.53243154,-99.15481757,0,0,False,False
09,005,Gustavo A. Madero,0001,2790,3663,92.0,129.0,833.0,552.0,212.0,19.0,27.0,754.0,1061.0,399.0,221.0,0900500012790,19.53097043,-99.1472626,4,0,False,True
09,005,Gustavo A. Madero,0001,2803,4272,115.0,167.0,954.0,614.0,207.0,24.0,40.0,927.0,1246.0,445.0,282.0,0900500012803,19.528402014999998,-99.147374145,4,0,False,True
09,005,Gustavo A. Madero,0001,2822,3802,111.0,166.0,693.0,519.0,183.0,42.0,61.0,1022.0,964.0,362.0,277.0,0900500012822,19.528866145000002,-99.14435591,4,1,False,False
09,005,Gustavo A. Madero,0001,2837,3315,110.0,161.0,389.0,267.0,231.0,33.0,54.0,926.0,870.0,300.0,271.0,0900500012837,19.522023495,-99.13633307,3,1,False,False
09,005,Gustavo A. Madero,0001,2841,2417,119.0,110.0,262.0,166.0,88.0,19.0,65.0,671.0,654.0,224.0,229.0,0900500012841,19.52212528,-99.13393181,3,1,False,False
09,005,Gustavo A. Madero,0001,2856,4890,122.0,152.0,823.0,483.0,283.0,31.0,35.0,1008.0,1498.0,622.0,274.0,0900500012856,19.51661388,-99.1397898,2,1,False,False
09,005,Gustavo A. Madero,0001,2860,4900,116.0,144.0,817.0,514.0,178.0,24.0,32.0,1137.0,1585.0,688.0,260.0,0900500012860,19.514785955,-99.13634463,1,0,False,False
09,005,Gustavo A. Madero,0001,2875,2195,30.0,48.0,545.0,382.0,101.0,18.0,11.0,516.0,723.0,295.0,78.0,0900500012875,19.51025157,-99.13898433,0,0,False,False
09,005,Gustavo A. Madero,0001,288A,1702,48.0,51.0,403.0,296.0,116.0,21.0,8.0,455.0,486.0,199.0,99.0,090050001288A,19.508567980000002,-99.105266755,0,0,False,False
09,005,Gustavo A. Madero,0001,2894,2140,32.0,42.0,592.0,461.0,158.0,29.0,10.0,414.0,637.0,290.0,74.0,0900500012894,19.50919913,-99.100713235,2,0,False,False
09,005,Gustavo A. Madero,0001,2907,5111,128.0,178.0,1018.0,671.0,309.0,32.0,32.0,1434.0,1588.0,624.0,306.0,0900500012907,19.486704215,-99.09641355,0,2,False,False
09,005,Gustavo A. Madero,0001,2930,4364,120.0,134.0,778.0,475.0,198.0,36.0,22.0,1046.0,1278.0,506.0,254.0,0900500012930,19.482978275,-99.0835985,5,2,False,False
09,005,Gustavo A. Madero,0001,2945,4598,141.0,172.0,729.0,532.0,205.0,38.0,61.0,1271.0,1281.0,493.0,313.0,0900500012945,19.46924172,-99.08421292,2,1,False,False
09,005,Gustavo A. Madero,0001,295A,4267,121.0,168.0,635.0,418.0,231.0,32.0,57.0,1171.0,1206.0,473.0,289.0,090050001295A,19.46972585,-99.08044507,2,1,False,False
09,005,Gustavo A. Madero,0001,2964,4888,196.0,233.0,557.0,371.0,207.0,42.0,97.0,1131.0,1319.0,425.0,429.0,0900500012964,19.566576155,-99.142354515,1,2,False,False
09,005,Gustavo A. Madero,0001,2979,5544,267.0,282.0,449.0,257.0,386.0,100.0,112.0,1301.0,1457.0,523.0,549.0,0900500012979,19.561225845000003,-99.14467113,2,3,False,False
09,005,Gustavo A. Madero,0001,2983,3377,141.0,179.0,372.0,260.0,110.0,26.0,72.0,847.0,910.0,319.0,320.0,0900500012983,19.55429179,-99.15451266,0,1,False,False
09,005,Gustavo A. Madero,0001,2998,4749,225.0,249.0,508.0,297.0,182.0,21.0,127.0,1193.0,1243.0,439.0,474.0,0900500012998,19.54652086,-99.12504067,1,0,False,False
09,005,Gustavo A. Madero,0001,3017,1925,71.0,92.0,192.0,124.0,260.0,8.0,38.0,622.0,479.0,141.0,163.0,0900500013017,19.5569502,-99.12424547,0,1,False,False
09,005,Gustavo A. Madero,0001,3055,2876,79.0,107.0,587.0,398.0,229.0,44.0,14.0,763.0,823.0,318.0,186.0,0900500013055,19.47421914,-99.09026011,5,3,False,False
09,005,Gustavo A. Madero,0001,306A,2899,106.0,134.0,399.0,267.0,175.0,22.0,26.0,731.0,707.0,274.0,240.0,090050001306A,19.47147632,-99.08934278,4,1,False,False
09,005,Gustavo A. Madero,0001,3074,2060,62.0,84.0,322.0,201.0,67.0,12.0,29.0,499.0,544.0,222.0,146.0,0900500013074,19.47042996,-99.08714491,3,1,False,False
09,005,Gustavo A. Madero,0001,3089,8133,291.0,338.0,1203.0,823.0,525.0,81.0,91.0,2136.0,2263.0,787.0,629.0,0900500013089,19.55128927,-99.1367547,3,0,False,True
09,005,Gustavo A. Madero,0001,3093,12036,415.0,503.0,1796.0,1156.0,722.0,103.0,186.0,3050.0,3166.0,1096.0,918.0,0900500013093,19.54481102,-99.14099905,1,0,False,True
09,005,Gustavo A. Madero,0001,3110,1574,49.0,47.0,209.0,155.0,168.0,20.0,10.0,373.0,519.0,219.0,96.0,0900500013110,19.51076908,-99.13265824,3,1,False,False
09,005,Gustavo A. Madero,0001,3125,3029,67.0,93.0,519.0,344.0,138.0,16.0,19.0,741.0,831.0,349.0,160.0,0900500013125,19.5057563,-99.13298651,1,2,False,False
09,005,Gustavo A. Madero,0001,313A,1484,25.0,37.0,335.0,239.0,69.0,14.0,3.0,231.0,530.0,224.0,62.0,090050001313A,19.50504968,-99.13161753,1,2,False,False
09,005,Gustavo A. Madero,0001,3144,4023,152.0,178.0,581.0,409.0,283.0,54.0,49.0,1261.0,1060.0,437.0,330.0,0900500013144,19.498484705,-99.069352305,0,0,False,False
09,005,Gustavo A. Madero,0001,3159,4982,123.0,200.0,821.0,562.0,323.0,59.0,61.0,1649.0,1298.0,526.0,323.0,0900500013159,19.49552734,-99.06651986,0,0,False,False
09,005,Gustavo A. Madero,0001,3163,1911,70.0,63.0,319.0,202.0,119.0,13.0,12.0,423.0,528.0,223.0,133.0,0900500013163,19.49917196,-99.09457896,6,0,False,False
09,005,Gustavo A. Madero,0001,3178,1870,54.0,71.0,350.0,231.0,115.0,26.0,22.0,466.0,575.0,209.0,125.0,0900500013178,19.497824819999998,-99.09147447000001,6,1,False,False
09,005,Gustavo A. Madero,0001,3182,2221,75.0,96.0,230.0,132.0,77.0,8.0,32.0,621.0,757.0,336.0,171.0,0900500013182,19.53775632,-99.14460026,2,0,False,False
09,005,Gustavo A. Madero,0001,3197,5244,133.0,204.0,932.0,551.0,369.0,54.0,55.0,1074.0,1602.0,616.0,337.0,0900500013197,19.53170057,-99.14343751999999,3,0,False,True
09,005,Gustavo A. Madero,0001,320A,1993,52.0,66.0,235.0,124.0,119.0,12.0,16.0,512.0,626.0,268.0,118.0,090050001320A,19.53397956,-99.1475762,2,0,False,False
09,005,Gustavo A. Madero,0001,3214,5814,288.0,307.0,509.0,324.0,297.0,65.0,117.0,1370.0,1563.0,513.0,595.0,0900500013214,19.5493265,-99.12593588,1,0,False,False
09,005,Gustavo A. Madero,0001,3229,3544,165.0,202.0,362.0,225.0,180.0,33.0,92.0,1450.0,903.0,349.0,367.0,0900500013229,19.54772231,-99.12279445,1,0,False,False
09,005,Gustavo A. Madero,0001,3233,6414,271.0,339.0,585.0,362.0,244.0,34.0,117.0,1816.0,1625.0,534.0,610.0,0900500013233,19.56705114,-99.13006751,1,1,False,False
09,005,Gustavo A. Madero,0001,3248,5663,251.0,275.0,576.0,378.0,246.0,62.0,115.0,1685.0,1610.0,505.0,526.0,0900500013248,19.566983895,-99.12682130499999,0,1,True,False
09,005,Gustavo A. Madero,0001,3252,6248,242.0,314.0,845.0,573.0,394.0,45.0,99.0,1758.0,1734.0,660.0,556.0,0900500013252,19.56207301,-99.13910193,2,2,False,False
09,005,Gustavo A. Madero,0001,3267,3857,165.0,192.0,534.0,384.0,217.0,45.0,70.0,948.0,932.0,374.0,357.0,0900500013267,19.56060805,-99.142784775,2,3,False,False
09,005,Gustavo A. Madero,0001,3271,4264,145.0,160.0,624.0,444.0,326.0,36.0,61.0,1161.0,1218.0,487.0,305.0,0900500013271,19.55560384,-99.148815005,1,3,False,False
09,005,Gustavo A. Madero,0001,3286,3236,154.0,162.0,289.0,175.0,188.0,21.0,56.0,834.0,870.0,427.0,316.0,0900500013286,19.558386625,-99.14539128,1,3,False,False
09,005,Gustavo A. Madero,0001,3290,4654,131.0,191.0,833.0,611.0,299.0,54.0,43.0,1195.0,1291.0,472.0,322.0,0900500013290,19.519134625,-99.15111025,1,1,False,False
09,005,Gustavo A. Madero,0001,3303,1861,51.0,67.0,282.0,176.0,91.0,16.0,16.0,381.0,535.0,203.0,118.0,0900500013303,19.51907182,-99.14863434,2,1,False,False
09,005,Gustavo A. Madero,0001,3318,4304,194.0,244.0,445.0,302.0,340.0,51.0,84.0,971.0,1149.0,369.0,438.0,0900500013318,19.57645306,-99.13207786,0,0,True,False
09,005,Gustavo A. Madero,0001,3322,4420,201.0,202.0,497.0,361.0,245.0,37.0,74.0,1067.0,1228.0,375.0,403.0,0900500013322,19.57337011,-99.13335251,1,0,False,False
09,005,Gustavo A. Madero,0001,3337,3043,103.0,117.0,363.0,218.0,190.0,11.0,19.0,854.0,941.0,428.0,220.0,0900500013337,19.483724199999997,-99.08791224999999,4,3,False,False
09,005,Gustavo A. Madero,0001,3341,2343,52.0,86.0,463.0,308.0,183.0,38.0,22.0,524.0,639.0,278.0,138.0,0900500013341,19.486174495,-99.08612478,4,3,False,False
09,005,Gustavo A. Madero,0001,3356,1096,23.0,29.0,196.0,130.0,46.0,6.0,5.0,177.0,357.0,154.0,52.0,0900500013356,19.51179067,-99.12641193,3,1,False,False
09,005,Gustavo A. Madero,0001,3360,4725,200.0,216.0,465.0,296.0,199.0,29.0,89.0,1631.0,1316.0,464.0,416.0,0900500013360,19.51019499,-99.12097461,2,1,False,False
09,005,Gustavo A. Madero,0001,3375,1196,24.0,40.0,239.0,163.0,62.0,16.0,10.0,264.0,351.0,144.0,64.0,0900500013375,19.51477376,-99.14728023,1,1,False,False
09,005,Gustavo A. Madero,0001,338A,2997,46.0,66.0,712.0,504.0,142.0,10.0,8.0,624.0,1024.0,425.0,112.0,090050001338A,19.51352069,-99.1422936,0,0,False,False
09,005,Gustavo A. Madero,0001,3394,2891,72.0,99.0,556.0,374.0,146.0,12.0,21.0,706.0,821.0,322.0,171.0,0900500013394,19.48249179,-99.090366715,3,4,False,False
09,005,Gustavo A. Madero,0001,3407,8413,223.0,278.0,923.0,515.0,380.0,50.0,50.0,1630.0,2891.0,1254.0,501.0,0900500013407,19.47925542,-99.09595784,1,4,False,False
09,005,Gustavo A. Madero,0001,3411,5806,278.0,309.0,452.0,267.0,413.0,63.0,139.0,2057.0,1519.0,565.0,587.0,0900500013411,19.542720775,-99.129685925,1,0,False,False
09,005,Gustavo A. Madero,0001,3426,2443,121.0,120.0,201.0,124.0,152.0,14.0,41.0,574.0,609.0,191.0,241.0,0900500013426,19.53805576,-99.13590003499999,1,0,False,False
09,005,Gustavo A. Madero,0001,3430,4345,220.0,266.0,387.0,245.0,269.0,31.0,114.0,1171.0,1189.0,377.0,486.0,0900500013430,19.575848645,-99.130506395,0,0,True,False
09,005,Gustavo A. Madero,0001,3445,4319,245.0,232.0,325.0,202.0,221.0,25.0,110.0,1392.0,1107.0,335.0,477.0,0900500013445,19.571723755,-99.129850175,0,0,True,False
09,006,Iztacalco,0001,001A,6014,237.0,252.0,674.0,447.0,240.0,40.0,61.0,1484.0,1888.0,666.0,489.0,090060001001A,19.41596699,-99.06885157,4,3,False,False
09,006,Iztacalco,0001,0024,5155,183.0,173.0,654.0,429.0,332.0,67.0,56.0,1314.0,1606.0,724.0,356.0,0900600010024,19.41889148,-99.06383523,3,3,False,False
09,006,Iztacalco,0001,0039,4548,166.0,157.0,683.0,466.0,240.0,48.0,38.0,1410.0,1221.0,443.0,323.0,0900600010039,19.41718157,-99.05830879,1,0,False,False
09,006,Iztacalco,0001,0043,5255,169.0,229.0,665.0,417.0,198.0,43.0,56.0,1145.0,1533.0,557.0,398.0,0900600010043,19.416300715,-99.06218892,2,3,False,False
09,006,Iztacalco,0001,0058,3919,133.0,146.0,786.0,517.0,230.0,49.0,37.0,989.0,1208.0,516.0,279.0,0900600010058,19.41407661,-99.07127987,5,3,False,False
09,006,Iztacalco,0001,0077,4527,114.0,164.0,713.0,477.0,236.0,43.0,55.0,1298.0,1348.0,548.0,278.0,0900600010077,19.410167745000003,-99.06364117999999,2,3,False,False
09,006,Iztacalco,0001,0081,7404,251.0,268.0,1014.0,670.0,397.0,55.0,65.0,1655.0,2215.0,842.0,519.0,0900600010081,19.41131142,-99.06256779,3,3,False,False
09,006,Iztacalco,0001,0096,8297,296.0,323.0,972.0,647.0,379.0,52.0,118.0,2051.0,2635.0,1090.0,619.0,0900600010096,19.40970967,-99.06031005,2,1,False,False
09,006,Iztacalco,0001,0109,6369,206.0,261.0,917.0,627.0,351.0,63.0,85.0,1617.0,1961.0,693.0,467.0,0900600010109,19.40586728,-99.05808323,2,0,False,True
09,006,Iztacalco,0001,0128,5499,177.0,202.0,869.0,601.0,321.0,49.0,41.0,1453.0,1625.0,657.0,379.0,0900600010128,19.40281217,-99.06388152,5,0,False,True
09,006,Iztacalco,0001,0132,4303,117.0,134.0,754.0,496.0,177.0,31.0,27.0,1033.0,1341.0,533.0,251.0,0900600010132,19.40098774,-99.10322486,4,0,False,False
09,006,Iztacalco,0001,0147,0,0.0,0.0,0.0,0.0,0.0,0.0,0.0,0.0,0.0,0.0,0.0,0900600010147,19.40679708,-99.101246545,1,2,False,False
09,006,Iztacalco,0001,0151,0,0.0,0.0,0.0,0.0,0.0,0.0,0.0,0.0,0.0,0.0,0.0,0900600010151,19.40724878,-99.0913498,1,1,False,False
09,006,Iztacalco,0001,0166,2473,75.0,73.0,373.0,251.0,196.0,25.0,14.0,804.0,761.0,262.0,148.0,0900600010166,19.40527507,-99.08058909,1,0,False,False
09,006,Iztacalco,0001,0170,2014,70.0,66.0,348.0,251.0,117.0,32.0,15.0,632.0,570.0,228.0,136.0,0900600010170,19.40138665,-99.07934437,1,0,False,False
09,006,Iztacalco,0001,0185,10395,373.0,420.0,1002.0,670.0,413.0,67.0,83.0,2543.0,3446.0,1392.0,793.0,0900600010185,19.40344425,-99.07590292500001,2,0,False,True
09,006,Iztacalco,0001,019A,2185,54.0,61.0,424.0,274.0,168.0,31.0,17.0,636.0,663.0,270.0,115.0,090060001019A,19.402525,-99.070836915,3,0,False,False
09,006,Iztacalco,0001,0202,5819,171.0,193.0,1052.0,705.0,340.0,44.0,59.0,1590.0,1691.0,642.0,364.0,0900600010202,19.398651100000002,-99.064521405,5,0,False,True
09,006,Iztacalco,0001,0217,7652,175.0,270.0,1231.0,806.0,500.0,62.0,60.0,1885.0,2303.0,968.0,445.0,0900600010217,19.3943726,-99.06036418,5,0,False,True
09,006,Iztacalco,0001,0221,6103,120.0,145.0,1348.0,931.0,279.0,42.0,29.0,1905.0,2079.0,914.0,265.0,0900600010221,19.400995385,-99.13430159999999,3,1,False,False
09,006,Iztacalco,0001,0236,4221,68.0,102.0,1019.0,720.0,263.0,57.0,11.0,1228.0,1455.0,649.0,170.0,0900600010236,19.40127245,-99.12689404,4,1,False,False
09,006,Iztacalco,0001,0240,2790,85.0,79.0,523.0,361.0,133.0,27.0,11.0,731.0,987.0,419.0,164.0,0900600010240,19.3985284,-99.12918499,3,1,False,False
09,006,Iztacalco,0001,0255,7139,204.0,269.0,1049.0,678.0,439.0,73.0,61.0,1749.0,2132.0,867.0,473.0,0900600010255,19.40182505,-99.12278029,5,1,False,False
09,006,Iztacalco,0001,026A,3997,132.0,143.0,623.0,420.0,217.0,32.0,30.0,1072.0,1218.0,550.0,275.0,090060001026A,19.399091140000003,-99.11970098500001,2,0,False,False
09,006,Iztacalco,0001,0274,4869,170.0,187.0,811.0,556.0,161.0,29.0,42.0,1279.0,1504.0,550.0,357.0,0900600010274,19.40214705,-99.11769076,3,1,False,False
09,006,Iztacalco,0001,0289,1038,14.0,28.0,304.0,239.0,40.0,9.0,6.0,224.0,409.0,184.0,42.0,0900600010289,19.399627155,-99.114684495,3,0,False,False
09,006,Iztacalco,0001,0293,5556,209.0,194.0,863.0,599.0,206.0,40.0,54.0,1423.0,1662.0,671.0,403.0,0900600010293,19.401335305,-99.110498425,4,0,False,True
09,006,Iztacalco,0001,0310,9912,327.0,375.0,1388.0,907.0,457.0,69.0,52.0,2552.0,3104.0,1200.0,702.0,0900600010310,19.39545024,-99.079383,2,0,False,True
09,006,Iztacalco,0001,0325,4283,117.0,133.0,894.0,593.0,358.0,62.0,21.0,1411.0,1283.0,593.0,250.0,0900600010325,19.39503126,-99.07489078,4,0,False,True
09,006,Iztacalco,0001,033A,4787,113.0,152.0,929.0,660.0,354.0,48.0,36.0,1351.0,1440.0,669.0,265.0,090060001033A,19.39923797,-99.06974475,5,0,False,True
09,006,Iztacalco,0001,0344,3910,94.0,137.0,744.0,509.0,701.0,53.0,43.0,1297.0,1211.0,442.0,231.0,0900600010344,19.39456019,-99.07165506,6,0,False,False
09,006,Iztacalco,0001,0359,6468,171.0,221.0,1286.0,901.0,390.0,54.0,48.0,1866.0,1859.0,737.0,392.0,0900600010359,19.39365827,-99.06731145,7,0,False,True
09,006,Iztacalco,0001,0363,5344,154.0,174.0,976.0,680.0,297.0,60.0,40.0,1481.0,1501.0,583.0,328.0,0900600010363,19.39341385,-99.06259592,5,0,False,True
09,006,Iztacalco,0001,0378,2360,64.0,80.0,427.0,303.0,138.0,20.0,13.0,647.0,714.0,292.0,144.0,0900600010378,19.39383733,-99.13099253,4,1,False,False
09,006,Iztacalco,0001,0382,2840,82.0,71.0,554.0,383.0,156.0,37.0,18.0,882.0,935.0,370.0,153.0,0900600010382,19.394191185,-99.128207285,4,1,False,False
09,006,Iztacalco,0001,0397,7901,246.0,263.0,1189.0,783.0,566.0,127.0,52.0,2304.0,2257.0,889.0,509.0,0900600010397,19.393878895,-99.124310605,2,0,False,True
09,006,Iztacalco,0001,0414,3190,99.0,116.0,491.0,321.0,154.0,27.0,25.0,710.0,893.0,353.0,215.0,0900600010414,19.395777945,-99.11173085,6,0,False,False
09,006,Iztacalco,0001,0429,2593,77.0,83.0,533.0,366.0,136.0,26.0,11.0,556.0,732.0,271.0,160.0,0900600010429,19.39550714,-99.1088719,4,0,False,False
09,006,Iztacalco,0001,0433,2737,81.0,86.0,543.0,362.0,184.0,21.0,22.0,708.0,750.0,363.0,167.0,0900600010433,19.39507691,-99.10643408,3,0,False,False
09,006,Iztacalco,0001,0448,2579,82.0,77.0,515.0,351.0,203.0,31.0,15.0,734.0,684.0,280.0,159.0,0900600010448,19.39515585,-99.10395087,5,0,False,False
09,006,Iztacalco,0001,0452,1986,63.0,45.0,396.0,258.0,94.0,21.0,10.0,648.0,571.0,242.0,108.0,0900600010452,19.39568334,-99.10215996,6,0,False,False
09,006,Iztacalco,0001,0467,20,,0.0,,0.0,,0.0,0.0,,4.0,,,0900600010467,19.39637412,-99.09687185,5,0,False,False
09,006,Iztacalco,0001,0471,3513,76.0,110.0,676.0,476.0,250.0,31.0,22.0,931.0,888.0,361.0,186.0,0900600010471,19.39474505,-99.094349815,5,0,False,False
09,006,Iztacalco,0001,0486,1631,40.0,50.0,299.0,191.0,102.0,41.0,12.0,579.0,446.0,181.0,90.0,0900600010486,19.39195032,-99.08905938,5,0,False,False
09,006,Iztacalco,0001,0490,3843,89.0,110.0,731.0,499.0,298.0,43.0,25.0,1237.0,1006.0,395.0,199.0,0900600010490,19.39318733,-99.08563999,4,0,False,False
09,006,Iztacalco,0001,0503,4722,118.0,145.0,884.0,602.0,357.0,57.0,42.0,1262.0,1360.0,598.0,263.0,0900600010503,19.3919213,-99.08457901,3,0,False,True
09,006,Iztacalco,0001,0518,5337,154.0,193.0,1023.0,676.0,284.0,63.0,37.0,1594.0,1645.0,721.0,347.0,0900600010518,19.390754665,-99.07542878,5,0,False,True
09,006,Iztacalco,0001,0522,3376,95.0,103.0,667.0,459.0,192.0,31.0,18.0,1037.0,983.0,472.0,198.0,0900600010522,19.38831156,-99.07238733,5,0,False,False
09,006,Iztacalco,0001,0537,4131,113.0,126.0,850.0,613.0,355.0,49.0,24.0,1254.0,1180.0,528.0,239.0,0900600010537,19.38777004,-99.070229035,4,0,False,True
09,006,Iztacalco,0001,0541,3564,92.0,119.0,717.0,478.0,297.0,49.0,33.0,1251.0,1028.0,408.0,211.0,0900600010541,19.388036465,-99.06693228,5,0,False,False
09,006,Iztacalco,0001,0556,4808,137.0,163.0,857.0,597.0,304.0,65.0,32.0,1430.0,1288.0,484.0,300.0,0900600010556,19.38767801,-99.06436535,5,0,False,True
09,006,Iztacalco,0001,0575,6876,211.0,258.0,1125.0,761.0,441.0,53.0,67.0,2248.0,1915.0,774.0,469.0,0900600010575,19.39367817,-99.1170748,5,0,False,True
09,006,Iztacalco,0001,058A,4801,134.0,185.0,782.0,550.0,244.0,55.0,36.0,1582.0,1254.0,488.0,319.0,090060001058A,19.39011885,-99.11511186,3,0,False,False
09,006,Iztacalco,0001,0594,2900,68.0,90.0,491.0,348.0,88.0,17.0,27.0,801.0,749.0,276.0,158.0,0900600010594,19.38977567,-99.111977535,3,0,False,False
09,006,Iztacalco,0001,0607,7114,225.0,245.0,1202.0,809.0,489.0,59.0,54.0,2089.0,1999.0,785.0,470.0,0900600010607,19.392072675,-99.11037722,4,0,False,True
09,006,Iztacalco,0001,0611,5465,143.0,190.0,1072.0,735.0,287.0,55.0,48.0,1677.0,1513.0,577.0,333.0,0900600010611,19.39364061,-99.10572743,3,0,False,True
09,006,Iztacalco,0001,0626,1985,64.0,65.0,351.0,263.0,138.0,47.0,25.0,704.0,497.0,241.0,129.0,0900600010626,19.38851951,-99.10628578,7,1,False,False
09,006,Iztacalco,0001,0630,2680,63.0,78.0,518.0,351.0,166.0,16.0,14.0,861.0,723.0,315.0,141.0,0900600010630,19.39330135,-99.10172285499999,8,0,False,False
09,006,Iztacalco,0001,0645,2127,66.0,67.0,393.0,251.0,96.0,16.0,10.0,586.0,562.0,236.0,133.0,0900600010645,19.38921453,-99.10250987,6,1,False,False
09,006,Iztacalco,0001,065A,2015,52.0,74.0,406.0,276.0,157.0,19.0,9.0,680.0,519.0,203.0,126.0,090060001065A,19.39021726,-99.10109902,7,1,False,False
09,006,Iztacalco,0001,0664,3851,82.0,87.0,839.0,644.0,227.0,29.0,16.0,784.0,1090.0,445.0,169.0,0900600010664,19.388680075,-99.10368263999999,5,1,False,False
09,006,Iztacalco,0001,0679,2575,88.0,91.0,454.0,311.0,146.0,33.0,21.0,756.0,707.0,308.0,179.0,0900600010679,19.39219953,-99.09828826,6,0,False,False
09,006,Iztacalco,0001,0683,4346,135.0,176.0,657.0,451.0,253.0,53.0,55.0,951.0,1191.0,479.0,311.0,0900600010683,19.388715795,-99.098723065,6,1,False,False
09,006,Iztacalco,0001,0698,3033,98.0,129.0,511.0,357.0,218.0,36.0,27.0,883.0,810.0,348.0,227.0,0900600010698,19.39163197,-99.09639563,6,0,False,False
09,006,Iztacalco,0001,0700,3686,109.0,130.0,588.0,425.0,288.0,55.0,36.0,984.0,932.0,379.0,239.0,0900600010700,19.38771256,-99.09620036,6,1,False,False
09,006,Iztacalco,0001,0715,2275,70.0,104.0,411.0,268.0,177.0,28.0,19.0,604.0,607.0,253.0,174.0,0900600010715,19.39105152,-99.09451512,6,0,False,False
09,006,Iztacalco,0001,072A,2520,76.0,72.0,454.0,305.0,104.0,32.0,14.0,648.0,618.0,316.0,148.0,090060001072A,19.3916207,-99.09315458,6,0,False,False
09,006,Iztacalco,0001,0734,2950,109.0,102.0,496.0,341.0,170.0,30.0,18.0,794.0,798.0,416.0,211.0,0900600010734,19.38952369,-99.09160727,6,0,False,False
09,006,Iztacalco,0001,0749,2692,44.0,59.0,768.0,558.0,156.0,26.0,4.0,690.0,894.0,383.0,103.0,0900600010749,19.388208815,-99.13190757500001,3,3,False,False
09,006,Iztacalco,0001,0753,2113,47.0,42.0,544.0,388.0,217.0,38.0,19.0,545.0,626.0,245.0,89.0,0900600010753,19.38903266,-99.12784803,3,3,False,False
09,006,Iztacalco,0001,0768,2016,58.0,68.0,379.0,264.0,267.0,30.0,13.0,547.0,566.0,217.0,126.0,0900600010768,19.38855299,-99.12625963,3,3,False,False
09,006,Iztacalco,0001,0772,1971,38.0,45.0,457.0,325.0,150.0,24.0,6.0,468.0,649.0,281.0,83.0,0900600010772,19.38708187,-99.12243330000001,4,2,False,False
09,006,Iztacalco,0001,0787,4868,125.0,160.0,961.0,676.0,403.0,76.0,36.0,1587.0,1244.0,546.0,285.0,0900600010787,19.38959057,-99.12139831,3,0,False,True
09,006,Iztacalco,0001,0791,1795,53.0,57.0,287.0,195.0,87.0,13.0,16.0,525.0,488.0,204.0,110.0,0900600010791,19.38819995,-99.11703975,2,0,False,False
09,006,Iztacalco,0001,0804,4824,153.0,176.0,730.0,519.0,278.0,42.0,38.0,1520.0,881.0,423.0,329.0,0900600010804,19.38386663,-99.11559901,4,0,False,False
09,006,Iztacalco,0001,0823,3361,67.0,62.0,813.0,664.0,234.0,33.0,11.0,716.0,955.0,370.0,129.0,0900600010823,19.38654367,-99.10962373,5,2,False,False
09,006,Iztacalco,0001,0838,2924,42.0,65.0,716.0,583.0,263.0,50.0,12.0,634.0,849.0,380.0,107.0,0900600010838,19.385823345,-99.10588969,5,2,False,False
09,006,Iztacalco,0001,0842,2068,50.0,47.0,479.0,374.0,132.0,36.0,5.0,483.0,619.0,282.0,97.0,0900600010842,19.38432575,-99.10100897,3,2,False,False
09,006,Iztacalco,0001,0876,1859,38.0,34.0,545.0,400.0,106.0,28.0,8.0,443.0,595.0,250.0,72.0,0900600010876,19.384298875,-99.13326844,4,4,False,False
09,006,Iztacalco,0001,0880,1783,31.0,39.0,530.0,376.0,142.0,35.0,5.0,417.0,581.0,222.0,70.0,0900600010880,19.38302964,-99.1309007,4,4,False,False
09,006,Iztacalco,0001,0895,2428,47.0,47.0,717.0,538.0,159.0,46.0,5.0,561.0,746.0,306.0,94.0,0900600010895,19.38330604,-99.12482717,3,2,False,False
09,006,Iztacalco,0001,0908,1288,27.0,35.0,276.0,199.0,76.0,6.0,4.0,257.0,417.0,186.0,62.0,0900600010908,19.38491151,-99.12393503,4,2,False,False
09,006,Iztacalco,0001,0927,2727,60.0,67.0,625.0,495.0,195.0,22.0,10.0,627.0,790.0,338.0,127.0,0900600010927,19.382653275,-99.10898732,3,2,False,False
09,006,Iztacalco,0001,0931,2852,47.0,71.0,654.0,522.0,217.0,23.0,14.0,750.0,904.0,365.0,118.0,0900600010931,19.38280563,-99.10672578,4,2,False,False
09,006,Iztacalco,0001,0946,2334,50.0,68.0,574.0,456.0,176.0,21.0,8.0,524.0,732.0,315.0,118.0,0900600010946,19.38271748,-99.10131383000001,3,2,False,False
09,006,Iztacalco,0001,0950,2296,27.0,40.0,736.0,546.0,86.0,29.0,10.0,490.0,782.0,359.0,67.0,0900600010950,19.37875554,-99.134324975,2,3,False,False
09,006,Iztacalco,0001,0965,1629,25.0,24.0,471.0,332.0,84.0,20.0,5.0,362.0,551.0,230.0,49.0,0900600010965,19.378838375,-99.12856636999999,2,3,False,False
09,006,Iztacalco,0001,097A,1528,29.0,22.0,461.0,337.0,115.0,20.0,3.0,329.0,491.0,228.0,51.0,090060001097A,19.378159995,-99.12669949,2,3,False,False
09,006,Iztacalco,0001,0984,1628,22.0,35.0,481.0,344.0,120.0,30.0,4.0,353.0,560.0,236.0,57.0,0900600010984,19.377120599999998,-99.12277223999999,2,3,False,False
09,006,Iztacalco,0001,0999,928,14.0,18.0,214.0,157.0,77.0,16.0,0.0,270.0,265.0,102.0,32.0,0900600010999,19.38962937,-99.06214168,6,0,False,False
09,006,Iztacalco,0001,1003,2550,60.0,65.0,541.0,370.0,234.0,46.0,10.0,706.0,741.0,239.0,125.0,0900600011003,19.38608273,-99.06231753,4,0,False,False
09,006,Iztacalco,0001,1018,2119,43.0,57.0,380.0,285.0,124.0,11.0,11.0,526.0,572.0,254.0,100.0,0900600011018,19.38844602,-99.091128535,6,0,False,False
09,006,Iztacalco,0001,1022,2024,52.0,58.0,416.0,277.0,116.0,27.0,6.0,533.0,541.0,220.0,110.0,0900600011022,19.38365099,-99.06337469,1,1,False,False
09,006,Iztacalco,0001,1037,2212,53.0,80.0,402.0,305.0,113.0,31.0,31.0,509.0,444.0,148.0,133.0,0900600011037,19.386276105,-99.09577834000001,5,1,False,False
09,006,Iztacalco,0001,1041,4529,128.0,181.0,711.0,501.0,228.0,39.0,36.0,1351.0,968.0,459.0,309.0,0900600011041,19.38679433,-99.11327791,5,0,False,False
09,006,Iztacalco,0001,1056,4258,121.0,170.0,581.0,373.0,280.0,40.0,44.0,1234.0,1062.0,454.0,291.0,0900600011056,19.3823167,-99.11896547,2,2,False,False
09,006,Iztacalco,0001,1060,3704,144.0,145.0,559.0,383.0,255.0,30.0,41.0,1042.0,906.0,359.0,289.0,0900600011060,19.38381621,-99.11824022,2,0,False,False
09,006,Iztacalco,0001,1075,2887,74.0,86.0,518.0,381.0,120.0,22.0,18.0,1064.0,575.0,251.0,160.0,0900600011075,19.38340542,-99.11290395,4,1,False,False
09,006,Iztacalco,0001,108A,4564,135.0,176.0,637.0,471.0,245.0,45.0,52.0,1559.0,1026.0,392.0,311.0,090060001108A,19.382742020000002,-99.09575602999999,2,1,False,False
09,006,Iztacalco,0001,1094,4236,120.0,113.0,679.0,451.0,213.0,24.0,13.0,920.0,1430.0,593.0,233.0,0900600011094,19.398809565,-99.09550764,5,0,False,False
09,006,Iztacalco,0001,1107,4414,128.0,155.0,645.0,424.0,208.0,35.0,36.0,1314.0,1342.0,571.0,283.0,0900600011107,19.39799471,-99.092542635,4,0,False,False
09,006,Iztacalco,0001,1111,1413,31.0,41.0,335.0,246.0,59.0,10.0,8.0,269.0,494.0,233.0,72.0,0900600011111,19.395807935,-99.12075953499999,3,0,False,False
09,006,Iztacalco,0001,1126,5768,170.0,195.0,834.0,542.0,498.0,71.0,47.0,1483.0,1757.0,682.0,365.0,0900600011126,19.39630591,-99.11687969,3,0,False,True
09,006,Iztacalco,0001,1130,3560,120.0,128.0,501.0,333.0,226.0,27.0,34.0,1028.0,775.0,294.0,248.0,0900600011130,19.385020519999998,-99.09737851,3,1,False,False
09,006,Iztacalco,0001,115A,2063,67.0,73.0,298.0,208.0,131.0,11.0,16.0,631.0,540.0,198.0,140.0,090060001115A,19.38078432,-99.097615015,1,2,False,False
09,006,Iztacalco,0001,1164,915,31.0,36.0,132.0,81.0,66.0,8.0,5.0,260.0,214.0,84.0,67.0,0900600011164,19.38210401,-99.09969167,3,2,False,False
09,006,Iztacalco,0001,1179,8203,275.0,319.0,848.0,532.0,337.0,58.0,100.0,1985.0,2650.0,1077.0,594.0,0900600011179,19.41060395,-99.06625711000001,3,3,False,False
09,006,Iztacalco,0001,1183,2241,53.0,104.0,343.0,237.0,84.0,14.0,35.0,489.0,676.0,356.0,157.0,0900600011183,19.40658349,-99.06582594,2,2,False,False
09,006,Iztacalco,0001,1198,2099,67.0,81.0,418.0,269.0,50.0,4.0,32.0,507.0,685.0,295.0,148.0,0900600011198,19.40768928,-99.07253473,3,3,False,False
09,006,Iztacalco,0001,1200,4449,113.0,165.0,720.0,488.0,230.0,43.0,47.0,1102.0,1430.0,594.0,278.0,0900600011200,19.409858415000002,-99.06990162,4,3,False,False
09,007,Iztapalapa,0001,0017,5868,207.0,211.0,789.0,546.0,315.0,35.0,68.0,2196.0,1649.0,690.0,418.0,0900700010017,19.39802437,-99.05446616,1,0,False,False
09,007,Iztapalapa,0001,0021,7518,217.0,252.0,1212.0,769.0,484.0,87.0,78.0,2453.0,2288.0,870.0,469.0,0900700010021,19.39319549,-99.0566596,4,0,False,True
09,007,Iztapalapa,0001,0036,10273,278.0,321.0,1531.0,1043.0,642.0,107.0,91.0,3022.0,3130.0,1195.0,599.0,0900700010036,19.38846088,-99.05227018,3,1,False,False
09,007,Iztapalapa,0001,0040,3860,88.0,117.0,777.0,533.0,297.0,39.0,41.0,1275.0,1080.0,455.0,205.0,0900700010040,19.39388566,-99.04633461,4,0,False,False
09,007,Iztapalapa,0001,0055,3701,57.0,83.0,1007.0,734.0,243.0,37.0,6.0,986.0,1196.0,563.0,140.0,0900700010055,19.3894121,-99.08314086,2,0,False,True
09,007,Iztapalapa,0001,006A,2957,55.0,115.0,509.0,385.0,149.0,34.0,38.0,953.0,771.0,322.0,170.0,090070001006A,19.387110395,-99.05815497,4,1,False,False
09,007,Iztapalapa,0001,0074,2480,86.0,91.0,444.0,317.0,295.0,16.0,43.0,832.0,657.0,250.0,177.0,0900700010074,19.39122586,-99.04732867,4,1,False,False
09,007,Iztapalapa,0001,0089,2144,46.0,53.0,435.0,288.0,132.0,28.0,15.0,545.0,656.0,278.0,99.0,0900700010089,19.39224457,-99.04349758,3,1,False,False
09,007,Iztapalapa,0001,0093,1677,29.0,45.0,470.0,355.0,86.0,12.0,12.0,454.0,508.0,176.0,74.0,0900700010093,19.38793064,-99.08728037,4,0,False,False
09,007,Iztapalapa,0001,0106,1524,24.0,33.0,377.0,283.0,50.0,10.0,5.0,490.0,473.0,202.0,57.0,0900700010106,19.389209765,-99.08619033,4,0,False,False
09,007,Iztapalapa,0001,0110,1932,36.0,40.0,579.0,434.0,102.0,14.0,8.0,482.0,677.0,282.0,76.0,0900700010110,19.38735868,-99.08235269,2,0,False,False
09,007,Iztapalapa,0001,013A,2880,78.0,92.0,490.0,358.0,160.0,25.0,26.0,1043.0,820.0,392.0,170.0,090070001013A,19.38614696,-99.05634825,3,1,False,False
09,007,Iztapalapa,0001,0144,1855,50.0,66.0,379.0,293.0,133.0,24.0,22.0,590.0,516.0,250.0,116.0,0900700010144,19.38733499,-99.04964549,4,2,False,False
09,007,Iztapalapa,0001,0178,2948,64.0,82.0,584.0,457.0,160.0,37.0,21.0,953.0,890.0,367.0,146.0,0900700010178,19.387721535,-99.03584499,1,1,False,False
09,007,Iztapalapa,0001,0182,2946,45.0,76.0,692.0,507.0,154.0,19.0,13.0,784.0,921.0,377.0,121.0,0900700010182,19.384538645,-99.08966524,4,0,False,False
09,007,Iztapalapa,0001,0197,2762,45.0,53.0,707.0,506.0,203.0,31.0,5.0,823.0,890.0,356.0,98.0,0900700010197,19.38384268,-99.085026505,2,0,False,False
09,007,Iztapalapa,0001,0214,6202,188.0,244.0,822.0,538.0,385.0,88.0,83.0,2274.0,1622.0,641.0,432.0,0900700010214,19.37946355,-99.06367761499999,0,1,True,False
09,007,Iztapalapa,0001,0229,0,0.0,0.0,0.0,0.0,0.0,0.0,0.0,0.0,0.0,0.0,0.0,0900700010229,19.38457546,-99.060445855,2,2,False,False
09,007,Iztapalapa,0001,0233,1933,48.0,56.0,356.0,268.0,87.0,13.0,17.0,625.0,528.0,226.0,104.0,0900700010233,19.38125719,-99.0537156,3,2,False,False
09,007,Iztapalapa,0001,0248,1549,25.0,48.0,330.0,243.0,66.0,17.0,22.0,510.0,425.0,156.0,73.0,0900700010248,19.38248945,-99.05154643,4,2,False,False
09,007,Iztapalapa,0001,0252,3188,89.0,100.0,575.0,385.0,215.0,39.0,37.0,1051.0,829.0,369.0,189.0,0900700010252,19.38472435,-99.05048569,4,2,False,False
09,007,Iztapalapa,0001,0271,4150,94.0,121.0,738.0,507.0,215.0,48.0,37.0,1663.0,1198.0,520.0,215.0,0900700010271,19.38423747,-99.02712536499999,1,0,False,False
09,007,Iztapalapa,0001,0286,2480,66.0,79.0,515.0,407.0,179.0,38.0,30.0,695.0,664.0,289.0,145.0,0900700010286,19.38353972,-99.03541233,2,1,False,False
09,007,Iztapalapa,0001,0290,1588,29.0,40.0,319.0,247.0,101.0,15.0,12.0,439.0,436.0,164.0,69.0,0900700010290,19.3811004,-99.03496962,3,2,False,False
09,007,Iztapalapa,0001,0303,1103,19.0,38.0,223.0,178.0,57.0,11.0,15.0,362.0,299.0,141.0,57.0,0900700010303,19.38135703,-99.03636741,2,2,False,False
09,007,Iztapalapa,0001,0318,3528,69.0,102.0,654.0,449.0,135.0,18.0,26.0,1271.0,927.0,335.0,171.0,0900700010318,19.383230245,-99.02407296999999,1,0,False,False
09,007,Iztapalapa,0001,0322,4540,92.0,135.0,885.0,588.0,197.0,42.0,33.0,1080.0,1332.0,475.0,227.0,0900700010322,19.38001188,-99.12018107,2,3,False,False
09,007,Iztapalapa,0001,0337,5329,138.0,206.0,884.0,582.0,130.0,30.0,74.0,1658.0,1559.0,607.0,344.0,0900700010337,19.3796148,-99.11700175,2,1,False,False
09,007,Iztapalapa,0001,0356,5122,157.0,164.0,815.0,548.0,332.0,93.0,31.0,1743.0,1458.0,640.0,321.0,0900700010356,19.37800549,-99.11107763,2,4,False,False
09,007,Iztapalapa,0001,0360,5255,152.0,173.0,758.0,482.0,255.0,28.0,37.0,1545.0,1491.0,598.0,325.0,0900700010360,19.375701865,-99.1110333,2,3,False,False
09,007,Iztapalapa,0001,0375,6884,168.0,230.0,1141.0,812.0,388.0,70.0,72.0,2454.0,1571.0,627.0,398.0,0900700010375,19.378644575,-99.104513775,2,2,False,False
09,007,Iztapalapa,0001,038A,5123,164.0,179.0,835.0,590.0,261.0,52.0,54.0,1537.0,1344.0,453.0,343.0,090070001038A,19.37471945,-99.10352790499999,2,3,False,False
09,007,Iztapalapa,0001,0407,6972,267.0,273.0,872.0,572.0,372.0,68.0,88.0,2847.0,1780.0,565.0,540.0,0900700010407,19.3781391,-99.07566896,0,0,True,True
09,007,Iztapalapa,0001,0411,4975,169.0,232.0,654.0,414.0,341.0,60.0,90.0,2029.0,1295.0,447.0,401.0,0900700010411,19.377677765,-99.07084395000001,0,1,True,False
09,007,Iztapalapa,0001,0426,8211,287.0,306.0,1218.0,826.0,563.0,89.0,95.0,2822.0,2134.0,752.0,593.0,0900700010426,19.37378384,-99.06856333,0,1,True,False
09,007,Iztapalapa,0001,0445,3848,124.0,142.0,641.0,465.0,241.0,38.0,41.0,1479.0,1073.0,460.0,266.0,0900700010445,19.37736653,-99.03500454,2,1,False,False
09,007,Iztapalapa,0001,0464,4863,130.0,199.0,661.0,463.0,188.0,21.0,89.0,2010.0,1381.0,502.0,329.0,0900700010464,19.37397504,-99.02478399,1,1,False,False
09,007,Iztapalapa,0001,0479,4554,148.0,189.0,674.0,478.0,293.0,55.0,67.0,1707.0,1263.0,406.0,337.0,0900700010479,19.380217934999997,-99.019288165,1,0,False,False
09,007,Iztapalapa,0001,0483,6782,127.0,167.0,1405.0,972.0,238.0,50.0,52.0,1815.0,2270.0,1053.0,294.0,0900700010483,19.372974225,-99.13073346,2,2,False,False
09,007,Iztapalapa,0001,0498,5441,127.0,152.0,1035.0,698.0,149.0,43.0,41.0,1595.0,1676.0,817.0,279.0,0900700010498,19.37094668,-99.13525499,2,2,False,False
09,007,Iztapalapa,0001,0500,6227,143.0,164.0,1311.0,900.0,254.0,55.0,42.0,1663.0,2020.0,857.0,307.0,0900700010500,19.372433954999998,-99.12819164999999,2,2,False,False
09,007,Iztapalapa,0001,0515,7149,152.0,187.0,1494.0,1033.0,228.0,58.0,66.0,1570.0,2328.0,1036.0,339.0,0900700010515,19.371432425000002,-99.12476802,2,3,False,False
09,007,Iztapalapa,0001,0534,4645,98.0,123.0,976.0,674.0,285.0,43.0,21.0,1327.0,1372.0,613.0,221.0,0900700010534,19.371455785000002,-99.111258605,2,3,False,False
09,007,Iztapalapa,0001,0553,5795,204.0,229.0,878.0,567.0,259.0,63.0,81.0,2166.0,1573.0,530.0,433.0,0900700010553,19.37065543,-99.07552746,0,0,True,True
09,007,Iztapalapa,0001,0568,5839,160.0,192.0,1106.0,818.0,392.0,79.0,62.0,1800.0,1698.0,743.0,352.0,0900700010568,19.36957626,-99.07173634,0,0,True,True
09,007,Iztapalapa,0001,0572,5325,166.0,185.0,774.0,526.0,355.0,48.0,54.0,1767.0,1445.0,431.0,351.0,0900700010572,19.36657893,-99.06875871,0,0,True,False
09,007,Iztapalapa,0001,0587,2637,88.0,100.0,423.0,293.0,185.0,27.0,30.0,822.0,763.0,360.0,188.0,0900700010587,19.370764790000003,-99.033278395,3,1,False,False
09,007,Iztapalapa,0001,0591,3807,101.0,123.0,742.0,546.0,95.0,11.0,38.0,1297.0,1120.0,452.0,224.0,0900700010591,19.36924947,-99.03139068,4,1,False,False
09,007,Iztapalapa,0001,0604,3653,119.0,143.0,605.0,447.0,162.0,24.0,39.0,1108.0,935.0,420.0,262.0,0900700010604,19.37003991,-99.02740157,3,1,False,False
09,007,Iztapalapa,0001,0619,5610,179.0,219.0,776.0,501.0,432.0,67.0,70.0,2191.0,1627.0,632.0,398.0,0900700010619,19.371354825,-99.020463695,1,1,False,False
09,007,Iztapalapa,0001,0623,5433,156.0,200.0,750.0,537.0,360.0,47.0,68.0,1782.0,1600.0,572.0,356.0,0900700010623,19.37765282,-99.01565858,0,0,True,False
09,007,Iztapalapa,0001,0638,4162,150.0,166.0,562.0,387.0,214.0,45.0,57.0,1649.0,1154.0,420.0,316.0,0900700010638,19.375047575,-99.01129414,0,0,False,False
09,007,Iztapalapa,0001,0642,2515,36.0,53.0,650.0,476.0,128.0,41.0,9.0,650.0,925.0,391.0,89.0,0900700010642,19.36363444,-99.13672246,4,3,False,False
09,007,Iztapalapa,0001,0657,1916,26.0,38.0,595.0,478.0,68.0,19.0,,466.0,604.0,196.0,64.0,0900700010657,19.36463537,-99.13013533,2,5,False,False
09,007,Iztapalapa,0001,0676,2699,46.0,76.0,638.0,470.0,160.0,28.0,20.0,680.0,883.0,406.0,122.0,0900700010676,19.368160165,-99.12014826999999,1,5,False,False
09,007,Iztapalapa,0001,0680,3125,63.0,84.0,748.0,537.0,203.0,34.0,21.0,931.0,934.0,399.0,147.0,0900700010680,19.36579923,-99.11795199,2,5,False,False
09,007,Iztapalapa,0001,0695,3633,63.0,103.0,821.0,588.0,226.0,44.0,20.0,907.0,1093.0,435.0,166.0,0900700010695,19.36554455,-99.1153696,2,6,False,False
09,007,Iztapalapa,0001,0708,4420,89.0,115.0,950.0,682.0,231.0,64.0,22.0,1257.0,1370.0,648.0,204.0,0900700010708,19.36510335,-99.11258329500001,2,5,False,False
09,007,Iztapalapa,0001,0727,2181,29.0,49.0,464.0,311.0,151.0,28.0,7.0,603.0,719.0,299.0,78.0,0900700010727,19.36298566,-99.10818997,1,3,False,False
09,007,Iztapalapa,0001,0731,11610,385.0,529.0,1397.0,893.0,582.0,80.0,205.0,4565.0,2942.0,1021.0,914.0,0900700010731,19.36434827,-99.10056716,1,0,False,True
09,007,Iztapalapa,0001,0746,7993,299.0,282.0,1177.0,795.0,605.0,127.0,101.0,2682.0,1978.0,745.0,581.0,0900700010746,19.36077491,-99.09321483,2,0,False,True
09,007,Iztapalapa,0001,0750,9308,350.0,433.0,1208.0,816.0,492.0,62.0,146.0,3343.0,2353.0,836.0,783.0,0900700010750,19.36418913,-99.08777411,2,0,False,True
09,007,Iztapalapa,0001,0765,3454,97.0,105.0,619.0,463.0,135.0,24.0,37.0,1289.0,925.0,406.0,202.0,0900700010765,19.367987215,-99.02617252,2,0,False,False
09,007,Iztapalapa,0001,077A,4047,146.0,154.0,624.0,439.0,128.0,20.0,57.0,1640.0,1012.0,413.0,300.0,090070001077A,19.36604842,-99.02474093,2,1,False,False
09,007,Iztapalapa,0001,0784,6393,193.0,205.0,981.0,695.0,565.0,97.0,74.0,2227.0,1672.0,685.0,398.0,0900700010784,19.36722304,-99.01485264499999,3,1,False,False
09,007,Iztapalapa,0001,0801,3649,51.0,81.0,934.0,648.0,121.0,27.0,14.0,868.0,1337.0,551.0,132.0,0900700010801,19.3604744,-99.13587349,4,4,False,False
09,007,Iztapalapa,0001,0816,1207,13.0,24.0,378.0,290.0,51.0,16.0,4.0,235.0,395.0,164.0,37.0,0900700010816,19.36247654,-99.12642644499999,2,6,False,False
09,007,Iztapalapa,0001,0820,1112,15.0,31.0,364.0,262.0,68.0,8.0,7.0,283.0,375.0,160.0,46.0,0900700010820,19.363313435000002,-99.12395802500001,3,5,False,False
09,007,Iztapalapa,0001,0835,6828,244.0,295.0,929.0,635.0,383.0,43.0,112.0,2822.0,1729.0,608.0,539.0,0900700010835,19.36291026,-99.02050259,2,1,False,False
09,007,Iztapalapa,0001,084A,7352,229.0,288.0,891.0,612.0,466.0,50.0,116.0,2248.0,2005.0,666.0,517.0,090070001084A,19.3608854,-99.01550671,3,1,False,False
09,007,Iztapalapa,0001,0854,3289,107.0,132.0,478.0,305.0,244.0,51.0,49.0,930.0,829.0,285.0,239.0,0900700010854,19.36391652,-99.00928873,1,1,False,False
09,007,Iztapalapa,0001,0888,4544,158.0,182.0,686.0,509.0,316.0,42.0,53.0,1634.0,1099.0,467.0,340.0,0900700010888,19.36797343,-98.99541459,1,0,False,False
09,007,Iztapalapa,0001,0892,2220,71.0,79.0,366.0,262.0,158.0,17.0,28.0,777.0,537.0,270.0,150.0,0900700010892,19.36613506,-98.99383356,1,0,False,False
09,007,Iztapalapa,0001,0905,2580,41.0,54.0,681.0,489.0,139.0,41.0,18.0,665.0,951.0,445.0,95.0,0900700010905,19.3587659,-99.13441628999999,2,5,False,False
09,007,Iztapalapa,0001,091A,1444,18.0,34.0,442.0,320.0,64.0,22.0,15.0,297.0,478.0,212.0,52.0,090070001091A,19.360758824999998,-99.126033095,2,5,False,False
09,007,Iztapalapa,0001,0924,3759,75.0,86.0,776.0,540.0,188.0,18.0,15.0,904.0,1298.0,578.0,161.0,0900700010924,19.35861913,-99.12518893000001,2,6,False,False
09,007,Iztapalapa,0001,0939,4294,88.0,106.0,1068.0,772.0,155.0,48.0,21.0,1055.0,1378.0,569.0,194.0,0900700010939,19.36131111,-99.1207562,2,5,False,False
09,007,Iztapalapa,0001,0943,3439,59.0,64.0,965.0,686.0,258.0,48.0,21.0,959.0,1042.0,460.0,123.0,0900700010943,19.3610818,-99.11588233,3,4,False,False
09,007,Iztapalapa,0001,0958,5599,101.0,129.0,1310.0,914.0,391.0,70.0,33.0,1659.0,1567.0,746.0,230.0,0900700010958,19.3611429,-99.11231631,1,4,False,False
09,007,Iztapalapa,0001,0962,8084,270.0,325.0,1103.0,695.0,456.0,66.0,132.0,2286.0,2125.0,796.0,595.0,0900700010962,19.35833338,-99.10414279,2,1,False,False
09,007,Iztapalapa,0001,0977,7001,213.0,241.0,1130.0,751.0,465.0,90.0,62.0,2162.0,1823.0,692.0,454.0,0900700010977,19.36071118,-99.09622167,2,0,False,True
09,007,Iztapalapa,0001,0981,6435,169.0,233.0,1057.0,689.0,309.0,69.0,63.0,2219.0,1646.0,619.0,402.0,0900700010981,19.35988931,-99.09033241,2,0,False,True
09,007,Iztapalapa,0001,1000,5229,142.0,193.0,668.0,463.0,152.0,18.0,55.0,1213.0,1557.0,523.0,335.0,0900700011000,19.35899881,-99.07080768,0,0,True,False
09,007,Iztapalapa,0001,1015,6358,169.0,189.0,1096.0,716.0,328.0,55.0,58.0,2123.0,1873.0,711.0,358.0,0900700011015,19.35716639,-99.06615787499999,0,1,True,False
09,007,Iztapalapa,0001,1034,6566,138.0,158.0,1321.0,991.0,314.0,72.0,46.0,1932.0,1858.0,812.0,296.0,0900700011034,19.35856722,-99.05983201,0,1,False,False
09,007,Iztapalapa,0001,1049,4690,107.0,144.0,888.0,664.0,332.0,47.0,59.0,1462.0,1271.0,535.0,251.0,0900700011049,19.359971035,-99.055468375,0,1,False,False
09,007,Iztapalapa,0001,1053,7253,134.0,193.0,1524.0,1198.0,341.0,53.0,55.0,2373.0,2057.0,908.0,327.0,0900700011053,19.35520984,-99.054142025,3,2,False,False
09,007,Iztapalapa,0001,1087,5902,181.0,271.0,685.0,391.0,144.0,16.0,102.0,2135.0,1528.0,627.0,452.0,0900700011087,19.36095939,-99.03854157,1,2,False,False
09,007,Iztapalapa,0001,1091,4232,145.0,176.0,521.0,320.0,158.0,35.0,63.0,1301.0,1301.0,675.0,321.0,0900700011091,19.359499425000003,-99.03172209499999,1,3,False,False
09,007,Iztapalapa,0001,1104,6367,194.0,309.0,783.0,525.0,227.0,72.0,117.0,2424.0,1683.0,685.0,503.0,0900700011104,19.35699454,-99.02505857,1,3,False,False
09,007,Iztapalapa,0001,1123,3739,17.0,22.0,202.0,98.0,59.0,11.0,4.0,168.0,121.0,37.0,39.0,0900700011123,19.3562913,-99.01114606,2,0,False,False
09,007,Iztapalapa,0001,1138,4768,165.0,194.0,503.0,335.0,261.0,41.0,78.0,1815.0,1277.0,451.0,359.0,0900700011138,19.359583525,-99.004891915,1,0,False,False
09,007,Iztapalapa,0001,1142,3200,82.0,108.0,581.0,441.0,212.0,39.0,50.0,727.0,812.0,393.0,190.0,0900700011142,19.362682715,-98.997493425,1,0,False,False
09,007,Iztapalapa,0001,1157,2662,80.0,93.0,446.0,333.0,132.0,24.0,28.0,794.0,705.0,322.0,173.0,0900700011157,19.36237818,-98.99577909,1,0,False,False
09,007,Iztapalapa,0001,1176,2180,36.0,36.0,545.0,379.0,112.0,22.0,4.0,570.0,770.0,338.0,72.0,0900700011176,19.35390592,-99.11935348,2,3,False,False
09,007,Iztapalapa,0001,1180,2051,39.0,50.0,523.0,375.0,221.0,35.0,9.0,543.0,651.0,268.0,89.0,0900700011180,19.35324317,-99.11342819,1,2,False,False
09,007,Iztapalapa,0001,1195,3664,65.0,72.0,930.0,684.0,182.0,37.0,12.0,1127.0,1172.0,449.0,137.0,0900700011195,19.351218154999998,-99.10912439,2,1,False,False
09,007,Iztapalapa,0001,1208,991,30.0,37.0,139.0,106.0,55.0,9.0,13.0,326.0,295.0,107.0,67.0,0900700011208,19.35424522,-99.10565866,2,1,False,False
09,007,Iztapalapa,0001,1227,5183,139.0,166.0,800.0,534.0,314.0,48.0,57.0,1513.0,1435.0,503.0,305.0,0900700011227,19.3555043,-99.09502109,1,0,False,False
09,007,Iztapalapa,0001,1246,4327,115.0,142.0,704.0,458.0,248.0,40.0,35.0,1303.0,1254.0,435.0,257.0,0900700011246,19.35243704,-99.07376848,0,1,False,False
09,007,Iztapalapa,0001,1250,3051,80.0,102.0,527.0,381.0,175.0,36.0,35.0,907.0,851.0,351.0,182.0,0900700011250,19.35306908,-99.07030793,0,1,False,False
09,007,Iztapalapa,0001,1265,3915,108.0,92.0,788.0,519.0,247.0,55.0,24.0,1250.0,1163.0,433.0,200.0,0900700011265,19.35311499,-99.06473594,1,3,False,False
09,007,Iztapalapa,0001,127A,2174,36.0,47.0,514.0,385.0,172.0,26.0,8.0,597.0,625.0,261.0,83.0,090070001127A,19.348931085,-99.059267165,3,5,False,False
09,007,Iztapalapa,0001,1284,1379,23.0,38.0,304.0,231.0,87.0,9.0,7.0,421.0,360.0,151.0,61.0,0900700011284,19.351722515,-99.054755735,4,4,False,False
09,007,Iztapalapa,0001,1299,3461,83.0,113.0,624.0,451.0,155.0,18.0,32.0,1159.0,955.0,414.0,196.0,0900700011299,19.34694666,-99.05247088,7,4,False,False
09,007,Iztapalapa,0001,1301,4045,104.0,91.0,757.0,550.0,226.0,32.0,22.0,1378.0,1162.0,475.0,195.0,0900700011301,19.34730041,-99.05093711,7,3,False,False
09,007,Iztapalapa,0001,1316,3355,128.0,133.0,476.0,318.0,168.0,26.0,40.0,1406.0,818.0,399.0,261.0,0900700011316,19.3501793,-99.04387929,4,0,False,False
09,007,Iztapalapa,0001,1335,0,0.0,0.0,0.0,0.0,0.0,0.0,0.0,0.0,0.0,0.0,0.0,0900700011335,19.35771717,-99.00163924,3,0,False,False
09,007,Iztapalapa,0001,134A,4839,200.0,225.0,573.0,390.0,373.0,48.0,77.0,1978.0,1305.0,434.0,425.0,090070001134A,19.35639386,-98.99582155,3,0,False,False
09,007,Iztapalapa,0001,1354,5489,123.0,164.0,993.0,709.0,285.0,54.0,40.0,1606.0,1554.0,590.0,287.0,0900700011354,19.34815641,-99.114393705,2,0,False,True
09,007,Iztapalapa,0001,1369,6296,171.0,206.0,926.0,634.0,336.0,70.0,72.0,2182.0,1801.0,660.0,377.0,0900700011369,19.346245505,-99.10931932,2,0,False,True
09,007,Iztapalapa,0001,1388,5484,159.0,219.0,672.0,432.0,258.0,45.0,80.0,1445.0,1442.0,515.0,378.0,0900700011388,19.34554131,-99.102322265,1,0,False,False
09,007,Iztapalapa,0001,141A,4046,86.0,145.0,636.0,407.0,317.0,37.0,43.0,1172.0,1175.0,565.0,231.0,090070001141A,19.3472689,-99.0747259,0,1,False,False
09,007,Iztapalapa,0001,1424,2881,83.0,83.0,450.0,317.0,146.0,27.0,20.0,965.0,847.0,356.0,166.0,0900700011424,19.34576849,-99.07146324,0,2,False,False
09,007,Iztapalapa,0001,1439,2585,46.0,68.0,595.0,437.0,236.0,40.0,18.0,437.0,786.0,322.0,114.0,0900700011439,19.348810575,-99.066192105,2,4,False,False
09,007,Iztapalapa,0001,1443,1973,32.0,51.0,476.0,348.0,174.0,27.0,13.0,543.0,580.0,235.0,83.0,0900700011443,19.35017454,-99.06221425,2,5,False,False
09,007,Iztapalapa,0001,1458,1726,35.0,54.0,423.0,313.0,113.0,26.0,16.0,535.0,521.0,211.0,89.0,0900700011458,19.3476473,-99.06258353,2,5,False,False
09,007,Iztapalapa,0001,1462,2160,21.0,58.0,487.0,356.0,145.0,27.0,15.0,739.0,613.0,236.0,79.0,0900700011462,19.34705083,-99.058786875,3,5,False,False
09,007,Iztapalapa,0001,1477,2157,25.0,52.0,595.0,430.0,100.0,18.0,8.0,695.0,671.0,210.0,77.0,0900700011477,19.347052775,-99.05653119,4,5,False,False
09,007,Iztapalapa,0001,1481,2435,47.0,46.0,673.0,501.0,173.0,27.0,9.0,761.0,769.0,269.0,93.0,0900700011481,19.34518163,-99.055387085,5,4,False,False
09,007,Iztapalapa,0001,1496,2524,67.0,89.0,447.0,312.0,189.0,31.0,24.0,898.0,635.0,263.0,156.0,0900700011496,19.34606733,-99.04429407,5,1,False,False
09,007,Iztapalapa,0001,1509,4535,165.0,186.0,539.0,349.0,277.0,43.0,58.0,1701.0,1123.0,377.0,351.0,0900700011509,19.35250336,-99.03788458,2,2,False,False
09,007,Iztapalapa,0001,1513,5064,176.0,197.0,613.0,400.0,369.0,65.0,77.0,1911.0,1410.0,473.0,373.0,0900700011513,19.3532691,-99.03252125,0,3,True,False
09,007,Iztapalapa,0001,1566,9689,282.0,339.0,1376.0,898.0,501.0,64.0,86.0,2963.0,2739.0,1010.0,621.0,0900700011566,19.33945071,-99.11165568,3,0,False,True
09,007,Iztapalapa,0001,1585,0,0.0,0.0,0.0,0.0,0.0,0.0,0.0,0.0,0.0,0.0,0.0,0900700011585,19.343164100000003,-99.07618904,0,1,False,False
09,007,Iztapalapa,0001,159A,6649,214.0,232.0,971.0,662.0,372.0,74.0,71.0,2174.0,1822.0,703.0,446.0,090070001159A,19.34184548,-99.07458901,0,1,True,False
09,007,Iztapalapa,0001,1621,4393,115.0,148.0,670.0,477.0,251.0,48.0,43.0,1384.0,1253.0,462.0,263.0,0900700011621,19.339881425,-99.0614896,3,2,False,False
09,007,Iztapalapa,0001,1636,2883,80.0,79.0,448.0,317.0,121.0,22.0,22.0,868.0,798.0,252.0,159.0,0900700011636,19.33950801,-99.059284925,3,1,False,False
09,007,Iztapalapa,0001,1640,4166,119.0,148.0,626.0,414.0,187.0,25.0,27.0,1276.0,1146.0,389.0,267.0,0900700011640,19.34064709,-99.05575752,4,3,False,False
09,007,Iztapalapa,0001,1655,2448,59.0,93.0,400.0,291.0,182.0,27.0,36.0,634.0,679.0,273.0,152.0,0900700011655,19.33952501,-99.05142818,3,3,False,False
09,007,Iztapalapa,0001,166A,3498,78.0,103.0,711.0,473.0,280.0,63.0,26.0,1250.0,835.0,384.0,181.0,090070001166A,19.3441265,-99.04419922,4,0,False,False
09,007,Iztapalapa,0001,1674,3237,93.0,115.0,597.0,409.0,359.0,62.0,33.0,1140.0,802.0,351.0,208.0,0900700011674,19.34641732,-99.04054603,3,1,False,False
09,007,Iztapalapa,0001,1689,2788,74.0,68.0,528.0,346.0,298.0,55.0,23.0,917.0,717.0,285.0,142.0,0900700011689,19.34564097,-99.03730398,2,1,False,False
09,007,Iztapalapa,0001,1693,2012,48.0,67.0,373.0,258.0,173.0,37.0,22.0,634.0,518.0,206.0,115.0,0900700011693,19.34527418,-99.03426883,3,1,False,False
09,007,Iztapalapa,0001,1706,7319,253.0,302.0,845.0,534.0,373.0,68.0,102.0,3087.0,1903.0,732.0,555.0,0900700011706,19.347198745,-99.030344775,1,4,False,False
09,007,Iztapalapa,0001,1710,7600,263.0,309.0,938.0,615.0,377.0,64.0,97.0,2531.0,2015.0,724.0,572.0,0900700011710,19.34877311,-99.02302154,1,1,False,False
09,007,Iztapalapa,0001,1759,3567,138.0,139.0,441.0,271.0,220.0,37.0,46.0,1642.0,928.0,342.0,277.0,0900700011759,19.34054407,-99.04192495,5,0,False,False
09,007,Iztapalapa,0001,1763,6474,239.0,297.0,860.0,584.0,515.0,88.0,92.0,2509.0,1660.0,590.0,536.0,0900700011763,19.3406662,-99.03806014,6,1,False,False
09,007,Iztapalapa,0001,1778,6931,196.0,283.0,927.0,610.0,320.0,61.0,100.0,2175.0,1994.0,713.0,479.0,0900700011778,19.33762913,-99.10848146,3,0,False,True
09,007,Iztapalapa,0001,1814,3694,108.0,120.0,635.0,445.0,205.0,44.0,42.0,929.0,1021.0,385.0,228.0,0900700011814,19.33684285,-99.06011688,3,1,False,False
09,007,Iztapalapa,0001,1833,3848,101.0,143.0,641.0,433.0,156.0,25.0,48.0,1031.0,1079.0,389.0,244.0,0900700011833,19.33301072,-99.1064524,3,1,False,False
09,007,Iztapalapa,0001,1848,3531,102.0,117.0,545.0,355.0,192.0,63.0,40.0,932.0,994.0,389.0,219.0,0900700011848,19.33140513,-99.10763968,4,2,False,False
09,007,Iztapalapa,0001,1852,5424,176.0,174.0,774.0,525.0,246.0,54.0,55.0,1408.0,1369.0,578.0,350.0,0900700011852,19.328477364999998,-99.10463878,2,2,False,False
09,007,Iztapalapa,0001,1867,11278,332.0,491.0,1521.0,1047.0,647.0,94.0,157.0,3141.0,3115.0,1188.0,823.0,0900700011867,19.32632812,-99.09920242999999,2,2,False,False
09,007,Iztapalapa,0001,1890,5546,122.0,165.0,1013.0,735.0,329.0,63.0,49.0,1366.0,1457.0,488.0,287.0,0900700011890,19.32492185,-99.07717055,3,0,False,True
09,007,Iztapalapa,0001,1918,4953,147.0,154.0,848.0,636.0,371.0,55.0,51.0,1794.0,1282.0,520.0,301.0,0900700011918,19.32827531,-99.06497455,2,0,False,True
09,007,Iztapalapa,0001,1941,4248,63.0,91.0,1087.0,766.0,203.0,25.0,13.0,1164.0,1381.0,528.0,154.0,0900700011941,19.31800683,-99.09624698,2,1,False,False
09,007,Iztapalapa,0001,1960,3765,83.0,95.0,635.0,429.0,231.0,22.0,31.0,1146.0,1149.0,518.0,178.0,0900700011960,19.3207569,-99.07774899500001,3,0,False,False
09,007,Iztapalapa,0001,1975,3499,94.0,127.0,396.0,261.0,97.0,17.0,31.0,828.0,1172.0,447.0,221.0,0900700011975,19.3220944,-99.07436055,3,0,False,False
09,007,Iztapalapa,0001,198A,6035,175.0,193.0,879.0,577.0,294.0,43.0,78.0,2184.0,1765.0,640.0,368.0,090070001198A,19.318177225,-99.072277955,5,1,False,False
09,007,Iztapalapa,0001,1994,13946,126.0,158.0,937.0,529.0,318.0,41.0,50.0,1464.0,1153.0,440.0,284.0,0900700011994,19.32059425,-99.06890858,1,0,False,True
09,007,Iztapalapa,0001,2047,9950,349.0,386.0,1299.0,850.0,744.0,88.0,135.0,3423.0,2610.0,891.0,735.0,0900700012047,19.31565253,-99.06756761,2,1,False,False
09,007,Iztapalapa,0001,2051,11206,498.0,579.0,1001.0,646.0,394.0,46.0,211.0,3938.0,2896.0,1034.0,1077.0,0900700012051,19.31521225,-99.0557178,1,0,False,True
09,007,Iztapalapa,0001,2070,4041,153.0,171.0,483.0,345.0,333.0,27.0,50.0,1273.0,1187.0,472.0,324.0,0900700012070,19.306696085,-99.08131636,1,0,False,False
09,007,Iztapalapa,0001,2085,5799,193.0,216.0,790.0,563.0,335.0,73.0,76.0,1855.0,1883.0,763.0,409.0,0900700012085,19.30845857,-99.080119595,4,0,False,False
09,007,Iztapalapa,0001,209A,3734,127.0,156.0,494.0,318.0,262.0,31.0,53.0,1263.0,985.0,356.0,283.0,090070001209A,19.31066709,-99.07166974,4,1,False,False
09,007,Iztapalapa,0001,2102,3577,131.0,150.0,418.0,265.0,164.0,26.0,53.0,1302.0,877.0,309.0,281.0,0900700012102,19.31043849,-99.069547295,4,1,False,False
09,007,Iztapalapa,0001,2117,3108,116.0,119.0,399.0,275.0,201.0,32.0,46.0,1024.0,824.0,279.0,235.0,0900700012117,19.307482475,-99.06978741,4,1,False,False
09,007,Iztapalapa,0001,2121,146,17.0,16.0,,0.0,0.0,0.0,14.0,132.0,30.0,4.0,33.0,0900700012121,19.30585481,-99.06306365,3,2,False,False
09,007,Iztapalapa,0001,2140,7841,238.0,276.0,999.0,711.0,479.0,67.0,95.0,2620.0,2054.0,683.0,514.0,0900700012140,19.3046047,-99.07515748,3,1,False,False
09,007,Iztapalapa,0001,2155,3769,129.0,135.0,480.0,329.0,228.0,52.0,54.0,1383.0,1033.0,304.0,264.0,0900700012155,19.30269668,-99.07141696,3,3,False,False
09,007,Iztapalapa,0001,216A,3673,116.0,128.0,479.0,316.0,235.0,26.0,53.0,1335.0,967.0,300.0,244.0,090070001216A,19.301730820000003,-99.06809612500001,4,4,False,False
09,007,Iztapalapa,0001,2174,2349,57.0,88.0,328.0,225.0,105.0,22.0,21.0,772.0,675.0,225.0,145.0,0900700012174,19.30478055,-99.06588817,4,2,False,False
09,007,Iztapalapa,0001,2189,2349,69.0,92.0,378.0,267.0,139.0,19.0,35.0,676.0,659.0,250.0,161.0,0900700012189,19.30105825,-99.06591169,3,3,False,False
09,007,Iztapalapa,0001,2193,2575,68.0,98.0,405.0,293.0,102.0,22.0,34.0,792.0,696.0,251.0,166.0,0900700012193,19.29669826,-99.06724191,5,3,False,False
09,007,Iztapalapa,0001,2206,1638,43.0,49.0,299.0,208.0,126.0,14.0,15.0,475.0,474.0,169.0,92.0,0900700012206,19.29747989,-99.06484445,4,3,False,False
09,007,Iztapalapa,0001,2371,1682,40.0,53.0,331.0,222.0,191.0,32.0,12.0,718.0,448.0,193.0,93.0,0900700012371,19.38744444,-99.03318111,1,0,False,False
09,007,Iztapalapa,0001,2386,3610,88.0,113.0,672.0,454.0,251.0,36.0,30.0,1287.0,1032.0,437.0,201.0,0900700012386,19.38609101,-99.03295792,1,0,False,False
09,007,Iztapalapa,0001,2390,3965,82.0,115.0,840.0,609.0,222.0,43.0,16.0,1313.0,1091.0,420.0,197.0,0900700012390,19.38418004,-99.07984754,2,0,False,True
09,007,Iztapalapa,0001,2403,293,6.0,14.0,21.0,11.0,29.0,3.0,3.0,161.0,87.0,31.0,20.0,0900700012403,19.37975208,-99.07716688,1,0,False,False
09,007,Iztapalapa,0001,2437,5076,148.0,187.0,813.0,611.0,297.0,46.0,67.0,1485.0,1180.0,500.0,335.0,0900700012437,19.37451337,-99.03704691,3,1,False,False
09,007,Iztapalapa,0001,2441,4457,145.0,191.0,668.0,483.0,261.0,36.0,76.0,1862.0,1155.0,520.0,336.0,0900700012441,19.37518078,-99.03361905,3,1,False,False
09,007,Iztapalapa,0001,2456,4606,186.0,210.0,549.0,381.0,285.0,58.0,73.0,1780.0,1287.0,376.0,396.0,0900700012456,19.37789796,-99.09909398,2,2,False,False
09,007,Iztapalapa,0001,2460,4473,179.0,185.0,513.0,312.0,219.0,40.0,70.0,2103.0,1157.0,360.0,364.0,0900700012460,19.37515686,-99.10036191500001,0,2,True,False
09,007,Iztapalapa,0001,2475,68,0.0,0.0,8.0,4.0,,0.0,0.0,13.0,4.0,,0.0,0900700012475,19.37452014,-99.09450377,0,0,False,False
09,007,Iztapalapa,0001,2494,1941,48.0,83.0,301.0,232.0,87.0,12.0,38.0,660.0,449.0,194.0,131.0,0900700012494,19.36527058,-99.00149981,2,0,False,False
09,007,Iztapalapa,0001,2507,2181,51.0,65.0,358.0,254.0,69.0,12.0,20.0,663.0,553.0,221.0,116.0,0900700012507,19.36385415,-99.00139328,2,0,False,False
09,007,Iztapalapa,0001,2511,996,13.0,17.0,260.0,182.0,69.0,17.0,,274.0,350.0,153.0,30.0,0900700012511,19.366658,-99.1249085,2,4,False,False
09,007,Iztapalapa,0001,2526,1056,19.0,27.0,292.0,225.0,41.0,5.0,8.0,253.0,384.0,161.0,46.0,0900700012526,19.36754198,-99.12266395,1,4,False,False
09,007,Iztapalapa,0001,2530,10096,353.0,397.0,1294.0,899.0,475.0,58.0,151.0,3449.0,2722.0,1019.0,750.0,0900700012530,19.355925675,-99.0179378,1,2,False,False
09,007,Iztapalapa,0001,2545,6946,254.0,298.0,850.0,579.0,444.0,55.0,117.0,2284.0,1821.0,597.0,552.0,0900700012545,19.35295892,-99.021379575,1,1,False,False
09,007,Iztapalapa,0001,255A,4901,131.0,160.0,815.0,549.0,203.0,33.0,51.0,1496.0,1396.0,513.0,291.0,090070001255A,19.35087258,-99.08265767,0,0,False,False
09,007,Iztapalapa,0001,2564,6800,281.0,297.0,735.0,480.0,347.0,69.0,113.0,2582.0,1820.0,676.0,578.0,0900700012564,19.35408404,-99.00417142,0,0,True,False
09,007,Iztapalapa,0001,2579,4417,156.0,165.0,625.0,461.0,307.0,46.0,56.0,1539.0,1168.0,428.0,321.0,0900700012579,19.35366546,-99.00865086,0,0,False,False
09,007,Iztapalapa,0001,2600,4667,127.0,183.0,753.0,535.0,357.0,46.0,65.0,1664.0,1244.0,478.0,310.0,0900700012600,19.351010275,-99.014399915,0,0,False,False
09,007,Iztapalapa,0001,2615,7690,303.0,335.0,906.0,594.0,373.0,57.0,150.0,3017.0,2016.0,643.0,638.0,0900700012615,19.351823445,-99.001424405,2,0,False,True
09,007,Iztapalapa,0001,262A,5432,213.0,232.0,673.0,452.0,345.0,50.0,104.0,1813.0,1491.0,504.0,445.0,090070001262A,19.35003598,-98.99696876,2,1,False,False
09,007,Iztapalapa,0001,2634,4200,147.0,206.0,557.0,401.0,336.0,44.0,80.0,1510.0,1137.0,361.0,353.0,0900700012634,19.35230186,-98.99574852,3,0,False,False
09,007,Iztapalapa,0001,2649,4309,149.0,154.0,607.0,445.0,406.0,48.0,60.0,1557.0,1155.0,373.0,303.0,0900700012649,19.353307955,-98.992362815,4,0,False,False
09,007,Iztapalapa,0001,2653,3427,121.0,134.0,445.0,323.0,233.0,32.0,54.0,1117.0,933.0,361.0,255.0,0900700012653,19.34769611,-98.99048828,3,1,False,False
09,007,Iztapalapa,0001,2668,3460,137.0,167.0,466.0,346.0,290.0,56.0,71.0,1137.0,929.0,337.0,304.0,0900700012668,19.34829696,-98.988267,3,1,False,False
09,007,Iztapalapa,0001,2672,1034,43.0,52.0,95.0,56.0,27.0,6.0,14.0,336.0,275.0,102.0,95.0,0900700012672,19.338116890000002,-99.09290694500001,1,1,False,False
09,007,Iztapalapa,0001,2687,4656,132.0,170.0,723.0,512.0,250.0,38.0,66.0,1575.0,1151.0,372.0,302.0,0900700012687,19.34698979,-99.08349571,0,0,False,False
09,007,Iztapalapa,0001,2691,7217,263.0,250.0,960.0,644.0,384.0,82.0,100.0,2549.0,1917.0,668.0,513.0,0900700012691,19.34563365,-99.01867228,0,0,True,True
09,007,Iztapalapa,0001,2704,5016,156.0,197.0,630.0,399.0,255.0,38.0,78.0,1863.0,1420.0,545.0,353.0,0900700012704,19.34741739,-98.99866988,3,1,False,False
09,007,Iztapalapa,0001,2719,4678,179.0,203.0,638.0,443.0,404.0,45.0,69.0,1608.0,1261.0,418.0,382.0,0900700012719,19.34756507,-98.9934673,3,1,False,False
09,007,Iztapalapa,0001,2723,3252,126.0,156.0,367.0,255.0,329.0,39.0,57.0,1173.0,835.0,326.0,282.0,0900700012723,19.34653622,-98.9860816,2,1,False,False
09,007,Iztapalapa,0001,2738,6698,226.0,310.0,936.0,650.0,457.0,82.0,112.0,2420.0,1791.0,602.0,536.0,0900700012738,19.34502026,-99.00881098,2,0,False,True
09,007,Iztapalapa,0001,2757,5483,174.0,218.0,880.0,630.0,399.0,60.0,91.0,2018.0,1502.0,518.0,392.0,0900700012757,19.34111107,-99.01890319,0,0,True,True
09,007,Iztapalapa,0001,2776,7954,300.0,291.0,1101.0,790.0,599.0,83.0,95.0,2727.0,2151.0,702.0,591.0,0900700012776,19.34070737,-99.024294885,4,1,False,False
09,007,Iztapalapa,0001,2780,6872,231.0,301.0,969.0,700.0,428.0,58.0,119.0,2018.0,1764.0,761.0,532.0,0900700012780,19.34323946,-99.01086018500001,1,0,False,True
09,007,Iztapalapa,0001,2795,4830,175.0,206.0,628.0,440.0,324.0,44.0,108.0,1584.0,1304.0,500.0,381.0,0900700012795,19.34527476,-98.99889657,2,1,False,False
09,007,Iztapalapa,0001,2808,4320,137.0,144.0,750.0,534.0,305.0,42.0,41.0,1412.0,1223.0,493.0,281.0,0900700012808,19.34183005,-99.06558889,2,4,False,False
09,007,Iztapalapa,0001,2812,3581,94.0,108.0,554.0,378.0,170.0,29.0,28.0,1356.0,965.0,361.0,202.0,0900700012812,19.34059092,-99.06908138,0,1,False,False
09,007,Iztapalapa,0001,2831,4795,167.0,163.0,705.0,490.0,419.0,41.0,47.0,1567.0,1366.0,525.0,330.0,0900700012831,19.33455905,-99.079917825,1,0,False,False
09,007,Iztapalapa,0001,2846,4936,149.0,167.0,769.0,528.0,346.0,59.0,53.0,1853.0,1316.0,432.0,316.0,0900700012846,19.338115105,-99.06911163000001,1,1,False,False
09,007,Iztapalapa,0001,2850,3639,120.0,151.0,511.0,341.0,190.0,44.0,44.0,1146.0,1023.0,348.0,271.0,0900700012850,19.33689463,-99.06537159,2,1,False,False
09,007,Iztapalapa,0001,287A,2859,83.0,89.0,425.0,297.0,110.0,28.0,27.0,933.0,822.0,318.0,172.0,090070001287A,19.33715885,-99.05847415,3,2,False,False
09,007,Iztapalapa,0001,2884,3464,94.0,119.0,557.0,391.0,235.0,28.0,28.0,1109.0,999.0,358.0,213.0,0900700012884,19.33697581,-99.05496335000001,3,1,False,False
09,007,Iztapalapa,0001,2899,6559,242.0,287.0,880.0,558.0,485.0,84.0,90.0,2495.0,1628.0,633.0,529.0,0900700012899,19.33930873,-99.03328413,6,1,False,False
09,007,Iztapalapa,0001,2901,7668,244.0,303.0,1075.0,719.0,523.0,63.0,129.0,2588.0,2066.0,817.0,547.0,0900700012901,19.33649113,-99.02957086,4,1,False,False
09,007,Iztapalapa,0001,2920,5442,184.0,250.0,712.0,472.0,326.0,77.0,99.0,1620.0,1660.0,708.0,434.0,0900700012920,19.34322996,-98.99681472,2,2,False,False
09,007,Iztapalapa,0001,2935,5663,210.0,235.0,767.0,552.0,514.0,54.0,104.0,2110.0,1430.0,527.0,445.0,0900700012935,19.345208285,-98.99421446,4,2,False,False
09,007,Iztapalapa,0001,294A,3012,114.0,130.0,406.0,287.0,221.0,23.0,53.0,927.0,774.0,337.0,244.0,090070001294A,19.34281663,-98.99044774000001,1,2,False,False
09,007,Iztapalapa,0001,2954,1974,86.0,89.0,255.0,176.0,121.0,20.0,35.0,689.0,535.0,198.0,175.0,0900700012954,19.34217549,-98.98672837,1,2,False,False
09,007,Iztapalapa,0001,2969,2472,93.0,113.0,299.0,213.0,174.0,28.0,42.0,671.0,660.0,240.0,206.0,0900700012969,19.34296522,-98.983359635,1,1,False,False
09,007,Iztapalapa,0001,2973,3752,149.0,178.0,480.0,346.0,191.0,37.0,78.0,1270.0,1014.0,383.0,327.0,0900700012973,19.341088825,-98.99103298,1,2,False,False
09,007,Iztapalapa,0001,2988,7510,235.0,308.0,1157.0,796.0,547.0,80.0,115.0,1898.0,2150.0,765.0,543.0,0900700012988,19.33235162,-99.0976279,3,2,False,False
09,007,Iztapalapa,0001,3026,2493,81.0,74.0,398.0,263.0,136.0,15.0,28.0,754.0,671.0,299.0,155.0,0900700013026,19.329670880000002,-99.05770462000001,2,1,False,False
09,007,Iztapalapa,0001,3030,5682,162.0,211.0,902.0,619.0,250.0,42.0,62.0,1960.0,1446.0,599.0,373.0,0900700013030,19.33192463,-99.04818001,4,2,False,False
09,007,Iztapalapa,0001,3045,6787,218.0,286.0,1023.0,685.0,427.0,63.0,100.0,2075.0,1752.0,586.0,504.0,0900700013045,19.33323703,-99.04409702,5,2,False,False
09,007,Iztapalapa,0001,305A,6494,234.0,289.0,870.0,514.0,416.0,40.0,120.0,1869.0,1625.0,570.0,523.0,090070001305A,19.3346251,-99.039638645,6,1,False,False
09,007,Iztapalapa,0001,3064,7629,267.0,327.0,966.0,613.0,354.0,51.0,142.0,2619.0,1957.0,746.0,594.0,0900700013064,19.33089223,-99.03955659,6,1,False,False
09,007,Iztapalapa,0001,3079,6741,215.0,302.0,879.0,586.0,401.0,30.0,120.0,2332.0,1683.0,626.0,517.0,0900700013079,19.32807902,-99.042781945,6,1,False,False
09,007,Iztapalapa,0001,3083,5621,187.0,238.0,812.0,588.0,370.0,45.0,100.0,1794.0,1400.0,433.0,425.0,0900700013083,19.33662385,-99.01666846,0,0,True,False
09,007,Iztapalapa,0001,3100,5076,156.0,228.0,648.0,419.0,292.0,45.0,97.0,1717.0,1310.0,427.0,384.0,0900700013100,19.33855209,-99.00785211,2,0,False,False
09,007,Iztapalapa,0001,3115,5980,221.0,285.0,674.0,377.0,217.0,36.0,121.0,2006.0,1602.0,528.0,506.0,0900700013115,19.34020721,-98.99851457,2,2,False,False
09,007,Iztapalapa,0001,3134,1927,80.0,84.0,220.0,133.0,73.0,14.0,39.0,536.0,550.0,205.0,164.0,0900700013134,19.33731743,-98.98925751,0,2,False,False
09,007,Iztapalapa,0001,3149,3862,147.0,175.0,449.0,315.0,258.0,26.0,77.0,1487.0,1036.0,368.0,322.0,0900700013149,19.33994547,-98.98715207000001,1,2,False,False
09,007,Iztapalapa,0001,3153,3560,136.0,179.0,400.0,258.0,308.0,33.0,74.0,1215.0,890.0,330.0,315.0,0900700013153,19.33969119,-98.98348075,1,2,False,False
09,007,Iztapalapa,0001,3204,6595,245.0,261.0,877.0,543.0,410.0,58.0,106.0,1950.0,1684.0,643.0,506.0,0900700013204,19.32857115,-99.03752285,5,1,False,False
09,007,Iztapalapa,0001,3219,7613,287.0,345.0,903.0,496.0,490.0,44.0,161.0,3230.0,2043.0,742.0,632.0,0900700013219,19.328909025,-99.03473642,6,1,False,False
09,007,Iztapalapa,0001,3223,7231,291.0,315.0,894.0,561.0,505.0,31.0,129.0,2893.0,1821.0,651.0,606.0,0900700013223,19.33276103,-99.03137808,7,0,False,True
09,007,Iztapalapa,0001,3238,6000,189.0,240.0,863.0,624.0,438.0,85.0,101.0,1879.0,1593.0,526.0,429.0,0900700013238,19.33489329,-99.02169854,2,0,False,True
09,007,Iztapalapa,0001,3242,8092,309.0,368.0,1029.0,676.0,395.0,90.0,156.0,3123.0,2189.0,748.0,677.0,0900700013242,19.338944124999998,-99.004795635,2,0,False,True
09,007,Iztapalapa,0001,3257,4049,166.0,195.0,444.0,288.0,181.0,20.0,89.0,1590.0,1060.0,404.0,361.0,0900700013257,19.332050575,-99.01496209000001,0,0,True,False
09,007,Iztapalapa,0001,3276,6422,237.0,270.0,887.0,610.0,346.0,75.0,134.0,2316.0,1719.0,547.0,507.0,0900700013276,19.33107943,-99.01996761,0,0,True,True
09,007,Iztapalapa,0001,3295,5190,177.0,213.0,770.0,499.0,390.0,43.0,84.0,1517.0,1368.0,548.0,390.0,0900700013295,19.32817459,-99.04516084,6,2,False,False
09,007,Iztapalapa,0001,3327,7178,211.0,271.0,1105.0,729.0,672.0,96.0,91.0,2398.0,1859.0,691.0,482.0,0900700013327,19.322752755,-99.05660787,2,0,False,True
09,007,Iztapalapa,0001,3346,6680,294.0,324.0,725.0,435.0,293.0,74.0,140.0,2274.0,1706.0,596.0,618.0,0900700013346,19.33496612,-99.00421066,2,0,False,False
09,007,Iztapalapa,0001,3365,2467,95.0,115.0,286.0,196.0,213.0,19.0,53.0,895.0,629.0,218.0,210.0,0900700013365,19.33866123,-98.984516,0,2,False,False
09,007,Iztapalapa,0001,337A,7522,231.0,299.0,1104.0,691.0,501.0,50.0,101.0,2069.0,2070.0,764.0,530.0,090070001337A,19.32100854,-99.06352095,0,0,True,True
09,007,Iztapalapa,0001,3401,7248,248.0,300.0,910.0,537.0,553.0,59.0,101.0,2326.0,1871.0,742.0,548.0,0900700013401,19.325308935000002,-99.03660999499999,4,1,False,False
09,007,Iztapalapa,0001,3420,4302,189.0,211.0,389.0,250.0,287.0,26.0,86.0,1445.0,1039.0,336.0,400.0,0900700013420,19.33477429,-98.98265184,0,0,True,False
09,007,Iztapalapa,0001,3488,4965,160.0,198.0,650.0,439.0,288.0,56.0,64.0,1530.0,1611.0,622.0,358.0,0900700013488,19.30670799,-99.08325937000001,1,0,False,False
09,007,Iztapalapa,0001,3492,5625,208.0,263.0,728.0,526.0,356.0,67.0,86.0,1543.0,1684.0,675.0,471.0,0900700013492,19.30297528,-99.08418994,1,0,False,False
09,007,Iztapalapa,0001,3505,5709,201.0,211.0,844.0,597.0,475.0,78.0,68.0,1603.0,1540.0,556.0,412.0,0900700013505,19.30135985,-99.07790378,3,3,False,False
09,007,Iztapalapa,0001,351A,5705,188.0,221.0,811.0,567.0,225.0,48.0,85.0,1688.0,1497.0,491.0,409.0,090070001351A,19.298372575,-99.07533984,3,3,False,False
09,007,Iztapalapa,0001,3539,4545,151.0,166.0,636.0,429.0,261.0,43.0,51.0,1534.0,1272.0,447.0,317.0,0900700013539,19.29504664,-99.07636558,3,3,False,False
09,007,Iztapalapa,0001,3558,1463,28.0,50.0,214.0,148.0,78.0,11.0,12.0,490.0,412.0,179.0,78.0,0900700013558,19.3895672,-99.04440075,3,1,False,False
09,007,Iztapalapa,0001,3562,1809,58.0,72.0,274.0,181.0,139.0,16.0,20.0,552.0,479.0,228.0,130.0,0900700013562,19.38742987,-99.04059928,3,1,False,False
09,007,Iztapalapa,0001,3577,2169,71.0,90.0,359.0,250.0,127.0,13.0,35.0,679.0,593.0,298.0,161.0,0900700013577,19.38614714,-99.04034174,2,1,False,False
09,007,Iztapalapa,0001,3581,3942,138.0,137.0,596.0,375.0,285.0,34.0,45.0,1334.0,1153.0,450.0,275.0,0900700013581,19.38473349,-99.04466631,3,2,False,False
09,007,Iztapalapa,0001,3596,4594,149.0,203.0,638.0,362.0,190.0,27.0,60.0,1624.0,1394.0,659.0,352.0,0900700013596,19.38314875,-99.04258583500001,2,1,False,False
09,007,Iztapalapa,0001,3613,1441,27.0,37.0,320.0,232.0,67.0,5.0,5.0,410.0,428.0,171.0,64.0,0900700013613,19.3904201,-99.0400923,2,1,False,False
09,007,Iztapalapa,0001,3628,1158,20.0,30.0,213.0,136.0,59.0,7.0,9.0,301.0,378.0,156.0,50.0,0900700013628,19.39100851,-99.03899135,2,1,False,False
09,007,Iztapalapa,0001,3632,6682,188.0,203.0,1084.0,684.0,397.0,59.0,52.0,2037.0,2002.0,875.0,391.0,0900700013632,19.37827428,-99.11436366,3,2,False,False
09,007,Iztapalapa,0001,3647,2443,58.0,83.0,392.0,239.0,174.0,21.0,24.0,732.0,735.0,282.0,141.0,0900700013647,19.37363971,-99.11490103,2,3,False,False
09,007,Iztapalapa,0001,3651,2692,89.0,94.0,387.0,255.0,163.0,33.0,36.0,844.0,783.0,247.0,183.0,0900700013651,19.36405724,-99.08021518,2,0,False,False
09,007,Iztapalapa,0001,3666,1770,36.0,45.0,349.0,199.0,77.0,13.0,10.0,416.0,648.0,275.0,81.0,0900700013666,19.36322241,-99.076249685,1,0,False,False
09,007,Iztapalapa,0001,3670,4143,132.0,121.0,625.0,403.0,237.0,20.0,33.0,1180.0,1234.0,555.0,253.0,0900700013670,19.36069332,-99.07138231,0,0,False,False
09,007,Iztapalapa,0001,369A,2858,77.0,97.0,522.0,389.0,117.0,37.0,26.0,721.0,763.0,376.0,174.0,090070001369A,19.37003552,-99.00004714,0,0,False,False
09,007,Iztapalapa,0001,3702,2668,60.0,84.0,470.0,359.0,185.0,27.0,36.0,935.0,648.0,275.0,144.0,0900700013702,19.36776884,-98.99925601,1,0,False,False
09,007,Iztapalapa,0001,3717,2261,70.0,85.0,404.0,298.0,123.0,32.0,27.0,797.0,557.0,251.0,155.0,0900700013717,19.36743083,-98.9982234,1,0,False,False
09,007,Iztapalapa,0001,3721,4549,98.0,107.0,876.0,667.0,162.0,22.0,32.0,1171.0,1280.0,575.0,205.0,0900700013721,19.361795255,-99.06224065,0,0,False,True
09,007,Iztapalapa,0001,3740,4482,115.0,136.0,737.0,494.0,318.0,60.0,38.0,1371.0,1333.0,520.0,251.0,0900700013740,19.35425964,-99.09932114,1,0,False,False
09,007,Iztapalapa,0001,3755,3456,83.0,107.0,480.0,292.0,164.0,17.0,26.0,994.0,1007.0,379.0,190.0,0900700013755,19.35035018,-99.09532937,1,0,False,False
09,007,Iztapalapa,0001,376A,1613,45.0,53.0,278.0,184.0,153.0,33.0,20.0,547.0,478.0,182.0,98.0,090070001376A,19.357631845,-99.090151615,2,0,False,False
09,007,Iztapalapa,0001,3774,3474,99.0,124.0,596.0,386.0,219.0,54.0,30.0,1056.0,929.0,350.0,223.0,0900700013774,19.35464986,-99.0877285,2,0,False,False
09,007,Iztapalapa,0001,3789,3719,122.0,135.0,470.0,297.0,219.0,40.0,42.0,1126.0,1077.0,429.0,257.0,0900700013789,19.3497114,-99.10125433,1,0,False,False
09,007,Iztapalapa,0001,3793,4417,132.0,157.0,595.0,432.0,155.0,37.0,45.0,1500.0,1287.0,533.0,289.0,0900700013793,19.352441,-99.09852514,1,0,False,False
09,007,Iztapalapa,0001,3806,2080,57.0,83.0,301.0,198.0,122.0,22.0,24.0,587.0,598.0,222.0,140.0,0900700013806,19.343036145,-99.10518046,2,0,False,False
09,007,Iztapalapa,0001,3810,5245,172.0,225.0,693.0,451.0,333.0,39.0,76.0,1503.0,1528.0,614.0,397.0,0900700013810,19.34200692,-99.10585223,2,0,False,False
09,007,Iztapalapa,0001,3825,3400,102.0,124.0,531.0,339.0,173.0,34.0,35.0,1109.0,892.0,316.0,226.0,0900700013825,19.34085856,-99.10153698,2,1,False,False
09,007,Iztapalapa,0001,383A,3575,116.0,121.0,542.0,358.0,178.0,33.0,33.0,1253.0,1037.0,437.0,237.0,090070001383A,19.344894955,-99.066650565,2,4,False,False
09,007,Iztapalapa,0001,3844,1550,51.0,48.0,238.0,135.0,106.0,8.0,8.0,430.0,474.0,207.0,99.0,0900700013844,19.34395463,-99.06399015,3,4,False,False
09,007,Iztapalapa,0001,3859,2090,60.0,72.0,327.0,228.0,117.0,10.0,19.0,615.0,578.0,254.0,132.0,0900700013859,19.335715184999998,-99.048689615,4,1,False,False
09,007,Iztapalapa,0001,3863,4153,140.0,183.0,530.0,358.0,235.0,45.0,57.0,1727.0,1083.0,393.0,323.0,0900700013863,19.33984916,-99.04646711,5,0,False,False
09,007,Iztapalapa,0001,3897,3937,115.0,131.0,709.0,390.0,246.0,26.0,50.0,947.0,1078.0,392.0,246.0,0900700013897,19.31593005,-99.07379182,5,1,False,False
09,007,Iztapalapa,0001,390A,4006,116.0,128.0,755.0,411.0,227.0,43.0,39.0,998.0,1092.0,407.0,244.0,090070001390A,19.31556874,-99.07713905,5,0,False,False
09,007,Iztapalapa,0001,3914,5355,137.0,176.0,952.0,517.0,430.0,45.0,58.0,1322.0,1512.0,590.0,313.0,0900700013914,19.31159341,-99.07846613,5,0,False,True
09,007,Iztapalapa,0001,3967,3638,109.0,128.0,545.0,355.0,161.0,33.0,31.0,1184.0,1008.0,368.0,237.0,0900700013967,19.3516128,-99.090686315,0,0,False,False
09,007,Iztapalapa,0001,3971,4809,152.0,186.0,589.0,375.0,204.0,19.0,58.0,1391.0,1457.0,545.0,338.0,0900700013971,19.350736384999998,-99.084780325,0,0,True,False
09,007,Iztapalapa,0001,3986,2232,64.0,75.0,359.0,228.0,112.0,17.0,16.0,651.0,698.0,304.0,139.0,0900700013986,19.338711995,-99.081935695,0,0,False,False
09,007,Iztapalapa,0001,3990,3618,106.0,139.0,498.0,299.0,203.0,24.0,39.0,977.0,1130.0,433.0,245.0,0900700013990,19.33842608,-99.08263119,0,0,False,False
09,007,Iztapalapa,0001,401A,2883,89.0,101.0,311.0,191.0,128.0,28.0,27.0,939.0,881.0,289.0,190.0,090070001401A,19.336065464999997,-99.10206232,3,1,False,False
09,007,Iztapalapa,0001,4024,8391,303.0,352.0,931.0,557.0,333.0,38.0,144.0,2756.0,2304.0,816.0,655.0,0900700014024,19.33785391,-99.09793547,2,1,False,False
09,007,Iztapalapa,0001,4039,5385,166.0,180.0,787.0,535.0,377.0,45.0,42.0,1634.0,1530.0,668.0,346.0,0900700014039,19.334502505000003,-99.054020595,2,1,False,False
09,007,Iztapalapa,0001,4043,4417,135.0,156.0,781.0,551.0,306.0,46.0,49.0,1473.0,1180.0,443.0,291.0,0900700014043,19.33584677,-99.05013066,3,1,False,False
09,007,Iztapalapa,0001,4058,3227,91.0,115.0,557.0,362.0,120.0,10.0,34.0,1235.0,803.0,330.0,206.0,0900700014058,19.33072764,-99.05911095,1,1,False,False
09,007,Iztapalapa,0001,4062,2990,112.0,112.0,447.0,272.0,225.0,30.0,41.0,1131.0,796.0,295.0,224.0,0900700014062,19.325914490000002,-99.06286157,1,0,False,False
09,007,Iztapalapa,0001,4077,4751,193.0,230.0,497.0,324.0,372.0,38.0,87.0,2034.0,1210.0,400.0,423.0,0900700014077,19.33760926,-99.01477686000001,0,0,True,False
09,007,Iztapalapa,0001,4081,5245,228.0,250.0,507.0,318.0,375.0,58.0,98.0,2056.0,1283.0,437.0,478.0,0900700014081,19.33906226,-99.01147061,1,0,False,False
09,007,Iztapalapa,0001,4096,6341,267.0,289.0,621.0,382.0,251.0,32.0,141.0,2530.0,1515.0,484.0,556.0,0900700014096,19.32810577,-99.03130450500001,5,0,False,False
09,007,Iztapalapa,0001,4109,7678,315.0,417.0,572.0,316.0,330.0,36.0,199.0,3044.0,1907.0,641.0,732.0,0900700014109,19.32465149,-99.03019843,3,0,False,False
09,007,Iztapalapa,0001,4113,2033,55.0,60.0,387.0,243.0,105.0,14.0,17.0,602.0,660.0,254.0,115.0,0900700014113,19.334835480000002,-99.07207806,1,1,False,False
09,007,Iztapalapa,0001,4128,1861,48.0,60.0,360.0,210.0,144.0,21.0,14.0,415.0,665.0,272.0,108.0,0900700014128,19.33523968,-99.06861837,1,1,False,False
09,007,Iztapalapa,0001,4147,508,16.0,20.0,73.0,41.0,28.0,3.0,9.0,229.0,151.0,75.0,36.0,0900700014147,19.3322548,-99.07487284999999,1,0,False,False
09,007,Iztapalapa,0001,4151,1449,51.0,53.0,167.0,94.0,177.0,10.0,15.0,740.0,376.0,131.0,104.0,0900700014151,19.332227325,-99.07140104000001,1,0,False,False
09,007,Iztapalapa,0001,4166,2650,65.0,69.0,580.0,435.0,213.0,31.0,9.0,686.0,802.0,318.0,134.0,0900700014166,19.33007144,-99.07305083,1,0,False,False
09,007,Iztapalapa,0001,4170,4478,168.0,202.0,574.0,359.0,257.0,37.0,79.0,1554.0,1125.0,391.0,370.0,0900700014170,19.32066074,-99.05855124,1,0,False,False
09,007,Iztapalapa,0001,4185,3902,118.0,151.0,444.0,304.0,162.0,19.0,46.0,1254.0,1067.0,383.0,269.0,0900700014185,19.31733831,-99.06062986,0,0,False,False
09,007,Iztapalapa,0001,419A,3319,117.0,114.0,460.0,259.0,127.0,34.0,39.0,870.0,1053.0,375.0,231.0,090070001419A,19.3274289,-99.051052315,3,2,False,False
09,007,Iztapalapa,0001,4202,3513,115.0,141.0,450.0,308.0,239.0,37.0,56.0,1073.0,873.0,325.0,256.0,0900700014202,19.32568279,-99.04930706,2,2,False,False
09,007,Iztapalapa,0001,4217,3246,87.0,109.0,443.0,274.0,172.0,21.0,45.0,926.0,916.0,331.0,196.0,0900700014217,19.323806465,-99.047984465,3,1,False,False
09,007,Iztapalapa,0001,4236,8000,350.0,418.0,703.0,421.0,443.0,58.0,163.0,2924.0,2099.0,812.0,768.0,0900700014236,19.32160796,-99.04290634,5,1,False,False
09,007,Iztapalapa,0001,4240,5046,189.0,261.0,444.0,253.0,257.0,44.0,127.0,1687.0,1288.0,453.0,450.0,0900700014240,19.32838603,-99.02617972,1,0,False,False
09,007,Iztapalapa,0001,426A,5157,252.0,284.0,422.0,249.0,380.0,38.0,119.0,2034.0,1280.0,387.0,536.0,090070001426A,19.33007924,-98.97665793,0,0,True,False
09,007,Iztapalapa,0001,4274,6175,317.0,328.0,384.0,221.0,359.0,52.0,167.0,2353.0,1448.0,463.0,645.0,0900700014274,19.327051400000002,-98.97697829500001,0,0,True,False
09,007,Iztapalapa,0001,4289,3047,113.0,143.0,264.0,162.0,187.0,27.0,65.0,1159.0,780.0,282.0,256.0,0900700014289,19.32829586,-98.97209729,0,0,False,False
09,007,Iztapalapa,0001,4293,5256,238.0,273.0,365.0,216.0,443.0,40.0,118.0,1989.0,1293.0,385.0,511.0,0900700014293,19.32926609,-98.96968104,0,0,True,False
09,007,Iztapalapa,0001,4306,1814,56.0,73.0,298.0,181.0,83.0,19.0,21.0,493.0,505.0,205.0,129.0,0900700014306,19.30072701,-99.0816012,2,1,False,False
09,007,Iztapalapa,0001,4310,2911,78.0,101.0,474.0,295.0,168.0,19.0,32.0,836.0,826.0,271.0,179.0,0900700014310,19.29944411,-99.07812993,3,3,False,False
09,007,Iztapalapa,0001,4325,1681,38.0,59.0,317.0,209.0,90.0,7.0,13.0,482.0,466.0,161.0,97.0,0900700014325,19.29676973,-99.07995948,1,3,False,False
09,007,Iztapalapa,0001,433A,4019,110.0,175.0,585.0,404.0,233.0,24.0,51.0,1361.0,1072.0,322.0,285.0,090070001433A,19.29555912,-99.07130582,4,4,False,False
09,007,Iztapalapa,0001,4344,2790,83.0,96.0,430.0,231.0,167.0,28.0,34.0,842.0,704.0,344.0,179.0,0900700014344,19.29341362,-99.07100842,3,4,False,False
09,007,Iztapalapa,0001,4359,2616,85.0,92.0,406.0,252.0,148.0,14.0,31.0,852.0,637.0,251.0,177.0,0900700014359,19.29215046,-99.06996799,4,4,False,False
09,007,Iztapalapa,0001,4363,6175,240.0,284.0,629.0,370.0,315.0,47.0,96.0,1750.0,1636.0,610.0,524.0,0900700014363,19.29473641,-99.06317376,5,3,False,False
09,007,Iztapalapa,0001,4382,2196,63.0,94.0,279.0,171.0,164.0,22.0,34.0,661.0,596.0,258.0,157.0,0900700014382,19.29113703,-99.06695501,3,3,False,False
09,007,Iztapalapa,0001,4397,1640,41.0,49.0,317.0,198.0,102.0,13.0,19.0,444.0,391.0,166.0,90.0,0900700014397,19.29013913,-99.06521748,3,3,False,False
09,007,Iztapalapa,0001,440A,1408,43.0,55.0,227.0,126.0,89.0,8.0,20.0,391.0,348.0,126.0,98.0,090070001440A,19.28867862,-99.0665432,3,2,False,False
09,007,Iztapalapa,0001,4414,8028,195.0,229.0,1240.0,783.0,448.0,97.0,57.0,1784.0,2519.0,1081.0,424.0,0900700014414,19.321623709999997,-99.08450509,4,0,False,True
09,007,Iztapalapa,0001,4429,2049,48.0,67.0,409.0,245.0,104.0,23.0,20.0,511.0,759.0,389.0,115.0,0900700014429,19.32180871,-99.09449492,2,1,False,False
09,007,Iztapalapa,0001,4433,3751,67.0,113.0,719.0,454.0,205.0,24.0,16.0,951.0,1251.0,494.0,180.0,0900700014433,19.31885747,-99.08877336,2,1,False,False
09,007,Iztapalapa,0001,4448,2475,58.0,85.0,468.0,288.0,121.0,15.0,17.0,581.0,856.0,356.0,143.0,0900700014448,19.318313105,-99.08567264999999,4,0,False,False
09,007,Iztapalapa,0001,4452,1960,40.0,49.0,501.0,350.0,124.0,13.0,9.0,464.0,647.0,281.0,89.0,0900700014452,19.316733385,-99.08920532,2,0,False,False
09,007,Iztapalapa,0001,4467,2193,57.0,73.0,349.0,199.0,92.0,12.0,20.0,473.0,637.0,265.0,130.0,0900700014467,19.31620455,-99.08878692,2,0,False,False
09,007,Iztapalapa,0001,4471,2274,63.0,76.0,317.0,135.0,193.0,7.0,18.0,526.0,665.0,294.0,139.0,0900700014471,19.31453916,-99.08821279,2,0,False,False
09,007,Iztapalapa,0001,4503,4051,131.0,128.0,596.0,298.0,133.0,13.0,42.0,1136.0,1101.0,394.0,259.0,0900700014503,19.37158805,-99.00738129000001,0,0,False,False
09,007,Iztapalapa,0001,4522,749,32.0,23.0,88.0,46.0,31.0,4.0,,279.0,218.0,94.0,55.0,0900700014522,19.37617782,-99.05302554,3,2,False,False
09,007,Iztapalapa,0001,4537,829,22.0,39.0,76.0,48.0,39.0,,18.0,243.0,236.0,108.0,61.0,0900700014537,19.37589582,-99.05272976,3,2,False,False
09,007,Iztapalapa,0001,4541,1011,32.0,49.0,133.0,86.0,80.0,6.0,14.0,385.0,275.0,114.0,81.0,0900700014541,19.374213095,-99.05155021,3,1,False,False
09,007,Iztapalapa,0001,4556,1063,32.0,48.0,150.0,84.0,46.0,,12.0,313.0,318.0,121.0,80.0,0900700014556,19.373544834999997,-99.04985499,3,0,False,False
09,007,Iztapalapa,0001,4560,969,26.0,36.0,83.0,49.0,25.0,4.0,5.0,343.0,244.0,110.0,62.0,0900700014560,19.37587093,-99.05880808,3,1,False,False
09,007,Iztapalapa,0001,4575,528,21.0,31.0,78.0,42.0,14.0,,9.0,178.0,144.0,73.0,52.0,0900700014575,19.37479875,-99.05844796,3,1,False,False
09,007,Iztapalapa,0001,4594,1164,40.0,67.0,132.0,75.0,48.0,3.0,26.0,368.0,314.0,147.0,107.0,0900700014594,19.373837315000003,-99.0561238,3,1,False,False
09,007,Iztapalapa,0001,4611,751,31.0,25.0,102.0,69.0,49.0,8.0,11.0,132.0,244.0,124.0,56.0,0900700014611,19.37303723,-99.05427023,3,1,False,False
09,007,Iztapalapa,0001,4645,1184,38.0,48.0,147.0,81.0,219.0,42.0,19.0,287.0,376.0,190.0,86.0,0900700014645,19.37313818,-99.05089212,3,0,False,False
09,007,Iztapalapa,0001,465A,2794,118.0,141.0,319.0,178.0,122.0,21.0,38.0,1202.0,783.0,297.0,259.0,090070001465A,19.370944895,-99.04972537,3,0,False,False
09,007,Iztapalapa,0001,4664,3439,117.0,157.0,436.0,285.0,180.0,49.0,61.0,1447.0,826.0,370.0,274.0,0900700014664,19.37084022,-99.038472365,3,1,False,False
09,007,Iztapalapa,0001,4679,440,22.0,15.0,50.0,28.0,29.0,8.0,6.0,172.0,128.0,62.0,37.0,0900700014679,19.36941873,-99.03568419999999,3,1,False,False
09,007,Iztapalapa,0001,4683,2771,105.0,111.0,317.0,174.0,126.0,28.0,42.0,1125.0,792.0,255.0,216.0,0900700014683,19.36746359,-99.03470901,3,1,False,False
09,007,Iztapalapa,0001,4698,3320,137.0,143.0,245.0,140.0,63.0,8.0,57.0,1021.0,916.0,386.0,280.0,0900700014698,19.374367165,-99.061739175,1,1,False,False
09,007,Iztapalapa,0001,4715,32,,,0.0,0.0,,,,20.0,4.0,,,0900700014715,19.3632411,-99.04355908,0,0,False,False
09,007,Iztapalapa,0001,472A,5525,168.0,182.0,910.0,656.0,330.0,60.0,43.0,1881.0,1390.0,605.0,350.0,090070001472A,19.3603067,-99.05132559,1,0,False,True
09,007,Iztapalapa,0001,4734,11587,314.0,419.0,1783.0,1277.0,631.0,112.0,156.0,3817.0,3001.0,1259.0,733.0,0900700014734,19.35220337,-99.04977464,3,2,False,False
09,007,Iztapalapa,0001,4749,6128,213.0,266.0,837.0,553.0,437.0,37.0,117.0,2209.0,1566.0,570.0,479.0,0900700014749,19.32294258,-99.04975993,2,1,False,False
09,007,Iztapalapa,0001,4768,3740,102.0,149.0,558.0,357.0,252.0,26.0,46.0,1423.0,1054.0,374.0,251.0,0900700014768,19.33084575,-99.05367131,2,1,False,False
09,007,Iztapalapa,0001,4772,4280,158.0,163.0,606.0,386.0,255.0,38.0,52.0,1523.0,1137.0,382.0,321.0,0900700014772,19.32936296,-99.051298335,2,2,False,False
09,007,Iztapalapa,0001,4791,2135,46.0,61.0,313.0,165.0,49.0,7.0,22.0,496.0,638.0,264.0,107.0,0900700014791,19.35893575,-99.07680961,1,0,False,False
09,007,Iztapalapa,0001,4804,2676,94.0,96.0,438.0,243.0,123.0,19.0,35.0,711.0,770.0,292.0,190.0,0900700014804,19.33956168,-99.084255635,0,0,False,False
09,007,Iztapalapa,0001,4838,1560,56.0,73.0,203.0,127.0,111.0,16.0,37.0,452.0,404.0,146.0,129.0,0900700014838,19.339915155,-98.977939575,0,0,False,False
09,007,Iztapalapa,0001,4842,1895,85.0,80.0,166.0,97.0,126.0,9.0,36.0,799.0,486.0,158.0,165.0,0900700014842,19.330355259999997,-98.97366801000001,0,0,False,False
09,007,Iztapalapa,0001,4857,5508,261.0,306.0,349.0,202.0,183.0,29.0,149.0,1994.0,1435.0,467.0,567.0,0900700014857,19.32474389,-99.02574001,0,0,True,False
09,007,Iztapalapa,0001,4861,3584,162.0,165.0,236.0,120.0,150.0,23.0,75.0,1385.0,836.0,238.0,327.0,0900700014861,19.32257103,-99.02857224,0,0,False,False
09,007,Iztapalapa,0001,4876,5532,253.0,279.0,507.0,275.0,324.0,34.0,125.0,1860.0,1411.0,431.0,532.0,0900700014876,19.33640554,-98.99679139,2,1,False,False
09,007,Iztapalapa,0001,4880,5581,214.0,264.0,542.0,292.0,365.0,37.0,118.0,1773.0,1397.0,432.0,478.0,0900700014880,19.33674522,-98.99928236,2,1,False,False
09,007,Iztapalapa,0001,4895,3426,84.0,111.0,464.0,287.0,211.0,21.0,20.0,1152.0,1155.0,487.0,195.0,0900700014895,19.3842927,-99.07105333,4,0,False,False
09,007,Iztapalapa,0001,4908,5488,169.0,174.0,839.0,550.0,387.0,47.0,52.0,1894.0,1527.0,550.0,343.0,0900700014908,19.382505575000003,-99.069889705,3,0,False,True
09,007,Iztapalapa,0001,4912,6803,180.0,249.0,1056.0,667.0,253.0,50.0,99.0,1771.0,1930.0,729.0,429.0,0900700014912,19.35714977,-99.08009417,1,0,False,True
09,007,Iztapalapa,0001,4927,6812,212.0,223.0,853.0,580.0,299.0,58.0,45.0,1725.0,2165.0,803.0,435.0,0900700014927,19.35590048,-99.08122275,1,0,False,True
09,007,Iztapalapa,0001,4931,5485,194.0,223.0,720.0,504.0,273.0,44.0,75.0,2041.0,1488.0,573.0,417.0,0900700014931,19.348949935,-99.00890486,0,0,True,False
09,007,Iztapalapa,0001,4946,5350,188.0,184.0,703.0,502.0,419.0,58.0,62.0,1858.0,1505.0,598.0,372.0,0900700014946,19.347643735,-99.012866785,0,0,True,False
09,007,Iztapalapa,0001,4965,4114,82.0,112.0,791.0,532.0,260.0,37.0,32.0,1045.0,1102.0,353.0,194.0,0900700014965,19.32237282,-99.09405875499999,2,1,False,False
09,007,Iztapalapa,0001,497A,1927,55.0,67.0,247.0,165.0,100.0,12.0,10.0,572.0,594.0,255.0,122.0,090070001497A,19.35074409,-99.077182545,0,0,False,False
09,007,Iztapalapa,0001,4984,4002,120.0,141.0,520.0,314.0,299.0,36.0,60.0,1262.0,1151.0,433.0,261.0,0900700014984,19.34742958,-99.08138416,0,0,False,False
09,007,Iztapalapa,0001,4999,3431,109.0,122.0,540.0,381.0,253.0,40.0,49.0,1171.0,858.0,299.0,231.0,0900700014999,19.341695555,-99.03054187999999,4,1,False,False
09,007,Iztapalapa,0001,5003,3643,88.0,139.0,481.0,311.0,222.0,32.0,35.0,999.0,1054.0,383.0,227.0,0900700015003,19.34180378,-99.026693015,4,1,False,False
09,007,Iztapalapa,0001,5018,2989,108.0,90.0,413.0,294.0,96.0,23.0,29.0,1075.0,811.0,310.0,198.0,0900700015018,19.33421321,-99.06101783,1,1,False,False
09,007,Iztapalapa,0001,5037,2646,100.0,125.0,315.0,185.0,146.0,20.0,63.0,704.0,692.0,231.0,225.0,0900700015037,19.33928212,-98.97850466,0,0,False,False
09,007,Iztapalapa,0001,5041,3291,160.0,153.0,293.0,168.0,209.0,26.0,65.0,1005.0,872.0,311.0,313.0,0900700015041,19.33727454,-98.97778708999999,0,0,False,False
09,007,Iztapalapa,0001,5056,806,29.0,33.0,111.0,63.0,61.0,4.0,8.0,189.0,251.0,99.0,62.0,0900700015056,19.32726085,-99.052927945,2,1,False,False
09,007,Iztapalapa,0001,5060,5931,169.0,216.0,917.0,627.0,479.0,52.0,76.0,1815.0,1592.0,549.0,385.0,0900700015060,19.32662102,-99.05510133499999,2,1,False,False
09,007,Iztapalapa,0001,5075,3792,146.0,194.0,431.0,260.0,271.0,43.0,79.0,1459.0,1014.0,344.0,340.0,0900700015075,19.328842765,-99.02251658,1,0,False,False
09,007,Iztapalapa,0001,508A,3945,159.0,194.0,385.0,238.0,203.0,22.0,80.0,1358.0,1066.0,335.0,353.0,090070001508A,19.32769563,-99.02022775,0,0,True,False
09,007,Iztapalapa,0001,5094,1516,48.0,57.0,94.0,42.0,66.0,3.0,12.0,455.0,514.0,216.0,105.0,0900700015094,19.36969259,-99.00783404,1,0,False,False
09,007,Iztapalapa,0001,5107,4853,149.0,176.0,594.0,342.0,299.0,27.0,56.0,1398.0,1464.0,547.0,325.0,0900700015107,19.36556723,-99.00547313,1,0,False,False
09,007,Iztapalapa,0001,5111,7653,179.0,231.0,837.0,445.0,299.0,32.0,39.0,1749.0,2594.0,976.0,410.0,0900700015111,19.35794298,-99.06335177,0,2,True,False
09,007,Iztapalapa,0001,5126,4853,110.0,155.0,739.0,372.0,155.0,23.0,40.0,1094.0,1492.0,586.0,265.0,0900700015126,19.35725349,-99.06143420000001,1,3,False,False
09,007,Iztapalapa,0001,5130,2592,66.0,89.0,389.0,236.0,166.0,36.0,28.0,870.0,741.0,308.0,155.0,0900700015130,19.33359898,-99.06956662,1,1,False,False
09,007,Iztapalapa,0001,5145,4478,164.0,162.0,584.0,350.0,244.0,36.0,49.0,1399.0,1344.0,571.0,326.0,0900700015145,19.33060476,-99.06780724000001,2,0,False,False
09,007,Iztapalapa,0001,515A,1634,52.0,66.0,225.0,138.0,113.0,17.0,23.0,545.0,399.0,164.0,118.0,090070001515A,19.2906222,-99.072425735,3,3,False,False
09,007,Iztapalapa,0001,5179,1573,58.0,62.0,156.0,104.0,125.0,22.0,25.0,702.0,405.0,174.0,120.0,0900700015179,19.37826743,-99.05209131,3,1,False,False
09,007,Iztapalapa,0001,5183,3932,191.0,181.0,314.0,176.0,176.0,17.0,76.0,1701.0,903.0,445.0,372.0,0900700015183,19.37824705,-99.05159969,3,2,False,False
09,007,Iztapalapa,0001,5198,5541,267.0,305.0,453.0,264.0,162.0,23.0,113.0,2120.0,1372.0,531.0,572.0,0900700015198,19.36881957,-99.05068564,2,0,False,False
09,007,Iztapalapa,0001,5200,4699,194.0,276.0,386.0,218.0,131.0,11.0,114.0,1963.0,1151.0,455.0,470.0,0900700015200,19.364771044999998,-99.05045028,2,0,False,False
09,007,Iztapalapa,0001,5215,5858,200.0,252.0,684.0,434.0,256.0,28.0,90.0,1954.0,1486.0,509.0,452.0,0900700015215,19.331005575,-99.080599495,1,0,False,False
09,007,Iztapalapa,0001,522A,2314,61.0,79.0,362.0,185.0,153.0,26.0,18.0,636.0,734.0,259.0,140.0,090070001522A,19.330179635,-99.084924865,1,1,False,False
09,007,Iztapalapa,0001,5249,3208,74.0,125.0,279.0,144.0,116.0,22.0,37.0,683.0,1116.0,389.0,199.0,0900700015249,19.3276996,-99.08592583,1,1,False,False
09,007,Iztapalapa,0001,5253,4458,186.0,212.0,338.0,193.0,145.0,19.0,84.0,1982.0,1350.0,535.0,398.0,0900700015253,19.37548515,-99.03059468,3,1,False,False
09,007,Iztapalapa,0001,5268,5103,227.0,236.0,442.0,255.0,172.0,15.0,99.0,2029.0,1447.0,563.0,463.0,0900700015268,19.37340556,-99.02941559,3,1,False,False
09,007,Iztapalapa,0001,5272,3347,76.0,93.0,656.0,430.0,108.0,31.0,28.0,767.0,1189.0,428.0,169.0,0900700015272,19.373761985,-99.119801465,2,2,False,False
09,007,Iztapalapa,0001,5287,2360,53.0,59.0,470.0,326.0,74.0,8.0,18.0,744.0,887.0,409.0,112.0,0900700015287,19.37204728,-99.12206021,2,2,False,False
09,007,Iztapalapa,0001,5291,3411,139.0,148.0,301.0,178.0,160.0,37.0,61.0,1319.0,910.0,315.0,287.0,0900700015291,19.34732848,-99.00467829499999,2,0,False,False
09,007,Iztapalapa,0001,5304,5300,189.0,236.0,672.0,431.0,450.0,84.0,93.0,1803.0,1384.0,477.0,425.0,0900700015304,19.34256818,-99.00406133,2,0,False,False
09,007,Iztapalapa,0001,5319,3414,143.0,134.0,386.0,259.0,275.0,27.0,56.0,1147.0,949.0,448.0,277.0,0900700015319,19.3409537,-98.99344464,2,2,False,False
09,007,Iztapalapa,0001,5323,3240,148.0,163.0,255.0,177.0,209.0,28.0,77.0,1072.0,845.0,275.0,311.0,0900700015323,19.33680993,-98.99244053,0,2,False,False
09,007,Iztapalapa,0001,5338,6974,309.0,382.0,551.0,334.0,240.0,32.0,167.0,2562.0,1715.0,581.0,691.0,0900700015338,19.33172415,-99.01285794,0,0,True,False
09,007,Iztapalapa,0001,5342,5210,283.0,256.0,358.0,198.0,193.0,32.0,128.0,1836.0,1302.0,495.0,539.0,0900700015342,19.33406126,-99.00730417,1,0,False,False
09,007,Iztapalapa,0001,5357,3042,91.0,101.0,482.0,346.0,222.0,34.0,35.0,782.0,843.0,330.0,192.0,0900700015357,19.31680866,-99.08162437,4,0,False,False
09,007,Iztapalapa,0001,5361,2123,68.0,111.0,33.0,21.0,63.0,7.0,10.0,55.0,531.0,95.0,179.0,0900700015361,19.31551085,-99.07949226,5,0,False,False
09,007,Iztapalapa,0001,5376,961,38.0,56.0,10.0,6.0,6.0,0.0,8.0,13.0,246.0,74.0,94.0,0900700015376,19.31022579,-99.08462983,3,0,False,False
09,007,Iztapalapa,0001,5380,8787,373.0,454.0,816.0,466.0,462.0,87.0,181.0,3176.0,2255.0,769.0,827.0,0900700015380,19.31693335,-99.04481329,3,1,False,False
09,007,Iztapalapa,0001,5395,3565,125.0,174.0,236.0,151.0,171.0,30.0,70.0,1258.0,808.0,504.0,299.0,0900700015395,19.31427144,-99.04520059,3,1,False,False
09,007,Iztapalapa,0001,5408,2285,89.0,105.0,231.0,132.0,155.0,15.0,36.0,803.0,556.0,244.0,194.0,0900700015408,19.28869408,-99.07230741,3,3,False,False
09,007,Iztapalapa,0001,5412,2677,89.0,102.0,233.0,130.0,137.0,40.0,31.0,857.0,673.0,310.0,191.0,0900700015412,19.2893485,-99.07137568,3,3,False,False
09,007,Iztapalapa,0001,5427,4283,157.0,192.0,399.0,229.0,264.0,36.0,75.0,1379.0,1141.0,558.0,349.0,0900700015427,19.28723136,-99.06885518,3,2,False,False
09,007,Iztapalapa,0001,5431,2463,42.0,65.0,464.0,334.0,118.0,16.0,15.0,751.0,804.0,339.0,107.0,0900700015431,19.37185068,-99.106316,1,2,False,False
09,007,Iztapalapa,0001,5446,4124,97.0,132.0,911.0,633.0,255.0,47.0,28.0,1149.0,1245.0,541.0,229.0,0900700015446,19.36593749,-99.10976378,1,4,False,False
09,007,Iztapalapa,0001,5450,3458,99.0,136.0,527.0,349.0,194.0,34.0,50.0,1152.0,852.0,288.0,235.0,0900700015450,19.32511232,-99.06005669,2,0,False,False
09,007,Iztapalapa,0001,5465,1777,48.0,59.0,235.0,127.0,76.0,12.0,19.0,508.0,546.0,214.0,107.0,0900700015465,19.3252005,-99.0623698,1,0,False,False
09,007,Iztapalapa,0001,547A,3413,127.0,148.0,235.0,143.0,110.0,28.0,61.0,1393.0,973.0,356.0,275.0,090070001547A,19.37903827,-99.05582111,2,2,False,False
09,007,Iztapalapa,0001,5484,4151,114.0,135.0,503.0,239.0,152.0,19.0,36.0,1141.0,1374.0,590.0,249.0,0900700015484,19.374866,-99.05427924,3,2,False,False
09,007,Iztapalapa,0001,5499,4474,192.0,211.0,464.0,272.0,287.0,40.0,85.0,1336.0,1115.0,335.0,403.0,0900700015499,19.321111950000002,-99.0409756,5,2,False,False
09,007,Iztapalapa,0001,5501,6014,292.0,327.0,359.0,191.0,324.0,38.0,163.0,1973.0,1465.0,515.0,619.0,0900700015501,19.31960026,-99.039855015,4,2,False,False
09,007,Iztapalapa,0001,5516,4913,218.0,248.0,344.0,196.0,274.0,29.0,99.0,1674.0,1184.0,480.0,466.0,0900700015516,19.32057389,-99.03729948,4,2,False,False
09,007,Iztapalapa,0001,5520,3557,188.0,153.0,250.0,153.0,75.0,10.0,83.0,1079.0,831.0,355.0,341.0,0900700015520,19.317400685000003,-99.041436695,3,1,False,False
09,007,Iztapalapa,0001,5535,4112,109.0,135.0,573.0,331.0,343.0,57.0,36.0,1282.0,1229.0,499.0,244.0,0900700015535,19.329003915,-99.07313350499999,1,0,False,False
09,007,Iztapalapa,0001,554A,2658,79.0,109.0,218.0,121.0,137.0,9.0,25.0,878.0,872.0,295.0,188.0,090070001554A,19.32788318,-99.075137,2,0,False,False
09,007,Iztapalapa,0001,5554,2894,90.0,126.0,401.0,270.0,119.0,25.0,41.0,744.0,774.0,343.0,216.0,0900700015554,19.33973729,-99.02270047,4,0,False,False
09,007,Iztapalapa,0001,5569,4114,150.0,155.0,413.0,220.0,307.0,28.0,55.0,1431.0,1233.0,461.0,305.0,0900700015569,19.33955383,-99.01946455,0,0,False,False
09,007,Iztapalapa,0001,5573,3451,123.0,172.0,353.0,231.0,155.0,20.0,69.0,1263.0,871.0,268.0,295.0,0900700015573,19.333434075,-99.02609176,3,0,False,False
09,007,Iztapalapa,0001,5588,4157,173.0,209.0,490.0,310.0,237.0,24.0,86.0,1420.0,1065.0,361.0,382.0,0900700015588,19.33130252,-99.02343127,2,0,False,False
09,007,Iztapalapa,0001,5592,1833,40.0,69.0,365.0,276.0,99.0,12.0,29.0,517.0,511.0,217.0,109.0,0900700015592,19.38271281,-99.0368823,1,2,False,False
09,007,Iztapalapa,0001,5605,4180,155.0,177.0,348.0,209.0,211.0,25.0,51.0,1434.0,1289.0,525.0,332.0,0900700015605,19.37653306,-99.0405523,2,2,False,False
09,007,Iztapalapa,0001,5624,3644,100.0,135.0,575.0,279.0,220.0,20.0,28.0,1092.0,977.0,363.0,235.0,0900700015624,19.30695794,-99.08798836,0,0,False,False
09,007,Iztapalapa,0001,5639,1737,74.0,74.0,172.0,89.0,103.0,23.0,34.0,747.0,463.0,184.0,148.0,0900700015639,19.379026405,-99.0511343,3,2,False,False
09,007,Iztapalapa,0001,5643,836,28.0,29.0,117.0,80.0,35.0,6.0,19.0,162.0,253.0,108.0,57.0,0900700015643,19.37816625,-99.04917125,3,2,False,False
09,007,Iztapalapa,0001,5658,7959,428.0,491.0,422.0,245.0,352.0,36.0,215.0,3694.0,2021.0,805.0,919.0,0900700015658,19.37438428,-99.04451872,3,1,False,False
09,007,Iztapalapa,0001,5662,2312,108.0,99.0,258.0,160.0,63.0,26.0,46.0,1010.0,588.0,245.0,207.0,0900700015662,19.370993415,-99.04793943,3,0,False,False
09,007,Iztapalapa,0001,5677,5416,183.0,230.0,650.0,376.0,255.0,91.0,101.0,1895.0,1367.0,480.0,413.0,0900700015677,19.36795463,-99.036462175,3,1,False,False
09,007,Iztapalapa,0001,5681,6838,265.0,290.0,619.0,373.0,185.0,32.0,102.0,2469.0,2372.0,961.0,555.0,0900700015681,19.36662665,-99.03199089,3,1,False,False
09,007,Iztapalapa,0001,5696,1765,69.0,74.0,159.0,96.0,62.0,3.0,28.0,697.0,567.0,230.0,143.0,0900700015696,19.36301229,-99.02791282,2,2,False,False
09,007,Iztapalapa,0001,5709,2911,83.0,92.0,480.0,300.0,224.0,33.0,24.0,842.0,814.0,329.0,175.0,0900700015709,19.33596415,-99.08124724,0,0,False,False
09,007,Iztapalapa,0001,5713,3338,91.0,118.0,454.0,275.0,228.0,17.0,31.0,946.0,1007.0,354.0,209.0,0900700015713,19.33465031,-99.082791985,0,0,False,False
09,007,Iztapalapa,0001,5728,1591,73.0,72.0,142.0,77.0,89.0,12.0,26.0,596.0,374.0,114.0,145.0,0900700015728,19.323009185,-99.045858435,4,1,False,False
09,007,Iztapalapa,0001,5732,2692,101.0,100.0,271.0,161.0,164.0,15.0,30.0,865.0,776.0,305.0,201.0,0900700015732,19.32221485,-99.04500804,4,1,False,False
09,007,Iztapalapa,0001,5747,1979,51.0,72.0,292.0,138.0,198.0,16.0,27.0,608.0,520.0,190.0,123.0,0900700015747,19.37534191,-99.00653621,0,0,False,False
09,007,Iztapalapa,0001,5751,1984,57.0,64.0,294.0,145.0,116.0,17.0,20.0,628.0,536.0,165.0,121.0,0900700015751,19.373218665,-99.00734514,0,0,False,False
09,007,Iztapalapa,0001,5766,2047,74.0,73.0,268.0,143.0,170.0,11.0,17.0,598.0,536.0,180.0,147.0,0900700015766,19.37519122,-99.00538478,0,0,False,False
09,007,Iztapalapa,0001,5770,1531,38.0,38.0,235.0,125.0,73.0,11.0,18.0,425.0,449.0,241.0,76.0,0900700015770,19.3710904,-99.00538526,0,0,False,False
09,007,Iztapalapa,0001,5785,500,9.0,25.0,78.0,52.0,8.0,,7.0,139.0,138.0,64.0,34.0,0900700015785,19.37472935,-99.05687732,3,2,False,False
09,007,Iztapalapa,0001,579A,364,19.0,10.0,47.0,27.0,7.0,,,128.0,93.0,38.0,29.0,090070001579A,19.37447298,-99.055571455,3,2,False,False
09,007,Iztapalapa,0001,5802,463,17.0,17.0,69.0,40.0,24.0,5.0,7.0,102.0,141.0,46.0,34.0,0900700015802,19.374175205,-99.05451761500001,3,2,False,False
09,007,Iztapalapa,0001,5817,504,21.0,20.0,56.0,29.0,25.0,,8.0,137.0,157.0,58.0,41.0,0900700015817,19.37305661,-99.05502019,3,1,False,False
09,007,Iztapalapa,0001,5821,468,12.0,13.0,69.0,41.0,16.0,0.0,7.0,58.0,146.0,64.0,25.0,0900700015821,19.373476205,-99.05309500499999,3,1,False,False
09,007,Iztapalapa,0001,5836,492,10.0,18.0,68.0,43.0,32.0,5.0,8.0,57.0,164.0,65.0,28.0,0900700015836,19.372085,-99.05378674,3,1,False,False
09,007,Iztapalapa,0001,5840,755,22.0,32.0,99.0,61.0,33.0,8.0,12.0,240.0,206.0,95.0,54.0,0900700015840,19.372893625,-99.052225515,3,0,False,False
09,007,Iztapalapa,0001,5855,560,24.0,25.0,79.0,38.0,38.0,4.0,10.0,208.0,150.0,83.0,49.0,0900700015855,19.37187582,-99.05168338,3,0,False,False
09,007,Iztapalapa,0001,586A,2523,57.0,85.0,229.0,139.0,66.0,9.0,15.0,618.0,825.0,336.0,142.0,090070001586A,19.31006122,-99.09174592,1,0,False,False
09,007,Iztapalapa,0001,5874,1628,36.0,49.0,254.0,176.0,62.0,7.0,10.0,380.0,520.0,180.0,85.0,0900700015874,19.31367128,-99.089892225,2,0,False,False
09,007,Iztapalapa,0001,5889,2195,74.0,72.0,156.0,94.0,86.0,6.0,17.0,579.0,667.0,224.0,146.0,0900700015889,19.33322688,-99.08833474,1,1,False,False
09,007,Iztapalapa,0001,5893,5778,175.0,188.0,649.0,386.0,400.0,48.0,57.0,1618.0,1708.0,627.0,363.0,0900700015893,19.331623235000002,-99.08871589,1,1,False,False
09,007,Iztapalapa,0001,5906,3780,102.0,153.0,464.0,266.0,182.0,20.0,26.0,1091.0,1128.0,442.0,255.0,0900700015906,19.331051205,-99.06401,2,0,False,False
09,007,Iztapalapa,0001,5910,3698,107.0,138.0,327.0,188.0,204.0,30.0,34.0,1063.0,1164.0,434.0,245.0,0900700015910,19.33169704,-99.06143686,1,1,False,False
09,007,Iztapalapa,0001,5925,3653,96.0,121.0,380.0,208.0,71.0,17.0,26.0,944.0,1293.0,534.0,217.0,0900700015925,19.328628039999998,-99.08478252500001,1,1,False,False
09,007,Iztapalapa,0001,593A,3627,136.0,177.0,296.0,178.0,172.0,16.0,65.0,1296.0,1095.0,446.0,313.0,090070001593A,19.32873026,-99.08048446000001,2,0,False,False
09,008,La Magdalena Contreras,0001,0014,1704,23.0,28.0,450.0,312.0,75.0,16.0,5.0,241.0,666.0,307.0,51.0,0900800010014,19.334206825,-99.216932245,1,4,False,False
09,008,La Magdalena Contreras,0001,0029,1293,17.0,18.0,349.0,238.0,64.0,14.0,3.0,248.0,480.0,260.0,35.0,0900800010029,19.33180195,-99.2121069,1,3,False,False
09,008,La Magdalena Contreras,0001,0033,594,7.0,9.0,151.0,111.0,28.0,8.0,,124.0,224.0,101.0,16.0,0900800010033,19.33267558,-99.21065324,1,3,False,False
09,008,La Magdalena Contreras,0001,0048,2569,46.0,54.0,669.0,501.0,129.0,25.0,11.0,458.0,960.0,459.0,100.0,0900800010048,19.335652595,-99.21041688,2,3,False,False
09,008,La Magdalena Contreras,0001,0052,2382,34.0,36.0,641.0,471.0,110.0,19.0,4.0,418.0,817.0,324.0,70.0,0900800010052,19.32758862,-99.22237621,3,3,False,False
09,008,La Magdalena Contreras,0001,0071,1074,19.0,17.0,312.0,218.0,75.0,11.0,5.0,165.0,406.0,222.0,36.0,0900800010071,19.33170738,-99.2175543,3,3,False,False
09,008,La Magdalena Contreras,0001,0086,3234,63.0,67.0,761.0,567.0,115.0,32.0,8.0,640.0,1177.0,438.0,130.0,0900800010086,19.325127215000002,-99.218316425,3,2,False,False
09,008,La Magdalena Contreras,0001,0090,6182,174.0,204.0,1047.0,733.0,452.0,72.0,38.0,1670.0,1597.0,607.0,378.0,0900800010090,19.32528535,-99.24778803,3,0,False,True
09,008,La Magdalena Contreras,0001,0103,5677,145.0,175.0,970.0,697.0,406.0,50.0,46.0,1300.0,1494.0,498.0,320.0,0900800010103,19.325838519999998,-99.24488281000001,3,0,False,True
09,008,La Magdalena Contreras,0001,0118,5588,94.0,135.0,1196.0,843.0,113.0,43.0,17.0,1028.0,1603.0,577.0,229.0,0900800010118,19.323637955000002,-99.23159649499999,2,1,False,False
09,008,La Magdalena Contreras,0001,0122,1839,30.0,43.0,458.0,314.0,78.0,26.0,6.0,383.0,559.0,215.0,73.0,0900800010122,19.32500116,-99.223748445,3,2,False,False
09,008,La Magdalena Contreras,0001,0137,7781,218.0,281.0,1040.0,744.0,510.0,73.0,81.0,2432.0,2050.0,766.0,499.0,0900800010137,19.31947999,-99.24744574,6,0,False,True
09,008,La Magdalena Contreras,0001,0141,4742,105.0,148.0,754.0,537.0,280.0,41.0,27.0,1050.0,1336.0,467.0,253.0,0900800010141,19.3219321,-99.24438056,5,0,False,False
09,008,La Magdalena Contreras,0001,0156,3779,104.0,119.0,586.0,372.0,269.0,44.0,27.0,874.0,1021.0,373.0,223.0,0900800010156,19.32251255,-99.24038418,4,0,False,False
09,008,La Magdalena Contreras,0001,0160,4021,101.0,133.0,692.0,498.0,157.0,27.0,26.0,729.0,1072.0,400.0,234.0,0900800010160,19.32100708,-99.239056045,4,0,False,False
09,008,La Magdalena Contreras,0001,0175,1415,34.0,38.0,345.0,268.0,60.0,16.0,3.0,291.0,442.0,134.0,72.0,0900800010175,19.32202565,-99.22992843,2,4,False,False
09,008,La Magdalena Contreras,0001,018A,2321,53.0,64.0,452.0,335.0,176.0,17.0,7.0,600.0,669.0,269.0,117.0,090080001018A,19.31755119,-99.22791866,1,4,False,False
09,008,La Magdalena Contreras,0001,0194,3249,72.0,93.0,738.0,528.0,215.0,37.0,21.0,832.0,980.0,355.0,165.0,0900800010194,19.31910616,-99.22369317,3,5,False,False
09,008,La Magdalena Contreras,0001,0207,5197,147.0,143.0,981.0,668.0,288.0,63.0,35.0,1430.0,1440.0,533.0,290.0,0900800010207,19.31760387,-99.24569734,5,0,False,True
09,008,La Magdalena Contreras,0001,0211,5516,160.0,167.0,981.0,684.0,214.0,39.0,38.0,1377.0,1525.0,721.0,327.0,0900800010211,19.31903581,-99.24229869,5,0,False,True
09,008,La Magdalena Contreras,0001,0226,3917,90.0,115.0,675.0,472.0,370.0,54.0,27.0,1156.0,1097.0,447.0,205.0,0900800010226,19.30996761,-99.24902722,5,1,False,False
09,008,La Magdalena Contreras,0001,0230,4286,111.0,154.0,761.0,532.0,163.0,38.0,30.0,1123.0,1279.0,490.0,265.0,0900800010230,19.310039590000002,-99.24732879999999,6,1,False,False
09,008,La Magdalena Contreras,0001,0245,2847,104.0,95.0,529.0,381.0,129.0,15.0,16.0,651.0,777.0,297.0,199.0,0900800010245,19.31278847,-99.24428983,7,2,False,False
09,008,La Magdalena Contreras,0001,025A,3734,84.0,124.0,747.0,554.0,185.0,40.0,13.0,785.0,1035.0,416.0,208.0,090080001025A,19.311092934999998,-99.23685279,3,1,False,False
09,008,La Magdalena Contreras,0001,0264,5201,125.0,162.0,832.0,575.0,213.0,37.0,29.0,1352.0,1461.0,591.0,287.0,0900800010264,19.313500025,-99.23128507499999,0,5,False,False
09,008,La Magdalena Contreras,0001,0283,4642,114.0,118.0,1014.0,767.0,267.0,64.0,26.0,1132.0,1448.0,569.0,232.0,0900800010283,19.31228967,-99.22086959,1,4,False,False
09,008,La Magdalena Contreras,0001,0298,2262,61.0,78.0,330.0,209.0,124.0,22.0,22.0,499.0,618.0,229.0,139.0,0900800010298,19.30640738,-99.24950313,3,1,False,False
09,008,La Magdalena Contreras,0001,0300,6547,181.0,232.0,1022.0,678.0,345.0,47.0,63.0,1501.0,1734.0,634.0,413.0,0900800010300,19.30528928,-99.24817507,3,1,False,False
09,008,La Magdalena Contreras,0001,0315,4031,96.0,129.0,699.0,491.0,260.0,36.0,41.0,1045.0,1149.0,433.0,225.0,0900800010315,19.30325022,-99.24388596,4,1,False,False
09,008,La Magdalena Contreras,0001,032A,5394,131.0,158.0,986.0,671.0,356.0,64.0,46.0,1311.0,1515.0,639.0,289.0,090080001032A,19.30568121,-99.23686075,2,1,False,False
09,008,La Magdalena Contreras,0001,0334,2848,78.0,69.0,569.0,384.0,187.0,35.0,21.0,723.0,757.0,292.0,147.0,0900800010334,19.307347880000002,-99.232781475,1,1,False,False
09,008,La Magdalena Contreras,0001,0349,9652,283.0,377.0,1410.0,962.0,564.0,90.0,89.0,2634.0,2558.0,883.0,660.0,0900800010349,19.29742251,-99.24341577,6,0,False,True
09,008,La Magdalena Contreras,0001,0353,4361,79.0,113.0,792.0,555.0,300.0,53.0,19.0,1037.0,1193.0,478.0,192.0,0900800010353,19.30420022,-99.23478498,2,1,False,False
09,008,La Magdalena Contreras,0001,0387,9890,298.0,422.0,1324.0,863.0,493.0,111.0,131.0,3162.0,2524.0,908.0,720.0,0900800010387,19.315114115,-99.25939324000001,4,0,False,True
09,008,La Magdalena Contreras,0001,0404,8605,250.0,318.0,1343.0,936.0,498.0,70.0,89.0,2536.0,2268.0,808.0,568.0,0900800010404,19.30938141,-99.26251412,1,0,False,True
09,008,La Magdalena Contreras,0001,0423,8887,326.0,377.0,989.0,626.0,528.0,67.0,133.0,2373.0,2362.0,752.0,703.0,0900800010423,19.30174751,-99.25713087,3,1,False,False
09,008,La Magdalena Contreras,0001,0438,6170,227.0,264.0,654.0,379.0,258.0,73.0,82.0,2167.0,1634.0,508.0,491.0,0900800010438,19.30877186,-99.26818227,1,0,False,False
09,008,La Magdalena Contreras,0001,0457,7657,301.0,364.0,716.0,454.0,474.0,82.0,137.0,2480.0,2003.0,619.0,665.0,0900800010457,19.29720993,-99.256894725,1,0,False,False
09,008,La Magdalena Contreras,0001,0461,9520,383.0,438.0,886.0,536.0,488.0,86.0,129.0,3201.0,2403.0,884.0,821.0,0900800010461,19.292430064999998,-99.24429225,4,0,False,True
09,008,La Magdalena Contreras,0001,0476,6192,284.0,318.0,491.0,290.0,357.0,30.0,110.0,2178.0,1566.0,512.0,602.0,0900800010476,19.271754065000003,-99.245544075,0,1,True,False
09,008,La Magdalena Contreras,0001,0495,4250,109.0,112.0,827.0,561.0,215.0,42.0,15.0,1079.0,1206.0,572.0,221.0,0900800010495,19.31010605,-99.22953311,1,5,False,False
09,008,La Magdalena Contreras,0001,0508,1233,36.0,31.0,390.0,302.0,24.0,,,217.0,476.0,254.0,67.0,0900800010508,19.30828439,-99.22924162,2,5,False,False
09,008,La Magdalena Contreras,0001,0512,8047,267.0,353.0,1021.0,672.0,389.0,70.0,148.0,2565.0,2210.0,834.0,620.0,0900800010512,19.31947178,-99.25658529,5,1,False,False
09,008,La Magdalena Contreras,0001,0527,8287,267.0,355.0,1091.0,726.0,485.0,79.0,107.0,2728.0,2134.0,721.0,622.0,0900800010527,19.31863473,-99.2533445,5,0,False,True
09,008,La Magdalena Contreras,0001,0531,4235,135.0,190.0,550.0,364.0,322.0,29.0,69.0,1160.0,1045.0,416.0,325.0,0900800010531,19.312019225,-99.25345497,5,1,False,False
09,008,La Magdalena Contreras,0001,0546,5931,178.0,261.0,667.0,428.0,339.0,53.0,70.0,1831.0,1475.0,573.0,439.0,0900800010546,19.31493901,-99.25665853,4,0,False,False
09,008,La Magdalena Contreras,0001,0550,6008,154.0,238.0,812.0,539.0,285.0,55.0,84.0,1629.0,1527.0,540.0,392.0,0900800010550,19.31322451,-99.25741312,5,0,False,False
09,008,La Magdalena Contreras,0001,0565,4313,125.0,180.0,619.0,444.0,195.0,20.0,52.0,1487.0,1202.0,424.0,305.0,0900800010565,19.30581771,-99.256860085,2,1,False,False
09,008,La Magdalena Contreras,0001,057A,9341,350.0,446.0,806.0,473.0,653.0,72.0,150.0,3064.0,2402.0,776.0,796.0,090080001057A,19.30139812,-99.26208432,1,0,False,False
09,008,La Magdalena Contreras,0001,0584,5314,195.0,230.0,467.0,293.0,390.0,35.0,71.0,1645.0,1376.0,562.0,425.0,0900800010584,19.30358031,-99.26896854,0,0,True,False
09,008,La Magdalena Contreras,0001,0599,1898,90.0,75.0,168.0,107.0,126.0,15.0,23.0,685.0,506.0,160.0,165.0,0900800010599,19.28299833,-99.24520772,0,0,False,False
09,009,Milpa Alta,0001,0026,3378,109.0,112.0,548.0,385.0,155.0,25.0,42.0,1367.0,900.0,315.0,221.0,0900900010026,19.192241135,-99.02294304,2,2,False,False
09,009,Milpa Alta,0001,0308,3177,102.0,130.0,473.0,323.0,152.0,40.0,50.0,1568.0,773.0,271.0,232.0,0900900010308,19.19519471,-99.02699617,2,2,False,False
09,009,Milpa Alta,0001,0312,4448,155.0,217.0,589.0,403.0,209.0,31.0,59.0,1939.0,1123.0,357.0,372.0,0900900010312,19.18966176,-99.02733988,2,2,False,False
09,009,Milpa Alta,0001,0327,2324,79.0,98.0,362.0,267.0,133.0,32.0,22.0,834.0,632.0,182.0,177.0,0900900010327,19.19249814,-99.02146529,2,2,False,False
09,009,Milpa Alta,0001,0331,2761,80.0,126.0,383.0,268.0,175.0,22.0,34.0,1203.0,661.0,209.0,206.0,0900900010331,19.189464185,-99.018907445,2,2,False,False
09,009,Milpa Alta,0001,0492,416,14.0,16.0,47.0,25.0,22.0,8.0,5.0,185.0,110.0,30.0,30.0,0900900010492,19.200652079999998,-99.02962513,1,0,False,False
09,009,Milpa Alta,0001,0505,722,27.0,35.0,73.0,54.0,44.0,4.0,10.0,259.0,175.0,68.0,62.0,0900900010505,19.20145764,-99.01771946,1,0,False,False
09,009,Milpa Alta,0001,0562,987,49.0,46.0,108.0,79.0,54.0,13.0,14.0,466.0,247.0,88.0,95.0,0900900010562,19.19597778,-99.03216023,1,0,False,False
09,009,Milpa Alta,0011,0401,10423,378.0,397.0,1160.0,715.0,357.0,75.0,129.0,3693.0,2791.0,1123.0,775.0,0900900110401,19.21931936,-98.99471222,1,0,False,True
09,009,Milpa Alta,0011,0416,3231,107.0,137.0,411.0,286.0,207.0,30.0,31.0,903.0,865.0,290.0,244.0,0900900110416,19.217647065,-98.98985007499999,1,0,False,False
09,009,Milpa Alta,0011,0420,7426,273.0,287.0,868.0,584.0,408.0,69.0,80.0,2107.0,1918.0,623.0,560.0,0900900110420,19.21487427,-98.99492818,1,0,False,True
09,009,Milpa Alta,0011,0435,5442,208.0,275.0,574.0,351.0,341.0,52.0,79.0,1372.0,1341.0,437.0,483.0,0900900110435,19.21543711,-98.99100586,1,0,False,False
09,009,Milpa Alta,0011,051A,971,37.0,60.0,69.0,48.0,78.0,9.0,16.0,255.0,244.0,62.0,97.0,090090011051A,19.208851535,-98.98455637,0,0,False,False
09,009,Milpa Alta,0011,0543,275,3.0,11.0,11.0,7.0,,,7.0,34.0,62.0,15.0,14.0,0900900110543,19.22185089,-99.00455418,1,0,False,False
09,009,Milpa Alta,0015,012A,4933,159.0,195.0,614.0,411.0,301.0,52.0,62.0,1148.0,1331.0,390.0,354.0,090090015012A,19.20631589,-99.06845595,0,0,True,False
09,009,Milpa Alta,0017,0365,4952,198.0,228.0,510.0,330.0,286.0,37.0,54.0,1712.0,1286.0,412.0,426.0,0900900170365,19.19912929,-99.00874202,0,0,True,False
09,009,Milpa Alta,0017,037A,3368,119.0,170.0,322.0,215.0,167.0,42.0,41.0,793.0,863.0,289.0,289.0,090090017037A,19.1958035,-99.00375093,0,0,False,False
09,009,Milpa Alta,0017,0384,3799,140.0,190.0,403.0,257.0,206.0,26.0,49.0,1098.0,977.0,319.0,330.0,0900900170384,19.19117848,-99.00774912,0,0,False,False
09,009,Milpa Alta,0017,0399,1635,50.0,79.0,185.0,129.0,116.0,12.0,25.0,402.0,446.0,185.0,129.0,0900900170399,19.18742007,-98.99432487,0,0,False,False
09,009,Milpa Alta,0017,0558,165,8.0,12.0,10.0,6.0,19.0,,,46.0,41.0,18.0,20.0,0900900170558,19.192010064999998,-98.996492745,0,0,False,False
09,009,Milpa Alta,0024,0191,5998,235.0,282.0,661.0,422.0,220.0,39.0,92.0,1621.0,1520.0,483.0,517.0,0900900240191,19.18710339,-99.07263766,0,1,True,False
09,009,Milpa Alta,0024,0204,4866,226.0,255.0,544.0,377.0,216.0,29.0,68.0,992.0,1243.0,401.0,481.0,0900900240204,19.18599449,-99.07452522,0,1,True,False
09,009,Milpa Alta,0024,0219,4502,160.0,216.0,513.0,321.0,238.0,59.0,71.0,899.0,1124.0,315.0,376.0,0900900240219,19.18454615,-99.07060756499999,0,1,True,False
09,009,Milpa Alta,0024,0577,1152,53.0,48.0,88.0,58.0,55.0,10.0,24.0,189.0,292.0,78.0,101.0,0900900240577,19.17626561,-99.07191957500001,0,1,False,False
09,009,Milpa Alta,0024,0581,382,15.0,19.0,22.0,14.0,10.0,3.0,3.0,101.0,100.0,29.0,34.0,0900900240581,19.18525993,-99.06176104,0,1,False,False
09,009,Milpa Alta,0024,0596,681,26.0,28.0,66.0,36.0,30.0,7.0,5.0,114.0,179.0,70.0,54.0,0900900240596,19.188358115,-99.08252285500001,0,0,False,False
09,009,Milpa Alta,0024,0651,134,7.0,9.0,9.0,5.0,4.0,,3.0,22.0,30.0,7.0,16.0,0900900240651,19.19239795,-99.07565676,0,0,False,False
09,009,Milpa Alta,0029,044A,1588,53.0,63.0,278.0,194.0,77.0,12.0,14.0,596.0,414.0,153.0,116.0,090090029044A,19.20265389,-99.050336125,1,1,False,False
09,009,Milpa Alta,0029,0454,1395,54.0,60.0,192.0,116.0,74.0,22.0,21.0,603.0,367.0,98.0,114.0,0900900290454,19.20335034,-99.04766567,0,1,False,False
09,009,Milpa Alta,0029,0469,3035,111.0,137.0,343.0,203.0,134.0,17.0,48.0,1480.0,766.0,227.0,248.0,0900900290469,19.199474865,-99.051292665,1,1,False,False
09,009,Milpa Alta,0029,0473,3057,143.0,133.0,328.0,205.0,151.0,23.0,43.0,1128.0,755.0,253.0,276.0,0900900290473,19.19844234,-99.04929588,1,1,False,False
09,009,Milpa Alta,0029,0609,159,13.0,11.0,14.0,9.0,6.0,0.0,3.0,61.0,40.0,11.0,24.0,0900900290609,19.201877529999997,-99.058022435,1,1,False,False
09,009,Milpa Alta,0033,0346,5875,236.0,293.0,574.0,374.0,406.0,43.0,98.0,1639.0,1475.0,454.0,529.0,0900900330346,19.19333828,-99.09043585,0,0,True,False
09,009,Milpa Alta,0033,0350,9142,340.0,409.0,868.0,532.0,398.0,53.0,142.0,2267.0,2314.0,683.0,749.0,0900900330350,19.19235912,-99.09204723,0,0,True,True
09,009,Milpa Alta,0033,0488,1830,70.0,75.0,196.0,126.0,110.0,11.0,27.0,654.0,444.0,181.0,145.0,0900900330488,19.20399187,-99.09992862,0,0,False,False
09,009,Milpa Alta,0036,0223,3527,143.0,128.0,477.0,335.0,179.0,34.0,41.0,748.0,957.0,323.0,271.0,0900900360223,19.17707848,-98.9981389,1,0,False,False
09,009,Milpa Alta,0036,0238,3357,107.0,133.0,453.0,294.0,230.0,34.0,38.0,750.0,882.0,307.0,240.0,0900900360238,19.17595709,-98.99872919,1,0,False,False
09,009,Milpa Alta,0036,0242,4831,204.0,204.0,500.0,340.0,202.0,30.0,54.0,1222.0,1191.0,383.0,408.0,0900900360242,19.17355667,-98.99674331,1,0,False,False
09,009,Milpa Alta,0152,0613,2338,91.0,113.0,249.0,158.0,135.0,26.0,34.0,678.0,611.0,148.0,204.0,0900901520613,19.17801644,-99.03199699000001,0,1,False,False
09,009,Milpa Alta,0152,0628,1950,85.0,98.0,246.0,172.0,135.0,29.0,22.0,577.0,501.0,139.0,183.0,0900901520628,19.17590448,-99.03264633,0,1,False,False
09,009,Milpa Alta,0300,0632,2109,87.0,95.0,212.0,140.0,148.0,38.0,33.0,492.0,510.0,175.0,182.0,0900903000632,19.21150146,-98.97235605,1,1,False,False
09,009,Milpa Alta,0300,0647,1969,78.0,107.0,194.0,134.0,114.0,16.0,36.0,521.0,498.0,185.0,185.0,0900903000647,19.20911484,-98.9693718,1,1,False,False
09,010,Álvaro Obregón,0001,0012,1720,35.0,40.0,439.0,324.0,60.0,20.0,7.0,337.0,547.0,253.0,75.0,0901000010012,19.40162238,-99.19979512,3,1,False,False
09,010,Álvaro Obregón,0001,0027,2510,54.0,72.0,634.0,448.0,108.0,23.0,15.0,527.0,838.0,365.0,126.0,0901000010027,19.403008495,-99.19623864,3,1,False,False
09,010,Álvaro Obregón,0001,0031,3440,69.0,103.0,633.0,443.0,195.0,41.0,19.0,824.0,1003.0,418.0,172.0,0901000010031,19.39939293,-99.20422735,2,1,False,False
09,010,Álvaro Obregón,0001,0046,5330,144.0,189.0,858.0,601.0,327.0,51.0,59.0,1308.0,1394.0,584.0,333.0,0901000010046,19.39708788,-99.20455230499999,5,1,False,False
09,010,Álvaro Obregón,0001,0050,4144,121.0,122.0,627.0,415.0,285.0,49.0,27.0,1055.0,1238.0,526.0,243.0,0901000010050,19.3981399,-99.19681078,4,2,False,False
09,010,Álvaro Obregón,0001,0065,5548,135.0,165.0,993.0,707.0,429.0,126.0,47.0,1494.0,1839.0,786.0,300.0,0901000010065,19.39676621,-99.19249798,3,2,False,False
09,010,Álvaro Obregón,0001,0084,2608,57.0,71.0,471.0,340.0,96.0,21.0,17.0,605.0,839.0,305.0,128.0,0901000010084,19.39390556,-99.2085355,6,2,False,False
09,010,Álvaro Obregón,0001,0099,3822,92.0,130.0,650.0,457.0,210.0,38.0,27.0,935.0,959.0,380.0,222.0,0901000010099,19.39546443,-99.20795199,5,3,False,False
09,010,Álvaro Obregón,0001,0101,1491,35.0,40.0,327.0,229.0,85.0,15.0,10.0,344.0,426.0,201.0,75.0,0901000010101,19.39348133,-99.20336377,8,4,False,False
09,010,Álvaro Obregón,0001,0116,4232,140.0,166.0,640.0,432.0,301.0,46.0,45.0,889.0,1174.0,572.0,306.0,0901000010116,19.39778268,-99.1986259,5,2,False,False
09,010,Álvaro Obregón,0001,0135,21198,662.0,683.0,1791.0,1011.0,591.0,76.0,127.0,3564.0,8070.0,3132.0,1345.0,0901000010135,19.38964135,-99.19187938,4,2,False,False
09,010,Álvaro Obregón,0001,014A,4198,121.0,143.0,739.0,479.0,269.0,45.0,37.0,1037.0,1277.0,481.0,264.0,090100001014A,19.389508,-99.21140735,4,2,False,False
09,010,Álvaro Obregón,0001,0169,2493,72.0,77.0,418.0,287.0,130.0,18.0,26.0,727.0,599.0,241.0,149.0,0901000010169,19.38815116,-99.21542774,6,0,False,False
09,010,Álvaro Obregón,0001,0173,4303,128.0,149.0,756.0,531.0,262.0,62.0,50.0,1083.0,1270.0,545.0,277.0,0901000010173,19.387283795000002,-99.21419510999999,6,2,False,False
09,010,Álvaro Obregón,0001,0188,675,14.0,17.0,163.0,121.0,41.0,9.0,0.0,99.0,260.0,119.0,31.0,0901000010188,19.38992684,-99.20748504,7,2,False,False
09,010,Álvaro Obregón,0001,0192,654,14.0,15.0,144.0,103.0,60.0,10.0,6.0,113.0,291.0,120.0,29.0,0901000010192,19.389655695000002,-99.202922245,6,3,False,False
09,010,Álvaro Obregón,0001,0239,975,23.0,24.0,228.0,158.0,96.0,13.0,,174.0,367.0,165.0,47.0,0901000010239,19.38769541,-99.20290871,6,3,False,False
09,010,Álvaro Obregón,0001,0243,7522,205.0,251.0,1257.0,869.0,476.0,88.0,78.0,1647.0,1998.0,752.0,456.0,0901000010243,19.387122259999998,-99.20218478999999,6,3,False,False
09,010,Álvaro Obregón,0001,0258,734,9.0,11.0,208.0,143.0,50.0,8.0,,131.0,257.0,120.0,20.0,0901000010258,19.38771092,-99.209055025,7,2,False,False
09,010,Álvaro Obregón,0001,0262,451,9.0,7.0,131.0,89.0,30.0,11.0,,76.0,154.0,69.0,16.0,0901000010262,19.38794886,-99.20838216,7,2,False,False
09,010,Álvaro Obregón,0001,0277,456,5.0,6.0,128.0,81.0,8.0,0.0,,84.0,153.0,66.0,11.0,0901000010277,19.38772575,-99.20499964,6,3,False,False
09,010,Álvaro Obregón,0001,0281,237,3.0,12.0,45.0,36.0,3.0,0.0,3.0,78.0,68.0,14.0,15.0,0901000010281,19.38705088,-99.24359093,4,1,False,False
09,010,Álvaro Obregón,0001,0296,2489,60.0,73.0,478.0,330.0,84.0,19.0,25.0,483.0,693.0,283.0,133.0,0901000010296,19.382029869999997,-99.24031907,7,0,False,False
09,010,Álvaro Obregón,0001,0309,3842,82.0,112.0,634.0,444.0,238.0,57.0,36.0,941.0,1063.0,408.0,194.0,0901000010309,19.38028417,-99.24520954,3,1,False,False
09,010,Álvaro Obregón,0001,0313,5423,172.0,193.0,752.0,475.0,319.0,61.0,42.0,1198.0,1301.0,515.0,365.0,0901000010313,19.380393745,-99.24012952,9,0,False,False
09,010,Álvaro Obregón,0001,0328,6914,179.0,243.0,1111.0,748.0,531.0,109.0,77.0,1405.0,1949.0,802.0,422.0,0901000010328,19.38246204,-99.23543254,9,0,False,True
09,010,Álvaro Obregón,0001,0332,4719,170.0,155.0,690.0,465.0,338.0,55.0,40.0,1069.0,1360.0,528.0,325.0,0901000010332,19.38308673,-99.23267849,7,0,False,False
09,010,Álvaro Obregón,0001,0347,3737,129.0,157.0,489.0,337.0,198.0,35.0,44.0,762.0,1094.0,423.0,286.0,0901000010347,19.38378817,-99.23056506500001,6,0,False,False
09,010,Álvaro Obregón,0001,0351,4430,180.0,173.0,600.0,408.0,292.0,41.0,44.0,1085.0,1292.0,449.0,353.0,0901000010351,19.38279731,-99.22766209,9,0,False,False
09,010,Álvaro Obregón,0001,0370,3343,115.0,145.0,404.0,276.0,178.0,27.0,61.0,1104.0,948.0,338.0,260.0,0901000010370,19.385288680000002,-99.21901783,5,0,False,False
09,010,Álvaro Obregón,0001,0385,3058,100.0,126.0,342.0,231.0,224.0,29.0,50.0,808.0,690.0,267.0,226.0,0901000010385,19.383540250000003,-99.21646311,6,0,False,False
09,010,Álvaro Obregón,0001,0417,1933,32.0,50.0,450.0,367.0,125.0,15.0,12.0,286.0,674.0,316.0,82.0,0901000010417,19.38560194,-99.20005552,4,3,False,False
09,010,Álvaro Obregón,0001,0421,5467,186.0,206.0,883.0,633.0,188.0,43.0,65.0,1436.0,1417.0,546.0,392.0,0901000010421,19.38015654,-99.20053531,3,2,False,False
09,010,Álvaro Obregón,0001,0440,4748,154.0,200.0,618.0,435.0,336.0,54.0,75.0,1187.0,1303.0,501.0,354.0,0901000010440,19.37762974,-99.23254959,9,0,False,False
09,010,Álvaro Obregón,0001,0455,3157,72.0,95.0,568.0,391.0,161.0,29.0,25.0,731.0,831.0,299.0,167.0,0901000010455,19.37289861,-99.23203227,8,1,False,False
09,010,Álvaro Obregón,0001,0474,9421,294.0,345.0,1369.0,901.0,501.0,102.0,102.0,2186.0,2413.0,964.0,639.0,0901000010474,19.37896881,-99.20788446,6,1,False,False
09,010,Álvaro Obregón,0001,0489,3751,113.0,156.0,535.0,361.0,231.0,30.0,47.0,1109.0,1031.0,338.0,269.0,0901000010489,19.37609384,-99.2126781,6,0,False,False
09,010,Álvaro Obregón,0001,0493,4638,135.0,161.0,841.0,584.0,255.0,36.0,45.0,1245.0,1324.0,558.0,296.0,0901000010493,19.37515726,-99.20466199,4,0,False,True
09,010,Álvaro Obregón,0001,0506,2719,71.0,108.0,417.0,280.0,127.0,29.0,30.0,945.0,707.0,291.0,179.0,0901000010506,19.376341605,-99.203769065,4,0,False,False
09,010,Álvaro Obregón,0001,0510,3573,70.0,97.0,722.0,535.0,210.0,43.0,11.0,630.0,1207.0,575.0,167.0,0901000010510,19.375935,-99.19704252,5,3,False,False
09,010,Álvaro Obregón,0001,0525,2348,39.0,73.0,514.0,367.0,128.0,18.0,15.0,631.0,772.0,375.0,112.0,0901000010525,19.373863165,-99.1936488,5,4,False,False
09,010,Álvaro Obregón,0001,053A,4574,109.0,150.0,796.0,569.0,231.0,47.0,42.0,1181.0,1296.0,540.0,259.0,090100001053A,19.369173215,-99.23371832500001,4,1,False,False
09,010,Álvaro Obregón,0001,0544,2482,59.0,68.0,499.0,382.0,140.0,30.0,15.0,832.0,761.0,288.0,127.0,0901000010544,19.37000892,-99.2318262,6,1,False,False
09,010,Álvaro Obregón,0001,0559,2371,44.0,46.0,539.0,361.0,118.0,18.0,12.0,514.0,822.0,302.0,90.0,0901000010559,19.36882023,-99.22377633,3,0,False,False
09,010,Álvaro Obregón,0001,0563,9225,285.0,362.0,1426.0,958.0,641.0,108.0,93.0,2519.0,2552.0,973.0,647.0,0901000010563,19.37235115,-99.21698233,5,0,False,True
09,010,Álvaro Obregón,0001,0578,6964,166.0,211.0,1306.0,881.0,431.0,58.0,43.0,1661.0,2020.0,780.0,377.0,0901000010578,19.37161616,-99.21486532,4,0,False,True
09,010,Álvaro Obregón,0001,0597,3848,96.0,118.0,699.0,473.0,197.0,36.0,47.0,925.0,1083.0,411.0,214.0,0901000010597,19.374180165,-99.207954355,5,0,False,False
09,010,Álvaro Obregón,0001,060A,2671,59.0,73.0,535.0,371.0,241.0,31.0,13.0,595.0,779.0,336.0,132.0,090100001060A,19.37442564,-99.2008072,5,0,False,False
09,010,Álvaro Obregón,0001,0614,2078,30.0,44.0,531.0,393.0,143.0,34.0,21.0,484.0,659.0,306.0,74.0,0901000010614,19.37263494,-99.19975409,4,3,False,False
09,010,Álvaro Obregón,0001,0629,2510,36.0,51.0,606.0,435.0,175.0,29.0,4.0,609.0,838.0,333.0,87.0,0901000010629,19.373575765,-99.197761255,5,3,False,False
09,010,Álvaro Obregón,0001,0633,1888,45.0,44.0,405.0,286.0,52.0,17.0,5.0,398.0,574.0,254.0,89.0,0901000010633,19.37161252,-99.1960638,5,3,False,False
09,010,Álvaro Obregón,0001,0648,1560,31.0,28.0,478.0,390.0,87.0,15.0,5.0,259.0,650.0,280.0,59.0,0901000010648,19.37052297,-99.19363912,5,3,False,False
09,010,Álvaro Obregón,0001,0667,5010,158.0,184.0,721.0,538.0,312.0,47.0,36.0,1381.0,1460.0,511.0,342.0,0901000010667,19.3665439,-99.23711423,5,1,False,False
09,010,Álvaro Obregón,0001,0671,4314,82.0,122.0,875.0,589.0,173.0,15.0,17.0,886.0,1504.0,546.0,204.0,0901000010671,19.366670364999997,-99.23311047,5,1,False,False
09,010,Álvaro Obregón,0001,0686,2695,56.0,52.0,758.0,554.0,125.0,21.0,8.0,609.0,905.0,304.0,108.0,0901000010686,19.3672034,-99.22829893,3,1,False,False
09,010,Álvaro Obregón,0001,0690,3546,65.0,93.0,735.0,531.0,198.0,29.0,10.0,816.0,1232.0,504.0,158.0,0901000010690,19.36620268,-99.20293093500001,5,1,False,False
09,010,Álvaro Obregón,0001,0703,1913,25.0,39.0,434.0,314.0,70.0,9.0,8.0,466.0,743.0,384.0,64.0,0901000010703,19.36825301,-99.20892782,4,0,False,False
09,010,Álvaro Obregón,0001,0718,969,12.0,23.0,233.0,167.0,56.0,9.0,3.0,197.0,349.0,142.0,35.0,0901000010718,19.3681919,-99.20788218,5,0,False,False
09,010,Álvaro Obregón,0001,0722,2280,55.0,62.0,505.0,358.0,138.0,25.0,21.0,366.0,838.0,373.0,117.0,0901000010722,19.36694141,-99.20525011,6,0,False,False
09,010,Álvaro Obregón,0001,0737,621,11.0,15.0,145.0,112.0,44.0,8.0,,115.0,289.0,145.0,26.0,0901000010737,19.36781105,-99.20392086,5,1,False,False
09,010,Álvaro Obregón,0001,0741,3250,86.0,100.0,603.0,419.0,186.0,37.0,44.0,778.0,912.0,404.0,186.0,0901000010741,19.36981988,-99.19963697,5,2,False,False
09,010,Álvaro Obregón,0001,0756,1488,26.0,32.0,330.0,263.0,118.0,17.0,5.0,304.0,524.0,227.0,58.0,0901000010756,19.366663145,-99.20274848,6,1,False,False
09,010,Álvaro Obregón,0001,0760,841,15.0,21.0,182.0,120.0,57.0,13.0,5.0,181.0,311.0,156.0,36.0,0901000010760,19.36671373,-99.2012032,4,2,False,False
09,010,Álvaro Obregón,0001,0775,1396,18.0,33.0,361.0,274.0,124.0,15.0,5.0,234.0,536.0,283.0,51.0,0901000010775,19.3676365,-99.19956702,4,2,False,False
09,010,Álvaro Obregón,0001,078A,1113,26.0,17.0,264.0,199.0,119.0,11.0,,199.0,425.0,214.0,43.0,090100001078A,19.36920505,-99.19710929,5,3,False,False
09,010,Álvaro Obregón,0001,0794,757,13.0,12.0,187.0,137.0,50.0,4.0,,179.0,294.0,126.0,25.0,0901000010794,19.36883587,-99.19667245,5,3,False,False
09,010,Álvaro Obregón,0001,0807,1866,25.0,46.0,412.0,293.0,145.0,22.0,5.0,425.0,683.0,343.0,71.0,0901000010807,19.3676309,-99.1973837,5,2,False,False
09,010,Álvaro Obregón,0001,0811,1230,16.0,21.0,316.0,210.0,83.0,4.0,4.0,230.0,497.0,227.0,37.0,0901000010811,19.36915702,-99.19340928,4,4,False,False
09,010,Álvaro Obregón,0001,0826,779,13.0,22.0,213.0,165.0,34.0,11.0,,134.0,278.0,122.0,35.0,0901000010826,19.366223055,-99.19910826,4,2,False,False
09,010,Álvaro Obregón,0001,0830,774,9.0,18.0,201.0,153.0,74.0,10.0,,146.0,303.0,121.0,27.0,0901000010830,19.36599043,-99.19439621,4,3,False,False
09,010,Álvaro Obregón,0001,0845,1543,38.0,34.0,329.0,239.0,44.0,12.0,9.0,301.0,529.0,229.0,72.0,0901000010845,19.365254815,-99.19374515,4,2,False,False
09,010,Álvaro Obregón,0001,0864,5942,185.0,250.0,820.0,560.0,200.0,33.0,91.0,1844.0,1396.0,518.0,435.0,0901000010864,19.36147147,-99.24873515,2,1,False,False
09,010,Álvaro Obregón,0001,0898,2279,69.0,90.0,400.0,288.0,113.0,24.0,21.0,623.0,638.0,225.0,159.0,0901000010898,19.35891568,-99.23149016,3,1,False,False
09,010,Álvaro Obregón,0001,0900,2362,54.0,72.0,426.0,288.0,133.0,25.0,20.0,641.0,657.0,226.0,126.0,0901000010900,19.357609305,-99.22994053,2,1,False,False
09,010,Álvaro Obregón,0001,0915,2776,46.0,65.0,679.0,474.0,97.0,16.0,9.0,532.0,897.0,313.0,111.0,0901000010915,19.36480184,-99.21801873,1,0,False,False
09,010,Álvaro Obregón,0001,092A,2553,58.0,101.0,442.0,293.0,110.0,16.0,26.0,596.0,718.0,256.0,159.0,090100001092A,19.364187485000002,-99.2022003,4,1,False,False
09,010,Álvaro Obregón,0001,0949,1094,22.0,27.0,280.0,224.0,53.0,10.0,,222.0,381.0,162.0,49.0,0901000010949,19.357705005,-99.210430675,2,0,False,False
09,010,Álvaro Obregón,0001,0953,1943,48.0,70.0,483.0,367.0,94.0,19.0,13.0,435.0,684.0,276.0,118.0,0901000010953,19.35864659,-99.2064498,2,0,False,False
09,010,Álvaro Obregón,0001,0968,4987,129.0,155.0,1164.0,842.0,189.0,33.0,19.0,1291.0,1641.0,671.0,284.0,0901000010968,19.359898845,-99.199374615,5,1,False,False
09,010,Álvaro Obregón,0001,0972,3219,82.0,88.0,723.0,505.0,98.0,23.0,12.0,461.0,1172.0,436.0,170.0,0901000010972,19.361621525,-99.195702515,3,3,False,False
09,010,Álvaro Obregón,0001,0987,1969,51.0,38.0,495.0,357.0,98.0,22.0,5.0,309.0,787.0,333.0,89.0,0901000010987,19.36111116,-99.18908024000001,5,4,False,False
09,010,Álvaro Obregón,0001,0991,2679,46.0,62.0,736.0,539.0,114.0,37.0,9.0,445.0,883.0,313.0,108.0,0901000010991,19.35768721,-99.18369147,5,2,False,False
09,010,Álvaro Obregón,0001,1006,2910,46.0,63.0,690.0,476.0,147.0,23.0,6.0,550.0,938.0,341.0,109.0,0901000011006,19.35945172,-99.17491305,2,0,False,False
09,010,Álvaro Obregón,0001,1010,2582,46.0,75.0,643.0,469.0,86.0,18.0,13.0,569.0,871.0,334.0,121.0,0901000011010,19.355609285,-99.20399895,2,0,False,False
09,010,Álvaro Obregón,0001,1025,681,25.0,21.0,123.0,79.0,17.0,0.0,5.0,139.0,243.0,93.0,46.0,0901000011025,19.35420989,-99.21548627,1,0,False,False
09,010,Álvaro Obregón,0001,103A,1813,36.0,49.0,449.0,320.0,54.0,13.0,12.0,363.0,586.0,211.0,85.0,090100001103A,19.34790352,-99.20725388,2,3,False,False
09,010,Álvaro Obregón,0001,1044,2563,59.0,46.0,713.0,534.0,131.0,42.0,6.0,595.0,803.0,346.0,105.0,0901000011044,19.354675620000002,-99.19057166,4,2,False,False
09,010,Álvaro Obregón,0001,1059,3145,68.0,73.0,885.0,669.0,111.0,43.0,15.0,511.0,1336.0,520.0,141.0,0901000011059,19.35197595,-99.18619883,4,2,False,False
09,010,Álvaro Obregón,0001,1063,3028,57.0,75.0,799.0,600.0,139.0,48.0,13.0,590.0,982.0,364.0,132.0,0901000011063,19.35335495,-99.176876525,0,4,False,False
09,010,Álvaro Obregón,0001,1078,5883,145.0,163.0,966.0,677.0,228.0,53.0,40.0,1806.0,1693.0,633.0,308.0,0901000011078,19.34727127,-99.23121468,3,0,False,True
09,010,Álvaro Obregón,0001,110A,3881,64.0,85.0,1020.0,781.0,207.0,45.0,23.0,785.0,1347.0,625.0,149.0,090100001110A,19.34420914,-99.20238756,1,5,False,False
09,010,Álvaro Obregón,0001,1114,864,12.0,12.0,242.0,174.0,17.0,8.0,,138.0,280.0,97.0,24.0,0901000011114,19.349297749999998,-99.193488435,2,3,False,False
09,010,Álvaro Obregón,0001,1129,1218,19.0,25.0,356.0,265.0,66.0,39.0,6.0,209.0,381.0,144.0,44.0,0901000011129,19.34862948,-99.18945807,3,2,False,False
09,010,Álvaro Obregón,0001,1133,2203,24.0,46.0,575.0,414.0,111.0,52.0,4.0,485.0,767.0,322.0,70.0,0901000011133,19.34677577,-99.18549376,3,1,False,False
09,010,Álvaro Obregón,0001,1148,5277,91.0,144.0,1325.0,942.0,172.0,32.0,31.0,888.0,1597.0,441.0,235.0,0901000011148,19.3411999,-99.25344651,0,0,False,True
09,010,Álvaro Obregón,0001,1152,2719,38.0,51.0,740.0,545.0,79.0,20.0,10.0,589.0,849.0,236.0,89.0,0901000011152,19.34439217,-99.24040735,1,0,False,False
09,010,Álvaro Obregón,0001,1171,13918,358.0,436.0,2294.0,1553.0,522.0,90.0,94.0,3214.0,4635.0,1962.0,794.0,0901000011171,19.34280052,-99.21448692,2,2,False,False
09,010,Álvaro Obregón,0001,1186,3320,66.0,80.0,817.0,608.0,121.0,25.0,24.0,830.0,1119.0,479.0,146.0,0901000011186,19.34100376,-99.20823408,3,5,False,False
09,010,Álvaro Obregón,0001,1190,3425,52.0,71.0,772.0,528.0,127.0,31.0,14.0,826.0,1207.0,515.0,123.0,0901000011190,19.34162111,-99.198162465,3,4,False,False
09,010,Álvaro Obregón,0001,1203,396,3.0,10.0,90.0,67.0,16.0,5.0,,84.0,154.0,68.0,13.0,0901000011203,19.34282564,-99.1907021,3,0,False,False
09,010,Álvaro Obregón,0001,1218,2825,93.0,81.0,463.0,313.0,97.0,19.0,20.0,569.0,1035.0,384.0,174.0,0901000011218,19.33792785,-99.21457495,2,4,False,False
09,010,Álvaro Obregón,0001,1222,4628,100.0,112.0,1076.0,777.0,205.0,51.0,22.0,1028.0,1424.0,618.0,212.0,0901000011222,19.33935047,-99.20541403,3,5,False,False
09,010,Álvaro Obregón,0001,1237,4443,98.0,79.0,1134.0,814.0,240.0,48.0,6.0,900.0,1470.0,603.0,177.0,0901000011237,19.336200475,-99.20290703500001,3,3,False,False
09,010,Álvaro Obregón,0001,1241,5752,108.0,142.0,1250.0,876.0,291.0,67.0,13.0,906.0,2169.0,944.0,250.0,0901000011241,19.337704875,-99.196658165,2,4,False,False
09,010,Álvaro Obregón,0001,1260,3638,50.0,78.0,861.0,647.0,119.0,57.0,9.0,567.0,968.0,323.0,128.0,0901000011260,19.33110778,-99.21003955,2,1,False,False
09,010,Álvaro Obregón,0001,1275,3017,32.0,45.0,844.0,588.0,84.0,40.0,0.0,520.0,802.0,226.0,77.0,0901000011275,19.33025158,-99.19923239,1,1,False,False
09,010,Álvaro Obregón,0001,128A,2309,34.0,62.0,641.0,486.0,64.0,28.0,17.0,375.0,692.0,234.0,96.0,090100001128A,19.31595375,-99.21835458000001,1,4,False,False
09,010,Álvaro Obregón,0001,1294,3322,30.0,29.0,794.0,535.0,95.0,44.0,3.0,594.0,874.0,259.0,59.0,0901000011294,19.31924513,-99.20307042,0,1,False,False
09,010,Álvaro Obregón,0001,1307,2914,55.0,71.0,691.0,473.0,81.0,15.0,6.0,544.0,853.0,249.0,126.0,0901000011307,19.30842299,-99.21319751,0,0,False,False
09,010,Álvaro Obregón,0001,1330,8619,235.0,315.0,1179.0,728.0,347.0,50.0,94.0,2395.0,2276.0,771.0,550.0,0901000011330,19.33268787,-99.26911836,2,0,False,True
09,010,Álvaro Obregón,0001,1345,7215,221.0,266.0,1090.0,737.0,313.0,66.0,77.0,2114.0,1885.0,685.0,487.0,0901000011345,19.32944761,-99.27224842,2,0,False,True
09,010,Álvaro Obregón,0001,135A,6908,255.0,288.0,926.0,632.0,348.0,55.0,89.0,1797.0,1743.0,503.0,543.0,090100001135A,19.32738487,-99.28404517999999,1,0,False,True
09,010,Álvaro Obregón,0001,1364,6072,176.0,246.0,867.0,630.0,344.0,48.0,88.0,1772.0,1596.0,615.0,422.0,0901000011364,19.31671744,-99.26513326,3,0,False,True
09,010,Álvaro Obregón,0001,1379,2298,67.0,91.0,326.0,228.0,72.0,11.0,14.0,470.0,682.0,232.0,158.0,0901000011379,19.37833533,-99.25434685,0,0,False,False
09,010,Álvaro Obregón,0001,1434,5554,145.0,204.0,926.0,655.0,225.0,37.0,40.0,1454.0,1360.0,485.0,349.0,0901000011434,19.393237075000002,-99.21166614,4,2,False,False
09,010,Álvaro Obregón,0001,1453,4876,162.0,200.0,569.0,347.0,314.0,61.0,75.0,1430.0,1005.0,395.0,362.0,0901000011453,19.38391327,-99.21373721,6,0,False,False
09,010,Álvaro Obregón,0001,1468,2600,102.0,128.0,293.0,202.0,206.0,15.0,57.0,709.0,654.0,280.0,230.0,0901000011468,19.38285495,-99.22340564,7,0,False,False
09,010,Álvaro Obregón,0001,1472,3788,156.0,181.0,398.0,255.0,253.0,34.0,61.0,934.0,881.0,304.0,337.0,0901000011472,19.37896561,-99.24969233,2,1,False,False
09,010,Álvaro Obregón,0001,1487,4629,187.0,200.0,536.0,383.0,260.0,36.0,84.0,1328.0,1294.0,457.0,387.0,0901000011487,19.37924369,-99.22904602,8,0,False,False
09,010,Álvaro Obregón,0001,1519,4650,160.0,188.0,571.0,388.0,330.0,42.0,64.0,1288.0,1169.0,424.0,348.0,0901000011519,19.3797792,-99.21575461500001,5,0,False,False
09,010,Álvaro Obregón,0001,1523,3528,129.0,157.0,438.0,304.0,153.0,40.0,66.0,985.0,914.0,320.0,286.0,0901000011523,19.380727710000002,-99.211328405,8,0,False,False
09,010,Álvaro Obregón,0001,1542,2898,103.0,133.0,273.0,187.0,100.0,12.0,20.0,391.0,889.0,293.0,236.0,0901000011542,19.36699063,-99.26166664,1,0,False,False
09,010,Álvaro Obregón,0001,1557,6638,225.0,293.0,812.0,530.0,401.0,65.0,93.0,1821.0,1898.0,705.0,518.0,0901000011557,19.37321916,-99.22889126,8,1,False,False
09,010,Álvaro Obregón,0001,1561,3060,113.0,154.0,355.0,230.0,198.0,14.0,64.0,857.0,841.0,346.0,267.0,0901000011561,19.37319549,-99.23588313,7,1,False,False
09,010,Álvaro Obregón,0001,1580,6453,184.0,232.0,1079.0,792.0,437.0,67.0,60.0,1848.0,1787.0,640.0,416.0,0901000011580,19.37409739,-99.223469455,6,0,False,True
09,010,Álvaro Obregón,0001,1595,6197,203.0,270.0,714.0,440.0,342.0,64.0,104.0,1389.0,1499.0,621.0,473.0,0901000011595,19.367601710000002,-99.24434091500001,3,2,False,False
09,010,Álvaro Obregón,0001,1627,5748,176.0,222.0,751.0,502.0,250.0,47.0,78.0,1489.0,1508.0,509.0,398.0,0901000011627,19.35777553,-99.23745818,3,1,False,False
09,010,Álvaro Obregón,0001,1631,4992,134.0,174.0,711.0,474.0,261.0,50.0,55.0,1510.0,1176.0,479.0,308.0,0901000011631,19.35547978,-99.24058224,2,1,False,False
09,010,Álvaro Obregón,0001,1646,4731,165.0,185.0,719.0,488.0,274.0,55.0,64.0,1520.0,1091.0,416.0,350.0,0901000011646,19.35457581,-99.2366824,4,1,False,False
09,010,Álvaro Obregón,0001,1650,4628,167.0,192.0,597.0,365.0,225.0,39.0,57.0,1100.0,1149.0,375.0,359.0,0901000011650,19.3553679,-99.23436683,3,1,False,False
09,010,Álvaro Obregón,0001,1665,1940,47.0,48.0,378.0,260.0,40.0,8.0,11.0,331.0,518.0,173.0,95.0,0901000011665,19.35371389,-99.24059188,2,1,False,False
09,010,Álvaro Obregón,0001,167A,8067,249.0,307.0,1162.0,829.0,461.0,70.0,87.0,2448.0,2220.0,999.0,556.0,090100001167A,19.32561062,-99.26087262,4,1,False,False
09,010,Álvaro Obregón,0001,1684,5661,150.0,183.0,857.0,610.0,308.0,66.0,52.0,1608.0,1562.0,565.0,333.0,0901000011684,19.32925902,-99.25390184,2,1,False,False
09,010,Álvaro Obregón,0001,1699,9388,278.0,344.0,1302.0,880.0,292.0,67.0,113.0,3365.0,2476.0,913.0,622.0,0901000011699,19.331591345,-99.2462311,1,0,False,True
09,010,Álvaro Obregón,0001,1716,7042,231.0,248.0,926.0,654.0,480.0,73.0,65.0,2016.0,1859.0,812.0,479.0,0901000011716,19.32198123,-99.26115695499999,4,1,False,False
09,010,Álvaro Obregón,0001,1720,4093,158.0,221.0,388.0,242.0,154.0,19.0,76.0,1172.0,1012.0,267.0,379.0,0901000011720,19.32290637,-99.28555084,1,0,False,False
09,010,Álvaro Obregón,0001,1735,9161,301.0,390.0,1010.0,580.0,426.0,69.0,136.0,2859.0,2270.0,669.0,691.0,0901000011735,19.32357744,-99.26777806,4,1,False,False
09,010,Álvaro Obregón,0001,174A,9998,358.0,451.0,1044.0,601.0,533.0,101.0,153.0,3610.0,2604.0,848.0,809.0,090100001174A,19.31720215,-99.26835066999999,1,0,False,True
09,010,Álvaro Obregón,0001,1754,3230,118.0,130.0,347.0,205.0,136.0,24.0,44.0,1066.0,850.0,313.0,248.0,0901000011754,19.30547142,-99.26992517,1,0,False,False
09,010,Álvaro Obregón,0001,1769,9985,339.0,420.0,1168.0,717.0,390.0,64.0,127.0,2681.0,2631.0,846.0,759.0,0901000011769,19.33326638,-99.27947919,2,0,False,True
09,010,Álvaro Obregón,0001,1773,4680,137.0,164.0,814.0,563.0,266.0,54.0,37.0,1270.0,1250.0,523.0,301.0,0901000011773,19.393301785,-99.19515078,5,2,False,False
09,010,Álvaro Obregón,0001,1788,4219,110.0,177.0,552.0,341.0,226.0,32.0,45.0,1099.0,755.0,285.0,287.0,0901000011788,19.388104985,-99.19756654,3,3,False,False
09,010,Álvaro Obregón,0001,1792,3160,102.0,109.0,488.0,353.0,83.0,19.0,42.0,691.0,921.0,314.0,211.0,0901000011792,19.3907098,-99.20792157,7,2,False,False
09,010,Álvaro Obregón,0001,1805,3603,101.0,142.0,546.0,381.0,186.0,28.0,33.0,940.0,952.0,358.0,243.0,0901000011805,19.392172600000002,-99.20114183,7,4,False,False
09,010,Álvaro Obregón,0001,181A,5355,137.0,178.0,826.0,562.0,195.0,27.0,83.0,1529.0,1561.0,584.0,315.0,090100001181A,19.35004274,-99.22418964,2,0,False,True
09,010,Álvaro Obregón,0001,1824,4908,144.0,175.0,708.0,502.0,175.0,38.0,41.0,1572.0,1598.0,608.0,319.0,0901000011824,19.34759935,-99.226513345,2,0,False,False
09,010,Álvaro Obregón,0001,1839,4896,181.0,173.0,708.0,491.0,239.0,34.0,31.0,1354.0,1372.0,507.0,354.0,0901000011839,19.3493448,-99.2217731,3,0,False,False
09,010,Álvaro Obregón,0001,1843,8392,232.0,286.0,1329.0,920.0,318.0,43.0,92.0,2409.0,2452.0,1041.0,518.0,0901000011843,19.3417587,-99.23143233,3,2,False,False
09,010,Álvaro Obregón,0001,1858,12053,290.0,380.0,2304.0,1589.0,441.0,113.0,73.0,2785.0,3893.0,1492.0,670.0,0901000011858,19.338238165,-99.22815708,1,3,False,False
09,010,Álvaro Obregón,0001,1881,4044,94.0,141.0,744.0,487.0,175.0,15.0,14.0,727.0,1270.0,418.0,235.0,0901000011881,19.352846505,-99.24577406,1,1,False,False
09,010,Álvaro Obregón,0001,1913,3983,74.0,158.0,676.0,430.0,277.0,33.0,38.0,863.0,1122.0,505.0,232.0,0901000011913,19.38493126,-99.22610133,6,0,False,False
09,010,Álvaro Obregón,0001,1928,2144,38.0,65.0,435.0,306.0,136.0,16.0,12.0,350.0,670.0,309.0,103.0,0901000011928,19.38685941,-99.22233195,4,0,False,False
09,010,Álvaro Obregón,0001,1932,2659,103.0,147.0,288.0,202.0,95.0,16.0,69.0,770.0,749.0,250.0,250.0,0901000011932,19.37946858,-99.22538185,8,0,False,False
09,010,Álvaro Obregón,0001,1947,4280,129.0,156.0,757.0,514.0,177.0,29.0,52.0,1191.0,1253.0,405.0,285.0,0901000011947,19.37502418,-99.22448596,6,0,False,False
09,010,Álvaro Obregón,0001,1951,6009,229.0,300.0,522.0,293.0,325.0,45.0,115.0,1242.0,1638.0,629.0,529.0,0901000011951,19.381889,-99.22030156,6,0,False,False
09,010,Álvaro Obregón,0001,1966,3156,95.0,92.0,607.0,445.0,175.0,29.0,23.0,844.0,930.0,331.0,187.0,0901000011966,19.37771326,-99.22206424,6,0,False,False
09,010,Álvaro Obregón,0001,1970,4427,153.0,172.0,622.0,438.0,208.0,45.0,47.0,1162.0,1234.0,410.0,325.0,0901000011970,19.37838033,-99.21861796,7,0,False,False
09,010,Álvaro Obregón,0001,1985,4355,157.0,193.0,504.0,340.0,332.0,35.0,71.0,1322.0,1024.0,368.0,350.0,0901000011985,19.376944950000002,-99.21574175,6,0,False,False
09,010,Álvaro Obregón,0001,199A,3207,109.0,133.0,400.0,259.0,239.0,33.0,48.0,870.0,816.0,255.0,242.0,090100001199A,19.378956435,-99.21160542,6,0,False,False
09,010,Álvaro Obregón,0001,2004,0,0.0,0.0,0.0,0.0,0.0,0.0,0.0,0.0,0.0,0.0,0.0,0901000012004,19.35838748,-99.26049667000001,2,0,False,False
09,010,Álvaro Obregón,0001,2019,3273,126.0,149.0,382.0,263.0,178.0,25.0,57.0,764.0,782.0,330.0,275.0,0901000012019,19.36826678,-99.2438441,3,2,False,False
09,010,Álvaro Obregón,0001,2023,4169,143.0,180.0,481.0,313.0,168.0,30.0,60.0,1275.0,1081.0,495.0,323.0,0901000012023,19.36148912,-99.24130429,2,3,False,False
09,010,Álvaro Obregón,0001,2038,4207,159.0,192.0,489.0,303.0,300.0,36.0,56.0,1237.0,1010.0,371.0,351.0,0901000012038,19.35905027,-99.24027754,3,2,False,False
09,010,Álvaro Obregón,0001,2042,3847,153.0,157.0,454.0,308.0,227.0,30.0,64.0,1343.0,1055.0,509.0,310.0,0901000012042,19.32846861,-99.25510932,3,1,False,False
09,010,Álvaro Obregón,0001,2057,3669,110.0,152.0,601.0,412.0,155.0,67.0,57.0,936.0,1008.0,372.0,262.0,0901000012057,19.32968563,-99.24894906,2,0,False,False
09,010,Álvaro Obregón,0001,2061,8541,218.0,368.0,617.0,410.0,269.0,36.0,77.0,995.0,2594.0,784.0,586.0,0901000012061,19.38525859,-99.22720774499999,7,0,False,False
09,010,Álvaro Obregón,0001,2076,3152,93.0,97.0,504.0,342.0,171.0,28.0,35.0,711.0,771.0,310.0,190.0,0901000012076,19.39737269,-99.21737702,1,0,False,False
09,010,Álvaro Obregón,0001,2080,2501,66.0,75.0,371.0,204.0,134.0,6.0,20.0,573.0,806.0,309.0,141.0,0901000012080,19.363227455,-99.24894896500001,2,1,False,False
09,010,Álvaro Obregón,0001,2095,5597,164.0,185.0,752.0,497.0,198.0,35.0,51.0,1504.0,1598.0,604.0,349.0,0901000012095,19.36263048,-99.24759495,2,1,False,False
09,010,Álvaro Obregón,0001,2108,3889,99.0,143.0,581.0,417.0,395.0,38.0,44.0,1244.0,788.0,310.0,242.0,0901000012108,19.38403655,-99.20421514,6,2,False,False
09,010,Álvaro Obregón,0001,2112,9888,310.0,416.0,1068.0,679.0,565.0,59.0,133.0,2421.0,2612.0,1032.0,726.0,0901000012112,19.38182768,-99.20823672,6,2,False,False
09,010,Álvaro Obregón,0001,2131,1859,43.0,53.0,406.0,298.0,77.0,20.0,17.0,442.0,573.0,332.0,96.0,0901000012131,19.372850645,-99.20478625,6,0,False,False
09,010,Álvaro Obregón,0001,2146,2832,78.0,89.0,500.0,328.0,178.0,33.0,12.0,604.0,993.0,479.0,167.0,0901000012146,19.380127549999997,-99.193630185,4,2,False,False
09,010,Álvaro Obregón,0001,2150,4588,101.0,140.0,882.0,634.0,258.0,34.0,25.0,1120.0,1611.0,756.0,241.0,0901000012150,19.3797407,-99.19319639,4,2,False,False
09,010,Álvaro Obregón,0001,2165,3201,87.0,95.0,493.0,337.0,109.0,24.0,30.0,907.0,912.0,349.0,182.0,0901000012165,19.37296273,-99.21181545,4,0,False,False
09,010,Álvaro Obregón,0001,2184,1979,39.0,65.0,361.0,246.0,86.0,10.0,12.0,571.0,608.0,270.0,104.0,0901000012184,19.356274475,-99.215531795,1,0,False,False
09,010,Álvaro Obregón,0001,2199,4398,111.0,128.0,660.0,460.0,244.0,33.0,34.0,1215.0,1139.0,462.0,239.0,0901000012199,19.35302616,-99.21733331,0,0,False,False
09,010,Álvaro Obregón,0001,2201,3148,86.0,116.0,404.0,261.0,194.0,21.0,31.0,740.0,807.0,279.0,202.0,0901000012201,19.35519963,-99.25796863,1,0,False,False
09,010,Álvaro Obregón,0001,2216,4171,166.0,213.0,414.0,259.0,279.0,37.0,78.0,1296.0,994.0,419.0,379.0,0901000012216,19.3565547,-99.25052611999999,2,1,False,False
09,010,Álvaro Obregón,0001,2220,3537,123.0,153.0,410.0,239.0,174.0,21.0,45.0,1316.0,779.0,262.0,276.0,0901000012220,19.35964475,-99.24528749999999,3,2,False,False
09,010,Álvaro Obregón,0001,2235,2796,89.0,93.0,403.0,246.0,134.0,18.0,32.0,680.0,772.0,329.0,182.0,0901000012235,19.35713475,-99.24251629,2,2,False,False
09,010,Álvaro Obregón,0001,224A,3148,92.0,120.0,424.0,265.0,180.0,24.0,28.0,643.0,820.0,344.0,212.0,090100001224A,19.35926346,-99.23209833,2,1,False,False
09,010,Álvaro Obregón,0001,2254,4676,129.0,173.0,645.0,375.0,203.0,21.0,47.0,1036.0,1371.0,493.0,302.0,0901000012254,19.362305794999997,-99.22601598,2,0,False,False
09,010,Álvaro Obregón,0001,2269,1809,54.0,73.0,222.0,121.0,31.0,9.0,16.0,485.0,565.0,212.0,127.0,0901000012269,19.3647254,-99.22088279,0,0,False,False
09,010,Álvaro Obregón,0001,2273,80,,3.0,5.0,3.0,,0.0,,19.0,20.0,4.0,,0901000012273,19.34666745,-99.25302065,0,0,False,False
09,010,Álvaro Obregón,0001,2288,5792,147.0,176.0,828.0,501.0,305.0,52.0,44.0,1512.0,1500.0,575.0,323.0,0901000012288,19.36063092,-99.22751248,2,0,False,True
09,010,Álvaro Obregón,0001,2292,6933,215.0,239.0,813.0,472.0,229.0,35.0,55.0,1478.0,2037.0,826.0,454.0,0901000012292,19.359546950000002,-99.21977089,0,0,True,False
09,010,Álvaro Obregón,0001,2305,4002,164.0,198.0,431.0,269.0,244.0,25.0,73.0,1182.0,1003.0,403.0,362.0,0901000012305,19.35777158,-99.25078458,2,1,False,False
09,010,Álvaro Obregón,0001,231A,2927,91.0,125.0,362.0,222.0,140.0,24.0,36.0,659.0,815.0,329.0,216.0,090100001231A,19.358124404999998,-99.25526503500001,2,0,False,False
09,010,Álvaro Obregón,0001,2324,2742,107.0,110.0,324.0,221.0,172.0,11.0,41.0,776.0,668.0,283.0,217.0,0901000012324,19.35912896,-99.25403752,2,1,False,False
09,010,Álvaro Obregón,0001,2339,3534,101.0,157.0,348.0,245.0,81.0,6.0,14.0,562.0,855.0,366.0,258.0,0901000012339,19.37303519,-99.24628702999999,3,0,False,False
09,010,Álvaro Obregón,0001,2343,4863,175.0,216.0,496.0,316.0,171.0,23.0,110.0,1201.0,1193.0,489.0,391.0,0901000012343,19.37207088,-99.23899526,5,1,False,False
09,010,Álvaro Obregón,0001,2358,3083,100.0,130.0,306.0,192.0,95.0,13.0,17.0,468.0,826.0,272.0,230.0,0901000012358,19.36499481,-99.25963093,3,0,False,False
09,010,Álvaro Obregón,0001,2362,2279,49.0,78.0,349.0,219.0,158.0,20.0,17.0,788.0,593.0,281.0,127.0,0901000012362,19.37226274,-99.2083453,5,0,False,False
09,010,Álvaro Obregón,0001,2377,2502,64.0,61.0,331.0,198.0,105.0,10.0,11.0,666.0,764.0,343.0,125.0,0901000012377,19.370472825,-99.20938903,4,0,False,False
09,010,Álvaro Obregón,0001,2381,21,0.0,,,,0.0,0.0,,3.0,7.0,3.0,,0901000012381,19.31575814,-99.27330188,0,0,False,False
09,011,Tláhuac,0001,001A,5957,218.0,227.0,590.0,329.0,362.0,37.0,66.0,1672.0,1760.0,666.0,445.0,090110001001A,19.30794084,-99.05541958,3,0,False,False
09,011,Tláhuac,0001,0039,6748,187.0,265.0,908.0,583.0,353.0,65.0,83.0,1833.0,1973.0,701.0,452.0,0901100010039,19.29861152,-99.03799675,3,1,False,False
09,011,Tláhuac,0001,0043,5601,191.0,235.0,659.0,429.0,236.0,35.0,78.0,1601.0,1370.0,442.0,426.0,0901100010043,19.298102174999997,-99.032288565,3,1,False,False
09,011,Tláhuac,0001,0058,4075,114.0,124.0,640.0,413.0,220.0,46.0,28.0,1302.0,1242.0,517.0,238.0,0901100010058,19.30261209,-99.06180542,4,1,False,False
09,011,Tláhuac,0001,0077,3150,79.0,129.0,498.0,339.0,196.0,25.0,38.0,797.0,893.0,342.0,208.0,0901100010077,19.29722838,-99.0542248,6,3,False,False
09,011,Tláhuac,0001,0096,3480,89.0,125.0,487.0,327.0,173.0,27.0,32.0,822.0,953.0,414.0,214.0,0901100010096,19.29642929,-99.04832350999999,5,3,False,False
09,011,Tláhuac,0001,0113,2643,78.0,106.0,384.0,251.0,168.0,29.0,34.0,739.0,750.0,298.0,184.0,0901100010113,19.29420928,-99.03635628,4,2,False,False
09,011,Tláhuac,0001,0128,3792,116.0,164.0,466.0,307.0,237.0,27.0,55.0,1019.0,951.0,296.0,280.0,0901100010128,19.29573343,-99.03046563000001,3,1,False,False
09,011,Tláhuac,0001,0132,5343,185.0,214.0,689.0,453.0,260.0,43.0,67.0,1422.0,1493.0,659.0,399.0,0901100010132,19.29165415,-99.01861489,0,0,True,False
09,011,Tláhuac,0001,0147,3155,82.0,102.0,438.0,282.0,200.0,27.0,33.0,763.0,870.0,375.0,184.0,0901100010147,19.29555868,-99.0155667,0,0,False,False
09,011,Tláhuac,0001,0151,1796,56.0,81.0,217.0,142.0,59.0,17.0,23.0,410.0,507.0,184.0,137.0,0901100010151,19.29551328,-99.0121823,0,0,False,False
09,011,Tláhuac,0001,0166,2853,88.0,106.0,337.0,213.0,117.0,23.0,32.0,808.0,774.0,282.0,194.0,0901100010166,19.29360748,-99.01261912,0,0,False,False
09,011,Tláhuac,0001,0170,4060,116.0,138.0,459.0,284.0,204.0,31.0,49.0,984.0,1149.0,326.0,254.0,0901100010170,19.29451199,-99.00583815,0,0,False,False
09,011,Tláhuac,0001,0185,4384,128.0,168.0,491.0,304.0,193.0,17.0,47.0,1237.0,1225.0,421.0,296.0,0901100010185,19.294295085,-98.99884979000001,1,0,False,False
09,011,Tláhuac,0001,0202,3995,113.0,133.0,604.0,421.0,350.0,64.0,39.0,1219.0,1080.0,372.0,246.0,0901100010202,19.290261729999997,-99.047295865,3,3,False,False
09,011,Tláhuac,0001,0217,5895,183.0,219.0,790.0,543.0,426.0,48.0,72.0,1431.0,1650.0,606.0,402.0,0901100010217,19.287009125,-99.04245316,3,2,False,False
09,011,Tláhuac,0001,0240,3183,107.0,112.0,403.0,262.0,187.0,29.0,28.0,657.0,889.0,345.0,219.0,0901100010240,19.290317119999997,-99.01450159000001,0,0,False,False
09,011,Tláhuac,0001,0255,1754,60.0,60.0,208.0,140.0,152.0,12.0,19.0,399.0,480.0,178.0,120.0,0901100010255,19.28868775,-99.006121065,1,0,False,False
09,011,Tláhuac,0001,026A,2090,66.0,84.0,275.0,179.0,66.0,13.0,25.0,611.0,669.0,206.0,150.0,090110001026A,19.284071125,-99.009309065,0,0,False,False
09,011,Tláhuac,0001,0274,3768,117.0,165.0,435.0,265.0,217.0,47.0,49.0,969.0,1047.0,365.0,282.0,0901100010274,19.288022915,-99.00238055,1,0,False,False
09,011,Tláhuac,0001,0289,3179,103.0,111.0,384.0,248.0,218.0,25.0,25.0,848.0,852.0,311.0,214.0,0901100010289,19.283312365,-99.00274025499999,1,0,False,False
09,011,Tláhuac,0001,0306,2664,76.0,119.0,382.0,265.0,172.0,26.0,41.0,625.0,715.0,291.0,195.0,0901100010306,19.28722721,-99.05698729,1,2,False,False
09,011,Tláhuac,0001,0310,3465,100.0,124.0,540.0,332.0,223.0,44.0,38.0,797.0,952.0,347.0,224.0,0901100010310,19.28731444,-99.05996504,2,1,False,False
09,011,Tláhuac,0001,0325,3675,110.0,123.0,673.0,469.0,285.0,64.0,30.0,840.0,1021.0,412.0,233.0,0901100010325,19.28711318,-99.06190638,3,1,False,False
09,011,Tláhuac,0001,0344,1211,23.0,41.0,200.0,126.0,74.0,4.0,13.0,354.0,324.0,139.0,64.0,0901100010344,19.2794499,-99.00941636,0,0,False,False
09,011,Tláhuac,0001,0359,2251,56.0,70.0,372.0,255.0,111.0,16.0,22.0,582.0,605.0,228.0,126.0,0901100010359,19.27885958,-99.00595138,0,1,False,False
09,011,Tláhuac,0001,0363,2660,74.0,101.0,378.0,240.0,129.0,29.0,23.0,596.0,705.0,259.0,175.0,0901100010363,19.278430185,-99.00242677,0,1,False,False
09,011,Tláhuac,0001,0378,2181,77.0,91.0,300.0,208.0,97.0,20.0,29.0,369.0,507.0,156.0,168.0,0901100010378,19.277928955,-98.999811765,0,1,False,False
09,011,Tláhuac,0001,0382,1053,23.0,37.0,135.0,93.0,51.0,10.0,9.0,272.0,302.0,99.0,60.0,0901100010382,19.27462988,-98.99786422,0,1,False,False
09,011,Tláhuac,0001,0397,1728,54.0,72.0,217.0,154.0,150.0,11.0,28.0,365.0,459.0,158.0,126.0,0901100010397,19.27808773,-98.99498836,0,0,False,False
09,011,Tláhuac,0001,040A,1655,63.0,71.0,205.0,146.0,41.0,6.0,15.0,341.0,425.0,137.0,134.0,090110001040A,19.27573166,-98.99621187,0,1,False,False
09,011,Tláhuac,0001,0414,1716,53.0,78.0,252.0,169.0,61.0,11.0,17.0,346.0,432.0,119.0,131.0,0901100010414,19.27216553,-98.994939805,0,1,False,False
09,011,Tláhuac,0001,0433,2480,73.0,78.0,390.0,267.0,136.0,26.0,24.0,708.0,650.0,275.0,151.0,0901100010433,19.27061979,-99.00488358,0,1,False,False
09,011,Tláhuac,0001,0448,1599,60.0,78.0,214.0,155.0,93.0,22.0,22.0,395.0,403.0,136.0,138.0,0901100010448,19.274663214999997,-99.00292781499999,0,1,False,False
09,011,Tláhuac,0001,0452,9689,318.0,393.0,1278.0,834.0,493.0,71.0,117.0,2471.0,2488.0,855.0,711.0,0901100010452,19.26867425,-98.99911567,0,1,True,False
09,011,Tláhuac,0001,0575,5666,158.0,241.0,727.0,456.0,374.0,57.0,75.0,1280.0,1484.0,506.0,399.0,0901100010575,19.28553252,-98.99542394,1,0,False,False
09,011,Tláhuac,0001,0594,7502,307.0,339.0,826.0,514.0,310.0,59.0,142.0,2267.0,1927.0,604.0,646.0,0901100010594,19.30991265,-99.04321774,2,1,False,False
09,011,Tláhuac,0001,0607,5135,189.0,183.0,747.0,486.0,242.0,49.0,66.0,1746.0,1360.0,616.0,372.0,0901100010607,19.31196387,-99.03856235,1,1,False,False
09,011,Tláhuac,0001,0626,3835,98.0,127.0,550.0,338.0,190.0,30.0,34.0,998.0,1103.0,460.0,225.0,0901100010626,19.29576321,-99.05358357,6,2,False,False
09,011,Tláhuac,0001,0630,2814,73.0,108.0,478.0,362.0,122.0,35.0,35.0,768.0,776.0,326.0,181.0,0901100010630,19.29360447,-99.05651653,4,3,False,False
09,011,Tláhuac,0001,0645,4898,149.0,177.0,738.0,518.0,433.0,70.0,34.0,1186.0,1231.0,516.0,326.0,0901100010645,19.29306304,-99.05054994,4,3,False,False
09,011,Tláhuac,0001,065A,3703,108.0,140.0,498.0,341.0,200.0,25.0,47.0,988.0,951.0,320.0,248.0,090110001065A,19.29158874,-99.03421792,4,2,False,False
09,011,Tláhuac,0001,0664,6573,216.0,260.0,786.0,503.0,524.0,67.0,94.0,1700.0,1839.0,667.0,476.0,0901100010664,19.29004323,-99.05333643,3,2,False,False
09,011,Tláhuac,0001,0679,3892,146.0,169.0,435.0,281.0,205.0,71.0,63.0,1087.0,1031.0,356.0,315.0,0901100010679,19.28847879,-99.03266613,2,1,False,False
09,011,Tláhuac,0001,0753,8372,301.0,359.0,981.0,636.0,478.0,64.0,147.0,2093.0,2268.0,824.0,660.0,0901100010753,19.3019123,-99.02058137,0,0,True,True
09,011,Tláhuac,0001,0772,2516,113.0,106.0,168.0,101.0,183.0,26.0,27.0,861.0,628.0,190.0,219.0,0901100010772,19.253346735,-99.00434134,3,0,False,False
09,011,Tláhuac,0001,0804,183,10.0,10.0,13.0,7.0,8.0,3.0,4.0,81.0,55.0,19.0,20.0,0901100010804,19.29727898,-98.99866192,0,0,False,False
09,011,Tláhuac,0001,0819,2145,97.0,110.0,188.0,102.0,96.0,13.0,34.0,509.0,560.0,193.0,207.0,0901100010819,19.241682830000002,-99.007941215,1,0,False,False
09,011,Tláhuac,0001,0823,444,19.0,27.0,27.0,16.0,37.0,,11.0,149.0,119.0,46.0,46.0,0901100010823,19.30500774,-99.01829447,0,0,False,False
09,011,Tláhuac,0001,0927,3863,117.0,142.0,494.0,313.0,259.0,20.0,44.0,879.0,1043.0,413.0,259.0,0901100010927,19.291093175,-99.03815669,5,2,False,False
09,011,Tláhuac,0001,0931,4259,142.0,182.0,475.0,307.0,151.0,23.0,54.0,1129.0,1131.0,387.0,324.0,0901100010931,19.284943034999998,-99.03815686499999,2,1,False,False
09,011,Tláhuac,0001,0946,3676,111.0,145.0,493.0,326.0,230.0,35.0,37.0,1100.0,933.0,366.0,256.0,0901100010946,19.266672110000002,-99.00477222,0,1,False,False
09,011,Tláhuac,0001,0950,7862,269.0,359.0,956.0,633.0,441.0,51.0,86.0,2190.0,1932.0,694.0,628.0,0901100010950,19.26078781,-99.00503356,2,0,False,True
09,011,Tláhuac,0001,0984,4106,120.0,152.0,621.0,413.0,213.0,34.0,47.0,1157.0,1073.0,337.0,272.0,0901100010984,19.24431695,-98.99914231,5,1,False,False
09,011,Tláhuac,0001,0999,2558,90.0,93.0,410.0,291.0,436.0,28.0,18.0,699.0,651.0,231.0,183.0,0901100010999,19.246566455,-98.996398415,2,1,False,False
09,011,Tláhuac,0001,1056,1877,44.0,83.0,239.0,133.0,85.0,8.0,26.0,367.0,621.0,223.0,127.0,0901100011056,19.28610054,-99.05219567,1,2,False,False
09,011,Tláhuac,0001,1075,2196,58.0,85.0,276.0,149.0,115.0,11.0,14.0,477.0,764.0,334.0,143.0,0901100011075,19.28250553,-99.05540368,1,1,False,False
09,011,Tláhuac,0001,108A,2415,73.0,86.0,288.0,165.0,121.0,5.0,16.0,539.0,789.0,315.0,159.0,090110001108A,19.27978393,-99.05277181,0,0,False,False
09,011,Tláhuac,0001,1094,548,30.0,20.0,44.0,30.0,27.0,4.0,9.0,126.0,129.0,49.0,50.0,0901100011094,19.28563359,-99.06755009,3,0,False,False
09,011,Tláhuac,0001,1111,4445,166.0,228.0,572.0,318.0,189.0,31.0,85.0,1034.0,1166.0,394.0,394.0,0901100011111,19.30933439,-99.0382772,1,1,False,False
09,011,Tláhuac,0001,1145,3396,98.0,115.0,410.0,246.0,247.0,22.0,36.0,815.0,1077.0,411.0,213.0,0901100011145,19.30337864,-99.04056138,3,1,False,False
09,011,Tláhuac,0001,122A,3513,114.0,160.0,369.0,240.0,208.0,24.0,58.0,909.0,971.0,372.0,274.0,090110001122A,19.30702284,-99.04191049,2,1,False,False
09,011,Tláhuac,0001,1234,2980,107.0,83.0,318.0,204.0,188.0,24.0,30.0,928.0,936.0,367.0,190.0,0901100011234,19.30462608,-99.03780278,2,1,False,False
09,011,Tláhuac,0001,1249,5265,171.0,259.0,561.0,372.0,296.0,25.0,80.0,1497.0,1370.0,538.0,430.0,0901100011249,19.29705111,-99.06098631,4,1,False,False
09,011,Tláhuac,0001,1253,2582,61.0,82.0,400.0,277.0,176.0,34.0,19.0,615.0,740.0,311.0,143.0,0901100011253,19.29558363,-99.05776639,5,2,False,False
09,011,Tláhuac,0001,1268,4936,169.0,226.0,556.0,358.0,221.0,56.0,52.0,1108.0,1480.0,508.0,395.0,0901100011268,19.29546,-99.04549946,5,2,False,False
09,011,Tláhuac,0001,1272,2822,84.0,116.0,275.0,173.0,91.0,15.0,32.0,668.0,906.0,315.0,200.0,0901100011272,19.292405405,-99.04172731,4,3,False,False
09,011,Tláhuac,0001,1287,1979,60.0,68.0,210.0,129.0,80.0,6.0,15.0,536.0,537.0,234.0,128.0,0901100011287,19.292184725,-99.061143825,5,2,False,False
09,011,Tláhuac,0001,1291,3091,98.0,117.0,471.0,332.0,175.0,29.0,35.0,875.0,860.0,355.0,215.0,0901100011291,19.28916004,-99.05645881000001,2,2,False,False
09,011,Tláhuac,0001,1304,1301,37.0,44.0,146.0,80.0,66.0,5.0,11.0,282.0,435.0,174.0,81.0,0901100011304,19.2833551,-99.0564237,1,1,False,False
09,011,Tláhuac,0001,1319,1886,50.0,69.0,224.0,123.0,108.0,13.0,28.0,346.0,652.0,321.0,119.0,0901100011319,19.28098513,-99.052342415,1,1,False,False
09,011,Tláhuac,0001,1323,702,11.0,21.0,75.0,39.0,55.0,5.0,6.0,141.0,219.0,93.0,32.0,0901100011323,19.28067356,-99.050710565,1,0,False,False
09,011,Tláhuac,0001,1338,3577,121.0,167.0,300.0,203.0,150.0,15.0,56.0,1010.0,1031.0,441.0,288.0,0901100011338,19.30194503,-99.04859209,6,0,False,False
09,011,Tláhuac,0001,1342,945,36.0,35.0,122.0,74.0,58.0,5.0,11.0,180.0,321.0,130.0,71.0,0901100011342,19.30045126,-99.04206968,3,1,False,False
09,011,Tláhuac,0001,1357,9088,323.0,404.0,691.0,362.0,400.0,58.0,101.0,2422.0,2813.0,979.0,727.0,0901100011357,19.31026532,-99.048857925,4,0,False,False
09,011,Tláhuac,0001,1361,4873,142.0,194.0,459.0,258.0,183.0,31.0,61.0,1171.0,1611.0,581.0,336.0,0901100011361,19.30612643,-99.05024387,4,0,False,False
09,011,Tláhuac,0001,1376,7148,217.0,269.0,633.0,360.0,395.0,53.0,76.0,1769.0,2324.0,1038.0,486.0,0901100011376,19.28427979,-99.04156503,2,1,False,False
09,011,Tláhuac,0001,1380,2511,112.0,111.0,167.0,79.0,85.0,11.0,49.0,996.0,648.0,205.0,223.0,0901100011380,19.277241465,-99.036575985,1,0,False,False
09,011,Tláhuac,0001,1395,1799,100.0,98.0,107.0,66.0,45.0,4.0,35.0,765.0,434.0,131.0,198.0,0901100011395,19.281834615,-99.03022641999999,0,0,False,False
09,011,Tláhuac,0001,1412,3617,165.0,193.0,192.0,96.0,100.0,18.0,75.0,1462.0,888.0,226.0,358.0,0901100011412,19.304547415000002,-99.03442819,0,1,True,False
09,011,Tláhuac,0001,1427,5292,169.0,206.0,706.0,474.0,256.0,43.0,40.0,1229.0,1322.0,480.0,375.0,0901100011427,19.268537215000002,-99.00681406000001,0,1,True,False
09,011,Tláhuac,0001,1431,5167,221.0,235.0,429.0,266.0,153.0,41.0,85.0,1962.0,1326.0,370.0,456.0,0901100011431,19.26138993,-99.0162523,3,1,False,False
09,011,Tláhuac,0001,1446,3561,124.0,166.0,412.0,246.0,100.0,24.0,56.0,868.0,935.0,328.0,290.0,0901100011446,19.28470753,-99.0342723,2,0,False,False
09,011,Tláhuac,0001,1450,3046,120.0,167.0,191.0,118.0,123.0,18.0,68.0,1298.0,823.0,268.0,287.0,0901100011450,19.28259554,-99.03458346,1,0,False,False
09,011,Tláhuac,0001,1465,4499,134.0,184.0,358.0,175.0,169.0,28.0,50.0,1288.0,1409.0,470.0,318.0,0901100011465,19.30722615,-99.04700316,4,0,False,False
09,011,Tláhuac,0001,147A,4283,162.0,194.0,379.0,218.0,161.0,21.0,77.0,1289.0,1207.0,401.0,356.0,090110001147A,19.30730482,-99.04503548,3,1,False,False
09,011,Tláhuac,0001,1484,5241,161.0,192.0,853.0,604.0,290.0,50.0,57.0,1489.0,1373.0,488.0,353.0,0901100011484,19.256576445,-99.009129785,3,1,False,False
09,011,Tláhuac,0001,1499,6166,209.0,258.0,667.0,399.0,321.0,33.0,85.0,1980.0,1552.0,512.0,467.0,0901100011499,19.244288665,-99.01029087,1,0,False,False
09,011,Tláhuac,0001,1535,1920,89.0,114.0,107.0,65.0,54.0,4.0,53.0,671.0,485.0,113.0,203.0,0901100011535,19.2781523,-99.0282358,0,0,False,False
09,011,Tláhuac,0001,154A,2156,86.0,100.0,161.0,91.0,74.0,21.0,39.0,635.0,611.0,236.0,186.0,090110001154A,19.312701429999997,-99.04648943000001,3,1,False,False
09,011,Tláhuac,0011,072A,4723,149.0,184.0,688.0,464.0,240.0,41.0,51.0,1131.0,1077.0,345.0,333.0,090110011072A,19.22389522,-98.96486366,1,1,False,False
09,011,Tláhuac,0011,1037,4071,176.0,170.0,488.0,323.0,214.0,36.0,52.0,769.0,890.0,297.0,346.0,0901100111037,19.226260365,-98.96512172999999,1,1,False,False
09,011,Tláhuac,0011,1041,5116,192.0,232.0,543.0,372.0,276.0,44.0,73.0,1183.0,1224.0,346.0,424.0,0901100111041,19.22534739,-98.96166817,1,1,False,False
09,011,Tláhuac,0021,0787,1696,58.0,67.0,213.0,126.0,65.0,13.0,32.0,642.0,471.0,184.0,125.0,0901100210787,19.22775839,-98.99394773,1,0,False,False
09,011,Tláhuac,0021,0791,406,16.0,16.0,61.0,31.0,18.0,4.0,3.0,98.0,95.0,22.0,32.0,0901100210791,19.24083906,-98.99273642,3,1,False,False
09,011,Tláhuac,0021,1003,11218,374.0,460.0,1183.0,749.0,720.0,119.0,151.0,3101.0,2974.0,994.0,834.0,0901100211003,19.2386473,-99.00319953,5,1,False,False
09,011,Tláhuac,0021,1018,3055,93.0,112.0,560.0,409.0,199.0,33.0,36.0,882.0,790.0,298.0,205.0,0901100211018,19.24186457,-98.99534226,4,1,False,False
09,011,Tláhuac,0021,1022,2720,95.0,106.0,341.0,203.0,123.0,17.0,33.0,720.0,739.0,263.0,201.0,0901100211022,19.23247522,-98.99139246499999,2,0,False,False
09,011,Tláhuac,0021,115A,8857,348.0,418.0,919.0,562.0,405.0,71.0,140.0,2696.0,2274.0,829.0,766.0,090110021115A,19.23195157,-98.999670965,5,0,False,True
09,011,Tláhuac,0024,0734,2619,101.0,111.0,330.0,213.0,131.0,19.0,36.0,487.0,705.0,206.0,212.0,0901100240734,19.216521525,-98.973496845,1,1,False,False
09,011,Tláhuac,0024,0749,306,11.0,13.0,27.0,12.0,9.0,,6.0,66.0,73.0,26.0,24.0,0901100240749,19.21106299,-98.96938869499999,1,1,False,False
09,011,Tláhuac,0024,1183,1088,43.0,53.0,98.0,54.0,86.0,14.0,14.0,331.0,273.0,127.0,96.0,0901100241183,19.2196924,-98.9699203,1,2,False,False
09,011,Tláhuac,0024,1408,832,33.0,38.0,70.0,37.0,20.0,3.0,15.0,227.0,218.0,42.0,71.0,0901100241408,19.215112089999998,-98.976385325,1,1,False,False
09,011,Tláhuac,0024,1520,74,,3.0,6.0,4.0,,0.0,,16.0,21.0,8.0,,0901100241520,19.221381075,-98.978915255,0,0,False,False
09,011,Tláhuac,0026,0965,4504,145.0,199.0,494.0,326.0,199.0,37.0,63.0,1237.0,1213.0,406.0,344.0,0901100260965,19.31271454,-98.96623226,0,1,True,False
09,011,Tláhuac,0026,097A,4795,178.0,207.0,571.0,393.0,249.0,53.0,47.0,1230.0,1236.0,375.0,385.0,090110026097A,19.308329290000003,-98.96833902,0,1,True,False
09,011,Tláhuac,0026,1164,2209,88.0,108.0,207.0,125.0,89.0,22.0,30.0,1002.0,605.0,202.0,196.0,0901100261164,19.32149419,-98.96240811,0,0,False,False
09,011,Tláhuac,0110,1107,3050,182.0,171.0,136.0,76.0,98.0,8.0,93.0,1112.0,841.0,294.0,353.0,0901101101107,19.28833139,-99.02602051,2,0,False,False
09,012,Tlalpan,0001,0017,1691,26.0,37.0,503.0,364.0,107.0,27.0,5.0,306.0,692.0,307.0,63.0,0901200010017,19.31048928,-99.22386429,2,4,False,False
09,012,Tlalpan,0001,0021,671,9.0,16.0,165.0,111.0,15.0,4.0,,122.0,204.0,71.0,25.0,0901200010021,19.30701423,-99.22266776,2,4,False,False
09,012,Tlalpan,0001,0040,1162,22.0,16.0,380.0,291.0,41.0,11.0,4.0,325.0,417.0,132.0,38.0,0901200010040,19.30271563,-99.23256373,4,1,False,False
09,012,Tlalpan,0001,0074,1813,27.0,28.0,603.0,493.0,87.0,24.0,3.0,272.0,630.0,185.0,55.0,0901200010074,19.30157429,-99.18926669000001,3,0,False,False
09,012,Tlalpan,0001,0089,0,0.0,0.0,0.0,0.0,0.0,0.0,0.0,0.0,0.0,0.0,0.0,0901200010089,19.298753515,-99.18798035500001,4,1,False,False
09,012,Tlalpan,0001,0093,1875,24.0,43.0,594.0,472.0,122.0,27.0,,378.0,800.0,420.0,67.0,0901200010093,19.297463309999998,-99.185489245,4,1,False,False
09,012,Tlalpan,0001,0106,305,10.0,6.0,59.0,39.0,26.0,0.0,0.0,55.0,123.0,68.0,16.0,0901200010106,19.30119313,-99.17944463500001,4,0,False,False
09,012,Tlalpan,0001,0125,3367,67.0,92.0,509.0,378.0,219.0,43.0,22.0,931.0,936.0,431.0,159.0,0901200010125,19.30045098,-99.17712411,3,0,False,False
09,012,Tlalpan,0001,013A,3264,80.0,89.0,529.0,344.0,149.0,29.0,20.0,684.0,994.0,452.0,169.0,090120001013A,19.299918705,-99.17462650499999,3,1,False,False
09,012,Tlalpan,0001,0144,2232,52.0,74.0,489.0,339.0,153.0,28.0,11.0,540.0,708.0,333.0,126.0,0901200010144,19.29539239,-99.17479086,4,4,False,False
09,012,Tlalpan,0001,0159,3220,80.0,100.0,505.0,360.0,221.0,32.0,21.0,951.0,992.0,471.0,180.0,0901200010159,19.29993581,-99.17223093000001,2,1,False,False
09,012,Tlalpan,0001,0163,3244,63.0,84.0,589.0,420.0,230.0,38.0,20.0,836.0,928.0,407.0,147.0,0901200010163,19.3000421,-99.16854244,0,2,False,False
09,012,Tlalpan,0001,0178,2841,66.0,80.0,557.0,403.0,166.0,22.0,18.0,663.0,858.0,362.0,146.0,0901200010178,19.297448995,-99.16887797999999,2,4,False,False
09,012,Tlalpan,0001,0182,6006,142.0,180.0,970.0,671.0,437.0,96.0,37.0,1854.0,1631.0,632.0,322.0,0901200010182,19.29617416,-99.16118248,3,2,False,False
09,012,Tlalpan,0001,0197,1985,23.0,42.0,585.0,417.0,82.0,12.0,,434.0,708.0,266.0,65.0,0901200010197,19.306672489999997,-99.13329238,0,2,False,False
09,012,Tlalpan,0001,020A,1693,15.0,29.0,590.0,474.0,87.0,12.0,4.0,420.0,561.0,242.0,44.0,090120001020A,19.30578576,-99.13145898,0,2,False,False
09,012,Tlalpan,0001,0214,1867,22.0,31.0,652.0,521.0,105.0,29.0,4.0,399.0,580.0,215.0,53.0,0901200010214,19.29736268,-99.13652482,1,2,False,False
09,012,Tlalpan,0001,0229,1868,28.0,27.0,545.0,409.0,77.0,37.0,5.0,468.0,650.0,246.0,55.0,0901200010229,19.29725954,-99.1319996,1,4,False,False
09,012,Tlalpan,0001,0233,3761,42.0,76.0,1009.0,725.0,134.0,23.0,8.0,929.0,1302.0,510.0,118.0,0901200010233,19.30281448,-99.1248631,2,2,False,False
09,012,Tlalpan,0001,0248,576,8.0,7.0,191.0,157.0,35.0,3.0,0.0,153.0,179.0,69.0,15.0,0901200010248,19.29909352,-99.125168805,2,2,False,False
09,012,Tlalpan,0001,0267,1902,35.0,41.0,571.0,407.0,98.0,24.0,7.0,330.0,682.0,310.0,76.0,0901200010267,19.30102266,-99.11620744,2,0,False,False
09,012,Tlalpan,0001,0303,5375,135.0,178.0,760.0,526.0,325.0,48.0,55.0,1681.0,1491.0,576.0,313.0,0901200010303,19.29547033,-99.23177846,4,0,False,False
09,012,Tlalpan,0001,0318,3591,96.0,105.0,605.0,437.0,186.0,38.0,19.0,817.0,1082.0,414.0,201.0,0901200010318,19.292677975,-99.22866427,5,1,False,False
09,012,Tlalpan,0001,0322,4837,144.0,152.0,621.0,451.0,275.0,57.0,46.0,1516.0,1351.0,565.0,296.0,0901200010322,19.29571968,-99.2259939,5,1,False,False
09,012,Tlalpan,0001,0337,4009,94.0,155.0,644.0,460.0,308.0,41.0,47.0,1076.0,1153.0,458.0,249.0,0901200010337,19.29351354,-99.22273094,6,1,False,False
09,012,Tlalpan,0001,0341,2923,53.0,70.0,597.0,422.0,100.0,12.0,19.0,729.0,862.0,310.0,123.0,0901200010341,19.29228845,-99.21709796,3,1,False,False
09,012,Tlalpan,0001,0360,4479,94.0,125.0,868.0,602.0,240.0,36.0,21.0,1019.0,1472.0,670.0,219.0,0901200010360,19.29444673,-99.18281847,6,1,False,False
09,012,Tlalpan,0001,0375,1884,33.0,35.0,438.0,309.0,82.0,30.0,3.0,455.0,624.0,266.0,68.0,0901200010375,19.29453255,-99.17886667,4,3,False,False
09,012,Tlalpan,0001,038A,769,5.0,14.0,322.0,283.0,52.0,15.0,,267.0,147.0,62.0,19.0,090120001038A,19.290314865,-99.1678832,3,7,False,False
09,012,Tlalpan,0001,0394,1458,12.0,35.0,345.0,231.0,60.0,11.0,5.0,500.0,403.0,177.0,47.0,0901200010394,19.294029455,-99.16735722,3,7,False,False
09,012,Tlalpan,0001,0407,935,10.0,14.0,298.0,226.0,85.0,32.0,5.0,320.0,256.0,111.0,24.0,0901200010407,19.2942295,-99.16273206,4,5,False,False
09,012,Tlalpan,0001,0411,1095,9.0,20.0,314.0,220.0,73.0,20.0,,266.0,386.0,157.0,29.0,0901200010411,19.29275372,-99.15994913,3,4,False,False
09,012,Tlalpan,0001,0426,2154,37.0,59.0,475.0,325.0,126.0,17.0,11.0,536.0,636.0,300.0,96.0,0901200010426,19.29143497,-99.15639609,3,2,False,False
09,012,Tlalpan,0001,0430,2844,67.0,66.0,586.0,425.0,156.0,64.0,10.0,701.0,941.0,388.0,133.0,0901200010430,19.29584102,-99.15245873,3,2,False,False
09,012,Tlalpan,0001,0445,2730,53.0,69.0,549.0,388.0,110.0,26.0,16.0,691.0,879.0,351.0,122.0,0901200010445,19.299524325,-99.147080335,2,3,False,False
09,012,Tlalpan,0001,045A,3668,65.0,74.0,881.0,632.0,127.0,35.0,16.0,1003.0,1119.0,428.0,139.0,090120001045A,19.29753891,-99.139554765,2,2,False,False
09,012,Tlalpan,0001,0464,1353,24.0,32.0,361.0,275.0,69.0,16.0,3.0,216.0,466.0,185.0,56.0,0901200010464,19.29615255,-99.13489158,1,3,False,False
09,012,Tlalpan,0001,0479,681,10.0,17.0,153.0,105.0,19.0,4.0,4.0,178.0,245.0,83.0,27.0,0901200010479,19.29458222,-99.1279789,2,3,False,False
09,012,Tlalpan,0001,0483,3367,50.0,55.0,964.0,710.0,198.0,37.0,11.0,820.0,1187.0,477.0,105.0,0901200010483,19.29493123,-99.12199426000001,3,2,False,False
09,012,Tlalpan,0001,0498,2920,39.0,64.0,677.0,468.0,101.0,18.0,10.0,721.0,1000.0,370.0,103.0,0901200010498,19.29258035,-99.114913565,3,0,False,False
09,012,Tlalpan,0001,0500,7264,232.0,335.0,847.0,545.0,363.0,47.0,107.0,2169.0,1924.0,688.0,567.0,0901200010500,19.29102154,-99.23816728,4,0,False,True
09,012,Tlalpan,0001,0515,4311,111.0,158.0,608.0,402.0,108.0,23.0,29.0,1374.0,1239.0,483.0,269.0,0901200010515,19.29167179,-99.2359099,3,0,False,False
09,012,Tlalpan,0001,052A,3220,76.0,98.0,525.0,358.0,109.0,18.0,21.0,861.0,976.0,361.0,174.0,090120001052A,19.291612245,-99.23312502,4,0,False,False
09,012,Tlalpan,0001,0534,1952,29.0,35.0,537.0,427.0,94.0,25.0,3.0,418.0,653.0,248.0,64.0,0901200010534,19.291860085,-99.146487695,3,3,False,False
09,012,Tlalpan,0001,0549,2808,40.0,62.0,755.0,541.0,166.0,24.0,7.0,666.0,905.0,345.0,102.0,0901200010549,19.29320927,-99.14566974,3,3,False,False
09,012,Tlalpan,0001,0553,4048,88.0,97.0,807.0,526.0,170.0,25.0,18.0,1127.0,1332.0,584.0,185.0,0901200010553,19.290887235,-99.137961115,2,1,False,False
09,012,Tlalpan,0001,0568,3668,72.0,90.0,915.0,694.0,234.0,57.0,18.0,978.0,1133.0,466.0,162.0,0901200010568,19.29380964,-99.13728373,2,2,False,False
09,012,Tlalpan,0001,0572,3323,43.0,53.0,924.0,733.0,223.0,41.0,5.0,750.0,1261.0,578.0,96.0,0901200010572,19.29183492,-99.12587205,2,3,False,False
09,012,Tlalpan,0001,0587,2820,40.0,51.0,784.0,611.0,188.0,22.0,5.0,714.0,1028.0,508.0,91.0,0901200010587,19.29216352,-99.12095493,3,3,False,False
09,012,Tlalpan,0001,0591,938,10.0,15.0,307.0,252.0,56.0,8.0,3.0,185.0,308.0,110.0,25.0,0901200010591,19.2907628,-99.11872414,3,3,False,False
09,012,Tlalpan,0001,0604,4628,135.0,156.0,638.0,444.0,238.0,42.0,41.0,1502.0,1311.0,487.0,291.0,0901200010604,19.28489628,-99.23752097,1,0,False,False
09,012,Tlalpan,0001,0619,3406,100.0,118.0,517.0,341.0,112.0,30.0,19.0,886.0,907.0,341.0,218.0,0901200010619,19.285523875000003,-99.232455895,2,0,False,False
09,012,Tlalpan,0001,0623,3257,80.0,88.0,547.0,381.0,195.0,32.0,19.0,1087.0,894.0,361.0,168.0,0901200010623,19.2884574,-99.228859,4,1,False,False
09,012,Tlalpan,0001,0638,3105,64.0,107.0,584.0,430.0,206.0,32.0,19.0,847.0,934.0,336.0,171.0,0901200010638,19.28899542,-99.22496601,5,1,False,False
09,012,Tlalpan,0001,0642,2514,52.0,59.0,503.0,384.0,168.0,33.0,13.0,675.0,734.0,250.0,111.0,0901200010642,19.28893333,-99.22188874,5,1,False,False
09,012,Tlalpan,0001,0657,1833,43.0,60.0,370.0,255.0,57.0,10.0,11.0,501.0,518.0,164.0,103.0,0901200010657,19.288181180000002,-99.218460075,4,1,False,False
09,012,Tlalpan,0001,0661,1039,14.0,30.0,205.0,137.0,29.0,,14.0,260.0,313.0,102.0,44.0,0901200010661,19.28909554,-99.21464764,2,1,False,False
09,012,Tlalpan,0001,0676,3407,82.0,98.0,660.0,431.0,222.0,34.0,19.0,758.0,1046.0,411.0,180.0,0901200010676,19.28884991,-99.18317585,8,2,False,False
09,012,Tlalpan,0001,0680,1570,25.0,46.0,369.0,255.0,85.0,20.0,11.0,395.0,540.0,277.0,71.0,0901200010680,19.290412494999998,-99.17816601999999,7,4,False,False
09,012,Tlalpan,0001,0695,142,0.0,7.0,32.0,26.0,19.0,0.0,,44.0,46.0,28.0,7.0,0901200010695,19.29038941,-99.14842823,2,2,False,False
09,012,Tlalpan,0001,0708,4664,116.0,153.0,708.0,519.0,246.0,32.0,38.0,1475.0,1365.0,555.0,269.0,0901200010708,19.28864732,-99.13034699,2,3,False,False
09,012,Tlalpan,0001,0712,2381,48.0,52.0,617.0,479.0,153.0,26.0,3.0,550.0,885.0,423.0,100.0,0901200010712,19.29084115,-99.12704306,2,3,False,False
09,012,Tlalpan,0001,0727,2064,30.0,37.0,575.0,431.0,141.0,21.0,4.0,440.0,762.0,389.0,67.0,0901200010727,19.29078167,-99.12413397,3,4,False,False
09,012,Tlalpan,0001,0731,1730,26.0,32.0,490.0,364.0,95.0,30.0,4.0,450.0,573.0,206.0,58.0,0901200010731,19.28999386,-99.12102281,3,3,False,False
09,012,Tlalpan,0001,0746,1681,20.0,33.0,480.0,377.0,109.0,25.0,10.0,479.0,614.0,301.0,53.0,0901200010746,19.28763561,-99.12720321,2,4,False,False
09,012,Tlalpan,0001,0750,1093,16.0,22.0,288.0,202.0,75.0,16.0,4.0,236.0,409.0,217.0,38.0,0901200010750,19.28891224,-99.12524488,2,4,False,False
09,012,Tlalpan,0001,0765,2229,30.0,47.0,621.0,482.0,172.0,32.0,13.0,442.0,840.0,413.0,77.0,0901200010765,19.28825788,-99.12358551,2,4,False,False
09,012,Tlalpan,0001,077A,5418,163.0,193.0,708.0,478.0,251.0,51.0,69.0,1756.0,1537.0,554.0,356.0,090120001077A,19.27994142,-99.24111902,0,1,True,False
09,012,Tlalpan,0001,0784,3857,115.0,151.0,574.0,391.0,283.0,47.0,24.0,1075.0,1079.0,437.0,266.0,0901200010784,19.2794714,-99.23703989500001,1,0,False,False
09,012,Tlalpan,0001,0799,3477,92.0,106.0,571.0,388.0,198.0,34.0,32.0,925.0,1004.0,389.0,198.0,0901200010799,19.279400080000002,-99.23424014,2,0,False,False
09,012,Tlalpan,0001,0801,3896,110.0,126.0,560.0,377.0,207.0,53.0,24.0,1086.0,1115.0,434.0,236.0,0901200010801,19.2800615,-99.23224676,2,0,False,False
09,012,Tlalpan,0001,0816,3627,84.0,114.0,452.0,336.0,182.0,41.0,33.0,1008.0,996.0,395.0,198.0,0901200010816,19.282412625,-99.22820958,2,0,False,False
09,012,Tlalpan,0001,0820,3260,67.0,102.0,538.0,385.0,127.0,23.0,30.0,921.0,964.0,296.0,169.0,0901200010820,19.28323263,-99.22368379,3,2,False,False
09,012,Tlalpan,0001,0835,2361,43.0,72.0,399.0,291.0,117.0,16.0,10.0,659.0,676.0,222.0,115.0,0901200010835,19.283604295,-99.22065466500001,3,2,False,False
09,012,Tlalpan,0001,084A,2339,56.0,82.0,388.0,261.0,131.0,8.0,17.0,594.0,702.0,221.0,138.0,090120001084A,19.28226257,-99.2173889,2,3,False,False
09,012,Tlalpan,0001,0854,1138,11.0,28.0,254.0,174.0,34.0,10.0,,301.0,345.0,124.0,39.0,0901200010854,19.28147264,-99.21484457,2,2,False,False
09,012,Tlalpan,0001,0869,4651,111.0,159.0,711.0,476.0,251.0,34.0,36.0,1095.0,1289.0,502.0,270.0,0901200010869,19.2813671,-99.2098712,0,1,False,False
09,012,Tlalpan,0001,0888,4587,78.0,137.0,735.0,494.0,123.0,16.0,35.0,1109.0,1524.0,574.0,215.0,0901200010888,19.284234875000003,-99.199556325,2,0,False,False
09,012,Tlalpan,0001,0892,5607,142.0,189.0,829.0,507.0,209.0,32.0,27.0,1147.0,1839.0,655.0,331.0,0901200010892,19.28256232,-99.19439342999999,3,0,False,True
09,012,Tlalpan,0001,0905,4546,127.0,158.0,777.0,507.0,279.0,43.0,28.0,1238.0,1406.0,665.0,285.0,0901200010905,19.28435545,-99.18953139,6,0,False,False
09,012,Tlalpan,0001,091A,3968,111.0,122.0,610.0,419.0,254.0,42.0,28.0,1157.0,1181.0,457.0,233.0,090120001091A,19.28669648,-99.18548885,7,1,False,False
09,012,Tlalpan,0001,0924,5214,93.0,132.0,1127.0,732.0,338.0,45.0,21.0,1117.0,1831.0,878.0,225.0,0901200010924,19.28561401,-99.18030485,7,2,False,False
09,012,Tlalpan,0001,0939,3144,62.0,100.0,729.0,520.0,195.0,41.0,22.0,801.0,1056.0,466.0,162.0,0901200010939,19.2840253,-99.17582206,5,3,False,False
09,012,Tlalpan,0001,0943,2352,28.0,57.0,627.0,486.0,167.0,43.0,6.0,666.0,734.0,316.0,85.0,0901200010943,19.28476864,-99.17073798,3,6,False,False
09,012,Tlalpan,0001,0958,1529,13.0,23.0,511.0,430.0,127.0,48.0,4.0,378.0,390.0,153.0,36.0,0901200010958,19.28783954,-99.16722147,3,7,False,False
09,012,Tlalpan,0001,0962,1858,17.0,41.0,413.0,310.0,72.0,15.0,11.0,523.0,600.0,243.0,58.0,0901200010962,19.287854940000003,-99.16218502000001,4,5,False,False
09,012,Tlalpan,0001,0977,221,4.0,9.0,39.0,32.0,11.0,,,47.0,74.0,35.0,13.0,0901200010977,19.28450369,-99.14845143,0,1,False,False
09,012,Tlalpan,0001,0981,2639,61.0,65.0,479.0,319.0,182.0,32.0,14.0,703.0,769.0,307.0,126.0,0901200010981,19.28657209,-99.14604421,0,2,False,False
09,012,Tlalpan,0001,0996,695,9.0,12.0,205.0,132.0,59.0,10.0,,164.0,193.0,74.0,21.0,0901200010996,19.28461647,-99.13907326,2,2,False,False
09,012,Tlalpan,0001,1000,1790,46.0,60.0,286.0,204.0,55.0,8.0,11.0,604.0,445.0,189.0,106.0,0901200011000,19.28557644,-99.13003828,2,3,False,False
09,012,Tlalpan,0001,1015,1631,21.0,28.0,330.0,238.0,183.0,48.0,3.0,462.0,478.0,207.0,49.0,0901200011015,19.28175523,-99.17094775,5,4,False,False
09,012,Tlalpan,0001,102A,3038,45.0,70.0,741.0,526.0,169.0,31.0,12.0,687.0,1050.0,536.0,115.0,090120001102A,19.28051708,-99.16604959,4,2,False,False
09,012,Tlalpan,0001,1034,1194,21.0,26.0,343.0,260.0,37.0,13.0,5.0,266.0,384.0,122.0,47.0,0901200011034,19.285012605,-99.15890364,3,3,False,False
09,012,Tlalpan,0001,1053,1405,35.0,47.0,295.0,242.0,32.0,14.0,5.0,278.0,524.0,182.0,82.0,0901200011053,19.27562066,-99.15793606,2,0,False,False
09,012,Tlalpan,0001,1068,2082,43.0,53.0,400.0,267.0,79.0,14.0,3.0,492.0,676.0,256.0,96.0,0901200011068,19.27942913,-99.14272945,1,1,False,False
09,012,Tlalpan,0001,1072,9407,226.0,289.0,1748.0,1175.0,482.0,90.0,64.0,2463.0,2762.0,1110.0,515.0,0901200011072,19.27502749,-99.17880407,1,0,False,True
09,012,Tlalpan,0001,1087,1070,16.0,20.0,253.0,189.0,56.0,11.0,4.0,296.0,440.0,193.0,36.0,0901200011087,19.278294,-99.17293764,4,0,False,False
09,012,Tlalpan,0001,1091,977,16.0,14.0,229.0,173.0,63.0,4.0,3.0,211.0,419.0,205.0,30.0,0901200011091,19.28014462,-99.17136917,6,2,False,False
09,012,Tlalpan,0001,1104,3069,64.0,89.0,500.0,335.0,206.0,36.0,27.0,781.0,918.0,443.0,153.0,0901200011104,19.276596830000003,-99.17124908,4,0,False,False
09,012,Tlalpan,0001,1119,4921,94.0,139.0,878.0,560.0,286.0,50.0,29.0,1229.0,1357.0,633.0,233.0,0901200011119,19.274724025,-99.17339479500001,4,0,False,True
09,012,Tlalpan,0001,1123,3913,95.0,117.0,689.0,461.0,211.0,30.0,20.0,1169.0,1048.0,439.0,212.0,0901200011123,19.27450722,-99.17075436,4,0,False,False
09,012,Tlalpan,0001,1142,3328,75.0,87.0,535.0,335.0,169.0,34.0,14.0,917.0,1027.0,424.0,162.0,0901200011142,19.27066839,-99.17466014,2,0,False,False
09,012,Tlalpan,0001,1157,5346,180.0,191.0,871.0,596.0,276.0,64.0,45.0,1508.0,1543.0,572.0,371.0,0901200011157,19.268946725,-99.16540266999999,4,0,False,True
09,012,Tlalpan,0001,1161,5990,117.0,190.0,1047.0,742.0,460.0,57.0,44.0,1466.0,1659.0,626.0,307.0,0901200011161,19.26983556,-99.17702868,1,0,False,True
09,012,Tlalpan,0001,1176,3254,94.0,134.0,493.0,368.0,172.0,34.0,40.0,1074.0,877.0,354.0,228.0,0901200011176,19.26602252,-99.16846542,3,0,False,False
09,012,Tlalpan,0001,1195,5300,154.0,181.0,741.0,540.0,308.0,47.0,42.0,1601.0,1427.0,540.0,335.0,0901200011195,19.25509715,-99.1771809,0,0,True,False
09,012,Tlalpan,0001,1212,3550,127.0,187.0,356.0,223.0,76.0,9.0,68.0,1368.0,838.0,288.0,314.0,0901200011212,19.23492085,-99.16350462,0,0,False,False
09,012,Tlalpan,0001,1299,5328,142.0,169.0,853.0,584.0,372.0,59.0,49.0,1729.0,1461.0,517.0,311.0,0901200011299,19.27667082,-99.23205677,2,0,False,True
09,012,Tlalpan,0001,1316,6902,181.0,270.0,1039.0,677.0,433.0,35.0,62.0,2226.0,1867.0,771.0,451.0,0901200011316,19.27896036,-99.20511451,0,0,True,True
09,012,Tlalpan,0001,1369,5374,154.0,197.0,717.0,507.0,288.0,29.0,52.0,1685.0,1516.0,555.0,351.0,0901200011369,19.29963708,-99.22303628,5,0,False,False
09,012,Tlalpan,0001,1388,3739,111.0,133.0,545.0,388.0,255.0,22.0,20.0,945.0,1069.0,376.0,244.0,0901200011388,19.300453535000003,-99.22617421999999,4,0,False,False
09,012,Tlalpan,0001,1424,4485,153.0,175.0,716.0,488.0,267.0,38.0,34.0,1424.0,1292.0,506.0,328.0,0901200011424,19.27093239,-99.18859996,2,0,False,False
09,012,Tlalpan,0001,1439,3716,97.0,129.0,605.0,383.0,267.0,24.0,26.0,1123.0,1034.0,353.0,226.0,0901200011439,19.27648868,-99.2120141,2,2,False,False
09,012,Tlalpan,0001,1443,4658,136.0,159.0,671.0,429.0,197.0,31.0,40.0,1237.0,1332.0,451.0,295.0,0901200011443,19.27655555,-99.22243465,5,2,False,False
09,012,Tlalpan,0001,1458,3878,96.0,139.0,559.0,389.0,192.0,28.0,28.0,1009.0,1112.0,378.0,235.0,0901200011458,19.27545134,-99.21832062,5,2,False,False
09,012,Tlalpan,0001,1462,11014,303.0,437.0,1275.0,819.0,507.0,74.0,105.0,2740.0,3233.0,1312.0,740.0,0901200011462,19.270140025000003,-99.20961684,2,1,False,False
09,012,Tlalpan,0001,1477,6749,199.0,318.0,861.0,530.0,291.0,44.0,92.0,1733.0,1774.0,669.0,517.0,0901200011477,19.27368506,-99.22518826,6,2,False,False
09,012,Tlalpan,0001,1481,5592,178.0,248.0,766.0,507.0,268.0,47.0,70.0,1397.0,1628.0,711.0,426.0,0901200011481,19.27023234,-99.219314725,5,2,False,False
09,012,Tlalpan,0001,1496,8186,293.0,331.0,976.0,648.0,522.0,84.0,122.0,2605.0,2276.0,846.0,624.0,0901200011496,19.276113845,-99.240877705,1,1,False,False
09,012,Tlalpan,0001,1509,5341,164.0,263.0,569.0,371.0,334.0,48.0,88.0,1453.0,1455.0,517.0,427.0,0901200011509,19.27198911,-99.23951393,1,1,False,False
09,012,Tlalpan,0001,1513,5884,214.0,250.0,647.0,413.0,241.0,49.0,73.0,1555.0,1574.0,621.0,464.0,0901200011513,19.26888203,-99.225139215,4,0,False,False
09,012,Tlalpan,0001,1547,2859,91.0,122.0,296.0,171.0,127.0,30.0,28.0,738.0,697.0,297.0,213.0,0901200011547,19.27479241,-99.20612601,2,0,False,False
09,012,Tlalpan,0001,1566,305,11.0,14.0,49.0,25.0,17.0,0.0,,98.0,77.0,31.0,25.0,0901200011566,19.26720994,-99.1762545,2,0,False,False
09,012,Tlalpan,0001,1570,7052,215.0,259.0,805.0,485.0,402.0,39.0,81.0,2003.0,2035.0,714.0,474.0,0901200011570,19.26726939,-99.207560975,2,0,False,False
09,012,Tlalpan,0001,1585,1883,51.0,80.0,231.0,161.0,118.0,27.0,20.0,645.0,459.0,154.0,131.0,0901200011585,19.255466645,-99.18518359000001,0,0,False,False
09,012,Tlalpan,0001,159A,3741,114.0,142.0,474.0,288.0,138.0,22.0,40.0,1330.0,992.0,388.0,256.0,090120001159A,19.247005029999997,-99.17527694500001,0,0,False,False
09,012,Tlalpan,0001,1602,5746,214.0,308.0,530.0,338.0,236.0,26.0,109.0,2410.0,1322.0,388.0,522.0,0901200011602,19.23382411,-99.18005688,0,0,True,False
09,012,Tlalpan,0001,1617,6711,255.0,327.0,621.0,354.0,189.0,28.0,109.0,3124.0,1719.0,529.0,582.0,0901200011617,19.23320323,-99.178581,0,0,True,False
09,012,Tlalpan,0001,1621,5835,175.0,233.0,726.0,445.0,233.0,37.0,64.0,2349.0,1602.0,557.0,408.0,0901200011621,19.244513285,-99.168723465,1,0,False,False
09,012,Tlalpan,0001,1636,4273,133.0,153.0,538.0,353.0,238.0,31.0,24.0,1519.0,1159.0,376.0,286.0,0901200011636,19.250391535,-99.1644457,2,0,False,False
09,012,Tlalpan,0001,1640,7425,214.0,248.0,862.0,550.0,382.0,48.0,72.0,2680.0,2022.0,791.0,462.0,0901200011640,19.251688960000003,-99.15886755,2,0,False,True
09,012,Tlalpan,0001,1655,1380,70.0,57.0,86.0,57.0,18.0,3.0,23.0,591.0,352.0,120.0,127.0,0901200011655,19.230670019999998,-99.16371198499999,0,0,False,False
09,012,Tlalpan,0001,173A,1732,74.0,83.0,122.0,70.0,75.0,17.0,35.0,541.0,453.0,166.0,157.0,090120001173A,19.2651509,-99.22813461,2,0,False,False
09,012,Tlalpan,0001,1744,4101,129.0,171.0,532.0,329.0,262.0,29.0,36.0,1473.0,1068.0,392.0,300.0,0901200011744,19.25958733,-99.18601782,0,0,False,False
09,012,Tlalpan,0001,1890,434,8.0,15.0,90.0,55.0,38.0,6.0,4.0,87.0,117.0,37.0,23.0,0901200011890,19.29559887,-99.18359881,4,1,False,False
09,012,Tlalpan,0001,1903,1255,32.0,27.0,223.0,135.0,76.0,9.0,5.0,284.0,434.0,224.0,59.0,0901200011903,19.29534473,-99.17852896,4,3,False,False
09,012,Tlalpan,0001,1918,2803,35.0,58.0,801.0,576.0,150.0,31.0,3.0,642.0,969.0,373.0,93.0,0901200011918,19.30300868,-99.12454238,2,2,False,False
09,012,Tlalpan,0001,1922,1080,20.0,27.0,282.0,212.0,57.0,10.0,0.0,232.0,449.0,212.0,47.0,0901200011922,19.29785996,-99.1229562,3,2,False,False
09,012,Tlalpan,0001,1937,1884,16.0,43.0,509.0,356.0,81.0,10.0,4.0,386.0,645.0,275.0,59.0,0901200011937,19.29786284,-99.11847095,3,1,False,False
09,012,Tlalpan,0001,1941,1424,19.0,39.0,356.0,252.0,90.0,15.0,9.0,311.0,477.0,218.0,58.0,0901200011941,19.2951897,-99.11458526,3,0,False,False
09,012,Tlalpan,0001,1956,3097,55.0,69.0,877.0,649.0,120.0,32.0,6.0,690.0,957.0,289.0,124.0,0901200011956,19.30451409,-99.20299194,1,0,False,True
09,012,Tlalpan,0001,1960,2219,40.0,48.0,611.0,426.0,71.0,28.0,,346.0,700.0,210.0,88.0,0901200011960,19.29899176,-99.20773832,0,0,False,False
09,012,Tlalpan,0001,1975,4266,72.0,95.0,912.0,592.0,214.0,35.0,13.0,1005.0,1454.0,613.0,167.0,0901200011975,19.295753755,-99.1079444,0,0,False,True
09,012,Tlalpan,0001,198A,1589,28.0,45.0,422.0,322.0,103.0,19.0,4.0,343.0,515.0,240.0,73.0,090120001198A,19.299650905,-99.10412556,0,0,False,False
09,012,Tlalpan,0001,1994,3188,78.0,121.0,368.0,269.0,113.0,12.0,28.0,293.0,1038.0,393.0,199.0,0901200011994,19.29974262,-99.1032212,1,0,False,False
09,012,Tlalpan,0001,2009,7701,227.0,295.0,992.0,629.0,356.0,65.0,80.0,2797.0,2146.0,761.0,522.0,0901200012009,19.26003143,-99.17056148,1,0,False,True
09,012,Tlalpan,0001,2013,8368,259.0,330.0,1177.0,799.0,418.0,52.0,86.0,2832.0,2230.0,763.0,589.0,0901200012013,19.25206571,-99.171973385,0,0,True,True
09,012,Tlalpan,0001,2047,5793,182.0,255.0,665.0,400.0,324.0,44.0,82.0,1895.0,1527.0,541.0,437.0,0901200012047,19.27155544,-99.23385313,2,0,False,False
09,012,Tlalpan,0001,2051,4700,166.0,204.0,482.0,330.0,287.0,38.0,71.0,1306.0,1318.0,510.0,370.0,0901200012051,19.272689040000003,-99.229979255,3,0,False,False
09,012,Tlalpan,0001,2066,3434,66.0,89.0,617.0,416.0,118.0,31.0,28.0,718.0,1192.0,537.0,155.0,0901200012066,19.302594035,-99.2204322,2,0,False,False
09,012,Tlalpan,0001,2070,1962,31.0,39.0,471.0,271.0,79.0,18.0,7.0,335.0,703.0,322.0,70.0,0901200012070,19.29987151,-99.21183334,1,0,False,False
09,012,Tlalpan,0001,2085,2529,50.0,80.0,457.0,250.0,49.0,5.0,16.0,610.0,941.0,451.0,130.0,0901200012085,19.28034312,-99.18530705,7,0,False,False
09,012,Tlalpan,0001,2102,2730,30.0,75.0,615.0,432.0,101.0,22.0,11.0,515.0,990.0,363.0,105.0,0901200012102,19.27595826,-99.16355028,3,0,False,False
09,012,Tlalpan,0001,2121,13974,308.0,404.0,2282.0,1418.0,406.0,94.0,93.0,3598.0,4118.0,1393.0,712.0,0901200012121,19.27292208,-99.1454146,2,0,False,True
09,012,Tlalpan,0001,2136,4691,141.0,149.0,767.0,477.0,201.0,42.0,31.0,1402.0,1291.0,434.0,290.0,0901200012136,19.270939395,-99.157775875,2,0,False,False
09,012,Tlalpan,0001,2140,6515,163.0,221.0,961.0,623.0,403.0,63.0,37.0,2068.0,1809.0,625.0,384.0,0901200012140,19.268513405,-99.152894915,1,0,False,True
09,012,Tlalpan,0001,2155,4856,142.0,196.0,70.0,49.0,44.0,11.0,38.0,227.0,743.0,83.0,338.0,0901200012155,19.26198315,-99.14529211,1,1,False,False
09,012,Tlalpan,0001,216A,3015,82.0,108.0,572.0,372.0,101.0,28.0,14.0,667.0,1080.0,456.0,190.0,090120001216A,19.29576514,-99.11157304,2,0,False,False
09,012,Tlalpan,0001,2174,1993,39.0,58.0,427.0,274.0,76.0,15.0,5.0,419.0,768.0,313.0,97.0,0901200012174,19.29991766,-99.11113526,1,0,False,False
09,012,Tlalpan,0001,2189,5279,133.0,181.0,785.0,500.0,246.0,42.0,38.0,1466.0,1507.0,572.0,314.0,0901200012189,19.28369859,-99.20624571,0,0,False,False
09,012,Tlalpan,0001,2193,5723,165.0,230.0,662.0,420.0,296.0,31.0,47.0,1652.0,1671.0,629.0,395.0,0901200012193,19.28039342,-99.199581905,2,0,False,False
09,012,Tlalpan,0001,2206,4752,179.0,212.0,378.0,193.0,223.0,56.0,74.0,1189.0,1184.0,441.0,391.0,0901200012206,19.26886773,-99.2416464,0,1,True,False
09,012,Tlalpan,0001,2210,4455,142.0,190.0,347.0,202.0,177.0,48.0,61.0,824.0,1203.0,439.0,332.0,0901200012210,19.26898799,-99.23794856,2,0,False,False
09,012,Tlalpan,0001,2225,6664,225.0,318.0,586.0,330.0,310.0,54.0,92.0,2556.0,1733.0,842.0,543.0,0901200012225,19.27626341,-99.18345424,3,0,False,False
09,012,Tlalpan,0001,223A,7153,222.0,264.0,889.0,588.0,351.0,66.0,51.0,2329.0,1951.0,755.0,486.0,090120001223A,19.27255658,-99.18682101,2,0,False,True
09,012,Tlalpan,0001,2244,2254,43.0,60.0,402.0,271.0,143.0,19.0,5.0,575.0,765.0,284.0,103.0,0901200012244,19.27512831,-99.16387664999999,3,0,False,False
09,012,Tlalpan,0001,2259,1778,39.0,61.0,375.0,273.0,60.0,7.0,8.0,376.0,574.0,235.0,100.0,0901200012259,19.27227697,-99.15925578,2,0,False,False
09,012,Tlalpan,0001,2263,6035,214.0,248.0,761.0,480.0,317.0,42.0,65.0,1662.0,1645.0,614.0,462.0,0901200012263,19.2674223,-99.16056068,2,0,False,False
09,012,Tlalpan,0001,2278,3299,95.0,125.0,388.0,219.0,137.0,19.0,22.0,1107.0,839.0,350.0,220.0,0901200012278,19.27205708,-99.192618465,3,0,False,False
09,012,Tlalpan,0001,2282,5014,138.0,213.0,483.0,302.0,253.0,23.0,48.0,1583.0,1393.0,506.0,351.0,0901200012282,19.27613036,-99.18881089,4,0,False,False
09,012,Tlalpan,0001,2333,264,14.0,9.0,20.0,10.0,14.0,3.0,4.0,135.0,59.0,20.0,23.0,0901200012333,19.23090539,-99.18036279,0,0,False,False
09,012,Tlalpan,0001,2348,638,24.0,29.0,46.0,26.0,23.0,7.0,8.0,211.0,155.0,61.0,53.0,0901200012348,19.228544194999998,-99.16563282499999,0,0,False,False
09,012,Tlalpan,0001,2352,915,32.0,39.0,82.0,50.0,32.0,,13.0,447.0,219.0,83.0,71.0,0901200012352,19.227412604999998,-99.156824235,0,0,False,False
09,012,Tlalpan,0001,2367,22,0.0,,4.0,4.0,4.0,0.0,,10.0,8.0,4.0,,0901200012367,19.2260056,-99.17683575,0,0,False,False
09,012,Tlalpan,0001,2441,10407,309.0,400.0,1211.0,740.0,479.0,78.0,121.0,3695.0,2750.0,988.0,709.0,0901200012441,19.23936567,-99.15078246,0,0,True,True
09,012,Tlalpan,0001,2456,2522,67.0,102.0,315.0,194.0,129.0,23.0,31.0,987.0,651.0,212.0,169.0,0901200012456,19.24425865,-99.145457495,1,0,False,False
09,012,Tlalpan,0019,2460,1532,74.0,71.0,137.0,80.0,101.0,30.0,21.0,301.0,402.0,110.0,145.0,0901200192460,19.13320328,-99.17827072,0,0,False,False
09,012,Tlalpan,0019,2475,1665,63.0,105.0,181.0,119.0,86.0,14.0,31.0,475.0,404.0,98.0,168.0,0901200192475,19.13565975,-99.1733427,0,0,False,False
09,012,Tlalpan,0026,1528,7452,256.0,325.0,792.0,514.0,367.0,54.0,111.0,2508.0,1916.0,662.0,581.0,0901200261528,19.22239424,-99.2008925,1,0,False,False
09,012,Tlalpan,0026,1532,6957,251.0,306.0,718.0,460.0,247.0,61.0,104.0,2451.0,1838.0,536.0,557.0,0901200261532,19.21773778,-99.20634641,2,0,False,False
09,012,Tlalpan,0026,166A,1406,47.0,48.0,146.0,86.0,90.0,11.0,21.0,489.0,380.0,100.0,95.0,090120026166A,19.229930815,-99.195373205,0,0,False,False
09,012,Tlalpan,0026,1674,6579,241.0,280.0,762.0,472.0,280.0,61.0,85.0,2420.0,1785.0,519.0,521.0,0901200261674,19.22715664,-99.20090005,0,0,True,False
09,012,Tlalpan,0026,1689,3496,127.0,162.0,306.0,179.0,128.0,18.0,43.0,1261.0,933.0,263.0,289.0,0901200261689,19.225406725,-99.20552591,1,0,False,False
09,012,Tlalpan,0026,1693,238,14.0,9.0,33.0,22.0,16.0,3.0,,52.0,73.0,17.0,23.0,0901200261693,19.21496075,-99.215475785,2,0,False,False
09,012,Tlalpan,0026,1706,1747,55.0,74.0,197.0,124.0,94.0,13.0,28.0,680.0,458.0,142.0,129.0,0901200261706,19.21222792,-99.2116844,2,0,False,False
09,012,Tlalpan,0026,1710,785,22.0,25.0,90.0,54.0,47.0,11.0,11.0,328.0,215.0,61.0,47.0,0901200261710,19.21784719,-99.19465309,0,0,False,False
09,012,Tlalpan,0026,2297,1773,55.0,67.0,183.0,108.0,59.0,11.0,26.0,684.0,452.0,165.0,122.0,0901200262297,19.217258445,-99.214358125,2,0,False,False
09,012,Tlalpan,0026,2314,71,,,9.0,7.0,5.0,0.0,0.0,32.0,23.0,6.0,,0901200262314,19.226267919999998,-99.194562385,0,0,False,False
09,012,Tlalpan,0026,2329,357,10.0,12.0,37.0,24.0,16.0,4.0,,140.0,106.0,21.0,22.0,0901200262329,19.21590917,-99.21627018,2,0,False,False
09,012,Tlalpan,0026,2390,65,5.0,7.0,9.0,7.0,8.0,,,9.0,20.0,8.0,12.0,0901200262390,19.230429,-99.194058,0,0,False,False
09,012,Tlalpan,0026,2403,2553,100.0,130.0,199.0,117.0,150.0,21.0,36.0,841.0,648.0,217.0,230.0,0901200262403,19.214763455,-99.183599155,0,0,False,False
09,012,Tlalpan,0026,2418,2997,89.0,177.0,250.0,120.0,170.0,33.0,57.0,1034.0,823.0,249.0,266.0,0901200262418,19.21296742,-99.17918182,0,0,False,False
09,012,Tlalpan,0026,2437,505,18.0,19.0,32.0,16.0,15.0,,8.0,259.0,134.0,42.0,37.0,0901200262437,19.2333661,-99.20363002,0,0,False,False
09,012,Tlalpan,0026,248A,301,12.0,15.0,15.0,9.0,21.0,3.0,6.0,89.0,79.0,22.0,27.0,090120026248A,19.2162894,-99.18005135,0,0,False,False
09,012,Tlalpan,0027,1763,3975,161.0,159.0,376.0,238.0,194.0,17.0,42.0,1327.0,1038.0,338.0,320.0,0901200271763,19.204988425,-99.15285445,4,0,False,False
09,012,Tlalpan,0027,1778,5838,235.0,306.0,547.0,346.0,289.0,42.0,101.0,2267.0,1441.0,493.0,541.0,0901200271778,19.204445630000002,-99.14599763,4,1,False,False
09,012,Tlalpan,0027,1782,6970,259.0,343.0,588.0,386.0,356.0,55.0,117.0,1899.0,1740.0,603.0,602.0,0901200271782,19.20152558,-99.13600428,2,1,False,False
09,012,Tlalpan,0027,1797,9291,372.0,468.0,677.0,395.0,477.0,79.0,177.0,2523.0,2351.0,757.0,840.0,0901200271797,19.19332955,-99.144655175,2,1,False,False
09,012,Tlalpan,0027,180A,1369,57.0,42.0,141.0,88.0,44.0,7.0,17.0,464.0,373.0,127.0,99.0,090120027180A,19.19830024,-99.15318533,2,1,False,False
09,012,Tlalpan,0027,2028,4151,163.0,194.0,494.0,333.0,134.0,28.0,80.0,1365.0,993.0,356.0,357.0,0901200272028,19.201209945000002,-99.14403573999999,4,1,False,False
09,012,Tlalpan,0027,2032,4369,154.0,210.0,528.0,354.0,369.0,76.0,52.0,1465.0,1057.0,398.0,364.0,0901200272032,19.20033495,-99.14131075,3,1,False,False
09,012,Tlalpan,0027,230A,1924,68.0,77.0,172.0,100.0,99.0,7.0,18.0,716.0,506.0,186.0,145.0,090120027230A,19.20886556,-99.16117101,3,0,False,False
09,012,Tlalpan,0027,2422,3200,113.0,136.0,267.0,167.0,175.0,14.0,39.0,1205.0,807.0,213.0,249.0,0901200272422,19.211818725,-99.158627025,3,0,False,False
09,012,Tlalpan,0135,1227,4058,200.0,221.0,231.0,125.0,191.0,35.0,79.0,1201.0,1029.0,248.0,421.0,0901201351227,19.23955592,-99.23442934,0,0,True,False
09,013,Xochimilco,0001,0014,6567,164.0,208.0,1214.0,850.0,394.0,78.0,38.0,1950.0,1962.0,755.0,372.0,0901300010014,19.279346605,-99.13727278,3,3,False,False
09,013,Xochimilco,0001,0029,2146,33.0,52.0,614.0,485.0,102.0,19.0,11.0,688.0,654.0,233.0,85.0,0901300010029,19.283548545000002,-99.12824368,2,4,False,False
09,013,Xochimilco,0001,0033,2991,37.0,53.0,911.0,670.0,126.0,32.0,5.0,732.0,1045.0,425.0,90.0,0901300010033,19.27699549,-99.12837694,1,3,False,False
09,013,Xochimilco,0001,0052,202,7.0,9.0,4.0,3.0,5.0,,6.0,62.0,50.0,18.0,16.0,0901300010052,19.291464085,-99.10283333,0,0,False,False
09,013,Xochimilco,0001,0067,8457,177.0,227.0,1694.0,1157.0,413.0,88.0,33.0,2333.0,2514.0,893.0,404.0,0901300010067,19.27217542,-99.13510364,3,5,False,False
09,013,Xochimilco,0001,0086,2233,54.0,55.0,455.0,297.0,62.0,6.0,15.0,686.0,735.0,291.0,109.0,0901300010086,19.268447405,-99.11930114,2,3,False,False
09,013,Xochimilco,0001,0090,7010,336.0,360.0,447.0,244.0,388.0,36.0,142.0,2793.0,1845.0,610.0,696.0,0901300010090,19.275189734999998,-99.11276623,0,1,True,False
09,013,Xochimilco,0001,0122,3234,68.0,85.0,620.0,463.0,168.0,35.0,20.0,775.0,857.0,347.0,153.0,0901300010122,19.26613393,-99.10365221,3,1,False,False
09,013,Xochimilco,0001,0137,3296,82.0,106.0,626.0,443.0,127.0,34.0,34.0,1188.0,821.0,357.0,188.0,0901300010137,19.26375196,-99.1008989,4,1,False,False
09,013,Xochimilco,0001,0160,4044,87.0,117.0,819.0,595.0,154.0,44.0,30.0,1059.0,1256.0,545.0,204.0,0901300010160,19.265380399999998,-99.11777595500001,2,2,False,False
09,013,Xochimilco,0001,0175,566,5.0,6.0,115.0,80.0,13.0,5.0,0.0,179.0,187.0,84.0,11.0,0901300010175,19.26268116,-99.12378256,3,3,False,False
09,013,Xochimilco,0001,018A,1228,14.0,18.0,319.0,237.0,129.0,10.0,,304.0,425.0,247.0,32.0,090130001018A,19.26248986,-99.11988525,2,2,False,False
09,013,Xochimilco,0001,0194,766,16.0,13.0,173.0,132.0,42.0,8.0,0.0,157.0,276.0,120.0,29.0,0901300010194,19.25937789,-99.12032875,1,2,False,False
09,013,Xochimilco,0001,0207,2878,44.0,61.0,777.0,592.0,114.0,28.0,20.0,743.0,950.0,366.0,105.0,0901300010207,19.26308608,-99.11790888,2,2,False,False
09,013,Xochimilco,0001,0211,4509,114.0,134.0,822.0,567.0,218.0,44.0,32.0,1408.0,1217.0,463.0,248.0,0901300010211,19.262839120000002,-99.11102762,2,3,False,False
09,013,Xochimilco,0001,0226,1917,34.0,54.0,417.0,305.0,98.0,24.0,12.0,650.0,525.0,226.0,88.0,0901300010226,19.26148636,-99.10469459,4,1,False,False
09,013,Xochimilco,0001,0230,2926,66.0,87.0,550.0,399.0,104.0,19.0,30.0,885.0,758.0,332.0,153.0,0901300010230,19.25881906,-99.10646084,4,3,False,False
09,013,Xochimilco,0001,0245,2286,46.0,69.0,472.0,321.0,105.0,23.0,21.0,681.0,667.0,272.0,115.0,0901300010245,19.26125035,-99.1026817,4,1,False,False
09,013,Xochimilco,0001,025A,3457,103.0,94.0,657.0,458.0,218.0,76.0,28.0,1109.0,1016.0,393.0,197.0,090130001025A,19.25720016,-99.10277698,3,1,False,False
09,013,Xochimilco,0001,0279,4570,174.0,198.0,595.0,406.0,254.0,57.0,61.0,1174.0,1100.0,313.0,372.0,0901300010279,19.25586266,-99.05961512,2,1,False,False
09,013,Xochimilco,0001,0283,5623,173.0,200.0,862.0,596.0,307.0,52.0,41.0,1844.0,1538.0,682.0,373.0,0901300010283,19.25832188,-99.13113182,1,4,False,False
09,013,Xochimilco,0001,0298,10318,274.0,372.0,1430.0,874.0,409.0,71.0,80.0,3315.0,2956.0,1149.0,646.0,0901300010298,19.25738558,-99.12676693,1,2,False,False
09,013,Xochimilco,0001,0300,880,32.0,33.0,130.0,89.0,36.0,3.0,10.0,306.0,232.0,89.0,65.0,0901300010300,19.253022105,-99.1178266,2,1,False,False
09,013,Xochimilco,0001,0315,2045,26.0,31.0,658.0,523.0,113.0,23.0,6.0,514.0,660.0,280.0,57.0,0901300010315,19.25641914,-99.11581802,2,2,False,False
09,013,Xochimilco,0001,032A,13,,,,,,,,,,,,090130001032A,19.25665968,-99.109601,3,2,False,False
09,013,Xochimilco,0001,0334,6075,169.0,205.0,1028.0,714.0,279.0,64.0,52.0,1769.0,1692.0,605.0,374.0,0901300010334,19.25157531,-99.10080875,2,1,False,False
09,013,Xochimilco,0001,0353,5085,149.0,204.0,838.0,614.0,383.0,83.0,49.0,1417.0,1244.0,466.0,353.0,0901300010353,19.25427723,-99.05802871,2,1,False,False
09,013,Xochimilco,0001,0368,11731,444.0,526.0,1431.0,993.0,608.0,112.0,177.0,3543.0,2969.0,1061.0,970.0,0901300010368,19.25235208,-99.05403462,2,1,False,False
09,013,Xochimilco,0001,0372,5104,135.0,194.0,745.0,515.0,270.0,34.0,65.0,1535.0,1275.0,498.0,329.0,0901300010372,19.24859026,-99.12433344499999,1,1,False,False
09,013,Xochimilco,0001,0387,6531,194.0,227.0,947.0,636.0,352.0,52.0,84.0,1770.0,1673.0,595.0,421.0,0901300010387,19.24846578,-99.12057301,1,1,False,False
09,013,Xochimilco,0001,0391,2513,59.0,80.0,388.0,240.0,92.0,20.0,13.0,782.0,718.0,221.0,139.0,0901300010391,19.24825079,-99.11598796999999,1,1,False,False
09,013,Xochimilco,0001,0404,2374,61.0,69.0,413.0,253.0,88.0,14.0,12.0,641.0,833.0,366.0,130.0,0901300010404,19.24987364,-99.11379035,1,1,False,False
09,013,Xochimilco,0001,0419,4481,84.0,105.0,901.0,634.0,300.0,46.0,33.0,1220.0,1400.0,564.0,189.0,0901300010419,19.24524172,-99.10910518,0,2,False,False
09,013,Xochimilco,0001,0423,939,36.0,41.0,108.0,80.0,60.0,9.0,17.0,262.0,269.0,100.0,77.0,0901300010423,19.2487118,-99.10164109,1,1,False,False
09,013,Xochimilco,0001,0438,1537,55.0,57.0,172.0,114.0,73.0,7.0,13.0,645.0,400.0,124.0,112.0,0901300010438,19.243664340000002,-99.10151625,0,1,False,False
09,013,Xochimilco,0001,0442,4369,123.0,179.0,713.0,444.0,180.0,32.0,45.0,1433.0,1192.0,421.0,302.0,0901300010442,19.24455356,-99.09610918999999,0,1,False,False
09,013,Xochimilco,0001,0461,6559,218.0,246.0,889.0,584.0,380.0,43.0,84.0,1739.0,1758.0,696.0,464.0,0901300010461,19.246680105000003,-99.08409216999999,1,0,False,True
09,013,Xochimilco,0001,0480,6753,231.0,271.0,933.0,647.0,385.0,54.0,78.0,1993.0,1762.0,630.0,502.0,0901300010480,19.240507110000003,-99.11700392,1,1,False,False
09,013,Xochimilco,0001,0495,536,15.0,20.0,89.0,64.0,38.0,12.0,3.0,113.0,152.0,41.0,35.0,0901300010495,19.24288475,-99.11180322,1,1,False,False
09,013,Xochimilco,0001,0508,6807,213.0,267.0,891.0,568.0,333.0,58.0,72.0,2248.0,1877.0,575.0,480.0,0901300010508,19.240731345,-99.107779135,0,2,True,False
09,013,Xochimilco,0001,0527,6453,232.0,272.0,845.0,576.0,476.0,72.0,70.0,2113.0,1642.0,514.0,504.0,0901300010527,19.25962819,-99.03148655,0,0,True,True
09,013,Xochimilco,0001,0550,3162,99.0,115.0,606.0,444.0,136.0,31.0,32.0,869.0,833.0,307.0,214.0,0901300010550,19.25449606,-99.013621675,3,1,False,False
09,013,Xochimilco,0001,0565,2947,69.0,97.0,561.0,422.0,196.0,37.0,25.0,637.0,792.0,320.0,166.0,0901300010565,19.25430927,-99.01139268,3,1,False,False
09,013,Xochimilco,0001,057A,269,7.0,10.0,45.0,36.0,12.0,,4.0,130.0,77.0,29.0,17.0,090130001057A,19.25206129,-99.00854039,3,1,False,False
09,013,Xochimilco,0001,0599,5132,40.0,68.0,312.0,176.0,113.0,22.0,18.0,483.0,404.0,119.0,108.0,0901300010599,19.23594672,-99.123788515,2,0,False,False
09,013,Xochimilco,0001,0601,5831,188.0,234.0,757.0,514.0,472.0,46.0,64.0,1630.0,1430.0,433.0,422.0,0901300010601,19.22463545,-99.107873845,0,1,True,False
09,013,Xochimilco,0001,064A,3126,75.0,116.0,508.0,350.0,276.0,41.0,29.0,884.0,848.0,310.0,191.0,090130001064A,19.21791975,-99.09940985,0,1,False,False
09,013,Xochimilco,0001,0654,3725,110.0,146.0,582.0,401.0,262.0,55.0,45.0,1242.0,1001.0,358.0,256.0,0901300010654,19.21823144,-99.0975774,0,1,False,False
09,013,Xochimilco,0001,0669,3864,144.0,163.0,450.0,308.0,204.0,32.0,42.0,1038.0,930.0,304.0,307.0,0901300010669,19.19769793,-99.1222808,1,1,False,False
09,013,Xochimilco,0001,0688,4942,173.0,227.0,651.0,430.0,289.0,44.0,79.0,1441.0,1274.0,473.0,400.0,0901300010688,19.266999135,-99.1111281,2,3,False,False
09,013,Xochimilco,0001,0692,11447,412.0,480.0,1262.0,768.0,656.0,72.0,166.0,3941.0,2966.0,992.0,892.0,0901300010692,19.255451845,-99.032020045,0,0,True,True
09,013,Xochimilco,0001,0705,913,44.0,59.0,61.0,33.0,28.0,5.0,19.0,338.0,227.0,61.0,103.0,0901300010705,19.263487395,-99.09045026000001,1,0,False,False
09,013,Xochimilco,0001,071A,691,24.0,27.0,62.0,35.0,32.0,5.0,4.0,204.0,183.0,82.0,51.0,090130001071A,19.25605002,-99.07112274,1,0,False,False
09,013,Xochimilco,0001,0724,934,51.0,57.0,62.0,37.0,34.0,3.0,18.0,256.0,218.0,38.0,108.0,0901300010724,19.26127096,-99.06356533,2,1,False,False
09,013,Xochimilco,0001,0739,2840,98.0,146.0,255.0,146.0,165.0,13.0,49.0,1005.0,724.0,373.0,244.0,0901300010739,19.235979745,-99.090443935,0,0,False,False
09,013,Xochimilco,0001,0743,6722,209.0,288.0,737.0,450.0,265.0,41.0,89.0,2291.0,1738.0,633.0,497.0,0901300010743,19.23512419,-99.09650545,0,0,True,False
09,013,Xochimilco,0001,0758,4419,158.0,179.0,449.0,284.0,200.0,17.0,54.0,1694.0,1101.0,443.0,337.0,0901300010758,19.23369904,-99.1061651,0,0,True,False
09,013,Xochimilco,0001,0762,1530,58.0,65.0,141.0,83.0,105.0,11.0,25.0,558.0,400.0,148.0,123.0,0901300010762,19.23443375,-99.09841142,0,0,False,False
09,013,Xochimilco,0001,0777,2101,50.0,83.0,307.0,200.0,144.0,15.0,22.0,680.0,535.0,161.0,133.0,0901300010777,19.22351236,-99.10396538,0,2,False,False
09,013,Xochimilco,0001,0809,877,42.0,46.0,59.0,28.0,27.0,5.0,14.0,322.0,223.0,57.0,88.0,0901300010809,19.23223188,-99.14713166,0,0,False,False
09,013,Xochimilco,0001,0813,4180,156.0,188.0,390.0,228.0,186.0,26.0,61.0,1848.0,1053.0,336.0,344.0,0901300010813,19.239468690000002,-99.143852565,1,0,False,False
09,013,Xochimilco,0001,0828,3434,129.0,175.0,361.0,228.0,157.0,19.0,64.0,1112.0,832.0,285.0,304.0,0901300010828,19.23755547,-99.12651193,1,0,False,False
09,013,Xochimilco,0001,0832,754,30.0,27.0,79.0,45.0,49.0,11.0,7.0,198.0,198.0,64.0,57.0,0901300010832,19.22430695,-99.118040225,2,0,False,False
09,013,Xochimilco,0001,0847,1243,51.0,70.0,135.0,79.0,69.0,9.0,29.0,517.0,323.0,90.0,121.0,0901300010847,19.21711576,-99.1224519,0,0,False,False
09,013,Xochimilco,0001,0851,2606,116.0,128.0,170.0,98.0,127.0,19.0,36.0,383.0,604.0,210.0,244.0,0901300010851,19.20420653,-99.1292814,0,1,False,False
09,013,Xochimilco,0001,0866,2156,80.0,115.0,180.0,100.0,96.0,9.0,40.0,712.0,522.0,177.0,195.0,0901300010866,19.24749239,-99.03406227,0,0,False,False
09,013,Xochimilco,0001,0870,2133,84.0,95.0,180.0,102.0,116.0,15.0,26.0,732.0,532.0,155.0,179.0,0901300010870,19.24481041,-99.01952167,0,0,False,False
09,013,Xochimilco,0001,0885,1161,37.0,53.0,101.0,58.0,50.0,5.0,15.0,420.0,294.0,83.0,90.0,0901300010885,19.19852428,-99.11923843,1,1,False,False
09,013,Xochimilco,0001,089A,867,33.0,42.0,81.0,46.0,29.0,0.0,15.0,356.0,226.0,95.0,75.0,090130001089A,19.22415039,-99.09422077,0,0,False,False
09,013,Xochimilco,0001,0917,1860,36.0,55.0,411.0,304.0,104.0,62.0,12.0,623.0,539.0,179.0,91.0,0901300010917,19.26517239,-99.13578243,2,3,False,False
09,013,Xochimilco,0001,1027,5389,134.0,189.0,830.0,561.0,317.0,52.0,62.0,1380.0,1422.0,514.0,323.0,0901300011027,19.247648235,-99.09092564,0,0,False,True
09,013,Xochimilco,0001,1031,8257,255.0,335.0,985.0,626.0,452.0,63.0,122.0,2308.0,2044.0,826.0,590.0,0901300011031,19.24282461,-99.08991489,0,0,True,True
09,013,Xochimilco,0001,1046,2097,49.0,44.0,479.0,343.0,93.0,19.0,8.0,582.0,671.0,309.0,93.0,0901300011046,19.2699985,-99.1161683,2,3,False,False
09,013,Xochimilco,0001,1050,4156,123.0,145.0,632.0,440.0,169.0,26.0,45.0,1435.0,1148.0,447.0,268.0,0901300011050,19.26903191,-99.1131911,2,3,False,False
09,013,Xochimilco,0001,1065,4032,68.0,92.0,875.0,594.0,144.0,34.0,27.0,953.0,1247.0,460.0,160.0,0901300011065,19.27678632,-99.1244559,1,5,False,False
09,013,Xochimilco,0001,107A,3253,60.0,80.0,751.0,540.0,216.0,31.0,14.0,783.0,977.0,364.0,140.0,090130001107A,19.2725941,-99.12469075,2,2,False,False
09,013,Xochimilco,0001,1084,2950,98.0,113.0,479.0,339.0,204.0,34.0,24.0,803.0,647.0,234.0,211.0,0901300011084,19.27015438,-99.10303105,2,1,False,False
09,013,Xochimilco,0001,1099,2830,117.0,141.0,376.0,262.0,148.0,20.0,54.0,705.0,689.0,225.0,258.0,0901300011099,19.27223055,-99.10109902,2,1,False,False
09,013,Xochimilco,0001,1101,4781,191.0,251.0,454.0,311.0,236.0,43.0,91.0,1510.0,1199.0,392.0,442.0,0901300011101,19.26640888,-99.09535553,2,1,False,False
09,013,Xochimilco,0001,1116,2848,81.0,134.0,458.0,315.0,178.0,30.0,44.0,862.0,696.0,227.0,215.0,0901300011116,19.26403865,-99.09748734,4,1,False,False
09,013,Xochimilco,0001,1120,2499,65.0,75.0,439.0,316.0,99.0,27.0,19.0,543.0,602.0,244.0,140.0,0901300011120,19.261654165,-99.09825402,4,1,False,False
09,013,Xochimilco,0001,1135,4026,136.0,179.0,389.0,237.0,150.0,31.0,50.0,1452.0,1050.0,329.0,315.0,0901300011135,19.259155720000003,-99.08377307,0,0,False,False
09,013,Xochimilco,0001,114A,6318,228.0,263.0,634.0,418.0,308.0,43.0,103.0,2408.0,1514.0,568.0,491.0,090130001114A,19.259425995,-99.09060026,1,0,False,False
09,013,Xochimilco,0001,1154,7460,271.0,328.0,1019.0,690.0,337.0,48.0,105.0,2263.0,1959.0,693.0,599.0,0901300011154,19.2461776,-99.074241405,1,0,False,True
09,013,Xochimilco,0001,1169,11635,492.0,553.0,1175.0,792.0,607.0,69.0,150.0,3876.0,2854.0,988.0,1045.0,0901300011169,19.24902767,-99.06160094,2,1,False,False
09,013,Xochimilco,0001,1173,5729,172.0,211.0,830.0,538.0,349.0,59.0,58.0,1792.0,1430.0,505.0,383.0,0901300011173,19.23194228,-99.12037027,2,0,False,True
09,013,Xochimilco,0001,1188,6177,199.0,257.0,857.0,569.0,352.0,53.0,79.0,1842.0,1592.0,562.0,456.0,0901300011188,19.232118800000002,-99.11869049,2,0,False,True
09,013,Xochimilco,0001,1192,9781,322.0,380.0,1234.0,791.0,590.0,74.0,114.0,3276.0,2495.0,835.0,702.0,0901300011192,19.24789361,-99.01775925,1,1,False,False
09,013,Xochimilco,0001,1205,698,20.0,30.0,87.0,61.0,42.0,7.0,11.0,224.0,177.0,56.0,50.0,0901300011205,19.246387239999997,-99.01255938,0,0,False,False
09,013,Xochimilco,0001,121A,7212,235.0,279.0,888.0,521.0,389.0,70.0,81.0,2441.0,1939.0,758.0,514.0,090130001121A,19.28512773,-99.11770356,2,3,False,False
09,013,Xochimilco,0001,1224,6729,192.0,219.0,979.0,594.0,383.0,52.0,58.0,2152.0,1857.0,729.0,411.0,0901300011224,19.28230746,-99.11995913,1,3,False,False
09,013,Xochimilco,0001,1239,4240,94.0,131.0,806.0,531.0,237.0,37.0,24.0,1222.0,1193.0,464.0,225.0,0901300011239,19.27836432,-99.12046566,2,3,False,False
09,013,Xochimilco,0001,1243,46,0.0,,6.0,3.0,0.0,0.0,0.0,13.0,19.0,8.0,,0901300011243,19.29011861,-99.11254091,2,0,False,False
09,013,Xochimilco,0001,1262,2986,37.0,63.0,436.0,252.0,112.0,17.0,16.0,753.0,878.0,287.0,100.0,0901300011262,19.282512054999998,-99.10950030500001,1,0,False,False
09,013,Xochimilco,0001,1277,55,4.0,6.0,,,0.0,0.0,4.0,55.0,12.0,7.0,10.0,0901300011277,19.29978775,-99.10013621,0,0,False,False
09,013,Xochimilco,0001,1296,2160,94.0,105.0,164.0,102.0,109.0,7.0,35.0,938.0,542.0,174.0,199.0,0901300011296,19.2333353,-99.09240294,0,0,False,False
09,013,Xochimilco,0001,1309,1210,46.0,50.0,136.0,90.0,58.0,12.0,17.0,482.0,309.0,97.0,96.0,0901300011309,19.23630672,-99.11225956,1,0,False,False
09,013,Xochimilco,0001,1313,4863,160.0,177.0,614.0,398.0,294.0,46.0,64.0,1409.0,1275.0,431.0,337.0,0901300011313,19.25705919,-99.019686275,1,1,False,False
09,013,Xochimilco,0001,1328,8341,299.0,389.0,875.0,549.0,429.0,61.0,138.0,2684.0,2130.0,722.0,688.0,0901300011328,19.250585165,-99.02592224,0,0,True,True
09,013,Xochimilco,0001,1332,5578,102.0,129.0,1164.0,827.0,278.0,44.0,32.0,1376.0,1556.0,643.0,231.0,0901300011332,19.265819385,-99.13175667499999,1,3,False,False
09,013,Xochimilco,0001,1347,1530,37.0,50.0,198.0,127.0,45.0,10.0,4.0,352.0,617.0,309.0,87.0,0901300011347,19.263289399999998,-99.126005865,2,2,False,False
09,013,Xochimilco,0001,1366,5812,198.0,227.0,679.0,426.0,282.0,36.0,78.0,1419.0,1606.0,687.0,425.0,0901300011366,19.25397499,-99.07245537,1,0,False,False
09,013,Xochimilco,0001,1370,4391,129.0,166.0,535.0,349.0,180.0,23.0,49.0,1452.0,1209.0,653.0,295.0,0901300011370,19.24888994,-99.07423864500001,1,0,False,False
09,013,Xochimilco,0001,1385,2068,38.0,42.0,328.0,183.0,52.0,6.0,10.0,488.0,602.0,264.0,80.0,0901300011385,19.27843557,-99.11718404,1,2,False,False
09,013,Xochimilco,0001,139A,1719,25.0,45.0,255.0,132.0,59.0,5.0,3.0,440.0,487.0,150.0,70.0,090130001139A,19.279240295,-99.113451465,1,2,False,False
09,013,Xochimilco,0001,1402,3227,127.0,161.0,285.0,166.0,115.0,27.0,62.0,1366.0,815.0,295.0,288.0,0901300011402,19.25556273,-99.08149591,1,0,False,False
09,013,Xochimilco,0001,1417,2212,81.0,97.0,160.0,96.0,156.0,19.0,45.0,681.0,569.0,221.0,178.0,0901300011417,19.2539682,-99.07968612,1,0,False,False
09,013,Xochimilco,0001,1421,1247,37.0,39.0,154.0,93.0,56.0,4.0,7.0,339.0,327.0,117.0,76.0,0901300011421,19.24836779,-99.132542565,0,1,False,False
09,013,Xochimilco,0001,1436,2325,85.0,106.0,183.0,103.0,153.0,18.0,44.0,1207.0,587.0,207.0,191.0,0901300011436,19.22881969,-99.09649942,0,0,False,False
09,013,Xochimilco,0001,1440,4557,183.0,233.0,344.0,218.0,211.0,28.0,86.0,1687.0,1147.0,366.0,416.0,0901300011440,19.225404310000002,-99.08804811499999,0,0,True,False
09,013,Xochimilco,0001,1455,2154,85.0,101.0,183.0,122.0,83.0,11.0,41.0,776.0,514.0,168.0,186.0,0901300011455,19.24119255,-99.13057374,0,0,False,False
09,013,Xochimilco,0001,146A,2687,112.0,132.0,227.0,130.0,143.0,15.0,60.0,941.0,710.0,200.0,244.0,090130001146A,19.219029470000002,-99.12752159499999,0,0,False,False
09,013,Xochimilco,0001,1474,1442,57.0,74.0,124.0,64.0,51.0,10.0,25.0,662.0,354.0,170.0,131.0,0901300011474,19.19935106,-99.10570685,0,0,False,False
09,013,Xochimilco,0001,1489,648,38.0,30.0,58.0,32.0,25.0,7.0,9.0,285.0,172.0,59.0,68.0,0901300011489,19.2596846,-99.06018576,2,1,False,False
09,013,Xochimilco,0001,1493,1896,84.0,110.0,146.0,83.0,133.0,9.0,35.0,660.0,459.0,114.0,194.0,0901300011493,19.245743894999997,-99.02893355500001,0,0,False,False
09,013,Xochimilco,0001,1506,840,31.0,36.0,74.0,43.0,55.0,7.0,14.0,260.0,219.0,67.0,67.0,0901300011506,19.22911111,-99.11529151,2,1,False,False
09,013,Xochimilco,0001,1510,424,9.0,20.0,45.0,32.0,32.0,,5.0,138.0,107.0,26.0,29.0,0901300011510,19.222757425,-99.11168613999999,0,1,False,False
09,013,Xochimilco,0001,1525,1151,41.0,47.0,106.0,68.0,75.0,11.0,15.0,344.0,302.0,121.0,88.0,0901300011525,19.2314755,-99.11439231,2,0,False,False
09,013,Xochimilco,0001,1544,107,,9.0,9.0,5.0,11.0,0.0,,32.0,22.0,8.0,,0901300011544,19.225680224999998,-99.095915155,0,0,False,False
09,013,Xochimilco,0001,1559,2475,112.0,145.0,162.0,95.0,169.0,21.0,61.0,830.0,590.0,174.0,257.0,0901300011559,19.244238745,-99.02597406,0,0,False,False
09,013,Xochimilco,0001,1563,323,13.0,18.0,33.0,24.0,34.0,,7.0,89.0,83.0,35.0,31.0,0901300011563,19.23973129,-99.0188874,0,0,False,False
09,013,Xochimilco,0001,1578,35,,5.0,,,,,3.0,25.0,8.0,4.0,,0901300011578,19.24043971,-99.05499703,0,0,False,False
09,014,Benito Juárez,0001,0011,3973,67.0,108.0,736.0,526.0,169.0,26.0,23.0,835.0,1662.0,722.0,175.0,0901400010011,19.401627984999998,-99.15913099,7,4,False,False
09,014,Benito Juárez,0001,0026,4161,82.0,88.0,749.0,516.0,130.0,22.0,26.0,825.0,1781.0,802.0,170.0,0901400010026,19.40320819,-99.15537608,5,4,False,False
09,014,Benito Juárez,0001,0030,5366,116.0,154.0,985.0,659.0,176.0,33.0,25.0,1099.0,2230.0,997.0,270.0,0901400010030,19.40207856,-99.14020811,6,0,False,True
09,014,Benito Juárez,0001,0045,3480,64.0,81.0,736.0,503.0,166.0,45.0,12.0,766.0,1451.0,618.0,145.0,0901400010045,19.397461895,-99.167777035,10,5,False,False
09,014,Benito Juárez,0001,005A,5914,151.0,169.0,1151.0,841.0,274.0,84.0,23.0,1073.0,2347.0,972.0,320.0,090140001005A,19.398845729999998,-99.16227079000001,10,4,False,False
09,014,Benito Juárez,0001,0064,4064,83.0,90.0,811.0,568.0,178.0,32.0,8.0,943.0,1677.0,759.0,173.0,0901400010064,19.396080365000003,-99.1577827,12,5,False,False
09,014,Benito Juárez,0001,0079,6309,122.0,129.0,1297.0,907.0,324.0,57.0,12.0,1532.0,2652.0,1116.0,251.0,0901400010079,19.399266,-99.1542374,10,4,False,False
09,014,Benito Juárez,0001,0083,4930,77.0,94.0,1101.0,790.0,240.0,41.0,10.0,1076.0,2145.0,978.0,171.0,0901400010083,19.39556827,-99.15175885,11,2,False,False
09,014,Benito Juárez,0001,0098,6213,163.0,184.0,1100.0,763.0,217.0,38.0,33.0,1510.0,2591.0,1210.0,347.0,0901400010098,19.39838517,-99.14783605,9,1,False,False
09,014,Benito Juárez,0001,0100,1983,43.0,45.0,385.0,272.0,103.0,10.0,11.0,434.0,843.0,425.0,88.0,0901400010100,19.39590568,-99.14619744,9,1,False,False
09,014,Benito Juárez,0001,0115,5163,113.0,148.0,963.0,668.0,194.0,33.0,15.0,1245.0,2094.0,897.0,261.0,0901400010115,19.39884539,-99.14353739,7,1,False,False
09,014,Benito Juárez,0001,012A,5644,117.0,122.0,1000.0,695.0,298.0,42.0,29.0,1245.0,2267.0,1088.0,239.0,090140001012A,19.395154339999998,-99.14419932,6,1,False,False
09,014,Benito Juárez,0001,0134,5075,105.0,129.0,965.0,668.0,240.0,65.0,35.0,1081.0,2063.0,1003.0,234.0,0901400010134,19.39509148,-99.13934114,6,1,False,False
09,014,Benito Juárez,0001,0149,3398,55.0,82.0,617.0,417.0,172.0,36.0,9.0,750.0,1358.0,567.0,137.0,0901400010149,19.39774566,-99.13551795,4,1,False,False
09,014,Benito Juárez,0001,0153,2901,76.0,84.0,602.0,444.0,124.0,23.0,11.0,715.0,999.0,399.0,160.0,0901400010153,19.396203104999998,-99.13246068500001,5,1,False,False
09,014,Benito Juárez,0001,0168,1670,31.0,37.0,336.0,240.0,67.0,20.0,,423.0,650.0,271.0,68.0,0901400010168,19.39421003,-99.13419775,4,1,False,False
09,014,Benito Juárez,0001,0172,1828,41.0,40.0,431.0,296.0,91.0,23.0,7.0,487.0,688.0,339.0,81.0,0901400010172,19.39230481,-99.13502242,4,1,False,False
09,014,Benito Juárez,0001,0187,6913,184.0,169.0,1299.0,902.0,286.0,46.0,20.0,1421.0,2655.0,1175.0,353.0,0901400010187,19.39528211,-99.182693935,8,2,False,False
09,014,Benito Juárez,0001,0191,4213,91.0,108.0,823.0,584.0,158.0,33.0,10.0,724.0,1786.0,780.0,199.0,0901400010191,19.392259055,-99.17960963,6,3,False,False
09,014,Benito Juárez,0001,0204,6314,146.0,180.0,1093.0,781.0,240.0,45.0,17.0,1027.0,2838.0,1228.0,326.0,0901400010204,19.39587204,-99.1768325,8,3,False,False
09,014,Benito Juárez,0001,0219,4029,96.0,107.0,627.0,444.0,179.0,32.0,16.0,631.0,1809.0,721.0,203.0,0901400010219,19.3948621,-99.17422205,9,2,False,False
09,014,Benito Juárez,0001,0223,1127,19.0,16.0,283.0,215.0,60.0,5.0,0.0,273.0,521.0,207.0,35.0,0901400010223,19.39376031,-99.1721087,7,2,False,False
09,014,Benito Juárez,0001,0238,6776,129.0,158.0,1484.0,1057.0,239.0,44.0,26.0,1347.0,2822.0,1278.0,287.0,0901400010238,19.39160011,-99.16802817,10,2,False,False
09,014,Benito Juárez,0001,0242,4514,109.0,124.0,753.0,492.0,171.0,29.0,24.0,963.0,1871.0,822.0,233.0,0901400010242,19.39539823,-99.16641265,11,4,False,False
09,014,Benito Juárez,0001,0257,7766,151.0,190.0,1496.0,1042.0,301.0,90.0,34.0,1753.0,3197.0,1495.0,341.0,0901400010257,19.390348145,-99.15873968,9,2,False,False
09,014,Benito Juárez,0001,0261,8246,158.0,180.0,1762.0,1253.0,409.0,101.0,16.0,1989.0,3415.0,1576.0,338.0,0901400010261,19.39181679,-99.155599545,10,3,False,False
09,014,Benito Juárez,0001,0276,4686,102.0,110.0,940.0,668.0,151.0,26.0,22.0,847.0,1988.0,825.0,212.0,0901400010276,19.38970159,-99.14866875,8,3,False,False
09,014,Benito Juárez,0001,0280,2417,42.0,43.0,626.0,465.0,112.0,13.0,7.0,474.0,913.0,411.0,85.0,0901400010280,19.38917922,-99.14418362,5,1,False,False
09,014,Benito Juárez,0001,0295,2208,48.0,67.0,410.0,297.0,165.0,16.0,13.0,407.0,833.0,375.0,115.0,0901400010295,19.388261795,-99.144068735,4,1,False,False
09,014,Benito Juárez,0001,0308,3867,69.0,102.0,797.0,528.0,144.0,30.0,12.0,858.0,1489.0,607.0,171.0,0901400010308,19.38988892,-99.14011146,4,2,False,False
09,014,Benito Juárez,0001,0312,2167,40.0,49.0,573.0,410.0,121.0,43.0,12.0,460.0,754.0,379.0,89.0,0901400010312,19.39018722,-99.1349143,3,2,False,False
09,014,Benito Juárez,0001,0327,1777,22.0,42.0,484.0,349.0,164.0,25.0,5.0,507.0,608.0,281.0,64.0,0901400010327,19.38831257,-99.13690709,3,1,False,False
09,014,Benito Juárez,0001,0331,2619,48.0,64.0,682.0,485.0,187.0,33.0,9.0,679.0,959.0,446.0,112.0,0901400010331,19.38603128,-99.13608786,3,3,False,False
09,014,Benito Juárez,0001,0346,5180,149.0,148.0,862.0,604.0,227.0,50.0,15.0,935.0,2198.0,1000.0,297.0,0901400010346,19.38880915,-99.18714811,4,1,False,False
09,014,Benito Juárez,0001,0350,3701,78.0,103.0,732.0,505.0,127.0,29.0,8.0,686.0,1596.0,678.0,181.0,0901400010350,19.391446465,-99.18338973,6,3,False,False
09,014,Benito Juárez,0001,0365,1729,28.0,30.0,340.0,249.0,59.0,32.0,6.0,282.0,790.0,341.0,58.0,0901400010365,19.38637778,-99.18441517,5,2,False,False
09,014,Benito Juárez,0001,037A,2546,53.0,60.0,474.0,349.0,93.0,14.0,9.0,447.0,1166.0,451.0,113.0,090140001037A,19.38620926,-99.17924751,4,2,False,False
09,014,Benito Juárez,0001,0384,4103,86.0,112.0,688.0,521.0,122.0,29.0,22.0,640.0,1812.0,733.0,198.0,0901400010384,19.38918304,-99.17513565499999,6,3,False,False
09,014,Benito Juárez,0001,0399,4090,118.0,126.0,912.0,650.0,152.0,33.0,14.0,782.0,1682.0,748.0,244.0,0901400010399,19.38786892,-99.17132975,10,1,False,False
09,014,Benito Juárez,0001,0401,5533,129.0,141.0,1182.0,812.0,162.0,35.0,14.0,978.0,2261.0,973.0,270.0,0901400010401,19.38669894,-99.16640746,8,2,False,False
09,014,Benito Juárez,0001,0416,3011,67.0,90.0,602.0,406.0,83.0,18.0,12.0,551.0,1257.0,516.0,157.0,0901400010416,19.38450593,-99.16296653,8,2,False,False
09,014,Benito Juárez,0001,0420,5609,120.0,142.0,1128.0,803.0,148.0,31.0,15.0,1002.0,2312.0,1049.0,262.0,0901400010420,19.38555586,-99.15759446,10,3,False,False
09,014,Benito Juárez,0001,0435,5570,110.0,136.0,1142.0,797.0,241.0,58.0,17.0,1125.0,2307.0,1015.0,246.0,0901400010435,19.386665049999998,-99.15093691999999,8,2,False,False
09,014,Benito Juárez,0001,044A,4368,85.0,112.0,962.0,676.0,181.0,37.0,13.0,895.0,1764.0,790.0,197.0,090140001044A,19.38332153,-99.15435957,6,3,False,False
09,014,Benito Juárez,0001,0454,1940,44.0,47.0,427.0,316.0,62.0,12.0,5.0,385.0,766.0,332.0,91.0,0901400010454,19.38318675,-99.1516951,5,3,False,False
09,014,Benito Juárez,0001,0469,7095,134.0,214.0,1271.0,887.0,374.0,62.0,36.0,1347.0,2785.0,1249.0,348.0,0901400010469,19.37974547,-99.15049019,5,2,False,False
09,014,Benito Juárez,0001,0473,1915,29.0,41.0,456.0,337.0,118.0,23.0,12.0,408.0,668.0,296.0,70.0,0901400010473,19.38399193,-99.1466464,4,2,False,False
09,014,Benito Juárez,0001,0488,10448,239.0,350.0,1697.0,1170.0,497.0,77.0,77.0,2282.0,3910.0,1862.0,589.0,0901400010488,19.38529356,-99.14448145,3,1,False,False
09,014,Benito Juárez,0001,0492,3322,72.0,99.0,585.0,399.0,196.0,28.0,13.0,686.0,1323.0,545.0,171.0,0901400010492,19.383966815,-99.140831095,1,1,False,False
09,014,Benito Juárez,0001,0505,3014,60.0,67.0,617.0,454.0,148.0,35.0,8.0,663.0,1180.0,519.0,127.0,0901400010505,19.37952316,-99.14192054,2,3,False,False
09,014,Benito Juárez,0001,051A,2793,57.0,59.0,694.0,507.0,181.0,40.0,10.0,694.0,963.0,425.0,116.0,090140001051A,19.38376843,-99.13701357,2,4,False,False
09,014,Benito Juárez,0001,0524,2763,53.0,45.0,663.0,468.0,140.0,36.0,12.0,623.0,1043.0,498.0,98.0,0901400010524,19.38065856,-99.1387408,1,1,False,False
09,014,Benito Juárez,0001,0539,2679,49.0,48.0,638.0,459.0,156.0,20.0,7.0,653.0,980.0,415.0,97.0,0901400010539,19.37844898,-99.13900029,0,1,False,False
09,014,Benito Juárez,0001,0543,5681,151.0,155.0,929.0,654.0,202.0,45.0,14.0,1039.0,2374.0,1048.0,306.0,0901400010543,19.381706195,-99.1901599,3,2,False,False
09,014,Benito Juárez,0001,0558,2425,97.0,73.0,393.0,290.0,106.0,30.0,7.0,425.0,1016.0,442.0,170.0,0901400010558,19.383859700000002,-99.186786635,4,2,False,False
09,014,Benito Juárez,0001,0562,3819,84.0,100.0,736.0,493.0,110.0,24.0,20.0,560.0,1619.0,675.0,184.0,0901400010562,19.38169704,-99.18287907,3,1,False,False
09,014,Benito Juárez,0001,0577,6059,123.0,140.0,1151.0,830.0,201.0,41.0,25.0,1138.0,2855.0,1313.0,263.0,0901400010577,19.382632909999998,-99.17730473,4,0,False,True
09,014,Benito Juárez,0001,0581,521,6.0,10.0,151.0,117.0,28.0,5.0,,79.0,175.0,52.0,16.0,0901400010581,19.38318809,-99.17359617,7,1,False,False
09,014,Benito Juárez,0001,0596,3156,74.0,67.0,801.0,578.0,108.0,40.0,22.0,840.0,1289.0,595.0,141.0,0901400010596,19.379620495,-99.17255831,6,0,False,False
09,014,Benito Juárez,0001,0609,4320,85.0,119.0,1087.0,801.0,120.0,31.0,19.0,746.0,1841.0,769.0,204.0,0901400010609,19.38004424,-99.16800036,6,1,False,False
09,014,Benito Juárez,0001,0613,5414,101.0,146.0,1158.0,817.0,167.0,42.0,18.0,1013.0,2377.0,1114.0,247.0,0901400010613,19.37907103,-99.161313295,6,1,False,False
09,014,Benito Juárez,0001,0628,5347,97.0,115.0,1330.0,979.0,190.0,43.0,20.0,1217.0,2083.0,889.0,212.0,0901400010628,19.37809582,-99.15680663,7,2,False,False
09,014,Benito Juárez,0001,0632,6933,125.0,164.0,1571.0,1133.0,275.0,62.0,20.0,1400.0,2768.0,1176.0,289.0,0901400010632,19.375579645000002,-99.1522247,6,1,False,False
09,014,Benito Juárez,0001,0647,5658,117.0,163.0,1090.0,757.0,375.0,39.0,25.0,1364.0,2015.0,826.0,280.0,0901400010647,19.376181585,-99.14688642,4,1,False,False
09,014,Benito Juárez,0001,0651,6444,146.0,201.0,1212.0,830.0,304.0,68.0,27.0,1446.0,2321.0,1045.0,347.0,0901400010651,19.37195902,-99.14364058,3,1,False,False
09,014,Benito Juárez,0001,0666,3479,92.0,91.0,591.0,388.0,153.0,31.0,16.0,749.0,1318.0,559.0,183.0,0901400010666,19.37589399,-99.13866507,0,1,False,False
09,014,Benito Juárez,0001,0670,6796,160.0,199.0,1214.0,804.0,279.0,59.0,30.0,1340.0,2578.0,1148.0,359.0,0901400010670,19.37158747,-99.13998894,2,1,False,False
09,014,Benito Juárez,0001,0685,4576,118.0,128.0,830.0,602.0,292.0,46.0,15.0,1009.0,1727.0,753.0,246.0,0901400010685,19.37361638,-99.19024165,4,6,False,False
09,014,Benito Juárez,0001,069A,1735,36.0,50.0,334.0,238.0,75.0,25.0,9.0,409.0,730.0,327.0,86.0,090140001069A,19.37337986,-99.18822506,5,5,False,False
09,014,Benito Juárez,0001,0702,4122,89.0,95.0,952.0,670.0,163.0,30.0,17.0,701.0,1718.0,725.0,184.0,0901400010702,19.37526697,-99.18240478,4,4,False,False
09,014,Benito Juárez,0001,0717,1190,18.0,27.0,320.0,250.0,52.0,16.0,4.0,266.0,463.0,190.0,45.0,0901400010717,19.37378694,-99.1784378,5,2,False,False
09,014,Benito Juárez,0001,0721,4471,87.0,115.0,1047.0,770.0,184.0,49.0,25.0,934.0,1764.0,810.0,202.0,0901400010721,19.37706725,-99.17420601,6,0,False,True
09,014,Benito Juárez,0001,0736,5045,93.0,121.0,1087.0,782.0,120.0,27.0,50.0,812.0,2226.0,1031.0,214.0,0901400010736,19.37230184,-99.17267884,9,0,False,True
09,014,Benito Juárez,0001,0740,3523,60.0,69.0,867.0,610.0,113.0,25.0,13.0,510.0,1437.0,665.0,129.0,0901400010740,19.37586315,-99.16971171,9,1,False,False
09,014,Benito Juárez,0001,0755,5093,92.0,113.0,1194.0,827.0,246.0,51.0,13.0,1117.0,2045.0,893.0,205.0,0901400010755,19.37374674,-99.16501159,7,2,False,False
09,014,Benito Juárez,0001,076A,4076,100.0,124.0,735.0,488.0,130.0,29.0,24.0,773.0,1717.0,672.0,224.0,090140001076A,19.37458251,-99.16001704,5,2,False,False
09,014,Benito Juárez,0001,0774,7049,181.0,156.0,1396.0,937.0,283.0,52.0,29.0,1654.0,2732.0,1175.0,337.0,0901400010774,19.3703936,-99.15062633,7,2,False,False
09,014,Benito Juárez,0001,0789,2843,67.0,72.0,561.0,400.0,147.0,35.0,16.0,541.0,1126.0,506.0,139.0,0901400010789,19.37063854,-99.14407,2,1,False,False
09,014,Benito Juárez,0001,0793,4670,70.0,98.0,983.0,705.0,178.0,48.0,16.0,840.0,1924.0,901.0,168.0,0901400010793,19.37104199,-99.18082789,8,2,False,False
09,014,Benito Juárez,0001,0806,5486,133.0,127.0,1224.0,890.0,205.0,56.0,16.0,893.0,2278.0,979.0,260.0,0901400010806,19.3710217,-99.17600462,8,2,False,False
09,014,Benito Juárez,0001,0810,6987,165.0,204.0,1337.0,945.0,236.0,53.0,29.0,1009.0,2857.0,1238.0,369.0,0901400010810,19.3683581,-99.1687811,6,0,False,True
09,014,Benito Juárez,0001,0825,284,3.0,3.0,59.0,37.0,10.0,,0.0,51.0,114.0,56.0,6.0,0901400010825,19.370200855,-99.16456782,7,2,False,False
09,014,Benito Juárez,0001,083A,3012,70.0,71.0,572.0,393.0,106.0,31.0,8.0,634.0,1146.0,471.0,141.0,090140001083A,19.370439915,-99.161805945,7,2,False,False
09,014,Benito Juárez,0001,0844,5577,115.0,150.0,999.0,674.0,217.0,31.0,22.0,1143.0,2367.0,978.0,265.0,0901400010844,19.36635496,-99.15884236,7,1,False,False
09,014,Benito Juárez,0001,0859,5794,137.0,149.0,1103.0,806.0,257.0,55.0,25.0,1068.0,2265.0,1023.0,286.0,0901400010859,19.367595880000003,-99.15328404,8,2,False,False
09,014,Benito Juárez,0001,0863,7925,187.0,209.0,1468.0,1000.0,233.0,45.0,26.0,1620.0,3153.0,1393.0,396.0,0901400010863,19.366543120000003,-99.145903565,5,1,False,False
09,014,Benito Juárez,0001,0878,5681,118.0,149.0,1006.0,680.0,290.0,51.0,16.0,1105.0,2253.0,903.0,267.0,0901400010878,19.367461255000002,-99.14028586500001,5,1,False,False
09,014,Benito Juárez,0001,0882,3795,89.0,103.0,692.0,493.0,169.0,46.0,20.0,562.0,1720.0,759.0,192.0,0901400010882,19.3688735,-99.18904969,4,5,False,False
09,014,Benito Juárez,0001,0897,1771,49.0,38.0,395.0,281.0,77.0,21.0,7.0,307.0,727.0,308.0,87.0,0901400010897,19.37019476,-99.18613501,4,4,False,False
09,014,Benito Juárez,0001,090A,2649,56.0,58.0,781.0,567.0,141.0,41.0,11.0,418.0,1167.0,538.0,114.0,090140001090A,19.36644087,-99.18746216,6,5,False,False
09,014,Benito Juárez,0001,0914,2250,54.0,62.0,472.0,348.0,95.0,22.0,19.0,299.0,1084.0,489.0,116.0,0901400010914,19.36363521,-99.18288277,7,2,False,False
09,014,Benito Juárez,0001,0929,3731,75.0,102.0,874.0,637.0,190.0,33.0,16.0,813.0,1614.0,776.0,177.0,0901400010929,19.36716295,-99.17923526,6,2,False,False
09,014,Benito Juárez,0001,0933,3060,79.0,73.0,678.0,483.0,120.0,24.0,12.0,385.0,1309.0,557.0,152.0,0901400010933,19.36455486,-99.17496251,7,0,False,False
09,014,Benito Juárez,0001,0948,3045,37.0,56.0,759.0,550.0,134.0,35.0,17.0,498.0,1278.0,561.0,93.0,0901400010948,19.36223742,-99.1723592,6,0,False,False
09,014,Benito Juárez,0001,0952,3854,113.0,103.0,686.0,469.0,141.0,26.0,22.0,626.0,1415.0,562.0,216.0,0901400010952,19.36441646,-99.16675997499999,9,1,False,False
09,014,Benito Juárez,0001,0967,705,21.0,19.0,121.0,82.0,29.0,5.0,,183.0,251.0,105.0,40.0,0901400010967,19.36097604,-99.16978526,4,0,False,False
09,014,Benito Juárez,0001,0971,3943,84.0,114.0,814.0,581.0,127.0,40.0,24.0,754.0,1562.0,668.0,198.0,0901400010971,19.36108866,-99.16172769,6,2,False,False
09,014,Benito Juárez,0001,0986,5256,118.0,127.0,1092.0,780.0,174.0,48.0,29.0,953.0,2046.0,842.0,245.0,0901400010986,19.36189328,-99.15624693,5,1,False,False
09,014,Benito Juárez,0001,0990,5697,118.0,154.0,1083.0,716.0,152.0,27.0,26.0,1163.0,2233.0,1000.0,272.0,0901400010990,19.3626832,-99.15246919,8,2,False,False
09,014,Benito Juárez,0001,1005,7611,149.0,191.0,1484.0,1051.0,398.0,72.0,25.0,1537.0,2963.0,1392.0,340.0,0901400011005,19.36244897,-99.14632134,6,1,False,False
09,014,Benito Juárez,0001,101A,4333,79.0,96.0,915.0,655.0,228.0,57.0,19.0,980.0,1649.0,735.0,175.0,090140001101A,19.359477159999997,-99.14705236,4,1,False,False
09,014,Benito Juárez,0001,1024,4142,81.0,74.0,841.0,611.0,169.0,33.0,12.0,811.0,1645.0,701.0,155.0,0901400011024,19.36144932,-99.14132983,3,3,False,False
09,015,Cuauhtémoc,0001,0019,4263,102.0,142.0,797.0,518.0,208.0,40.0,30.0,1254.0,1362.0,565.0,244.0,0901500010019,19.4633492,-99.13723234,6,1,False,False
09,015,Cuauhtémoc,0001,0023,4902,142.0,152.0,861.0,570.0,262.0,36.0,23.0,1248.0,1598.0,642.0,294.0,0901500010023,19.462189085,-99.133273555,8,1,False,False
09,015,Cuauhtémoc,0001,0038,2800,86.0,79.0,470.0,311.0,136.0,26.0,18.0,808.0,929.0,427.0,165.0,0901500010038,19.46049539,-99.12961286,8,1,False,False
09,015,Cuauhtémoc,0001,0042,2930,97.0,101.0,302.0,189.0,156.0,10.0,22.0,775.0,970.0,433.0,198.0,0901500010042,19.46019859,-99.15618113,3,1,False,False
09,015,Cuauhtémoc,0001,0057,24,0.0,,,,,0.0,0.0,3.0,6.0,,,0901500010057,19.46132681,-99.15040542,4,0,False,False
09,015,Cuauhtémoc,0001,0061,1327,29.0,33.0,270.0,193.0,41.0,10.0,10.0,201.0,515.0,233.0,62.0,0901500010061,19.46236735,-99.14692767,4,0,False,False
09,015,Cuauhtémoc,0001,0076,6626,153.0,207.0,1100.0,764.0,353.0,49.0,45.0,1124.0,2479.0,1093.0,360.0,0901500010076,19.45859215,-99.14458618500001,7,0,False,True
09,015,Cuauhtémoc,0001,0080,7933,201.0,272.0,1369.0,938.0,519.0,76.0,77.0,1844.0,2771.0,1140.0,473.0,0901500010080,19.46196266,-99.13880663,5,0,False,True
09,015,Cuauhtémoc,0001,0095,3670,96.0,117.0,776.0,558.0,292.0,32.0,29.0,877.0,1202.0,528.0,213.0,0901500010095,19.45846343,-99.13694486,4,0,False,False
09,015,Cuauhtémoc,0001,0108,3456,62.0,104.0,645.0,442.0,217.0,28.0,14.0,953.0,1121.0,481.0,166.0,0901500010108,19.45959828,-99.13345293,7,1,False,False
09,015,Cuauhtémoc,0001,0112,2227,63.0,81.0,499.0,358.0,104.0,13.0,21.0,703.0,723.0,327.0,144.0,0901500010112,19.45989847,-99.13011383,7,1,False,False
09,015,Cuauhtémoc,0001,0127,8402,292.0,312.0,1176.0,771.0,482.0,79.0,72.0,2238.0,2818.0,1234.0,604.0,0901500010127,19.45829376,-99.12627461,7,0,False,True
09,015,Cuauhtémoc,0001,0131,2585,72.0,82.0,318.0,190.0,160.0,16.0,12.0,897.0,838.0,391.0,154.0,0901500010131,19.454314425,-99.13529614,12,0,False,False
09,015,Cuauhtémoc,0001,0146,1384,26.0,49.0,325.0,232.0,49.0,14.0,8.0,378.0,444.0,176.0,75.0,0901500010146,19.45593139,-99.13412121,9,0,False,False
09,015,Cuauhtémoc,0001,0150,1556,52.0,53.0,312.0,212.0,94.0,5.0,12.0,473.0,480.0,208.0,105.0,0901500010150,19.45511544,-99.132315205,10,0,False,False
09,015,Cuauhtémoc,0001,0165,5259,151.0,163.0,818.0,546.0,231.0,44.0,40.0,1489.0,1704.0,734.0,314.0,0901500010165,19.45503762,-99.12806528,7,0,False,False
09,015,Cuauhtémoc,0001,017A,5239,131.0,155.0,699.0,428.0,170.0,21.0,42.0,1268.0,1781.0,801.0,286.0,090150001017A,19.45785035,-99.15944928,3,1,False,False
09,015,Cuauhtémoc,0001,0184,6961,232.0,307.0,1032.0,636.0,340.0,58.0,86.0,1648.0,2236.0,967.0,539.0,0901500010184,19.45769784,-99.15181007,4,0,False,True
09,015,Cuauhtémoc,0001,0199,490,7.0,7.0,102.0,85.0,37.0,3.0,0.0,88.0,194.0,96.0,14.0,0901500010199,19.45479254,-99.15033914,4,0,False,False
09,015,Cuauhtémoc,0001,0201,1612,28.0,48.0,363.0,250.0,107.0,7.0,12.0,339.0,645.0,329.0,76.0,0901500010201,19.45390559,-99.14891059,4,0,False,False
09,015,Cuauhtémoc,0001,0216,1285,18.0,25.0,284.0,195.0,85.0,18.0,3.0,276.0,509.0,247.0,43.0,0901500010216,19.45627496,-99.14815767,5,0,False,False
09,015,Cuauhtémoc,0001,0220,832,12.0,29.0,196.0,146.0,63.0,11.0,,159.0,325.0,167.0,41.0,0901500010220,19.45519279,-99.14699794,5,0,False,False
09,015,Cuauhtémoc,0001,0235,1280,20.0,34.0,290.0,202.0,116.0,20.0,8.0,301.0,511.0,275.0,54.0,0901500010235,19.455219965,-99.14558496500001,5,0,False,False
09,015,Cuauhtémoc,0001,024A,1076,18.0,21.0,267.0,186.0,65.0,10.0,,236.0,432.0,176.0,39.0,090150001024A,19.45505275,-99.14406412,7,0,False,False
09,015,Cuauhtémoc,0001,0254,230,,5.0,55.0,30.0,33.0,5.0,0.0,57.0,90.0,44.0,,0901500010254,19.45504539,-99.14315979,7,0,False,False
09,015,Cuauhtémoc,0001,0269,1259,21.0,42.0,258.0,198.0,96.0,9.0,,294.0,484.0,231.0,63.0,0901500010269,19.45440498,-99.14151319999999,8,0,False,False
09,015,Cuauhtémoc,0001,0273,594,4.0,11.0,157.0,121.0,33.0,10.0,,106.0,230.0,144.0,15.0,0901500010273,19.45444883,-99.139408515,10,0,False,False
09,015,Cuauhtémoc,0001,0288,235,,3.0,73.0,52.0,13.0,4.0,,55.0,92.0,46.0,,0901500010288,19.45343584,-99.13793806,12,0,False,False
09,015,Cuauhtémoc,0001,0292,1418,25.0,47.0,346.0,248.0,121.0,13.0,11.0,322.0,569.0,270.0,72.0,0901500010292,19.45359376,-99.13600789,12,0,False,False
09,015,Cuauhtémoc,0001,0305,1377,31.0,27.0,327.0,233.0,75.0,13.0,6.0,346.0,555.0,244.0,58.0,0901500010305,19.45267085,-99.13429042,12,0,False,False
09,015,Cuauhtémoc,0001,0324,695,15.0,19.0,127.0,91.0,35.0,4.0,6.0,126.0,302.0,137.0,34.0,0901500010324,19.45215393,-99.13220116,11,0,False,False
09,015,Cuauhtémoc,0001,0339,4888,192.0,224.0,681.0,462.0,330.0,62.0,50.0,1814.0,1496.0,779.0,416.0,0901500010339,19.45012267,-99.13120594,10,0,False,False
09,015,Cuauhtémoc,0001,0343,10857,429.0,529.0,1466.0,976.0,810.0,138.0,138.0,4574.0,3146.0,1496.0,958.0,0901500010343,19.4468805,-99.1277917,8,0,False,True
09,015,Cuauhtémoc,0001,0358,9880,393.0,484.0,1470.0,981.0,665.0,97.0,144.0,4337.0,2997.0,1512.0,877.0,0901500010358,19.44657311,-99.12755891,8,0,False,True
09,015,Cuauhtémoc,0001,0362,3396,69.0,92.0,765.0,535.0,248.0,34.0,12.0,702.0,1333.0,618.0,161.0,0901500010362,19.45405227,-99.14683526,4,0,False,False
09,015,Cuauhtémoc,0001,0377,1050,21.0,24.0,282.0,220.0,70.0,10.0,0.0,245.0,415.0,187.0,45.0,0901500010377,19.45358057,-99.14640606,4,0,False,False
09,015,Cuauhtémoc,0001,0381,1189,15.0,34.0,286.0,194.0,75.0,13.0,4.0,255.0,484.0,216.0,49.0,0901500010381,19.45384167,-99.14503426,5,0,False,False
09,015,Cuauhtémoc,0001,0396,448,6.0,11.0,92.0,65.0,28.0,7.0,,102.0,176.0,92.0,17.0,0901500010396,19.452304339999998,-99.143493495,6,0,False,False
09,015,Cuauhtémoc,0001,0409,1281,24.0,18.0,318.0,221.0,96.0,12.0,3.0,286.0,512.0,261.0,42.0,0901500010409,19.45337258,-99.14123889,9,0,False,False
09,015,Cuauhtémoc,0001,0413,218,3.0,4.0,53.0,40.0,21.0,5.0,,37.0,78.0,33.0,7.0,0901500010413,19.45238926,-99.14090765,9,0,False,False
09,015,Cuauhtémoc,0001,0428,1578,25.0,41.0,376.0,264.0,147.0,19.0,5.0,373.0,624.0,314.0,66.0,0901500010428,19.45215864,-99.13906802,12,0,False,False
09,015,Cuauhtémoc,0001,0432,139,3.0,8.0,30.0,20.0,9.0,0.0,4.0,33.0,61.0,33.0,11.0,0901500010432,19.45218655,-99.13655832,12,0,False,False
09,015,Cuauhtémoc,0001,0447,1394,35.0,41.0,307.0,210.0,121.0,17.0,7.0,377.0,549.0,256.0,76.0,0901500010447,19.45147738,-99.13555526,12,0,False,False
09,015,Cuauhtémoc,0001,0451,587,6.0,18.0,111.0,79.0,42.0,10.0,6.0,120.0,248.0,100.0,24.0,0901500010451,19.45017774,-99.13422666,11,0,False,False
09,015,Cuauhtémoc,0001,0466,11023,303.0,341.0,1964.0,1342.0,659.0,104.0,83.0,2575.0,3902.0,1761.0,644.0,0901500010466,19.45209401,-99.16044664,6,1,False,False
09,015,Cuauhtémoc,0001,0470,6778,182.0,207.0,1185.0,820.0,369.0,50.0,54.0,1746.0,2454.0,1177.0,389.0,0901500010470,19.4532464,-99.1532024,4,0,False,True
09,015,Cuauhtémoc,0001,0485,9893,241.0,266.0,1893.0,1287.0,514.0,92.0,45.0,2160.0,3662.0,1645.0,507.0,0901500010485,19.44832054,-99.15575476,4,2,False,False
09,015,Cuauhtémoc,0001,049A,1836,55.0,58.0,287.0,181.0,112.0,5.0,15.0,565.0,611.0,306.0,113.0,090150001049A,19.44707323,-99.15294736,7,1,False,False
09,015,Cuauhtémoc,0001,0502,8991,252.0,282.0,1632.0,1178.0,513.0,103.0,70.0,2430.0,3117.0,1540.0,534.0,0901500010502,19.44706467,-99.14788905,7,1,False,False
09,015,Cuauhtémoc,0001,0517,8412,289.0,317.0,1358.0,913.0,506.0,71.0,69.0,1817.0,2688.0,1242.0,606.0,0901500010517,19.44953954,-99.14438705,10,1,False,False
09,015,Cuauhtémoc,0001,0521,8735,283.0,338.0,1407.0,927.0,492.0,72.0,88.0,2373.0,3002.0,1389.0,621.0,0901500010521,19.44826371,-99.13906354,11,0,False,True
09,015,Cuauhtémoc,0001,0536,5292,178.0,175.0,720.0,484.0,216.0,33.0,56.0,1833.0,1736.0,793.0,353.0,0901500010536,19.44364164,-99.13702806,12,1,False,False
09,015,Cuauhtémoc,0001,0540,6835,249.0,293.0,976.0,657.0,300.0,70.0,107.0,3096.0,2214.0,1028.0,542.0,0901500010540,19.44370115,-99.13512769,10,0,False,True
09,015,Cuauhtémoc,0001,0555,4962,103.0,131.0,1137.0,811.0,258.0,65.0,27.0,1108.0,1756.0,761.0,234.0,0901500010555,19.44788592,-99.16071211,7,1,False,False
09,015,Cuauhtémoc,0001,056A,7081,218.0,241.0,1230.0,853.0,442.0,66.0,57.0,2158.0,2355.0,1092.0,459.0,090150001056A,19.44491623,-99.14446424,9,1,False,False
09,015,Cuauhtémoc,0001,0574,10841,364.0,404.0,1776.0,1193.0,652.0,95.0,115.0,3201.0,3555.0,1566.0,768.0,0901500010574,19.44487704,-99.14209442,11,1,False,False
09,015,Cuauhtémoc,0001,0589,5616,214.0,240.0,947.0,640.0,345.0,46.0,57.0,2444.0,1709.0,732.0,454.0,0901500010589,19.442829815,-99.127669295,8,0,False,True
09,015,Cuauhtémoc,0001,0593,4685,111.0,117.0,1054.0,759.0,279.0,36.0,15.0,1141.0,1725.0,830.0,228.0,0901500010593,19.444017625,-99.16318171500001,10,1,False,False
09,015,Cuauhtémoc,0001,0606,5014,119.0,137.0,992.0,672.0,328.0,53.0,19.0,1178.0,1865.0,926.0,256.0,0901500010606,19.44279462,-99.15781848,6,2,False,False
09,015,Cuauhtémoc,0001,0610,10667,246.0,369.0,1717.0,1142.0,712.0,99.0,87.0,3027.0,3577.0,1625.0,615.0,0901500010610,19.44118702,-99.148457355,5,1,False,False
09,015,Cuauhtémoc,0001,0625,1497,28.0,34.0,309.0,213.0,97.0,23.0,9.0,277.0,502.0,272.0,62.0,0901500010625,19.439442,-99.14503674,5,2,False,False
09,015,Cuauhtémoc,0001,063A,4292,135.0,192.0,599.0,389.0,209.0,32.0,50.0,1383.0,1489.0,687.0,327.0,090150001063A,19.43880669,-99.14157273,6,1,False,False
09,015,Cuauhtémoc,0001,0644,8279,281.0,316.0,1366.0,961.0,623.0,78.0,104.0,3424.0,2731.0,1254.0,597.0,0901500010644,19.43882883,-99.13431391,8,1,False,False
09,015,Cuauhtémoc,0001,0659,4180,133.0,148.0,653.0,444.0,264.0,45.0,44.0,1950.0,1231.0,594.0,281.0,0901500010659,19.43916544,-99.12956825,6,0,False,False
09,015,Cuauhtémoc,0001,0663,1838,53.0,79.0,330.0,229.0,162.0,15.0,29.0,827.0,552.0,265.0,132.0,0901500010663,19.436549239999998,-99.12614287,3,0,False,False
09,015,Cuauhtémoc,0001,0678,9903,211.0,285.0,1725.0,1195.0,378.0,61.0,82.0,1772.0,3875.0,1682.0,496.0,0901500010678,19.43848252,-99.16544405,8,1,False,False
09,015,Cuauhtémoc,0001,0682,5682,133.0,136.0,990.0,668.0,263.0,34.0,27.0,1155.0,2326.0,988.0,269.0,0901500010682,19.441972775,-99.16214177,9,1,False,False
09,015,Cuauhtémoc,0001,0697,6982,152.0,178.0,1203.0,809.0,277.0,58.0,32.0,1504.0,2723.0,1257.0,330.0,0901500010697,19.4381256,-99.1591336,8,0,False,True
09,015,Cuauhtémoc,0001,070A,1542,25.0,41.0,324.0,212.0,81.0,12.0,19.0,539.0,614.0,276.0,66.0,090150001070A,19.43655414,-99.15570055,4,1,False,False
09,015,Cuauhtémoc,0001,0714,2769,54.0,71.0,530.0,363.0,148.0,15.0,16.0,805.0,1105.0,486.0,125.0,0901500010714,19.43721594,-99.15119841,7,1,False,False
09,015,Cuauhtémoc,0001,0729,359,5.0,5.0,38.0,23.0,7.0,,,61.0,194.0,71.0,10.0,0901500010729,19.43427351,-99.15434636500001,4,0,False,False
09,015,Cuauhtémoc,0001,0733,369,7.0,5.0,46.0,31.0,12.0,8.0,,77.0,146.0,73.0,12.0,0901500010733,19.435023620000003,-99.147627525,7,1,False,False
09,015,Cuauhtémoc,0001,0748,4753,135.0,146.0,605.0,333.0,133.0,22.0,35.0,908.0,1028.0,442.0,281.0,0901500010748,19.432907215,-99.14279808,4,2,False,False
09,015,Cuauhtémoc,0001,0752,1708,54.0,53.0,261.0,167.0,93.0,11.0,20.0,701.0,581.0,243.0,107.0,0901500010752,19.43585706,-99.13478995,3,2,False,False
09,015,Cuauhtémoc,0001,0767,260,5.0,8.0,64.0,55.0,28.0,,3.0,77.0,94.0,28.0,13.0,0901500010767,19.43395172,-99.13773738,4,2,False,False
09,015,Cuauhtémoc,0001,0771,947,33.0,47.0,106.0,78.0,98.0,13.0,19.0,386.0,269.0,121.0,80.0,0901500010771,19.433301035,-99.13419943,3,3,False,False
09,015,Cuauhtémoc,0001,0786,2006,73.0,84.0,243.0,135.0,133.0,41.0,29.0,924.0,545.0,219.0,157.0,0901500010786,19.43208537,-99.12677375,2,1,False,False
09,015,Cuauhtémoc,0001,0790,2984,55.0,67.0,437.0,293.0,109.0,18.0,15.0,475.0,1492.0,572.0,122.0,0901500010790,19.432697455,-99.16583789500001,7,0,False,False
09,015,Cuauhtémoc,0001,0803,974,30.0,13.0,126.0,69.0,21.0,3.0,3.0,240.0,524.0,196.0,43.0,0901500010803,19.42907292,-99.16214313,4,0,False,False
09,015,Cuauhtémoc,0001,0818,172,,5.0,32.0,22.0,15.0,,0.0,59.0,77.0,36.0,,0901500010818,19.43106215,-99.14046765,5,2,False,False
09,015,Cuauhtémoc,0001,0822,4209,103.0,94.0,680.0,467.0,109.0,19.0,19.0,691.0,1984.0,819.0,197.0,0901500010822,19.43025461,-99.16875755,9,1,False,False
09,015,Cuauhtémoc,0001,0837,732,8.0,17.0,91.0,66.0,14.0,5.0,,103.0,410.0,178.0,25.0,0901500010837,19.43027545,-99.16283015,5,0,False,False
09,015,Cuauhtémoc,0001,0841,1803,47.0,29.0,283.0,201.0,70.0,10.0,6.0,405.0,929.0,382.0,76.0,0901500010841,19.42696301,-99.15903231,4,0,False,False
09,015,Cuauhtémoc,0001,0856,2963,76.0,79.0,435.0,308.0,71.0,16.0,28.0,618.0,1285.0,523.0,155.0,0901500010856,19.42764615,-99.15480196,5,0,False,False
09,015,Cuauhtémoc,0001,0860,1788,33.0,43.0,284.0,199.0,89.0,14.0,10.0,561.0,715.0,285.0,76.0,0901500010860,19.43047888,-99.1487824,4,0,False,False
09,015,Cuauhtémoc,0001,0875,7970,261.0,266.0,1164.0,793.0,505.0,57.0,79.0,2538.0,2707.0,1231.0,527.0,0901500010875,19.42841737,-99.14280693,5,2,False,False
09,015,Cuauhtémoc,0001,088A,2011,37.0,71.0,458.0,347.0,218.0,22.0,15.0,808.0,626.0,313.0,108.0,090150001088A,19.42942529,-99.14029497,5,2,False,False
09,015,Cuauhtémoc,0001,0894,2048,69.0,59.0,357.0,268.0,75.0,12.0,37.0,855.0,687.0,363.0,128.0,0901500010894,19.4276724,-99.13426565,4,3,False,False
09,015,Cuauhtémoc,0001,0907,2642,107.0,99.0,314.0,203.0,154.0,20.0,36.0,1380.0,719.0,297.0,206.0,0901500010907,19.4281429,-99.13151022,5,2,False,False
09,015,Cuauhtémoc,0001,0911,4562,187.0,211.0,480.0,315.0,228.0,35.0,84.0,2702.0,1167.0,541.0,398.0,0901500010911,19.42791205,-99.1270594,4,1,False,False
09,015,Cuauhtémoc,0001,0926,3007,70.0,42.0,501.0,373.0,92.0,17.0,6.0,503.0,1541.0,610.0,112.0,0901500010926,19.42769759,-99.17296821,7,2,False,False
09,015,Cuauhtémoc,0001,0930,626,12.0,13.0,118.0,85.0,27.0,3.0,,103.0,301.0,116.0,25.0,0901500010930,19.4262656,-99.17062113,8,0,False,False
09,015,Cuauhtémoc,0001,0945,1082,12.0,18.0,152.0,99.0,27.0,5.0,4.0,267.0,526.0,206.0,30.0,0901500010945,19.425577295,-99.168544725,7,0,False,False
09,015,Cuauhtémoc,0001,095A,738,19.0,11.0,85.0,54.0,28.0,7.0,,264.0,376.0,172.0,30.0,090150001095A,19.42457883,-99.16522420999999,6,0,False,False
09,015,Cuauhtémoc,0001,0964,3794,118.0,149.0,551.0,366.0,332.0,63.0,43.0,1295.0,1304.0,656.0,267.0,0901500010964,19.42606825,-99.1366352,5,2,False,False
09,015,Cuauhtémoc,0001,0979,2385,104.0,110.0,322.0,222.0,134.0,23.0,33.0,1094.0,734.0,345.0,214.0,0901500010979,19.4251976,-99.13148497,4,2,False,False
09,015,Cuauhtémoc,0001,0983,982,11.0,14.0,180.0,121.0,35.0,6.0,,252.0,490.0,212.0,25.0,0901500010983,19.422762425000002,-99.16998229000001,6,0,False,False
09,015,Cuauhtémoc,0001,0998,2370,56.0,59.0,307.0,211.0,71.0,9.0,21.0,681.0,1088.0,447.0,115.0,0901500010998,19.420851210000002,-99.16793149,5,0,False,False
09,015,Cuauhtémoc,0001,1002,2701,40.0,52.0,477.0,337.0,87.0,19.0,11.0,506.0,1216.0,458.0,92.0,0901500011002,19.41977314,-99.16178512,3,0,False,False
09,015,Cuauhtémoc,0001,1017,4538,89.0,103.0,852.0,595.0,341.0,42.0,23.0,1067.0,1826.0,848.0,192.0,0901500011017,19.42205252,-99.1563463,4,0,False,True
09,015,Cuauhtémoc,0001,1036,6722,210.0,219.0,1104.0,729.0,437.0,62.0,56.0,1659.0,2307.0,1016.0,429.0,0901500011036,19.42159538,-99.14584181999999,10,0,False,True
09,015,Cuauhtémoc,0001,1040,5119,153.0,194.0,801.0,543.0,312.0,56.0,56.0,1609.0,1747.0,785.0,347.0,0901500011040,19.421168215,-99.14054398,7,1,False,False
09,015,Cuauhtémoc,0001,1055,2373,58.0,58.0,404.0,266.0,104.0,19.0,14.0,888.0,865.0,364.0,116.0,0901500011055,19.4216071,-99.13583779,5,1,False,False
09,015,Cuauhtémoc,0001,106A,6265,198.0,235.0,761.0,486.0,344.0,61.0,58.0,1996.0,2045.0,900.0,433.0,090150001106A,19.419065365,-99.13113607,3,1,False,False
09,015,Cuauhtémoc,0001,1074,7648,232.0,319.0,1012.0,680.0,336.0,46.0,100.0,2703.0,2444.0,1134.0,551.0,0901500011074,19.41788009,-99.12869576,3,1,False,False
09,015,Cuauhtémoc,0001,1089,2004,41.0,45.0,264.0,192.0,48.0,10.0,7.0,382.0,951.0,406.0,86.0,0901500011089,19.41982795,-99.17411467,7,0,False,False
09,015,Cuauhtémoc,0001,1093,901,20.0,10.0,141.0,89.0,31.0,9.0,,182.0,432.0,184.0,30.0,0901500011093,19.4181264,-99.16746012,6,0,False,False
09,015,Cuauhtémoc,0001,1106,1552,37.0,44.0,269.0,189.0,58.0,27.0,22.0,343.0,744.0,317.0,81.0,0901500011106,19.41653261,-99.16239834,5,0,False,False
09,015,Cuauhtémoc,0001,1110,6307,113.0,137.0,1121.0,779.0,298.0,45.0,33.0,1640.0,2631.0,1207.0,250.0,0901500011110,19.41639696,-99.15633459,7,0,False,True
09,015,Cuauhtémoc,0001,1125,8637,213.0,226.0,1544.0,1069.0,368.0,72.0,53.0,2200.0,3264.0,1621.0,439.0,0901500011125,19.416374485,-99.15177875,7,0,False,True
09,015,Cuauhtémoc,0001,113A,9074,234.0,292.0,1504.0,1001.0,561.0,65.0,86.0,2446.0,3327.0,1629.0,526.0,090150001113A,19.415237575,-99.14528345,5,0,False,True
09,015,Cuauhtémoc,0001,1144,7972,168.0,250.0,1533.0,1089.0,474.0,84.0,59.0,2478.0,2694.0,1231.0,418.0,0901500011144,19.41651215,-99.14078807,6,0,False,True
09,015,Cuauhtémoc,0001,1159,4258,116.0,134.0,754.0,528.0,258.0,30.0,29.0,1321.0,1417.0,680.0,250.0,0901500011159,19.41569441,-99.13683877,5,0,False,False
09,015,Cuauhtémoc,0001,1163,2805,72.0,91.0,476.0,328.0,92.0,29.0,29.0,829.0,960.0,401.0,163.0,0901500011163,19.41515862,-99.13253712,4,1,False,False
09,015,Cuauhtémoc,0001,1178,3010,73.0,62.0,602.0,455.0,93.0,19.0,10.0,524.0,1378.0,598.0,135.0,0901500011178,19.417244085,-99.17702141000001,5,0,False,False
09,015,Cuauhtémoc,0001,1182,3062,69.0,87.0,589.0,445.0,109.0,22.0,18.0,750.0,1394.0,585.0,156.0,0901500011182,19.41743902,-99.17198796,6,0,False,False
09,015,Cuauhtémoc,0001,1197,1206,32.0,26.0,191.0,125.0,24.0,4.0,3.0,225.0,607.0,237.0,58.0,0901500011197,19.41312227,-99.170997535,6,0,False,False
09,015,Cuauhtémoc,0001,120A,1876,45.0,38.0,299.0,184.0,69.0,14.0,12.0,311.0,898.0,273.0,83.0,090150001120A,19.41528213,-99.16671835,6,0,False,False
09,015,Cuauhtémoc,0001,1214,2761,37.0,66.0,503.0,368.0,120.0,36.0,18.0,530.0,1290.0,537.0,103.0,0901500011214,19.4140631,-99.16324026,6,1,False,False
09,015,Cuauhtémoc,0001,1229,840,45.0,26.0,129.0,89.0,43.0,4.0,8.0,214.0,201.0,101.0,71.0,0901500011229,19.40921699,-99.15275897,5,0,False,False
09,015,Cuauhtémoc,0001,1233,9393,265.0,299.0,1487.0,968.0,628.0,87.0,101.0,2950.0,3142.0,1449.0,564.0,0901500011233,19.41429876,-99.14607112,5,0,False,True
09,015,Cuauhtémoc,0001,1248,6418,158.0,192.0,1254.0,890.0,300.0,65.0,57.0,2209.0,2193.0,950.0,350.0,0901500011248,19.41093666,-99.14307028,3,0,False,True
09,015,Cuauhtémoc,0001,1252,5261,148.0,156.0,1094.0,767.0,453.0,87.0,32.0,1640.0,1742.0,864.0,304.0,0901500011252,19.41035941,-99.14068426,2,0,False,True
09,015,Cuauhtémoc,0001,1267,3280,66.0,100.0,686.0,473.0,146.0,20.0,39.0,1002.0,1148.0,626.0,166.0,0901500011267,19.41212276,-99.13712644,2,0,False,False
09,015,Cuauhtémoc,0001,1271,1636,34.0,37.0,385.0,259.0,42.0,11.0,7.0,438.0,576.0,278.0,71.0,0901500011271,19.410256835,-99.13471885999999,3,1,False,False
09,015,Cuauhtémoc,0001,1286,1346,30.0,37.0,337.0,243.0,90.0,12.0,15.0,353.0,432.0,188.0,67.0,0901500011286,19.40939106,-99.13217802,4,1,False,False
09,015,Cuauhtémoc,0001,1290,4939,119.0,148.0,985.0,642.0,243.0,38.0,42.0,1314.0,1484.0,721.0,267.0,0901500011290,19.41234355,-99.128734335,4,1,False,False
09,015,Cuauhtémoc,0001,1303,2006,43.0,35.0,439.0,339.0,62.0,19.0,6.0,381.0,843.0,395.0,78.0,0901500011303,19.41290292,-99.17984299,3,1,False,False
09,015,Cuauhtémoc,0001,1318,2378,51.0,48.0,530.0,382.0,80.0,19.0,3.0,390.0,1084.0,472.0,99.0,0901500011318,19.4113746,-99.17620307,5,1,False,False
09,015,Cuauhtémoc,0001,1322,1252,18.0,19.0,228.0,164.0,29.0,9.0,5.0,217.0,553.0,190.0,37.0,0901500011322,19.4125469,-99.17358202,4,0,False,False
09,015,Cuauhtémoc,0001,1337,1967,53.0,40.0,364.0,250.0,60.0,12.0,9.0,361.0,918.0,372.0,93.0,0901500011337,19.408922484999998,-99.17390747,6,0,False,False
09,015,Cuauhtémoc,0001,1341,3497,85.0,91.0,563.0,388.0,86.0,19.0,11.0,735.0,1606.0,669.0,176.0,0901500011341,19.4079129,-99.16964317,5,1,False,False
09,015,Cuauhtémoc,0001,1356,3309,40.0,67.0,711.0,533.0,151.0,25.0,17.0,860.0,1420.0,678.0,107.0,0901500011356,19.40683965,-99.16666056,8,2,False,False
09,015,Cuauhtémoc,0001,1360,1780,32.0,28.0,355.0,242.0,56.0,13.0,12.0,395.0,770.0,361.0,60.0,0901500011360,19.41002604,-99.16405911,7,2,False,False
09,015,Cuauhtémoc,0001,1375,3238,62.0,65.0,717.0,505.0,176.0,32.0,14.0,963.0,1309.0,557.0,127.0,0901500011375,19.41064577,-99.16110257,7,2,False,False
09,015,Cuauhtémoc,0001,138A,584,10.0,10.0,149.0,114.0,43.0,5.0,,109.0,256.0,125.0,20.0,090150001138A,19.411618635,-99.15647025,4,1,False,False
09,015,Cuauhtémoc,0001,1394,5232,147.0,171.0,690.0,464.0,199.0,19.0,31.0,1446.0,1841.0,818.0,318.0,0901500011394,19.40856902,-99.14840605,5,0,False,False
09,015,Cuauhtémoc,0001,1407,2280,63.0,68.0,477.0,348.0,101.0,17.0,18.0,677.0,804.0,399.0,131.0,0901500011407,19.4089047,-99.13744076,2,1,False,False
09,015,Cuauhtémoc,0001,1411,2636,49.0,55.0,446.0,317.0,76.0,24.0,13.0,505.0,1159.0,461.0,104.0,0901500011411,19.40804077,-99.17982174,5,2,False,False
09,015,Cuauhtémoc,0001,1426,1401,19.0,31.0,256.0,187.0,40.0,8.0,5.0,267.0,629.0,267.0,50.0,0901500011426,19.40555897,-99.17347716,6,0,False,False
09,015,Cuauhtémoc,0001,1430,1325,17.0,29.0,209.0,133.0,32.0,5.0,3.0,318.0,629.0,283.0,46.0,0901500011430,19.40407976,-99.17019241,10,2,False,False
09,015,Cuauhtémoc,0001,1445,1674,31.0,38.0,299.0,210.0,52.0,11.0,6.0,321.0,735.0,328.0,69.0,0901500011445,19.402772045,-99.1684004,11,3,False,False
09,015,Cuauhtémoc,0001,145A,3506,62.0,76.0,731.0,529.0,119.0,26.0,18.0,811.0,1506.0,631.0,138.0,090150001145A,19.40441394,-99.16568533,9,3,False,False
09,015,Cuauhtémoc,0001,1464,3031,58.0,84.0,548.0,380.0,79.0,21.0,19.0,650.0,1301.0,627.0,142.0,0901500011464,19.4050536,-99.16089343,8,3,False,False
09,015,Cuauhtémoc,0001,1479,3131,28.0,69.0,705.0,510.0,151.0,27.0,12.0,761.0,1235.0,576.0,97.0,0901500011479,19.406048795,-99.15708129000001,5,3,False,False
09,015,Cuauhtémoc,0001,1483,7382,229.0,269.0,895.0,572.0,311.0,41.0,67.0,2638.0,2519.0,1074.0,498.0,0901500011483,19.40557337,-99.14782955,4,1,False,False
09,015,Cuauhtémoc,0001,1498,6019,143.0,129.0,1110.0,780.0,233.0,51.0,35.0,1615.0,2338.0,1046.0,272.0,0901500011498,19.40578108,-99.13952441,5,0,False,True
09,015,Cuauhtémoc,0001,1500,3145,52.0,87.0,686.0,478.0,130.0,34.0,21.0,715.0,1169.0,504.0,139.0,0901500011500,19.40673282,-99.13354427,3,1,False,False
09,015,Cuauhtémoc,0001,1515,3624,72.0,113.0,809.0,578.0,173.0,29.0,35.0,817.0,1160.0,503.0,185.0,0901500011515,19.40553857,-99.13053082,4,1,False,False
09,015,Cuauhtémoc,0001,152A,3565,94.0,121.0,601.0,411.0,152.0,36.0,28.0,1016.0,1174.0,511.0,215.0,090150001152A,19.40635393,-99.12755608,6,1,False,False
09,015,Cuauhtémoc,0001,1534,3133,64.0,77.0,569.0,393.0,223.0,25.0,14.0,904.0,1128.0,569.0,141.0,0901500011534,19.423885565,-99.149600625,8,0,False,False
09,015,Cuauhtémoc,0001,1549,4833,104.0,106.0,1007.0,669.0,232.0,39.0,15.0,1313.0,1831.0,884.0,210.0,0901500011549,19.42059826,-99.15187483,7,0,False,True
09,016,Miguel Hidalgo,0001,0016,7,,,,,,,,,,,,0901600010016,19.47226458,-99.19754899,1,0,False,False
09,016,Miguel Hidalgo,0001,0020,2880,90.0,97.0,294.0,183.0,121.0,19.0,17.0,705.0,1017.0,382.0,187.0,0901600010020,19.4670266,-99.20946345,0,0,False,False
09,016,Miguel Hidalgo,0001,0035,2,,,,,,,,,,,,0901600010035,19.458529900000002,-99.202469335,2,2,False,False
09,016,Miguel Hidalgo,0001,004A,7185,233.0,261.0,1195.0,817.0,385.0,39.0,64.0,1580.0,2408.0,1004.0,494.0,090160001004A,19.46121185,-99.19167079,4,2,False,False
09,016,Miguel Hidalgo,0001,0054,4315,107.0,123.0,763.0,524.0,231.0,32.0,25.0,1069.0,1626.0,691.0,230.0,0901600010054,19.459319309999998,-99.18561105,5,2,False,False
09,016,Miguel Hidalgo,0001,0069,4680,103.0,119.0,956.0,682.0,259.0,53.0,13.0,909.0,1735.0,755.0,222.0,0901600010069,19.45571092,-99.175979395,1,0,False,True
09,016,Miguel Hidalgo,0001,0073,1201,25.0,36.0,303.0,215.0,69.0,18.0,8.0,242.0,458.0,236.0,61.0,0901600010073,19.456127345,-99.16625651,3,1,False,False
09,016,Miguel Hidalgo,0001,0088,89,0.0,,27.0,17.0,5.0,,0.0,16.0,50.0,28.0,,0901600010088,19.45202941,-99.16851105,4,1,False,False
09,016,Miguel Hidalgo,0001,0092,8058,191.0,208.0,535.0,300.0,154.0,17.0,24.0,1108.0,3318.0,1445.0,399.0,0901600010092,19.45738303,-99.21392156,1,0,False,False
09,016,Miguel Hidalgo,0001,0105,5129,122.0,153.0,1058.0,754.0,281.0,67.0,43.0,1225.0,1612.0,700.0,275.0,0901600010105,19.45783419,-99.20741343,3,2,False,False
09,016,Miguel Hidalgo,0001,011A,5077,113.0,186.0,953.0,704.0,256.0,54.0,38.0,1261.0,1533.0,632.0,299.0,090160001011A,19.45519989,-99.202307935,4,2,False,False
09,016,Miguel Hidalgo,0001,0124,4285,111.0,140.0,777.0,545.0,262.0,44.0,49.0,848.0,1341.0,589.0,251.0,0901600010124,19.4553009,-99.19939419,4,2,False,False
09,016,Miguel Hidalgo,0001,0139,5001,159.0,155.0,813.0,570.0,256.0,47.0,29.0,1060.0,1597.0,695.0,314.0,0901600010139,19.45788714,-99.19462225,3,3,False,False
09,016,Miguel Hidalgo,0001,0143,6897,216.0,265.0,921.0,618.0,374.0,73.0,67.0,1538.0,2306.0,949.0,481.0,0901600010143,19.455000745,-99.19172578999999,1,3,False,False
09,016,Miguel Hidalgo,0001,0158,4030,127.0,153.0,543.0,369.0,170.0,26.0,39.0,849.0,1367.0,547.0,280.0,0901600010158,19.45877947,-99.18642778,5,2,False,False
09,016,Miguel Hidalgo,0001,0162,4905,128.0,180.0,790.0,545.0,204.0,44.0,39.0,1062.0,1734.0,721.0,308.0,0901600010162,19.455744680000002,-99.1851918,3,2,False,False
09,016,Miguel Hidalgo,0001,0177,7071,183.0,221.0,1150.0,793.0,326.0,54.0,45.0,1497.0,2645.0,1103.0,404.0,0901600010177,19.45104246,-99.18234262,4,0,False,True
09,016,Miguel Hidalgo,0001,0181,9026,195.0,236.0,1614.0,1106.0,430.0,68.0,39.0,1512.0,3182.0,1325.0,431.0,0901600010181,19.45028529,-99.17902452,3,0,False,True
09,016,Miguel Hidalgo,0001,0196,0,0.0,0.0,0.0,0.0,0.0,0.0,0.0,0.0,0.0,0.0,0.0,0901600010196,19.450984165,-99.17307768500001,4,0,False,False
09,016,Miguel Hidalgo,0001,0209,1289,21.0,25.0,306.0,211.0,48.0,10.0,,210.0,530.0,240.0,46.0,0901600010209,19.450624945,-99.171373135,4,1,False,False
09,016,Miguel Hidalgo,0001,0213,7545,176.0,208.0,1396.0,962.0,434.0,76.0,51.0,1657.0,2655.0,1202.0,384.0,0901600010213,19.44444221,-99.16697049999999,8,1,False,False
09,016,Miguel Hidalgo,0001,0228,2,,,,,,,,,,,,0901600010228,19.45303636,-99.21779799,3,0,False,False
09,016,Miguel Hidalgo,0001,0232,28,,0.0,6.0,3.0,0.0,0.0,0.0,11.0,7.0,4.0,,0901600010232,19.45529059,-99.21537482,1,0,False,False
09,016,Miguel Hidalgo,0001,0247,10020,269.0,368.0,1541.0,1048.0,627.0,92.0,108.0,2338.0,2985.0,1216.0,637.0,0901600010247,19.45275583,-99.20226512,4,2,False,False
09,016,Miguel Hidalgo,0001,0251,8170,205.0,298.0,1301.0,867.0,480.0,99.0,53.0,1932.0,2523.0,1008.0,503.0,0901600010251,19.45221631,-99.19706028,4,2,False,False
09,016,Miguel Hidalgo,0001,0270,7375,206.0,254.0,1263.0,858.0,337.0,50.0,62.0,1573.0,2454.0,970.0,460.0,0901600010270,19.44988208,-99.18604088,4,0,False,True
09,016,Miguel Hidalgo,0001,0285,7645,195.0,257.0,1181.0,806.0,382.0,60.0,38.0,1623.0,2634.0,1096.0,452.0,0901600010285,19.44529101,-99.175893425,4,0,False,True
09,016,Miguel Hidalgo,0001,029A,9287,211.0,285.0,1403.0,913.0,339.0,76.0,50.0,1491.0,3425.0,1446.0,496.0,090160001029A,19.4477355,-99.17246496,5,1,False,False
09,016,Miguel Hidalgo,0001,0302,0,0.0,0.0,0.0,0.0,0.0,0.0,0.0,0.0,0.0,0.0,0.0,0901600010302,19.45210011,-99.21974008,3,0,False,False
09,016,Miguel Hidalgo,0001,0317,1962,26.0,36.0,499.0,375.0,121.0,27.0,6.0,314.0,836.0,419.0,62.0,0901600010317,19.450897565,-99.215603085,4,0,False,False
09,016,Miguel Hidalgo,0001,0321,2123,39.0,44.0,467.0,359.0,103.0,14.0,8.0,388.0,840.0,370.0,83.0,0901600010321,19.44696858,-99.21695352,4,0,False,False
09,016,Miguel Hidalgo,0001,0336,1100,24.0,32.0,294.0,232.0,104.0,16.0,,249.0,412.0,223.0,56.0,0901600010336,19.44834352,-99.21370966500001,4,0,False,False
09,016,Miguel Hidalgo,0001,0340,1041,28.0,26.0,230.0,176.0,72.0,11.0,5.0,273.0,375.0,188.0,54.0,0901600010340,19.44778559,-99.20811191,5,1,False,False
09,016,Miguel Hidalgo,0001,036A,3263,89.0,113.0,595.0,413.0,149.0,41.0,31.0,822.0,1031.0,442.0,202.0,090160001036A,19.44706085,-99.20230158,3,2,False,False
09,016,Miguel Hidalgo,0001,0374,5805,142.0,225.0,972.0,662.0,424.0,64.0,50.0,1494.0,1689.0,741.0,367.0,0901600010374,19.44871013,-99.19829833,2,2,False,False
09,016,Miguel Hidalgo,0001,0389,4656,151.0,181.0,697.0,441.0,218.0,35.0,45.0,1141.0,1436.0,656.0,332.0,0901600010389,19.44713244,-99.19751354,2,2,False,False
09,016,Miguel Hidalgo,0001,0393,10717,275.0,365.0,1764.0,1237.0,505.0,85.0,65.0,2091.0,3695.0,1553.0,640.0,0901600010393,19.44624945,-99.18602029,3,0,False,True
09,016,Miguel Hidalgo,0001,0410,1560,26.0,35.0,403.0,298.0,93.0,17.0,3.0,267.0,604.0,250.0,61.0,0901600010410,19.44442116,-99.21542362,4,0,False,False
09,016,Miguel Hidalgo,0001,0425,2723,55.0,56.0,584.0,450.0,157.0,26.0,6.0,515.0,1123.0,525.0,111.0,0901600010425,19.44587316,-99.21577736500001,4,0,False,False
09,016,Miguel Hidalgo,0001,043A,1613,29.0,48.0,408.0,307.0,78.0,18.0,13.0,347.0,661.0,322.0,77.0,090160001043A,19.44618415,-99.21294701,5,0,False,False
09,016,Miguel Hidalgo,0001,0444,18174,709.0,796.0,2069.0,1440.0,352.0,82.0,126.0,2097.0,7377.0,2220.0,1505.0,0901600010444,19.44018194,-99.20295341,5,0,False,True
09,016,Miguel Hidalgo,0001,0459,3824,101.0,141.0,568.0,423.0,197.0,44.0,34.0,889.0,1369.0,562.0,242.0,0901600010459,19.44223532,-99.19839999499999,4,0,False,False
09,016,Miguel Hidalgo,0001,0463,4077,108.0,141.0,615.0,384.0,156.0,26.0,47.0,1099.0,1293.0,460.0,249.0,0901600010463,19.44402057,-99.19285458,4,0,False,False
09,016,Miguel Hidalgo,0001,0478,6255,227.0,200.0,517.0,339.0,107.0,11.0,27.0,833.0,2645.0,1004.0,427.0,0901600010478,19.440054619999998,-99.18478515,5,1,False,False
09,016,Miguel Hidalgo,0001,0482,9902,316.0,362.0,1083.0,739.0,381.0,60.0,47.0,1522.0,3843.0,1503.0,678.0,0901600010482,19.44195273,-99.17971007,5,2,False,False
09,016,Miguel Hidalgo,0001,0497,8511,273.0,319.0,1255.0,873.0,384.0,83.0,79.0,1889.0,2801.0,1209.0,592.0,0901600010497,19.44200731,-99.173521255,9,2,False,False
09,016,Miguel Hidalgo,0001,050A,4753,133.0,153.0,809.0,519.0,325.0,69.0,36.0,1110.0,1743.0,783.0,286.0,090160001050A,19.44021046,-99.17007149,8,2,False,False
09,016,Miguel Hidalgo,0001,0514,303,5.0,13.0,23.0,13.0,3.0,,,11.0,91.0,19.0,18.0,0901600010514,19.43758119,-99.22089769,3,0,False,False
09,016,Miguel Hidalgo,0001,0529,0,0.0,0.0,0.0,0.0,0.0,0.0,0.0,0.0,0.0,0.0,0.0,0901600010529,19.44110485,-99.21662915,4,0,False,False
09,016,Miguel Hidalgo,0001,0533,7,,,,,,,,,,,,0901600010533,19.439011209999997,-99.21350451,5,0,False,False
09,016,Miguel Hidalgo,0001,0548,2003,35.0,37.0,503.0,353.0,52.0,11.0,8.0,325.0,850.0,316.0,72.0,0901600010548,19.44131895,-99.20916315,5,0,False,False
09,016,Miguel Hidalgo,0001,0552,1276,39.0,42.0,288.0,237.0,122.0,59.0,9.0,258.0,439.0,158.0,81.0,0901600010552,19.43824633,-99.19596754,4,0,False,False
09,016,Miguel Hidalgo,0001,0571,3127,81.0,75.0,421.0,272.0,103.0,8.0,9.0,404.0,1396.0,598.0,156.0,0901600010571,19.438743375,-99.191740655,7,0,False,False
09,016,Miguel Hidalgo,0001,0586,43,,,4.0,4.0,,0.0,0.0,4.0,14.0,4.0,,0901600010586,19.438856645,-99.18090520999999,8,3,False,False
09,016,Miguel Hidalgo,0001,0590,782,19.0,27.0,134.0,94.0,34.0,6.0,,161.0,320.0,118.0,46.0,0901600010590,19.43778793,-99.17573111499999,9,3,False,False
09,016,Miguel Hidalgo,0001,0603,2645,72.0,66.0,531.0,378.0,123.0,26.0,7.0,534.0,1066.0,459.0,138.0,0901600010603,19.43533193,-99.17268591,10,3,False,False
09,016,Miguel Hidalgo,0001,0618,591,0.0,0.0,9.0,6.0,5.0,3.0,0.0,12.0,,0.0,0.0,0901600010618,19.436463935,-99.213696555,4,0,False,False
09,016,Miguel Hidalgo,0001,0622,4721,210.0,222.0,969.0,759.0,120.0,47.0,29.0,690.0,1662.0,575.0,432.0,0901600010622,19.43728206,-99.21079953,4,0,False,True
09,016,Miguel Hidalgo,0001,0637,3488,122.0,177.0,601.0,450.0,92.0,40.0,41.0,416.0,1284.0,382.0,299.0,0901600010637,19.43610671,-99.20419544,5,0,False,False
09,016,Miguel Hidalgo,0001,0641,2207,75.0,74.0,360.0,248.0,55.0,11.0,15.0,199.0,968.0,298.0,149.0,0901600010641,19.43618727,-99.19880982,4,0,False,False
09,016,Miguel Hidalgo,0001,0656,3967,127.0,141.0,668.0,457.0,82.0,18.0,17.0,434.0,1707.0,591.0,268.0,0901600010656,19.43459676,-99.19326362,5,0,False,False
09,016,Miguel Hidalgo,0001,0660,4042,129.0,135.0,812.0,583.0,104.0,19.0,14.0,499.0,1742.0,692.0,264.0,0901600010660,19.435820655,-99.18865247,5,0,False,False
09,016,Miguel Hidalgo,0001,0675,2612,84.0,80.0,487.0,345.0,77.0,17.0,15.0,228.0,1190.0,470.0,164.0,0901600010675,19.433277185,-99.18582928500001,4,2,False,False
09,016,Miguel Hidalgo,0001,068A,2198,81.0,79.0,490.0,369.0,77.0,19.0,14.0,365.0,1016.0,430.0,160.0,090160001068A,19.432404155,-99.18202196,6,3,False,False
09,016,Miguel Hidalgo,0001,0694,906,26.0,29.0,187.0,138.0,22.0,3.0,3.0,137.0,365.0,152.0,55.0,0901600010694,19.432379635,-99.179418065,5,3,False,False
09,016,Miguel Hidalgo,0001,0707,1745,29.0,30.0,346.0,244.0,42.0,14.0,5.0,244.0,757.0,307.0,59.0,0901600010707,19.43448269,-99.17777099,7,3,False,False
09,016,Miguel Hidalgo,0001,0711,2471,74.0,69.0,491.0,360.0,83.0,15.0,12.0,457.0,1150.0,502.0,143.0,0901600010711,19.42922194,-99.17666615,8,3,False,False
09,016,Miguel Hidalgo,0001,0730,4046,131.0,174.0,702.0,542.0,109.0,20.0,7.0,648.0,1590.0,585.0,305.0,0901600010730,19.432586399999998,-99.211698335,3,0,False,False
09,016,Miguel Hidalgo,0001,0745,2741,102.0,128.0,596.0,446.0,109.0,64.0,38.0,475.0,1060.0,444.0,230.0,0901600010745,19.43025505,-99.20212931,7,0,False,False
09,016,Miguel Hidalgo,0001,075A,665,21.0,21.0,169.0,125.0,17.0,8.0,5.0,53.0,299.0,131.0,42.0,090160001075A,19.42916083,-99.1993511,5,1,False,False
09,016,Miguel Hidalgo,0001,0764,349,6.0,18.0,47.0,29.0,8.0,,4.0,51.0,183.0,77.0,24.0,0901600010764,19.43084378,-99.19704947,4,1,False,False
09,016,Miguel Hidalgo,0001,0779,1328,40.0,44.0,245.0,167.0,17.0,,6.0,145.0,642.0,216.0,84.0,0901600010779,19.42960668,-99.19402619,3,1,False,False
09,016,Miguel Hidalgo,0001,0783,3448,115.0,122.0,747.0,545.0,66.0,33.0,30.0,355.0,1469.0,502.0,237.0,0901600010783,19.42957434,-99.189307655,2,1,False,False
09,016,Miguel Hidalgo,0001,0798,309,6.0,3.0,77.0,55.0,22.0,,,66.0,138.0,82.0,9.0,0901600010798,19.42176851,-99.18472142,0,1,False,False
09,016,Miguel Hidalgo,0001,0800,1473,40.0,54.0,60.0,37.0,41.0,6.0,11.0,107.0,388.0,56.0,94.0,0901600010800,19.430470935000002,-99.22383145,2,0,False,False
09,016,Miguel Hidalgo,0001,0815,2767,105.0,97.0,570.0,419.0,147.0,33.0,12.0,671.0,808.0,336.0,202.0,0901600010815,19.42992116,-99.22076414,2,0,False,False
09,016,Miguel Hidalgo,0001,082A,2213,48.0,60.0,508.0,360.0,104.0,21.0,6.0,639.0,612.0,244.0,108.0,090160001082A,19.43065834,-99.21797763,4,0,False,False
09,016,Miguel Hidalgo,0001,0834,555,19.0,24.0,88.0,60.0,21.0,6.0,3.0,106.0,184.0,77.0,43.0,0901600010834,19.42941704,-99.2154279,4,1,False,False
09,016,Miguel Hidalgo,0001,0849,831,21.0,18.0,223.0,166.0,35.0,7.0,6.0,132.0,308.0,115.0,39.0,0901600010849,19.42925946,-99.20570083,3,0,False,False
09,016,Miguel Hidalgo,0001,0853,2446,87.0,82.0,766.0,609.0,124.0,36.0,9.0,350.0,939.0,387.0,169.0,0901600010853,19.424660745,-99.22531972499999,2,0,False,False
09,016,Miguel Hidalgo,0001,0868,1152,49.0,32.0,334.0,243.0,25.0,6.0,,123.0,424.0,147.0,81.0,0901600010868,19.4269888,-99.22188411,2,1,False,False
09,016,Miguel Hidalgo,0001,0872,1363,18.0,14.0,176.0,142.0,16.0,4.0,0.0,79.0,446.0,190.0,32.0,0901600010872,19.42681111,-99.21458907,4,1,False,False
09,016,Miguel Hidalgo,0001,0887,185,6.0,,55.0,51.0,5.0,0.0,0.0,27.0,66.0,28.0,,0901600010887,19.42743184,-99.21104496,3,1,False,False
09,016,Miguel Hidalgo,0001,0891,2076,39.0,52.0,417.0,301.0,80.0,17.0,18.0,505.0,959.0,400.0,91.0,0901600010891,19.41420943,-99.18216353,3,1,False,False
09,016,Miguel Hidalgo,0001,0904,1535,37.0,50.0,318.0,234.0,29.0,4.0,11.0,179.0,425.0,152.0,87.0,0901600010904,19.41653867,-99.23250559,0,0,False,False
09,016,Miguel Hidalgo,0001,0919,722,16.0,15.0,201.0,154.0,30.0,8.0,4.0,97.0,228.0,74.0,31.0,0901600010919,19.42031376,-99.21842203,0,2,False,False
09,016,Miguel Hidalgo,0001,0923,1521,20.0,51.0,338.0,252.0,36.0,6.0,8.0,187.0,436.0,133.0,71.0,0901600010923,19.41587598,-99.22584913,0,1,False,False
09,016,Miguel Hidalgo,0001,0942,862,24.0,30.0,261.0,207.0,35.0,16.0,,165.0,224.0,87.0,54.0,0901600010942,19.41944445,-99.2153634,0,2,False,False
09,016,Miguel Hidalgo,0001,0957,83,0.0,5.0,17.0,13.0,3.0,0.0,,18.0,22.0,9.0,5.0,0901600010957,19.4189718,-99.21428561,0,2,False,False
09,016,Miguel Hidalgo,0001,0961,877,28.0,40.0,185.0,131.0,32.0,7.0,5.0,150.0,221.0,60.0,68.0,0901600010961,19.42211811,-99.21258135,0,1,False,False
09,016,Miguel Hidalgo,0001,0976,78,0.0,,26.0,20.0,,0.0,0.0,10.0,27.0,8.0,,0901600010976,19.421049965,-99.20992573000001,1,1,False,False
09,016,Miguel Hidalgo,0001,0980,805,21.0,34.0,195.0,141.0,16.0,4.0,0.0,95.0,233.0,93.0,55.0,0901600010980,19.41610423,-99.21177384,0,2,False,False
09,016,Miguel Hidalgo,0001,0995,1836,36.0,39.0,463.0,370.0,104.0,14.0,,414.0,627.0,256.0,75.0,0901600010995,19.42466356,-99.20421762000001,1,0,False,False
09,016,Miguel Hidalgo,0001,100A,13,,0.0,3.0,,0.0,0.0,0.0,,3.0,0.0,,090160001100A,19.42202149,-99.20588066,1,0,False,False
09,016,Miguel Hidalgo,0001,1014,265,11.0,10.0,65.0,54.0,8.0,,,50.0,93.0,32.0,21.0,0901600011014,19.41470369,-99.19850756,1,0,False,False
09,016,Miguel Hidalgo,0001,1029,2458,39.0,54.0,554.0,430.0,98.0,37.0,17.0,493.0,1046.0,435.0,93.0,0901600011029,19.41118346,-99.18531923,3,2,False,False
09,016,Miguel Hidalgo,0001,1033,1059,19.0,14.0,179.0,141.0,31.0,7.0,3.0,114.0,318.0,128.0,33.0,0901600011033,19.40969753,-99.23590046,0,1,False,False
09,016,Miguel Hidalgo,0001,1048,1082,16.0,16.0,184.0,138.0,12.0,6.0,4.0,105.0,310.0,113.0,32.0,0901600011048,19.413862015,-99.22978915499999,0,0,False,False
09,016,Miguel Hidalgo,0001,1052,848,16.0,28.0,257.0,204.0,25.0,9.0,0.0,85.0,256.0,79.0,44.0,0901600011052,19.41065716,-99.21780571,0,1,False,False
09,016,Miguel Hidalgo,0001,1067,639,6.0,9.0,106.0,75.0,3.0,0.0,0.0,45.0,214.0,92.0,15.0,0901600011067,19.4147218,-99.21575606,0,2,False,False
09,016,Miguel Hidalgo,0001,1071,2,,,,,,,,,,,,0901600011071,19.3971661,-99.22264554,1,0,False,False
09,016,Miguel Hidalgo,0001,1086,0,0.0,0.0,0.0,0.0,0.0,0.0,0.0,0.0,0.0,0.0,0.0,0901600011086,19.40731842,-99.20312146,1,1,False,False
09,016,Miguel Hidalgo,0001,1090,4044,85.0,143.0,755.0,515.0,273.0,44.0,25.0,1017.0,1149.0,499.0,228.0,0901600011090,19.401817514999998,-99.20605355000001,2,1,False,False
09,016,Miguel Hidalgo,0001,1103,3137,102.0,123.0,596.0,409.0,114.0,24.0,37.0,862.0,991.0,398.0,225.0,0901600011103,19.40474801,-99.20232079,3,1,False,False
09,016,Miguel Hidalgo,0001,1118,6098,166.0,206.0,1154.0,774.0,315.0,68.0,54.0,1477.0,1802.0,816.0,372.0,0901600011118,19.40539767,-99.19843331,3,1,False,False
09,016,Miguel Hidalgo,0001,1122,2020,53.0,69.0,357.0,242.0,171.0,18.0,19.0,587.0,607.0,244.0,122.0,0901600011122,19.408115245,-99.196402835,2,0,False,False
09,016,Miguel Hidalgo,0001,1137,3762,84.0,95.0,833.0,607.0,161.0,27.0,14.0,598.0,1241.0,513.0,179.0,0901600011137,19.405338174999997,-99.19509033,3,1,False,False
09,016,Miguel Hidalgo,0001,1141,3492,96.0,105.0,745.0,521.0,200.0,41.0,11.0,888.0,1168.0,590.0,201.0,0901600011141,19.40912246,-99.19145241,3,2,False,False
09,016,Miguel Hidalgo,0001,1156,8675,262.0,314.0,1364.0,967.0,371.0,91.0,86.0,1766.0,2933.0,1256.0,576.0,0901600011156,19.400223635,-99.18871497,3,1,False,False
09,016,Miguel Hidalgo,0001,1160,7005,136.0,174.0,1606.0,1169.0,386.0,81.0,41.0,1621.0,2665.0,1281.0,310.0,0901600011160,19.409843255,-99.18928787,3,2,False,False
09,016,Miguel Hidalgo,0001,1175,1823,27.0,51.0,419.0,323.0,86.0,25.0,12.0,552.0,665.0,294.0,78.0,0901600011175,19.403000589999998,-99.18736617,4,2,False,False
09,016,Miguel Hidalgo,0001,118A,7942,166.0,192.0,1452.0,1036.0,313.0,68.0,20.0,1615.0,3222.0,1515.0,358.0,090160001118A,19.40326868,-99.17753543,5,2,False,False
09,016,Miguel Hidalgo,0001,1194,1448,24.0,55.0,276.0,193.0,79.0,13.0,4.0,389.0,503.0,255.0,79.0,0901600011194,19.39915544,-99.18771929,2,2,False,False
09,016,Miguel Hidalgo,0001,1207,8322,178.0,238.0,1458.0,1033.0,332.0,53.0,60.0,1736.0,3169.0,1432.0,416.0,0901600011207,19.40153379,-99.17920053,6,2,False,False
09,016,Miguel Hidalgo,0001,1211,5224,95.0,126.0,1001.0,702.0,257.0,39.0,34.0,1244.0,1919.0,941.0,221.0,0901600011211,19.39836202,-99.18261089500001,7,3,False,False
09,016,Miguel Hidalgo,0001,1226,5300,102.0,96.0,977.0,698.0,238.0,54.0,14.0,994.0,2269.0,1000.0,198.0,0901600011226,19.40045219,-99.17304203,10,1,False,False
09,016,Miguel Hidalgo,0001,1230,682,24.0,29.0,149.0,119.0,16.0,6.0,0.0,91.0,192.0,54.0,53.0,0901600011230,19.40816241,-99.24590716,0,1,False,False
09,016,Miguel Hidalgo,0001,1245,0,0.0,0.0,0.0,0.0,0.0,0.0,0.0,0.0,0.0,0.0,0.0,0901600011245,19.40434936,-99.24159322,0,1,False,False
09,016,Miguel Hidalgo,0001,125A,1264,33.0,51.0,336.0,284.0,27.0,6.0,9.0,229.0,347.0,84.0,84.0,090160001125A,19.40310543,-99.24828516,0,1,False,False
09,016,Miguel Hidalgo,0001,1264,1029,12.0,20.0,224.0,167.0,18.0,4.0,0.0,131.0,299.0,115.0,32.0,0901600011264,19.404535404999997,-99.240527945,0,1,False,False
09,016,Miguel Hidalgo,0001,1279,1997,44.0,38.0,369.0,283.0,45.0,16.0,7.0,233.0,656.0,293.0,82.0,0901600011279,19.40136593,-99.23491774,0,1,False,False
09,016,Miguel Hidalgo,0001,1283,1905,27.0,31.0,245.0,188.0,19.0,6.0,4.0,142.0,608.0,256.0,58.0,0901600011283,19.39437762,-99.23575246,0,0,False,False
09,016,Miguel Hidalgo,0001,1298,1559,35.0,49.0,434.0,326.0,11.0,3.0,10.0,202.0,449.0,110.0,84.0,0901600011298,19.39557057,-99.25660855,1,0,False,False
09,016,Miguel Hidalgo,0001,1300,6096,160.0,141.0,806.0,555.0,56.0,21.0,12.0,704.0,1715.0,710.0,301.0,0901600011300,19.38713956,-99.24784894,2,1,False,False
09,016,Miguel Hidalgo,0001,1315,1526,37.0,51.0,360.0,271.0,132.0,43.0,16.0,299.0,567.0,249.0,88.0,0901600011315,19.4498522,-99.20260394,5,2,False,False
09,016,Miguel Hidalgo,0001,132A,2889,82.0,102.0,543.0,369.0,195.0,28.0,19.0,767.0,964.0,435.0,184.0,090160001132A,19.4488856,-99.20088229,4,2,False,False
09,016,Miguel Hidalgo,0001,1334,3168,109.0,107.0,509.0,324.0,207.0,23.0,22.0,803.0,1009.0,426.0,216.0,0901600011334,19.451912155000002,-99.19165807499999,3,1,False,False
09,016,Miguel Hidalgo,0001,1349,15549,456.0,558.0,2703.0,1825.0,746.0,142.0,151.0,3927.0,4733.0,2099.0,1014.0,0901600011349,19.44743511,-99.194374445,2,1,False,False
09,016,Miguel Hidalgo,0001,1353,1597,67.0,100.0,24.0,18.0,15.0,3.0,5.0,15.0,419.0,42.0,167.0,0901600011353,19.432880755,-99.21924487,4,0,False,False
09,016,Miguel Hidalgo,0001,1368,1893,29.0,40.0,38.0,11.0,23.0,5.0,6.0,38.0,361.0,33.0,69.0,0901600011368,19.43629529,-99.22065355,2,0,False,False
09,017,Venustiano Carranza,0001,0013,5152,167.0,213.0,770.0,531.0,336.0,50.0,56.0,1368.0,1550.0,707.0,380.0,0901700010013,19.45917685,-99.12186789,4,0,False,False
09,017,Venustiano Carranza,0001,0028,4855,152.0,173.0,862.0,577.0,410.0,62.0,34.0,1133.0,1489.0,587.0,325.0,0901700010028,19.455457335,-99.11728855499999,3,1,False,False
09,017,Venustiano Carranza,0001,0032,10277,331.0,412.0,1178.0,750.0,587.0,92.0,83.0,2473.0,3480.0,1351.0,743.0,0901700010032,19.45153722,-99.11797737,4,0,False,True
09,017,Venustiano Carranza,0001,0047,3850,104.0,151.0,705.0,484.0,183.0,28.0,44.0,1160.0,1146.0,489.0,255.0,0901700010047,19.45096307,-99.11140829,4,0,False,False
09,017,Venustiano Carranza,0001,0051,3587,103.0,121.0,712.0,492.0,201.0,39.0,32.0,1103.0,1048.0,490.0,224.0,0901700010051,19.45080168,-99.10656209,3,0,False,False
09,017,Venustiano Carranza,0001,0066,2976,75.0,100.0,617.0,428.0,149.0,33.0,24.0,712.0,918.0,388.0,175.0,0901700010066,19.44862404,-99.107025805,3,0,False,False
09,017,Venustiano Carranza,0001,0070,3664,102.0,128.0,661.0,459.0,217.0,29.0,32.0,1038.0,1032.0,526.0,230.0,0901700010070,19.447216349999998,-99.099754415,1,0,False,False
09,017,Venustiano Carranza,0001,0085,2912,94.0,113.0,555.0,392.0,203.0,41.0,30.0,811.0,854.0,385.0,207.0,0901700010085,19.4499237,-99.095946555,1,0,False,False
09,017,Venustiano Carranza,0001,009A,4499,149.0,169.0,796.0,554.0,229.0,32.0,43.0,1087.0,1342.0,490.0,318.0,090170001009A,19.446363825,-99.096592035,1,0,False,False
09,017,Venustiano Carranza,0001,0102,2899,93.0,104.0,491.0,322.0,237.0,35.0,21.0,771.0,825.0,327.0,197.0,0901700010102,19.44789947,-99.09131184,1,1,False,False
09,017,Venustiano Carranza,0001,0117,3305,86.0,111.0,604.0,385.0,132.0,36.0,23.0,898.0,991.0,386.0,197.0,0901700010117,19.44687928,-99.09220379,1,1,False,False
09,017,Venustiano Carranza,0001,0121,5176,139.0,182.0,974.0,680.0,362.0,61.0,52.0,1449.0,1447.0,613.0,321.0,0901700010121,19.44394921,-99.08415842,1,1,False,False
09,017,Venustiano Carranza,0001,0136,0,0.0,0.0,0.0,0.0,0.0,0.0,0.0,0.0,0.0,0.0,0.0,0901700010136,19.44888528,-99.08222001,2,2,False,False
09,017,Venustiano Carranza,0001,0140,0,0.0,0.0,0.0,0.0,0.0,0.0,0.0,0.0,0.0,0.0,0.0,0901700010140,19.43894318,-99.07707301,1,0,False,False
09,017,Venustiano Carranza,0001,0155,2974,82.0,92.0,595.0,421.0,255.0,44.0,26.0,1032.0,890.0,438.0,174.0,0901700010155,19.4498846,-99.12112166,4,0,False,False
09,017,Venustiano Carranza,0001,016A,1827,76.0,69.0,359.0,248.0,100.0,11.0,24.0,560.0,547.0,220.0,145.0,090170001016A,19.449540675,-99.11646769,5,0,False,False
09,017,Venustiano Carranza,0001,0174,2235,63.0,74.0,444.0,294.0,175.0,28.0,21.0,685.0,675.0,304.0,137.0,0901700010174,19.44860824,-99.116705755,5,0,False,False
09,017,Venustiano Carranza,0001,0189,1652,62.0,52.0,336.0,236.0,128.0,21.0,13.0,432.0,473.0,188.0,114.0,0901700010189,19.44797949,-99.10996401,5,0,False,False
09,017,Venustiano Carranza,0001,0193,1487,29.0,40.0,314.0,220.0,71.0,4.0,11.0,384.0,461.0,212.0,69.0,0901700010193,19.44482811,-99.10779914,4,0,False,False
09,017,Venustiano Carranza,0001,0206,2629,75.0,102.0,502.0,340.0,207.0,29.0,16.0,711.0,755.0,340.0,177.0,0901700010206,19.44673533,-99.10533874,2,0,False,False
09,017,Venustiano Carranza,0001,0210,13581,525.0,636.0,1939.0,1271.0,697.0,106.0,208.0,4713.0,3907.0,1618.0,1161.0,0901700010210,19.447086225,-99.12341677500001,5,0,False,True
09,017,Venustiano Carranza,0001,0225,7677,291.0,354.0,1079.0,733.0,643.0,63.0,92.0,2616.0,2230.0,1025.0,645.0,0901700010225,19.44306942,-99.11940409,4,0,False,True
09,017,Venustiano Carranza,0001,023A,1910,50.0,68.0,370.0,253.0,120.0,28.0,32.0,645.0,565.0,238.0,118.0,090170001023A,19.44725423,-99.11793538,6,0,False,False
09,017,Venustiano Carranza,0001,0244,2421,68.0,74.0,476.0,331.0,148.0,31.0,17.0,627.0,635.0,264.0,142.0,0901700010244,19.44489028,-99.11429563,6,0,False,False
09,017,Venustiano Carranza,0001,0259,1596,39.0,52.0,334.0,239.0,106.0,22.0,20.0,471.0,441.0,193.0,91.0,0901700010259,19.443085525,-99.11179662,4,0,False,False
09,017,Venustiano Carranza,0001,0263,1799,45.0,60.0,366.0,264.0,145.0,26.0,9.0,551.0,495.0,241.0,105.0,0901700010263,19.44243342,-99.110549555,4,0,False,False
09,017,Venustiano Carranza,0001,0278,2185,69.0,74.0,419.0,291.0,109.0,18.0,17.0,582.0,611.0,254.0,143.0,0901700010278,19.44165952,-99.10902249,3,0,False,False
09,017,Venustiano Carranza,0001,0282,3381,90.0,123.0,618.0,427.0,125.0,34.0,44.0,792.0,972.0,382.0,213.0,0901700010282,19.44188526,-99.10713076,3,0,False,False
09,017,Venustiano Carranza,0001,0297,3631,122.0,155.0,605.0,417.0,214.0,34.0,45.0,1108.0,1055.0,399.0,277.0,0901700010297,19.44372915,-99.10109724,1,0,False,False
09,017,Venustiano Carranza,0001,030A,3513,89.0,140.0,661.0,455.0,203.0,38.0,28.0,1007.0,1091.0,430.0,229.0,090170001030A,19.44419199,-99.09888233,2,0,False,False
09,017,Venustiano Carranza,0001,0314,3467,86.0,126.0,563.0,367.0,79.0,15.0,24.0,772.0,1084.0,451.0,212.0,0901700010314,19.44314874,-99.0934755,2,1,False,False
09,017,Venustiano Carranza,0001,0329,3668,111.0,132.0,670.0,465.0,266.0,54.0,32.0,908.0,1168.0,456.0,243.0,0901700010329,19.442269365,-99.08949403,3,1,False,False
09,017,Venustiano Carranza,0001,0333,3022,99.0,115.0,565.0,394.0,202.0,37.0,26.0,761.0,849.0,351.0,214.0,0901700010333,19.442596055,-99.08712332,3,1,False,False
09,017,Venustiano Carranza,0001,0348,2881,100.0,133.0,428.0,279.0,150.0,34.0,38.0,771.0,730.0,300.0,233.0,0901700010348,19.4394419,-99.08307545,2,1,False,False
09,017,Venustiano Carranza,0001,0352,3400,101.0,154.0,556.0,362.0,157.0,32.0,34.0,816.0,804.0,348.0,255.0,0901700010352,19.439863095,-99.07978151,1,1,False,False
09,017,Venustiano Carranza,0001,0367,5702,220.0,258.0,851.0,563.0,373.0,42.0,76.0,2003.0,1643.0,724.0,478.0,0901700010367,19.4385267,-99.12239306,5,0,False,True
09,017,Venustiano Carranza,0001,0371,7102,265.0,288.0,1091.0,734.0,353.0,62.0,83.0,2478.0,2167.0,862.0,553.0,0901700010371,19.44048894,-99.11433548,4,0,False,True
09,017,Venustiano Carranza,0001,0386,1928,51.0,65.0,396.0,281.0,119.0,21.0,19.0,492.0,548.0,250.0,116.0,0901700010386,19.439893724999997,-99.11135652499999,3,0,False,False
09,017,Venustiano Carranza,0001,0390,6818,244.0,302.0,941.0,585.0,410.0,38.0,93.0,2247.0,2065.0,880.0,546.0,0901700010390,19.439243625000003,-99.11792260499999,5,0,False,True
09,017,Venustiano Carranza,0001,0403,2343,72.0,72.0,455.0,341.0,208.0,45.0,17.0,531.0,642.0,252.0,144.0,0901700010403,19.438873585000003,-99.11268151,3,0,False,False
09,017,Venustiano Carranza,0001,0418,2531,78.0,89.0,464.0,326.0,187.0,23.0,16.0,588.0,679.0,275.0,167.0,0901700010418,19.43722561,-99.10868558000001,2,0,False,False
09,017,Venustiano Carranza,0001,0422,6439,214.0,263.0,1039.0,696.0,320.0,46.0,66.0,1582.0,1971.0,847.0,477.0,0901700010422,19.43899843,-99.10362475,1,0,False,True
09,017,Venustiano Carranza,0001,0437,3905,104.0,155.0,670.0,437.0,215.0,39.0,41.0,950.0,1158.0,507.0,259.0,0901700010437,19.4406743,-99.098683705,2,0,False,False
09,017,Venustiano Carranza,0001,0441,5328,177.0,229.0,398.0,237.0,149.0,20.0,44.0,1216.0,1868.0,744.0,406.0,0901700010441,19.439953055,-99.09444182,3,0,False,False
09,017,Venustiano Carranza,0001,0456,2635,51.0,109.0,559.0,372.0,262.0,51.0,20.0,667.0,834.0,392.0,160.0,0901700010456,19.435856774999998,-99.09486401,5,0,False,False
09,017,Venustiano Carranza,0001,0460,4897,126.0,191.0,964.0,688.0,219.0,34.0,53.0,1432.0,1481.0,596.0,317.0,0901700010460,19.43809681,-99.09091668,4,1,False,False
09,017,Venustiano Carranza,0001,0475,1419,37.0,63.0,220.0,164.0,86.0,13.0,19.0,416.0,406.0,182.0,100.0,0901700010475,19.43701557,-99.08368873,2,1,False,False
09,017,Venustiano Carranza,0001,048A,4890,191.0,196.0,767.0,499.0,391.0,50.0,51.0,1905.0,1403.0,655.0,387.0,090170001048A,19.434604975,-99.12220386999999,4,0,False,False
09,017,Venustiano Carranza,0001,0494,4947,155.0,182.0,840.0,583.0,278.0,53.0,42.0,1560.0,1511.0,695.0,337.0,0901700010494,19.435756415,-99.11852792,5,0,False,True
09,017,Venustiano Carranza,0001,0507,2189,54.0,88.0,393.0,261.0,99.0,17.0,34.0,734.0,683.0,340.0,142.0,0901700010507,19.4325591,-99.11782357,4,0,False,False
09,017,Venustiano Carranza,0001,0511,20,0.0,0.0,4.0,1.0,0.0,0.0,0.0,0.0,0.0,0.0,0.0,0901700010511,19.42885971,-99.1131332,3,2,False,False
09,017,Venustiano Carranza,0001,0526,4882,148.0,169.0,762.0,534.0,272.0,42.0,25.0,1330.0,1602.0,699.0,317.0,0901700010526,19.430864265,-99.10887893,1,0,False,False
09,017,Venustiano Carranza,0001,0530,1856,57.0,55.0,380.0,271.0,91.0,19.0,11.0,503.0,632.0,266.0,112.0,0901700010530,19.42944224,-99.10660553,3,0,False,False
09,017,Venustiano Carranza,0001,0545,3543,96.0,115.0,695.0,481.0,244.0,58.0,27.0,974.0,1183.0,545.0,211.0,0901700010545,19.432377635,-99.10296604,2,0,False,False
09,017,Venustiano Carranza,0001,055A,5390,145.0,191.0,1050.0,722.0,346.0,82.0,24.0,1344.0,1681.0,751.0,336.0,090170001055A,19.43277262,-99.0971571,3,0,False,True
09,017,Venustiano Carranza,0001,0564,3597,95.0,121.0,764.0,495.0,185.0,37.0,25.0,1071.0,1181.0,507.0,216.0,0901700010564,19.43431012,-99.09174247,5,0,False,False
09,017,Venustiano Carranza,0001,0579,2007,94.0,116.0,206.0,135.0,72.0,13.0,40.0,1083.0,545.0,211.0,210.0,0901700010579,19.42961513,-99.12356767,3,1,False,False
09,017,Venustiano Carranza,0001,0583,3123,119.0,117.0,506.0,366.0,101.0,17.0,39.0,1052.0,884.0,379.0,236.0,0901700010583,19.4276823,-99.12098908,4,3,False,False
09,017,Venustiano Carranza,0001,0598,4,,,,,,,,,,,,0901700010598,19.42678107,-99.11677223,5,3,False,False
09,017,Venustiano Carranza,0001,0600,1428,35.0,31.0,331.0,229.0,74.0,12.0,5.0,427.0,520.0,252.0,66.0,0901700010600,19.42586562,-99.1116902,5,3,False,False
09,017,Venustiano Carranza,0001,0615,1474,30.0,29.0,401.0,292.0,82.0,16.0,5.0,453.0,530.0,266.0,59.0,0901700010615,19.42457202,-99.10828953,3,2,False,False
09,017,Venustiano Carranza,0001,062A,2021,59.0,48.0,403.0,286.0,127.0,18.0,6.0,547.0,654.0,281.0,107.0,090170001062A,19.42797319,-99.10662285,3,0,False,False
09,017,Venustiano Carranza,0001,0634,3946,104.0,136.0,771.0,544.0,246.0,43.0,24.0,1117.0,1267.0,561.0,240.0,0901700010634,19.42491359,-99.10303171,4,0,False,False
09,017,Venustiano Carranza,0001,0649,5209,146.0,186.0,994.0,729.0,342.0,52.0,41.0,1514.0,1530.0,716.0,332.0,0901700010649,19.428226585,-99.10140190499999,4,0,False,True
09,017,Venustiano Carranza,0001,0653,4238,96.0,131.0,831.0,576.0,206.0,50.0,23.0,1217.0,1378.0,656.0,227.0,0901700010653,19.4304362,-99.09917809,3,0,False,True
09,017,Venustiano Carranza,0001,0668,3103,78.0,107.0,545.0,367.0,199.0,33.0,21.0,987.0,939.0,398.0,185.0,0901700010668,19.428273155,-99.09603503,4,0,False,False
09,017,Venustiano Carranza,0001,0672,3902,106.0,118.0,825.0,599.0,192.0,46.0,27.0,1004.0,1224.0,524.0,224.0,0901700010672,19.43131063,-99.09290096,3,0,False,True
09,017,Venustiano Carranza,0001,0687,368,15.0,22.0,57.0,44.0,12.0,,7.0,199.0,97.0,40.0,37.0,0901700010687,19.42800432,-99.12374459,3,1,False,False
09,017,Venustiano Carranza,0001,0691,1989,55.0,92.0,313.0,202.0,82.0,7.0,28.0,967.0,536.0,224.0,147.0,0901700010691,19.42558311,-99.12328203,3,4,False,False
09,017,Venustiano Carranza,0001,0704,40,,6.0,3.0,,0.0,0.0,4.0,11.0,9.0,3.0,,0901700010704,19.42407195,-99.11825534,5,4,False,False
09,017,Venustiano Carranza,0001,0719,2109,33.0,61.0,428.0,289.0,97.0,23.0,22.0,456.0,827.0,367.0,94.0,0901700010719,19.42056281,-99.11605865,4,4,False,False
09,017,Venustiano Carranza,0001,0723,815,17.0,11.0,187.0,143.0,34.0,15.0,0.0,190.0,291.0,158.0,28.0,0901700010723,19.42398791,-99.11251227,4,4,False,False
09,017,Venustiano Carranza,0001,0738,961,14.0,22.0,258.0,184.0,33.0,7.0,,165.0,376.0,132.0,36.0,0901700010738,19.42168989,-99.1143849,4,4,False,False
09,017,Venustiano Carranza,0001,0742,1718,38.0,53.0,377.0,276.0,72.0,8.0,11.0,257.0,690.0,321.0,91.0,0901700010742,19.42147696,-99.11070541,4,4,False,False
09,017,Venustiano Carranza,0001,0757,643,16.0,13.0,194.0,133.0,23.0,7.0,,159.0,257.0,135.0,29.0,0901700010757,19.420940645,-99.11016864,4,4,False,False
09,017,Venustiano Carranza,0001,0761,1213,19.0,40.0,321.0,229.0,53.0,10.0,12.0,369.0,434.0,234.0,59.0,0901700010761,19.42416021,-99.10766782,3,0,False,False
09,017,Venustiano Carranza,0001,0776,2153,40.0,51.0,563.0,421.0,100.0,19.0,14.0,579.0,755.0,350.0,91.0,0901700010776,19.4227609,-99.10416167,5,0,False,False
09,017,Venustiano Carranza,0001,0780,4389,87.0,139.0,957.0,685.0,282.0,44.0,26.0,1140.0,1392.0,659.0,226.0,0901700010780,19.42666409,-99.09775044,5,0,False,True
09,017,Venustiano Carranza,0001,0795,201,7.0,7.0,39.0,29.0,14.0,4.0,0.0,54.0,73.0,24.0,14.0,0901700010795,19.42030765,-99.09518375,6,0,False,False
09,017,Venustiano Carranza,0001,0808,3529,94.0,133.0,629.0,425.0,302.0,41.0,33.0,937.0,953.0,355.0,227.0,0901700010808,19.42782504,-99.06962187,3,0,False,False
09,017,Venustiano Carranza,0001,0812,3791,107.0,138.0,653.0,460.0,184.0,38.0,40.0,1213.0,1188.0,494.0,245.0,0901700010812,19.42528655,-99.06559074,4,1,False,False
09,017,Venustiano Carranza,0001,0827,4011,134.0,168.0,594.0,427.0,364.0,49.0,53.0,1149.0,1036.0,399.0,302.0,0901700010827,19.43111021,-99.05872919,2,1,False,False
09,017,Venustiano Carranza,0001,0831,5009,153.0,167.0,839.0,581.0,437.0,67.0,44.0,1200.0,1349.0,604.0,320.0,0901700010831,19.42870935,-99.05668934,2,1,False,False
09,017,Venustiano Carranza,0001,0846,3052,76.0,112.0,593.0,400.0,212.0,31.0,25.0,921.0,918.0,401.0,188.0,0901700010846,19.42555985,-99.0691423,3,0,False,False
09,017,Venustiano Carranza,0001,0865,4462,152.0,193.0,669.0,476.0,329.0,51.0,54.0,1143.0,1182.0,448.0,345.0,0901700010865,19.42660581,-99.05704609,2,1,False,False
09,017,Venustiano Carranza,0001,087A,4441,123.0,148.0,837.0,591.0,252.0,48.0,27.0,1224.0,1177.0,467.0,271.0,090170001087A,19.42363164,-99.0710633,2,1,False,False
09,017,Venustiano Carranza,0001,0884,8393,306.0,324.0,1119.0,732.0,396.0,53.0,77.0,2174.0,2470.0,1037.0,630.0,0901700010884,19.423072745,-99.06524965,3,1,False,False
09,017,Venustiano Carranza,0001,0899,3055,106.0,151.0,339.0,220.0,65.0,11.0,63.0,956.0,866.0,354.0,257.0,0901700010899,19.422231775,-99.12597091,3,4,False,False
09,017,Venustiano Carranza,0001,0901,1384,28.0,55.0,292.0,221.0,45.0,10.0,16.0,483.0,420.0,177.0,83.0,0901700010901,19.41926777,-99.12191009,4,5,False,False
09,017,Venustiano Carranza,0001,0916,1426,24.0,36.0,395.0,287.0,68.0,18.0,8.0,344.0,477.0,194.0,60.0,0901700010916,19.4178437,-99.11785034,5,5,False,False
09,017,Venustiano Carranza,0001,0920,170,6.0,12.0,55.0,43.0,16.0,4.0,0.0,59.0,44.0,20.0,18.0,0901700010920,19.41845505,-99.1142963,4,5,False,False
09,017,Venustiano Carranza,0001,0935,3159,85.0,74.0,752.0,525.0,178.0,29.0,26.0,822.0,1163.0,591.0,159.0,0901700010935,19.41707547,-99.11188231,4,5,False,False
09,017,Venustiano Carranza,0001,094A,1135,24.0,32.0,261.0,200.0,47.0,8.0,11.0,261.0,427.0,223.0,56.0,090170001094A,19.41836888,-99.11038873,4,4,False,False
09,017,Venustiano Carranza,0001,0954,860,21.0,27.0,247.0,178.0,39.0,11.0,7.0,248.0,294.0,145.0,48.0,0901700010954,19.42141055,-99.107562755,3,3,False,False
09,017,Venustiano Carranza,0001,0969,486,6.0,7.0,136.0,96.0,36.0,8.0,0.0,129.0,168.0,59.0,13.0,0901700010969,19.418902075,-99.10658766,4,1,False,False
09,017,Venustiano Carranza,0001,0973,996,18.0,16.0,270.0,184.0,61.0,14.0,4.0,268.0,334.0,109.0,34.0,0901700010973,19.42017174,-99.10468668499999,4,0,False,False
09,017,Venustiano Carranza,0001,0988,1288,24.0,29.0,351.0,237.0,72.0,15.0,5.0,336.0,430.0,208.0,53.0,0901700010988,19.42130324,-99.10227467,5,0,False,False
09,017,Venustiano Carranza,0001,0992,965,11.0,31.0,250.0,188.0,59.0,10.0,3.0,189.0,321.0,146.0,42.0,0901700010992,19.420862895,-99.1004732,5,0,False,False
09,017,Venustiano Carranza,0001,1007,2306,73.0,75.0,324.0,218.0,156.0,19.0,8.0,640.0,712.0,320.0,148.0,0901700011007,19.42089832,-99.096758615,6,0,False,False
09,017,Venustiano Carranza,0001,1011,3456,94.0,116.0,653.0,465.0,196.0,30.0,25.0,905.0,1144.0,458.0,210.0,0901700011011,19.42068816,-99.08936817,4,1,False,False
09,017,Venustiano Carranza,0001,1026,2822,70.0,74.0,577.0,415.0,200.0,37.0,8.0,707.0,915.0,410.0,144.0,0901700011026,19.41961387,-99.08578919,2,1,False,False
09,017,Venustiano Carranza,0001,1030,3171,81.0,108.0,575.0,410.0,103.0,21.0,24.0,784.0,815.0,336.0,189.0,0901700011030,19.4173886,-99.07308957,3,3,False,False
09,017,Venustiano Carranza,0001,1045,4132,120.0,178.0,377.0,222.0,75.0,11.0,52.0,969.0,1471.0,588.0,298.0,0901700011045,19.41730218,-99.12707948,4,1,False,False
09,017,Venustiano Carranza,0001,105A,4115,90.0,119.0,866.0,625.0,224.0,44.0,35.0,1245.0,1368.0,572.0,209.0,090170001105A,19.41581768,-99.12272228,7,5,False,False
09,017,Venustiano Carranza,0001,1064,1702,41.0,45.0,433.0,303.0,82.0,24.0,12.0,364.0,562.0,267.0,86.0,0901700011064,19.41667635,-99.11766322,6,5,False,False
09,017,Venustiano Carranza,0001,1079,2580,48.0,53.0,608.0,469.0,160.0,37.0,8.0,728.0,853.0,408.0,101.0,0901700011079,19.41579563,-99.11401234,3,5,False,False
09,017,Venustiano Carranza,0001,1083,1213,18.0,25.0,317.0,227.0,98.0,19.0,,359.0,363.0,187.0,43.0,0901700011083,19.41582521,-99.11070714,4,5,False,False
09,017,Venustiano Carranza,0001,1098,807,22.0,27.0,191.0,122.0,39.0,7.0,5.0,182.0,258.0,116.0,49.0,0901700011098,19.414994880000002,-99.10923783,3,3,False,False
09,017,Venustiano Carranza,0001,1100,1312,19.0,20.0,388.0,273.0,72.0,19.0,3.0,472.0,370.0,145.0,39.0,0901700011100,19.41547597,-99.10582919,2,3,False,False
09,017,Venustiano Carranza,0001,1115,1753,24.0,37.0,470.0,344.0,78.0,14.0,6.0,540.0,572.0,290.0,61.0,0901700011115,19.41616845,-99.10369532,4,2,False,False
09,017,Venustiano Carranza,0001,112A,366,,6.0,106.0,78.0,20.0,5.0,,112.0,114.0,45.0,,090170001112A,19.41796209,-99.10296806,4,2,False,False
09,017,Venustiano Carranza,0001,1134,1331,26.0,29.0,331.0,215.0,90.0,18.0,,367.0,491.0,241.0,55.0,0901700011134,19.41878547,-99.1009565,4,2,False,False
09,017,Venustiano Carranza,0001,1149,1182,25.0,33.0,324.0,236.0,66.0,19.0,7.0,344.0,398.0,158.0,58.0,0901700011149,19.41587611,-99.10113816,4,2,False,False
09,017,Venustiano Carranza,0001,1153,885,22.0,22.0,119.0,89.0,28.0,6.0,5.0,201.0,342.0,136.0,44.0,0901700011153,19.41961168,-99.09683357,6,0,False,False
09,017,Venustiano Carranza,0001,1168,2078,27.0,53.0,445.0,299.0,148.0,18.0,6.0,577.0,585.0,226.0,80.0,0901700011168,19.41811165,-99.09631943,5,3,False,False
09,017,Venustiano Carranza,0001,1172,2458,52.0,68.0,536.0,380.0,128.0,22.0,14.0,699.0,739.0,319.0,120.0,0901700011172,19.41550292,-99.09518599,4,3,False,False
09,017,Venustiano Carranza,0001,1187,2452,60.0,87.0,532.0,368.0,145.0,20.0,21.0,734.0,787.0,368.0,147.0,0901700011187,19.41466676,-99.09413844,4,3,False,False
09,017,Venustiano Carranza,0001,1191,2663,73.0,78.0,555.0,387.0,155.0,14.0,14.0,865.0,786.0,333.0,151.0,0901700011191,19.41410301,-99.09312359,3,3,False,False
09,017,Venustiano Carranza,0001,1204,3016,71.0,103.0,567.0,372.0,204.0,37.0,18.0,889.0,967.0,395.0,174.0,0901700011204,19.418283885,-99.08961275,4,1,False,False
09,017,Venustiano Carranza,0001,1219,2419,59.0,93.0,502.0,333.0,155.0,26.0,18.0,698.0,719.0,302.0,152.0,0901700011219,19.41340182,-99.09195315,4,1,False,False
09,017,Venustiano Carranza,0001,1223,3613,98.0,122.0,717.0,507.0,234.0,34.0,28.0,1064.0,1125.0,429.0,220.0,0901700011223,19.41303397,-99.09146615,4,1,False,False
09,017,Venustiano Carranza,0001,1238,3484,90.0,112.0,677.0,479.0,193.0,31.0,33.0,953.0,1125.0,500.0,202.0,0901700011238,19.41653106,-99.08475986,3,1,False,False
09,017,Venustiano Carranza,0001,1242,4012,118.0,143.0,761.0,531.0,228.0,26.0,31.0,1231.0,1271.0,522.0,261.0,0901700011242,19.41158477,-99.08853869,3,1,False,False
09,017,Venustiano Carranza,0001,1257,2583,63.0,86.0,538.0,357.0,113.0,20.0,9.0,560.0,914.0,423.0,149.0,0901700011257,19.41232817,-99.0823382,2,1,False,False
09,017,Venustiano Carranza,0001,1261,3703,83.0,115.0,676.0,449.0,248.0,28.0,39.0,1188.0,1214.0,564.0,198.0,0901700011261,19.410493785,-99.08601315,1,1,False,False
09,017,Venustiano Carranza,0001,1276,2438,64.0,65.0,492.0,348.0,169.0,22.0,14.0,804.0,748.0,306.0,129.0,0901700011276,19.41054584,-99.08301707,2,1,False,False
09,017,Venustiano Carranza,0001,1280,3707,115.0,136.0,633.0,422.0,223.0,30.0,34.0,1156.0,1125.0,503.0,251.0,0901700011280,19.41430617,-99.07735906,4,2,False,False
09,017,Venustiano Carranza,0001,1295,4277,134.0,146.0,710.0,493.0,157.0,34.0,50.0,1325.0,1406.0,599.0,280.0,0901700011295,19.41343449,-99.07683837,4,3,False,False
09,017,Venustiano Carranza,0001,1308,2791,69.0,85.0,523.0,356.0,202.0,24.0,18.0,885.0,862.0,380.0,154.0,0901700011308,19.40821551,-99.08083289,2,1,False,False
09,017,Venustiano Carranza,0001,1312,10188,297.0,403.0,1183.0,750.0,491.0,49.0,91.0,2410.0,2958.0,1158.0,700.0,0901700011312,19.41231891,-99.12661638,4,2,False,False
09,017,Venustiano Carranza,0001,1327,2763,58.0,75.0,623.0,449.0,184.0,32.0,18.0,834.0,907.0,367.0,133.0,0901700011327,19.409879535,-99.12352938000001,5,2,False,False
09,017,Venustiano Carranza,0001,1331,3109,64.0,78.0,744.0,544.0,165.0,31.0,15.0,796.0,854.0,383.0,142.0,0901700011331,19.412748905,-99.118460955,5,5,False,False
09,017,Venustiano Carranza,0001,1346,1274,20.0,31.0,294.0,201.0,44.0,7.0,8.0,344.0,444.0,202.0,51.0,0901700011346,19.41329837,-99.11094328,2,2,False,False
09,017,Venustiano Carranza,0001,1350,1222,18.0,34.0,317.0,226.0,29.0,4.0,5.0,358.0,414.0,183.0,52.0,0901700011350,19.41336749,-99.10754642,3,3,False,False
09,017,Venustiano Carranza,0001,1365,1058,15.0,25.0,292.0,208.0,49.0,12.0,0.0,248.0,393.0,213.0,40.0,0901700011365,19.41273054,-99.10665742,2,3,False,False
09,017,Venustiano Carranza,0001,137A,1940,43.0,52.0,482.0,352.0,122.0,27.0,13.0,532.0,646.0,297.0,95.0,090170001137A,19.413064175,-99.10346333,3,2,False,False
09,017,Venustiano Carranza,0001,1384,1299,18.0,36.0,333.0,234.0,67.0,18.0,6.0,321.0,473.0,205.0,54.0,0901700011384,19.41174855,-99.09982997,2,2,False,False
09,017,Venustiano Carranza,0001,1399,4440,131.0,182.0,523.0,335.0,220.0,25.0,33.0,1158.0,1551.0,624.0,313.0,0901700011399,19.40874942,-99.12625628,5,2,False,False
09,017,Venustiano Carranza,0001,1401,4497,128.0,191.0,705.0,468.0,252.0,46.0,61.0,1218.0,1179.0,553.0,319.0,0901700011401,19.4111025,-99.11805003,6,3,False,False
09,017,Venustiano Carranza,0001,1416,6791,214.0,269.0,1064.0,685.0,285.0,63.0,84.0,2050.0,1863.0,855.0,483.0,0901700011416,19.4076338,-99.11515556,5,1,False,False
09,017,Venustiano Carranza,0001,1420,547,11.0,25.0,107.0,86.0,41.0,6.0,7.0,150.0,128.0,46.0,36.0,0901700011420,19.4099516,-99.112670605,2,2,False,False
09,017,Venustiano Carranza,0001,1435,0,0.0,0.0,0.0,0.0,0.0,0.0,0.0,0.0,0.0,0.0,0.0,0901700011435,19.40923515,-99.10437195,0,2,False,False
09,017,Venustiano Carranza,0001,144A,5519,120.0,154.0,989.0,705.0,272.0,27.0,24.0,1352.0,2020.0,933.0,274.0,090170001144A,19.40778161,-99.11280897,4,1,False,False
09,017,Venustiano Carranza,0001,1454,1543,37.0,38.0,386.0,274.0,82.0,9.0,4.0,327.0,551.0,275.0,75.0,0901700011454,19.41077994,-99.10090429,1,2,False,False
09,017,Venustiano Carranza,0001,1469,1356,57.0,61.0,147.0,77.0,91.0,10.0,21.0,267.0,361.0,162.0,118.0,0901700011469,19.430279615,-99.06277417,2,1,False,False
09,017,Venustiano Carranza,0001,1473,1181,48.0,50.0,109.0,60.0,93.0,11.0,16.0,284.0,311.0,118.0,98.0,0901700011473,19.42926707,-99.061470535,2,1,False,False
09,017,Venustiano Carranza,0001,1488,1079,46.0,61.0,115.0,60.0,47.0,5.0,16.0,346.0,284.0,120.0,107.0,0901700011488,19.42819441,-99.06052379,2,1,False,False
09,017,Venustiano Carranza,0001,1492,900,36.0,48.0,94.0,54.0,22.0,6.0,32.0,434.0,242.0,130.0,84.0,0901700011492,19.426731165,-99.05883414,2,1,False,False
09,017,Venustiano Carranza,0001,1505,2513,83.0,99.0,299.0,160.0,161.0,27.0,22.0,461.0,823.0,366.0,182.0,0901700011505,19.42852195,-99.06218247,2,1,False,False
09,017,Venustiano Carranza,0001,151A,2248,82.0,76.0,311.0,168.0,105.0,20.0,13.0,379.0,717.0,315.0,158.0,090170001151A,19.42567848,-99.06130959,2,1,False,False
09,017,Venustiano Carranza,0001,1524,4295,117.0,158.0,706.0,483.0,305.0,48.0,35.0,1373.0,1204.0,466.0,275.0,0901700011524,19.42374435,-99.06248439999999,2,1,False,False
