ENTIDAD,MUN,NOM_MUN,LOC,AGEB,pob_total,pob_0a2,pob_3a5,pob_60mas,pob_65mas,pob_discapacidad,pob_disc_autocuidado,pob_3a5_no_escuela,pob_sin_serv_salud,hogares,hogares_jefa,pob_0a5,CVEGEO_AGEB
09,002,Azcapotzalco,0001,0010,3183,60.0,73.0,816.0,671.0,171.0,34.0,11.0,603.0,867.0,358.0,133.0,0900200010010
09,002,Azcapotzalco,0001,0025,5593,122.0,164.0,1293.0,1025.0,341.0,59.0,50.0,1034.0,1760.0,761.0,286.0,0900200010025
09,002,Azcapotzalco,0001,003A,4235,88.0,131.0,931.0,749.0,249.0,44.0,13.0,899.0,1190.0,483.0,219.0,090020001003A
09,002,Azcapotzalco,0001,0044,4768,110.0,141.0,1132.0,905.0,371.0,57.0,32.0,855.0,1389.0,575.0,251.0,0900200010044
09,002,Azcapotzalco,0001,0097,2176,40.0,54.0,562.0,470.0,144.0,26.0,13.0,387.0,597.0,218.0,94.0,0900200010097
09,002,Azcapotzalco,0001,010A,3346,76.0,72.0,862.0,709.0,218.0,22.0,11.0,658.0,912.0,383.0,148.0,090020001010A
09,002,Azcapotzalco,0001,0114,9866,291.0,350.0,1405.0,932.0,624.0,108.0,89.0,2191.0,3027.0,1217.0,641.0,0900200010114
09,002,Azcapotzalco,0001,0129,5703,174.0,209.0,649.0,408.0,217.0,20.0,45.0,904.0,1831.0,739.0,383.0,0900200010129
09,002,Azcapotzalco,0001,0133,7288,246.0,271.0,1125.0,766.0,291.0,59.0,69.0,1309.0,1991.0,795.0,517.0,0900200010133
09,002,Azcapotzalco,0001,0148,2513,53.0,72.0,551.0,407.0,124.0,20.0,12.0,498.0,750.0,258.0,125.0,0900200010148
09,002,Azcapotzalco,0001,0167,3049,80.0,119.0,489.0,325.0,223.0,38.0,33.0,723.0,915.0,319.0,199.0,0900200010167
09,002,Azcapotzalco,0001,0171,2313,48.0,53.0,507.0,387.0,169.0,33.0,12.0,423.0,695.0,315.0,101.0,0900200010171
09,002,Azcapotzalco,0001,0186,11139,365.0,400.0,1553.0,1034.0,605.0,99.0,68.0,2236.0,3500.0,1200.0,765.0,0900200010186
09,002,Azcapotzalco,0001,0190,8920,308.0,356.0,1357.0,906.0,467.0,78.0,79.0,2011.0,2829.0,1112.0,664.0,0900200010190
09,002,Azcapotzalco,0001,0203,5495,152.0,218.0,960.0,637.0,262.0,58.0,49.0,1273.0,1466.0,624.0,370.0,0900200010203
09,002,Azcapotzalco,0001,0218,4162,110.0,112.0,822.0,569.0,158.0,35.0,32.0,942.0,1276.0,546.0,222.0,0900200010218
09,002,Azcapotzalco,0001,0222,7064,229.0,255.0,1048.0,680.0,316.0,51.0,69.0,1665.0,2001.0,786.0,484.0,0900200010222
09,002,Azcapotzalco,0001,0237,7093,221.0,268.0,1081.0,731.0,540.0,71.0,63.0,1881.0,2047.0,760.0,489.0,0900200010237
09,002,Azcapotzalco,0001,0256,4894,113.0,190.0,804.0,554.0,270.0,52.0,54.0,1202.0,1424.0,514.0,303.0,0900200010256
09,002,Azcapotzalco,0001,0260,5027,115.0,152.0,990.0,700.0,351.0,70.0,51.0,1009.0,1370.0,583.0,267.0,0900200010260
09,002,Azcapotzalco,0001,0275,7063,189.0,240.0,1179.0,751.0,352.0,70.0,74.0,1513.0,1876.0,752.0,429.0,0900200010275
09,002,Azcapotzalco,0001,028A,3133,50.0,82.0,742.0,525.0,150.0,21.0,19.0,618.0,1004.0,447.0,132.0,090020001028A
09,002,Azcapotzalco,0001,0294,6122,180.0,193.0,1135.0,813.0,369.0,59.0,33.0,1216.0,1983.0,823.0,373.0,0900200010294
09,002,Azcapotzalco,0001,0307,5718,160.0,165.0,1052.0,726.0,261.0,47.0,40.0,1077.0,1663.0,755.0,325.0,0900200010307
09,002,Azcapotzalco,0001,0311,3817,90.0,127.0,772.0,539.0,204.0,48.0,27.0,939.0,1203.0,555.0,217.0,0900200010311
09,002,Azcapotzalco,0001,0326,8373,250.0,284.0,1113.0,678.0,419.0,47.0,39.0,1500.0,2774.0,1217.0,534.0,0900200010326
09,002,Azcapotzalco,0001,0330,2352,65.0,79.0,403.0,268.0,134.0,26.0,25.0,497.0,606.0,263.0,144.0,0900200010330
09,002,Azcapotzalco,0001,0345,4283,119.0,133.0,946.0,733.0,354.0,129.0,36.0,886.0,1256.0,566.0,252.0,0900200010345
09,002,Azcapotzalco,0001,035A,6325,201.0,214.0,825.0,533.0,253.0,52.0,59.0,1271.0,1891.0,821.0,415.0,090020001035A
09,002,Azcapotzalco,0001,0364,3407,74.0,96.0,717.0,531.0,199.0,29.0,15.0,722.0,914.0,424.0,170.0,0900200010364
09,002,Azcapotzalco,0001,0379,4525,130.0,123.0,976.0,689.0,237.0,51.0,24.0,867.0,1337.0,605.0,253.0,0900200010379
09,002,Azcapotzalco,0001,0383,4040,86.0,123.0,836.0,599.0,293.0,43.0,18.0,896.0,1228.0,509.0,209.0,0900200010383
09,002,Azcapotzalco,0001,0398,4230,112.0,155.0,843.0,599.0,310.0,44.0,31.0,1023.0,1351.0,551.0,267.0,0900200010398
09,002,Azcapotzalco,0001,0400,3953,94.0,102.0,818.0,545.0,228.0,28.0,28.0,914.0,1231.0,485.0,196.0,0900200010400
09,002,Azcapotzalco,0001,0415,4165,109.0,129.0,917.0,662.0,256.0,37.0,27.0,869.0,1297.0,568.0,238.0,0900200010415
09,002,Azcapotzalco,0001,0434,2831,54.0,77.0,791.0,583.0,186.0,41.0,11.0,471.0,964.0,392.0,131.0,0900200010434
09,002,Azcapotzalco,0001,0449,2939,79.0,75.0,701.0,494.0,162.0,34.0,26.0,572.0,818.0,307.0,154.0,0900200010449
09,002,Azcapotzalco,0001,0468,4552,110.0,125.0,790.0,554.0,150.0,29.0,32.0,994.0,1656.0,715.0,235.0,0900200010468
09,002,Azcapotzalco,0001,0472,6574,127.0,204.0,1181.0,816.0,266.0,50.0,49.0,1021.0,2345.0,1007.0,331.0,0900200010472
09,002,Azcapotzalco,0001,0487,4207,105.0,129.0,836.0,582.0,241.0,52.0,35.0,1049.0,1313.0,549.0,234.0,0900200010487
09,002,Azcapotzalco,0001,0491,6312,144.0,190.0,1260.0,905.0,377.0,81.0,53.0,1324.0,1914.0,799.0,334.0,0900200010491
09,002,Azcapotzalco,0001,0504,4754,91.0,132.0,1049.0,741.0,202.0,50.0,24.0,851.0,1532.0,653.0,223.0,0900200010504
09,002,Azcapotzalco,0001,0519,2409,65.0,71.0,490.0,359.0,130.0,14.0,17.0,471.0,793.0,313.0,136.0,0900200010519
09,002,Azcapotzalco,0001,0542,6915,224.0,323.0,824.0,572.0,298.0,46.0,59.0,1444.0,2317.0,847.0,547.0,0900200010542
09,002,Azcapotzalco,0001,0557,4475,112.0,130.0,873.0,644.0,366.0,52.0,35.0,1117.0,1396.0,634.0,242.0,0900200010557
09,002,Azcapotzalco,0001,0561,3454,119.0,116.0,658.0,455.0,179.0,37.0,17.0,742.0,1044.0,454.0,235.0,0900200010561
09,002,Azcapotzalco,0001,0576,3168,89.0,117.0,603.0,407.0,233.0,35.0,30.0,733.0,946.0,362.0,206.0,0900200010576
09,002,Azcapotzalco,0001,0580,4220,124.0,157.0,757.0,523.0,293.0,53.0,43.0,794.0,1222.0,541.0,281.0,0900200010580
09,002,Azcapotzalco,0001,0595,5116,166.0,214.0,765.0,522.0,327.0,46.0,62.0,1324.0,1480.0,643.0,380.0,0900200010595
09,002,Azcapotzalco,0001,0608,5135,179.0,230.0,687.0,477.0,244.0,47.0,64.0,1351.0,1500.0,565.0,409.0,0900200010608
09,002,Azcapotzalco,0001,0612,4333,150.0,161.0,613.0,425.0,225.0,71.0,41.0,1105.0,1253.0,421.0,311.0,0900200010612
09,002,Azcapotzalco,0001,0627,4912,168.0,201.0,705.0,487.0,275.0,51.0,60.0,1270.0,1545.0,570.0,369.0,0900200010627
09,002,Azcapotzalco,0001,0631,5263,127.0,163.0,1066.0,758.0,352.0,62.0,31.0,1340.0,1449.0,544.0,290.0,0900200010631
09,002,Azcapotzalco,0001,0650,6499,182.0,216.0,1186.0,794.0,360.0,60.0,54.0,1542.0,1815.0,742.0,398.0,0900200010650
09,002,Azcapotzalco,0001,0665,7747,208.0,277.0,1280.0,867.0,408.0,67.0,79.0,1716.0,2406.0,927.0,485.0,0900200010665
09,002,Azcapotzalco,0001,067A,6226,158.0,176.0,1070.0,702.0,329.0,44.0,26.0,1105.0,2087.0,793.0,334.0,090020001067A
09,002,Azcapotzalco,0001,0684,3991,88.0,118.0,910.0,635.0,188.0,37.0,27.0,826.0,1393.0,604.0,206.0,0900200010684
09,002,Azcapotzalco,0001,0699,2696,48.0,50.0,702.0,491.0,126.0,40.0,7.0,593.0,898.0,339.0,98.0,0900200010699
09,002,Azcapotzalco,0001,0701,2400,43.0,48.0,609.0,436.0,146.0,34.0,,516.0,825.0,350.0,91.0,0900200010701
09,002,Azcapotzalco,0001,0716,3775,88.0,104.0,826.0,589.0,213.0,50.0,15.0,892.0,1256.0,522.0,192.0,0900200010716
09,002,Azcapotzalco,0001,0720,2653,44.0,45.0,767.0,566.0,115.0,31.0,,627.0,929.0,388.0,89.0,0900200010720
09,002,Azcapotzalco,0001,074A,2850,79.0,102.0,627.0,433.0,142.0,14.0,24.0,639.0,934.0,402.0,181.0,090020001074A
09,002,Azcapotzalco,0001,0754,2282,54.0,80.0,519.0,375.0,134.0,21.0,16.0,431.0,733.0,324.0,134.0,0900200010754
09,002,Azcapotzalco,0001,0769,9195,320.0,342.0,1204.0,807.0,423.0,66.0,64.0,1983.0,3178.0,1169.0,662.0,0900200010769
09,002,Azcapotzalco,0001,0773,2314,67.0,62.0,496.0,362.0,217.0,38.0,16.0,400.0,693.0,324.0,129.0,0900200010773
09,002,Azcapotzalco,0001,0788,2450,59.0,79.0,550.0,373.0,184.0,34.0,18.0,603.0,775.0,357.0,138.0,0900200010788
09,002,Azcapotzalco,0001,0792,4954,124.0,141.0,1026.0,733.0,336.0,49.0,21.0,1185.0,1645.0,732.0,265.0,0900200010792
09,002,Azcapotzalco,0001,0805,1996,41.0,59.0,488.0,360.0,92.0,31.0,9.0,393.0,741.0,296.0,100.0,0900200010805
09,002,Azcapotzalco,0001,081A,3761,100.0,86.0,825.0,604.0,232.0,32.0,22.0,974.0,1407.0,683.0,186.0,090020001081A
09,002,Azcapotzalco,0001,0824,3028,77.0,88.0,583.0,423.0,174.0,29.0,23.0,626.0,981.0,405.0,165.0,0900200010824
09,002,Azcapotzalco,0001,0839,3004,43.0,73.0,825.0,608.0,126.0,36.0,16.0,538.0,1072.0,428.0,116.0,0900200010839
09,002,Azcapotzalco,0001,0843,3643,76.0,69.0,951.0,674.0,178.0,27.0,14.0,879.0,1245.0,491.0,145.0,0900200010843
09,002,Azcapotzalco,0001,0858,4395,105.0,135.0,858.0,587.0,289.0,39.0,20.0,909.0,1412.0,601.0,240.0,0900200010858
09,002,Azcapotzalco,0001,0877,821,19.0,31.0,119.0,88.0,38.0,5.0,14.0,257.0,213.0,66.0,50.0,0900200010877
09,002,Azcapotzalco,0001,0881,5207,175.0,216.0,799.0,516.0,303.0,40.0,69.0,1135.0,1464.0,636.0,391.0,0900200010881
09,002,Azcapotzalco,0001,0896,1532,39.0,39.0,345.0,254.0,84.0,13.0,12.0,263.0,568.0,256.0,78.0,0900200010896
09,002,Azcapotzalco,0001,0909,1810,40.0,33.0,465.0,364.0,69.0,11.0,,218.0,645.0,350.0,73.0,0900200010909
09,002,Azcapotzalco,0001,0913,3311,71.0,90.0,745.0,519.0,282.0,44.0,27.0,566.0,976.0,394.0,161.0,0900200010913
09,002,Azcapotzalco,0001,0928,1841,80.0,79.0,197.0,114.0,143.0,21.0,23.0,519.0,518.0,237.0,159.0,0900200010928
09,002,Azcapotzalco,0001,0932,408,11.0,17.0,90.0,45.0,43.0,3.0,6.0,58.0,126.0,55.0,28.0,0900200010932
09,002,Azcapotzalco,0001,0947,4456,103.0,154.0,799.0,440.0,224.0,27.0,36.0,714.0,1309.0,515.0,257.0,0900200010947
09,002,Azcapotzalco,0001,0966,2047,24.0,36.0,704.0,588.0,105.0,39.0,7.0,384.0,644.0,225.0,60.0,0900200010966
09,002,Azcapotzalco,0001,0970,2953,56.0,75.0,627.0,443.0,171.0,20.0,12.0,526.0,885.0,328.0,131.0,0900200010970
09,002,Azcapotzalco,0001,0985,2334,64.0,51.0,544.0,403.0,199.0,37.0,14.0,440.0,694.0,324.0,115.0,0900200010985
09,002,Azcapotzalco,0001,099A,1337,36.0,54.0,231.0,141.0,33.0,15.0,24.0,117.0,418.0,176.0,90.0,090020001099A
09,002,Azcapotzalco,0001,1004,7559,221.0,283.0,955.0,597.0,431.0,62.0,53.0,1644.0,2284.0,878.0,504.0,0900200011004
09,002,Azcapotzalco,0001,1019,1689,44.0,63.0,298.0,191.0,117.0,12.0,18.0,278.0,536.0,238.0,107.0,0900200011019
09,002,Azcapotzalco,0001,1023,7644,221.0,232.0,1223.0,829.0,395.0,71.0,54.0,1438.0,2731.0,1073.0,453.0,0900200011023
09,002,Azcapotzalco,0001,1038,7053,252.0,329.0,959.0,628.0,424.0,66.0,85.0,1814.0,2138.0,745.0,581.0,0900200011038
09,002,Azcapotzalco,0001,1042,5802,204.0,208.0,873.0,569.0,317.0,70.0,63.0,1540.0,1617.0,601.0,412.0,0900200011042
09,002,Azcapotzalco,0001,1057,2418,39.0,56.0,648.0,473.0,111.0,30.0,4.0,470.0,861.0,378.0,95.0,0900200011057
09,002,Azcapotzalco,0001,1061,1719,40.0,49.0,442.0,331.0,69.0,22.0,16.0,284.0,673.0,342.0,89.0,0900200011061
09,002,Azcapotzalco,0001,1076,1,,,,,,,,,,,,0900200011076
09,002,Azcapotzalco,0001,1080,5000,208.0,222.0,433.0,273.0,153.0,25.0,54.0,653.0,1783.0,622.0,430.0,0900200011080
09,002,Azcapotzalco,0001,1095,7035,241.0,233.0,964.0,620.0,402.0,62.0,61.0,1397.0,2145.0,793.0,474.0,0900200011095
09,002,Azcapotzalco,0001,1112,4239,97.0,141.0,671.0,361.0,217.0,43.0,31.0,650.0,1300.0,535.0,238.0,0900200011112
09,002,Azcapotzalco,0001,1127,2837,69.0,100.0,471.0,242.0,173.0,17.0,15.0,352.0,875.0,320.0,169.0,0900200011127
09,002,Azcapotzalco,0001,1131,2543,61.0,51.0,617.0,459.0,129.0,20.0,7.0,550.0,889.0,444.0,112.0,0900200011131
09,002,Azcapotzalco,0001,1146,927,13.0,27.0,246.0,184.0,58.0,15.0,3.0,185.0,342.0,183.0,40.0,0900200011146
09,002,Azcapotzalco,0001,1150,3486,134.0,144.0,304.0,190.0,126.0,18.0,36.0,478.0,1055.0,330.0,278.0,0900200011150
09,002,Azcapotzalco,0001,1165,400,14.0,26.0,45.0,32.0,21.0,3.0,7.0,132.0,107.0,47.0,40.0,0900200011165
09,002,Azcapotzalco,0001,117A,1602,37.0,45.0,366.0,267.0,73.0,8.0,6.0,253.0,537.0,205.0,82.0,090020001117A
09,002,Azcapotzalco,0001,1184,1433,24.0,37.0,307.0,222.0,41.0,6.0,7.0,194.0,471.0,174.0,61.0,0900200011184
09,003,Coyoacán,0001,0018,1658,24.0,43.0,559.0,431.0,80.0,21.0,3.0,414.0,657.0,300.0,67.0,0900300010018
09,003,Coyoacán,0001,0022,1569,21.0,25.0,497.0,344.0,72.0,7.0,6.0,362.0,583.0,244.0,46.0,0900300010022
09,003,Coyoacán,0001,0037,1428,32.0,31.0,442.0,325.0,65.0,13.0,0.0,362.0,473.0,211.0,63.0,0900300010037
09,003,Coyoacán,0001,0041,3006,49.0,50.0,899.0,662.0,129.0,39.0,13.0,793.0,1307.0,643.0,99.0,0900300010041
09,003,Coyoacán,0001,0056,3895,73.0,83.0,1033.0,709.0,175.0,35.0,8.0,921.0,1383.0,676.0,156.0,0900300010056
09,003,Coyoacán,0001,0060,4299,105.0,107.0,1061.0,780.0,243.0,61.0,13.0,1150.0,1420.0,591.0,212.0,0900300010060
09,003,Coyoacán,0001,0075,2825,40.0,59.0,789.0,554.0,154.0,28.0,12.0,743.0,1055.0,464.0,99.0,0900300010075
09,003,Coyoacán,0001,008A,2297,35.0,35.0,720.0,531.0,134.0,39.0,,612.0,709.0,271.0,70.0,090030001008A
09,003,Coyoacán,0001,0094,3531,43.0,72.0,1028.0,733.0,239.0,58.0,10.0,935.0,1165.0,519.0,115.0,0900300010094
09,003,Coyoacán,0001,0107,6992,147.0,182.0,1758.0,1288.0,390.0,75.0,41.0,1729.0,2339.0,987.0,329.0,0900300010107
09,003,Coyoacán,0001,0111,1380,18.0,18.0,512.0,424.0,153.0,56.0,3.0,269.0,374.0,146.0,36.0,0900300010111
09,003,Coyoacán,0001,0126,1803,24.0,43.0,547.0,416.0,67.0,17.0,9.0,367.0,607.0,224.0,67.0,0900300010126
09,003,Coyoacán,0001,0130,2171,36.0,39.0,714.0,533.0,83.0,27.0,6.0,610.0,738.0,344.0,75.0,0900300010130
09,003,Coyoacán,0001,0145,2090,36.0,47.0,601.0,448.0,102.0,25.0,9.0,445.0,777.0,372.0,83.0,0900300010145
09,003,Coyoacán,0001,015A,5065,78.0,112.0,1305.0,957.0,248.0,57.0,21.0,1110.0,1827.0,909.0,190.0,090030001015A
09,003,Coyoacán,0001,0164,2900,63.0,64.0,737.0,543.0,152.0,32.0,4.0,593.0,1073.0,473.0,127.0,0900300010164
09,003,Coyoacán,0001,0179,2198,23.0,42.0,609.0,450.0,93.0,33.0,4.0,494.0,751.0,304.0,65.0,0900300010179
09,003,Coyoacán,0001,0183,2789,55.0,60.0,711.0,504.0,112.0,35.0,3.0,694.0,1065.0,399.0,115.0,0900300010183
09,003,Coyoacán,0001,0198,1649,23.0,39.0,486.0,344.0,76.0,17.0,7.0,375.0,495.0,194.0,62.0,0900300010198
09,003,Coyoacán,0001,0200,5523,106.0,149.0,1210.0,847.0,184.0,41.0,18.0,1368.0,1997.0,752.0,255.0,0900300010200
09,003,Coyoacán,0001,0215,6100,130.0,185.0,1088.0,740.0,176.0,31.0,36.0,1489.0,2261.0,861.0,315.0,0900300010215
09,003,Coyoacán,0001,022A,8705,282.0,334.0,1329.0,878.0,457.0,66.0,79.0,2012.0,2463.0,957.0,616.0,090030001022A
09,003,Coyoacán,0001,0234,710,19.0,14.0,207.0,153.0,32.0,10.0,,120.0,245.0,103.0,33.0,0900300010234
09,003,Coyoacán,0001,0249,740,8.0,14.0,183.0,127.0,20.0,5.0,0.0,187.0,265.0,107.0,22.0,0900300010249
09,003,Coyoacán,0001,0268,1305,14.0,21.0,440.0,339.0,78.0,19.0,0.0,313.0,472.0,216.0,35.0,0900300010268
09,003,Coyoacán,0001,0272,3327,60.0,67.0,1016.0,758.0,148.0,47.0,,724.0,1116.0,496.0,127.0,0900300010272
09,003,Coyoacán,0001,0287,8213,206.0,232.0,1729.0,1219.0,313.0,76.0,51.0,2409.0,2517.0,1111.0,438.0,0900300010287
09,003,Coyoacán,0001,0291,4212,95.0,112.0,901.0,599.0,148.0,35.0,20.0,867.0,1507.0,677.0,207.0,0900300010291
09,003,Coyoacán,0001,0304,1968,30.0,39.0,509.0,351.0,102.0,25.0,4.0,471.0,664.0,293.0,69.0,0900300010304
09,003,Coyoacán,0001,0319,2494,47.0,58.0,638.0,458.0,119.0,26.0,10.0,648.0,913.0,336.0,105.0,0900300010319
09,003,Coyoacán,0001,0323,2398,30.0,55.0,691.0,489.0,197.0,37.0,8.0,600.0,802.0,350.0,85.0,0900300010323
09,003,Coyoacán,0001,0342,3376,52.0,66.0,1028.0,765.0,143.0,34.0,3.0,772.0,1116.0,420.0,118.0,0900300010342
09,003,Coyoacán,0001,0357,4074,131.0,149.0,622.0,428.0,110.0,17.0,42.0,1452.0,1207.0,474.0,280.0,0900300010357
09,003,Coyoacán,0001,0361,1977,35.0,41.0,495.0,368.0,110.0,29.0,5.0,488.0,671.0,321.0,76.0,0900300010361
09,003,Coyoacán,0001,0376,1268,9.0,25.0,353.0,278.0,70.0,19.0,4.0,194.0,513.0,248.0,34.0,0900300010376
09,003,Coyoacán,0001,0380,2851,43.0,31.0,735.0,509.0,161.0,21.0,6.0,490.0,1234.0,638.0,74.0,0900300010380
09,003,Coyoacán,0001,0395,2301,31.0,21.0,501.0,370.0,112.0,23.0,0.0,452.0,989.0,505.0,52.0,0900300010395
09,003,Coyoacán,0001,0408,1576,19.0,19.0,406.0,308.0,61.0,15.0,,310.0,641.0,323.0,38.0,0900300010408
09,003,Coyoacán,0001,0412,3853,48.0,46.0,1051.0,829.0,197.0,45.0,7.0,694.0,1433.0,742.0,94.0,0900300010412
09,003,Coyoacán,0001,0427,2116,41.0,46.0,622.0,473.0,107.0,30.0,5.0,546.0,619.0,236.0,87.0,0900300010427
09,003,Coyoacán,0001,0431,5344,151.0,168.0,953.0,689.0,275.0,55.0,36.0,1543.0,1499.0,558.0,319.0,0900300010431
09,003,Coyoacán,0001,0446,5501,119.0,161.0,1015.0,679.0,278.0,61.0,33.0,1375.0,1812.0,787.0,280.0,0900300010446
09,003,Coyoacán,0001,0450,6576,107.0,170.0,1402.0,963.0,223.0,37.0,34.0,1764.0,2135.0,932.0,277.0,0900300010450
09,003,Coyoacán,0001,0465,1476,27.0,34.0,464.0,338.0,76.0,15.0,5.0,364.0,485.0,211.0,61.0,0900300010465
09,003,Coyoacán,0001,0484,1003,17.0,14.0,289.0,198.0,41.0,9.0,,117.0,356.0,149.0,31.0,0900300010484
09,003,Coyoacán,0001,0499,2502,37.0,37.0,809.0,590.0,194.0,59.0,3.0,639.0,803.0,296.0,74.0,0900300010499
09,003,Coyoacán,0001,0501,3477,73.0,61.0,976.0,728.0,173.0,58.0,11.0,792.0,1058.0,405.0,134.0,0900300010501
09,003,Coyoacán,0001,0516,1436,35.0,38.0,363.0,265.0,88.0,12.0,6.0,299.0,433.0,183.0,73.0,0900300010516
09,003,Coyoacán,0001,0520,2615,66.0,81.0,570.0,439.0,189.0,22.0,16.0,718.0,708.0,355.0,147.0,0900300010520
09,003,Coyoacán,0001,0535,7676,272.0,328.0,1016.0,671.0,336.0,60.0,113.0,2360.0,2247.0,982.0,600.0,0900300010535
09,003,Coyoacán,0001,054A,784,5.0,13.0,217.0,170.0,17.0,6.0,5.0,180.0,309.0,141.0,18.0,090030001054A
09,003,Coyoacán,0001,0554,4591,104.0,124.0,780.0,492.0,198.0,16.0,16.0,1146.0,1540.0,655.0,228.0,0900300010554
09,003,Coyoacán,0001,0573,12827,336.0,416.0,1810.0,1120.0,691.0,95.0,89.0,3423.0,3688.0,1535.0,752.0,0900300010573
09,003,Coyoacán,0001,0588,1779,25.0,38.0,464.0,359.0,96.0,8.0,4.0,302.0,525.0,237.0,63.0,0900300010588
09,003,Coyoacán,0001,0605,3621,157.0,186.0,446.0,282.0,150.0,19.0,70.0,1297.0,1033.0,374.0,343.0,0900300010605
09,003,Coyoacán,0001,061A,10554,316.0,369.0,1489.0,1074.0,699.0,110.0,93.0,2704.0,2987.0,1258.0,685.0,090030001061A
09,003,Coyoacán,0001,0624,9838,316.0,386.0,1219.0,869.0,432.0,89.0,107.0,3176.0,2742.0,1087.0,702.0,0900300010624
09,003,Coyoacán,0001,0639,12525,394.0,547.0,1634.0,1206.0,789.0,160.0,145.0,3311.0,3099.0,1394.0,941.0,0900300010639
09,003,Coyoacán,0001,0643,8559,254.0,300.0,1293.0,906.0,604.0,102.0,85.0,2763.0,2298.0,842.0,554.0,0900300010643
09,003,Coyoacán,0001,0658,10461,288.0,378.0,1690.0,1154.0,615.0,121.0,74.0,3166.0,2846.0,1096.0,666.0,0900300010658
09,003,Coyoacán,0001,0662,5469,189.0,171.0,940.0,657.0,315.0,60.0,36.0,1636.0,1605.0,567.0,360.0,0900300010662
09,003,Coyoacán,0001,0677,8113,206.0,251.0,1590.0,1076.0,468.0,62.0,44.0,2235.0,2537.0,1173.0,457.0,0900300010677
09,003,Coyoacán,0001,0681,4561,158.0,137.0,892.0,556.0,174.0,22.0,11.0,1090.0,1462.0,616.0,295.0,0900300010681
09,003,Coyoacán,0001,0696,2382,42.0,46.0,663.0,472.0,127.0,45.0,7.0,534.0,869.0,385.0,88.0,0900300010696
09,003,Coyoacán,0001,0709,3117,67.0,85.0,778.0,567.0,161.0,47.0,19.0,901.0,1084.0,442.0,152.0,0900300010709
09,003,Coyoacán,0001,0713,4685,93.0,91.0,1405.0,1079.0,363.0,82.0,15.0,1250.0,1448.0,647.0,184.0,0900300010713
09,003,Coyoacán,0001,0728,3836,50.0,65.0,1186.0,895.0,311.0,74.0,11.0,985.0,1248.0,497.0,115.0,0900300010728
09,003,Coyoacán,0001,0770,326,6.0,10.0,67.0,53.0,7.0,4.0,4.0,76.0,144.0,49.0,16.0,0900300010770
09,003,Coyoacán,0001,0785,11640,419.0,473.0,1399.0,1010.0,554.0,109.0,160.0,3458.0,3350.0,1576.0,892.0,0900300010785
09,003,Coyoacán,0001,079A,9058,323.0,343.0,1151.0,837.0,503.0,91.0,98.0,3196.0,2405.0,908.0,666.0,090030001079A
09,003,Coyoacán,0001,0802,13042,463.0,548.0,1545.0,1129.0,743.0,121.0,150.0,4431.0,3624.0,1439.0,1011.0,0900300010802
09,003,Coyoacán,0001,0817,10152,250.0,324.0,1579.0,1027.0,647.0,114.0,73.0,3206.0,3010.0,1204.0,574.0,0900300010817
09,003,Coyoacán,0001,0821,5221,152.0,184.0,782.0,524.0,354.0,52.0,43.0,1676.0,1499.0,604.0,336.0,0900300010821
09,003,Coyoacán,0001,0836,6381,189.0,224.0,1050.0,723.0,514.0,68.0,46.0,1895.0,1836.0,773.0,413.0,0900300010836
09,003,Coyoacán,0001,0840,6633,187.0,233.0,1176.0,820.0,454.0,82.0,58.0,1894.0,1894.0,708.0,420.0,0900300010840
09,003,Coyoacán,0001,0855,2696,70.0,60.0,658.0,454.0,190.0,31.0,10.0,687.0,807.0,347.0,130.0,0900300010855
09,003,Coyoacán,0001,086A,2670,40.0,42.0,760.0,593.0,198.0,46.0,5.0,633.0,927.0,423.0,82.0,090030001086A
09,003,Coyoacán,0001,0889,2647,51.0,40.0,861.0,682.0,183.0,31.0,4.0,539.0,916.0,345.0,91.0,0900300010889
09,003,Coyoacán,0001,0893,1749,28.0,33.0,588.0,488.0,70.0,26.0,5.0,401.0,583.0,200.0,61.0,0900300010893
09,003,Coyoacán,0001,0906,3324,59.0,59.0,871.0,654.0,236.0,20.0,12.0,712.0,1130.0,470.0,118.0,0900300010906
09,003,Coyoacán,0001,093A,1211,14.0,23.0,397.0,314.0,32.0,9.0,4.0,252.0,407.0,151.0,37.0,090030001093A
09,003,Coyoacán,0001,0959,4224,139.0,148.0,646.0,474.0,392.0,58.0,27.0,1188.0,1153.0,454.0,287.0,0900300010959
09,003,Coyoacán,0001,0963,6516,183.0,208.0,1129.0,776.0,511.0,105.0,54.0,1742.0,1840.0,899.0,391.0,0900300010963
09,003,Coyoacán,0001,0978,8080,233.0,315.0,1122.0,752.0,599.0,65.0,75.0,2429.0,2244.0,861.0,548.0,0900300010978
09,003,Coyoacán,0001,0982,6525,181.0,199.0,1018.0,670.0,348.0,74.0,45.0,1885.0,1884.0,780.0,380.0,0900300010982
09,003,Coyoacán,0001,0997,9422,268.0,328.0,1483.0,970.0,578.0,77.0,46.0,2792.0,2621.0,1039.0,596.0,0900300010997
09,003,Coyoacán,0001,1001,6521,190.0,256.0,931.0,644.0,534.0,77.0,57.0,1940.0,1751.0,695.0,446.0,0900300011001
09,003,Coyoacán,0001,1016,6606,219.0,259.0,941.0,615.0,260.0,54.0,56.0,1927.0,1762.0,601.0,478.0,0900300011016
09,003,Coyoacán,0001,1020,4471,95.0,132.0,919.0,632.0,192.0,46.0,20.0,1046.0,1517.0,693.0,227.0,0900300011020
09,003,Coyoacán,0001,1069,1633,18.0,27.0,548.0,413.0,84.0,19.0,,348.0,534.0,225.0,45.0,0900300011069
09,003,Coyoacán,0001,1073,1616,35.0,25.0,486.0,379.0,78.0,22.0,9.0,454.0,516.0,202.0,60.0,0900300011073
09,003,Coyoacán,0001,1092,5787,116.0,131.0,1425.0,983.0,565.0,166.0,16.0,1492.0,1820.0,699.0,247.0,0900300011092
09,003,Coyoacán,0001,1105,2795,41.0,63.0,772.0,548.0,111.0,32.0,5.0,537.0,841.0,299.0,104.0,0900300011105
09,003,Coyoacán,0001,1124,5743,142.0,196.0,938.0,638.0,275.0,57.0,51.0,1731.0,1797.0,772.0,338.0,0900300011124
09,003,Coyoacán,0001,1139,691,11.0,16.0,196.0,137.0,59.0,14.0,,143.0,231.0,98.0,27.0,0900300011139
09,003,Coyoacán,0001,1143,540,11.0,15.0,164.0,122.0,48.0,9.0,0.0,105.0,178.0,71.0,26.0,0900300011143
09,003,Coyoacán,0001,1158,8986,242.0,311.0,1287.0,874.0,547.0,93.0,56.0,2648.0,2451.0,968.0,553.0,0900300011158
09,003,Coyoacán,0001,1162,14061,404.0,488.0,2104.0,1481.0,805.0,143.0,114.0,4422.0,3786.0,1589.0,892.0,0900300011162
09,003,Coyoacán,0001,1181,4132,69.0,98.0,1055.0,731.0,204.0,33.0,14.0,987.0,1270.0,482.0,167.0,0900300011181
09,003,Coyoacán,0001,1213,5772,127.0,147.0,1500.0,1088.0,297.0,41.0,13.0,1459.0,1832.0,743.0,274.0,0900300011213
09,003,Coyoacán,0001,1228,2280,70.0,112.0,322.0,220.0,191.0,22.0,38.0,876.0,538.0,253.0,182.0,0900300011228
09,003,Coyoacán,0001,1232,3022,61.0,79.0,738.0,553.0,136.0,42.0,18.0,975.0,877.0,290.0,140.0,0900300011232
09,003,Coyoacán,0001,1247,5019,109.0,129.0,1246.0,954.0,364.0,60.0,25.0,1192.0,1527.0,694.0,238.0,0900300011247
09,003,Coyoacán,0001,1251,2321,40.0,66.0,629.0,499.0,179.0,26.0,17.0,502.0,699.0,299.0,106.0,0900300011251
09,003,Coyoacán,0001,1266,2811,65.0,64.0,672.0,539.0,202.0,54.0,16.0,739.0,799.0,401.0,129.0,0900300011266
09,003,Coyoacán,0001,1270,4167,85.0,88.0,1112.0,853.0,246.0,60.0,20.0,1026.0,1333.0,588.0,173.0,0900300011270
09,003,Coyoacán,0001,1285,3625,70.0,103.0,940.0,739.0,281.0,40.0,16.0,855.0,1106.0,421.0,173.0,0900300011285
09,003,Coyoacán,0001,129A,3454,71.0,93.0,853.0,622.0,145.0,48.0,15.0,711.0,1045.0,441.0,164.0,090030001129A
09,003,Coyoacán,0001,1302,1973,38.0,50.0,503.0,413.0,145.0,30.0,8.0,400.0,620.0,275.0,88.0,0900300011302
09,003,Coyoacán,0001,1317,2754,54.0,77.0,702.0,537.0,189.0,22.0,17.0,634.0,786.0,369.0,131.0,0900300011317
09,003,Coyoacán,0001,1321,3755,65.0,91.0,1065.0,869.0,314.0,57.0,11.0,832.0,1186.0,505.0,156.0,0900300011321
09,003,Coyoacán,0001,1336,2908,55.0,85.0,718.0,595.0,237.0,27.0,12.0,591.0,919.0,372.0,140.0,0900300011336
09,003,Coyoacán,0001,1340,2546,50.0,56.0,637.0,482.0,83.0,21.0,4.0,543.0,865.0,387.0,106.0,0900300011340
09,003,Coyoacán,0001,1355,2461,46.0,52.0,718.0,563.0,76.0,19.0,10.0,543.0,844.0,386.0,98.0,0900300011355
09,003,Coyoacán,0001,136A,2243,31.0,46.0,611.0,500.0,109.0,17.0,14.0,332.0,784.0,352.0,77.0,090030001136A
09,003,Coyoacán,0001,1374,2494,34.0,48.0,714.0,589.0,96.0,28.0,10.0,382.0,843.0,409.0,82.0,0900300011374
09,003,Coyoacán,0001,1389,3600,145.0,162.0,493.0,340.0,370.0,59.0,24.0,1118.0,1065.0,396.0,307.0,0900300011389
09,003,Coyoacán,0001,1393,2828,88.0,104.0,427.0,294.0,198.0,32.0,16.0,596.0,791.0,350.0,192.0,0900300011393
09,003,Coyoacán,0001,1406,3216,117.0,119.0,537.0,410.0,262.0,40.0,31.0,771.0,867.0,341.0,236.0,0900300011406
09,003,Coyoacán,0001,1410,4242,100.0,127.0,831.0,566.0,176.0,38.0,24.0,958.0,1461.0,605.0,227.0,0900300011410
09,003,Coyoacán,0001,1425,6786,171.0,228.0,1192.0,872.0,362.0,44.0,56.0,2261.0,1832.0,705.0,399.0,0900300011425
09,003,Coyoacán,0001,143A,2877,38.0,50.0,852.0,624.0,112.0,24.0,4.0,753.0,937.0,303.0,88.0,090030001143A
09,003,Coyoacán,0001,1444,2651,45.0,46.0,760.0,532.0,110.0,20.0,5.0,683.0,967.0,402.0,91.0,0900300011444
09,003,Coyoacán,0001,1459,2436,64.0,81.0,496.0,311.0,82.0,12.0,25.0,544.0,910.0,349.0,145.0,0900300011459
09,003,Coyoacán,0001,1463,2844,81.0,86.0,483.0,262.0,105.0,17.0,11.0,620.0,1033.0,454.0,167.0,0900300011463
09,003,Coyoacán,0001,1478,3845,65.0,109.0,1023.0,737.0,290.0,29.0,38.0,790.0,1199.0,524.0,174.0,0900300011478
09,003,Coyoacán,0001,1482,4758,73.0,116.0,1150.0,812.0,371.0,54.0,12.0,1033.0,1488.0,679.0,189.0,0900300011482
09,003,Coyoacán,0001,1497,5249,116.0,164.0,1404.0,974.0,354.0,41.0,19.0,1176.0,1597.0,650.0,280.0,0900300011497
09,003,Coyoacán,0001,150A,4541,71.0,108.0,1179.0,796.0,235.0,23.0,32.0,937.0,1447.0,574.0,179.0,090030001150A
09,003,Coyoacán,0001,1514,5908,135.0,158.0,1391.0,979.0,300.0,40.0,31.0,1412.0,1731.0,813.0,293.0,0900300011514
09,003,Coyoacán,0001,1529,5698,108.0,107.0,1148.0,848.0,282.0,38.0,11.0,1136.0,2256.0,1067.0,215.0,0900300011529
09,003,Coyoacán,0001,1533,22,,0.0,3.0,,,0.0,0.0,12.0,9.0,4.0,,0900300011533
09,003,Coyoacán,0001,1548,1494,38.0,31.0,265.0,141.0,53.0,3.0,6.0,248.0,685.0,334.0,69.0,0900300011548
09,003,Coyoacán,0001,1552,1688,34.0,32.0,358.0,232.0,74.0,10.0,4.0,301.0,637.0,262.0,66.0,0900300011552
09,003,Coyoacán,0001,1567,1682,34.0,43.0,434.0,293.0,76.0,15.0,5.0,306.0,626.0,330.0,77.0,0900300011567
09,003,Coyoacán,0001,1571,2055,37.0,58.0,453.0,340.0,108.0,15.0,7.0,414.0,770.0,350.0,95.0,0900300011571
09,003,Coyoacán,0001,1586,386,7.0,7.0,87.0,72.0,18.0,0.0,0.0,81.0,152.0,74.0,14.0,0900300011586
09,003,Coyoacán,0001,1590,1941,35.0,44.0,438.0,352.0,123.0,12.0,14.0,302.0,678.0,294.0,79.0,0900300011590
09,003,Coyoacán,0001,1618,1151,11.0,29.0,358.0,258.0,26.0,4.0,11.0,184.0,388.0,117.0,40.0,0900300011618
09,003,Coyoacán,0001,1622,2498,38.0,57.0,637.0,474.0,139.0,18.0,5.0,509.0,842.0,316.0,95.0,0900300011622
09,003,Coyoacán,0001,1637,2821,51.0,79.0,702.0,515.0,168.0,19.0,16.0,590.0,1067.0,491.0,130.0,0900300011637
09,003,Coyoacán,0001,1641,2483,65.0,81.0,553.0,402.0,144.0,16.0,10.0,522.0,925.0,433.0,146.0,0900300011641
09,003,Coyoacán,0001,1656,3244,65.0,90.0,615.0,446.0,80.0,11.0,24.0,945.0,1023.0,432.0,155.0,0900300011656
09,003,Coyoacán,0001,1660,3328,83.0,114.0,655.0,401.0,210.0,35.0,19.0,931.0,934.0,344.0,197.0,0900300011660
09,003,Coyoacán,0001,1675,3996,73.0,100.0,978.0,698.0,104.0,25.0,22.0,1222.0,1176.0,393.0,173.0,0900300011675
09,003,Coyoacán,0001,168A,1544,33.0,33.0,331.0,195.0,77.0,7.0,5.0,361.0,609.0,299.0,66.0,090030001168A
09,003,Coyoacán,0001,1694,1542,28.0,37.0,299.0,178.0,39.0,9.0,4.0,382.0,591.0,266.0,65.0,0900300011694
09,003,Coyoacán,0001,1707,5005,95.0,115.0,1164.0,751.0,217.0,47.0,19.0,1368.0,1593.0,571.0,210.0,0900300011707
09,003,Coyoacán,0001,1726,2983,47.0,65.0,727.0,547.0,192.0,43.0,9.0,769.0,941.0,392.0,112.0,0900300011726
09,003,Coyoacán,0001,1730,645,7.0,16.0,243.0,185.0,36.0,5.0,0.0,132.0,236.0,108.0,23.0,0900300011730
09,003,Coyoacán,0001,1745,3535,103.0,103.0,624.0,398.0,203.0,26.0,9.0,776.0,1171.0,557.0,206.0,0900300011745
09,003,Coyoacán,0001,175A,3635,69.0,108.0,839.0,617.0,203.0,26.0,17.0,783.0,1066.0,467.0,177.0,090030001175A
09,003,Coyoacán,0001,1764,2890,67.0,105.0,514.0,301.0,237.0,20.0,16.0,724.0,961.0,403.0,172.0,0900300011764
09,003,Coyoacán,0001,1779,1832,62.0,70.0,308.0,214.0,88.0,17.0,13.0,471.0,635.0,264.0,132.0,0900300011779
09,003,Coyoacán,0001,1783,3170,78.0,88.0,684.0,474.0,143.0,20.0,10.0,571.0,1277.0,604.0,166.0,0900300011783
09,003,Coyoacán,0001,1798,754,29.0,24.0,114.0,87.0,18.0,,,151.0,314.0,142.0,53.0,0900300011798
09,004,Cuajimalpa de Morelos,0001,002A,4726,159.0,190.0,656.0,442.0,257.0,46.0,47.0,1162.0,1299.0,457.0,349.0,090040001002A
09,004,Cuajimalpa de Morelos,0001,0049,4304,108.0,150.0,746.0,508.0,65.0,15.0,23.0,954.0,1237.0,346.0,258.0,0900400010049
09,004,Cuajimalpa de Morelos,0001,0053,6459,221.0,274.0,882.0,582.0,171.0,54.0,78.0,1647.0,1948.0,778.0,495.0,0900400010053
09,004,Cuajimalpa de Morelos,0001,0072,2849,107.0,118.0,392.0,274.0,133.0,21.0,49.0,692.0,787.0,275.0,225.0,0900400010072
09,004,Cuajimalpa de Morelos,0001,0091,11767,425.0,496.0,1499.0,1007.0,587.0,95.0,120.0,2879.0,3099.0,1136.0,921.0,0900400010091
09,004,Cuajimalpa de Morelos,0001,0104,7179,216.0,267.0,901.0,636.0,290.0,69.0,46.0,1290.0,2343.0,877.0,483.0,0900400010104
09,004,Cuajimalpa de Morelos,0001,0119,6497,212.0,252.0,983.0,633.0,261.0,42.0,65.0,1485.0,1847.0,621.0,464.0,0900400010119
09,004,Cuajimalpa de Morelos,0001,0123,6200,173.0,203.0,847.0,534.0,225.0,40.0,52.0,1648.0,1785.0,572.0,376.0,0900400010123
09,004,Cuajimalpa de Morelos,0001,0138,7681,309.0,367.0,935.0,631.0,303.0,45.0,132.0,2458.0,1970.0,655.0,676.0,0900400010138
09,004,Cuajimalpa de Morelos,0001,0176,9292,384.0,422.0,1295.0,818.0,285.0,63.0,85.0,2199.0,2438.0,733.0,806.0,0900400010176
09,004,Cuajimalpa de Morelos,0001,0180,6474,239.0,261.0,948.0,583.0,188.0,41.0,47.0,1556.0,1718.0,530.0,500.0,0900400010180
09,004,Cuajimalpa de Morelos,0001,0195,10984,355.0,430.0,1675.0,1119.0,422.0,93.0,85.0,3320.0,2638.0,934.0,785.0,0900400010195
09,004,Cuajimalpa de Morelos,0001,0208,7474,276.0,372.0,768.0,494.0,361.0,74.0,120.0,2367.0,1939.0,620.0,648.0,0900400010208
09,004,Cuajimalpa de Morelos,0001,0212,4941,154.0,162.0,602.0,412.0,199.0,37.0,24.0,1147.0,1404.0,487.0,316.0,0900400010212
09,004,Cuajimalpa de Morelos,0001,0227,8867,370.0,475.0,859.0,562.0,371.0,55.0,146.0,2575.0,2161.0,709.0,845.0,0900400010227
09,004,Cuajimalpa de Morelos,0001,0231,7804,313.0,394.0,747.0,476.0,273.0,41.0,138.0,2268.0,1926.0,596.0,707.0,0900400010231
09,004,Cuajimalpa de Morelos,0001,0250,4220,145.0,182.0,473.0,295.0,163.0,20.0,61.0,1213.0,1087.0,366.0,327.0,0900400010250
09,004,Cuajimalpa de Morelos,0001,027A,4578,135.0,196.0,686.0,449.0,143.0,40.0,42.0,1228.0,1379.0,557.0,331.0,090040001027A
09,004,Cuajimalpa de Morelos,0001,0299,10533,346.0,411.0,1377.0,880.0,312.0,67.0,70.0,2727.0,3079.0,1042.0,757.0,0900400010299
09,004,Cuajimalpa de Morelos,0001,0301,4195,136.0,163.0,547.0,367.0,77.0,26.0,32.0,715.0,1194.0,353.0,299.0,0900400010301
09,004,Cuajimalpa de Morelos,0001,0320,2945,148.0,167.0,218.0,117.0,49.0,14.0,68.0,986.0,731.0,248.0,315.0,0900400010320
09,004,Cuajimalpa de Morelos,0001,034A,3494,132.0,175.0,384.0,262.0,112.0,22.0,46.0,974.0,900.0,308.0,307.0,090040001034A
09,004,Cuajimalpa de Morelos,0001,0354,6409,187.0,233.0,1058.0,736.0,222.0,70.0,59.0,1077.0,1913.0,914.0,420.0,0900400010354
09,004,Cuajimalpa de Morelos,0001,0369,14609,604.0,549.0,1030.0,629.0,154.0,55.0,112.0,875.0,6018.0,1838.0,1153.0,0900400010369
09,004,Cuajimalpa de Morelos,0001,0373,14170,591.0,693.0,1283.0,782.0,340.0,48.0,235.0,2808.0,3529.0,1002.0,1284.0,0900400010373
09,004,Cuajimalpa de Morelos,0001,0392,599,27.0,37.0,42.0,31.0,13.0,4.0,11.0,139.0,149.0,41.0,64.0,0900400010392
09,004,Cuajimalpa de Morelos,0001,0405,4253,131.0,163.0,632.0,450.0,427.0,33.0,45.0,897.0,1155.0,433.0,294.0,0900400010405
09,004,Cuajimalpa de Morelos,0001,041A,3190,112.0,146.0,335.0,213.0,87.0,15.0,42.0,501.0,851.0,317.0,258.0,090040001041A
09,004,Cuajimalpa de Morelos,0020,0246,9541,365.0,456.0,1175.0,778.0,452.0,71.0,122.0,2374.0,2485.0,797.0,821.0,0900400200246
09,004,Cuajimalpa de Morelos,0020,0316,15087,647.0,770.0,1350.0,794.0,532.0,95.0,290.0,4399.0,3784.0,1092.0,1417.0,0900400200316
09,004,Cuajimalpa de Morelos,0020,0388,1414,57.0,80.0,133.0,77.0,45.0,7.0,23.0,463.0,358.0,88.0,137.0,0900400200388
09,005,Gustavo A. Madero,0001,0012,4355,160.0,181.0,537.0,369.0,347.0,50.0,75.0,1213.0,1258.0,505.0,341.0,0900500010012
09,005,Gustavo A. Madero,0001,0027,5631,192.0,242.0,799.0,550.0,359.0,46.0,87.0,1335.0,1590.0,626.0,434.0,0900500010027
09,005,Gustavo A. Madero,0001,0050,10026,379.0,464.0,1353.0,907.0,449.0,84.0,166.0,2941.0,2819.0,1061.0,843.0,0900500010050
09,005,Gustavo A. Madero,0001,0084,3396,119.0,144.0,524.0,382.0,154.0,36.0,47.0,867.0,928.0,303.0,263.0,0900500010084
09,005,Gustavo A. Madero,0001,0099,4342,142.0,186.0,622.0,463.0,249.0,35.0,81.0,1386.0,1195.0,440.0,328.0,0900500010099
09,005,Gustavo A. Madero,0001,0101,5213,203.0,228.0,702.0,474.0,473.0,55.0,81.0,1519.0,1500.0,588.0,431.0,0900500010101
09,005,Gustavo A. Madero,0001,0135,4716,170.0,180.0,628.0,458.0,227.0,43.0,52.0,1177.0,1326.0,491.0,350.0,0900500010135
09,005,Gustavo A. Madero,0001,014A,4456,177.0,216.0,540.0,386.0,255.0,41.0,66.0,1086.0,1282.0,414.0,393.0,090050001014A
09,005,Gustavo A. Madero,0001,0154,8184,0.0,0.0,224.0,87.0,96.0,10.0,0.0,,0.0,0.0,0.0,0900500010154
09,005,Gustavo A. Madero,0001,0169,7933,318.0,411.0,953.0,621.0,433.0,77.0,152.0,2192.0,2034.0,716.0,729.0,0900500010169
09,005,Gustavo A. Madero,0001,0173,4482,130.0,168.0,784.0,549.0,296.0,40.0,49.0,1341.0,1249.0,426.0,298.0,0900500010173
09,005,Gustavo A. Madero,0001,0188,4422,129.0,178.0,765.0,600.0,268.0,42.0,54.0,1271.0,1297.0,481.0,307.0,0900500010188
09,005,Gustavo A. Madero,0001,0192,5552,166.0,227.0,921.0,694.0,427.0,59.0,86.0,1279.0,1532.0,564.0,393.0,0900500010192
09,005,Gustavo A. Madero,0001,0205,6337,258.0,268.0,821.0,562.0,403.0,49.0,94.0,1702.0,1728.0,641.0,526.0,0900500010205
09,005,Gustavo A. Madero,0001,0224,3017,93.0,130.0,548.0,408.0,184.0,25.0,32.0,825.0,825.0,313.0,223.0,0900500010224
09,005,Gustavo A. Madero,0001,0243,7379,253.0,320.0,917.0,606.0,390.0,75.0,105.0,1805.0,1918.0,612.0,573.0,0900500010243
09,005,Gustavo A. Madero,0001,0258,4738,167.0,216.0,669.0,492.0,296.0,37.0,72.0,1149.0,1322.0,643.0,383.0,0900500010258
09,005,Gustavo A. Madero,0001,0262,4022,169.0,156.0,593.0,414.0,220.0,53.0,58.0,1139.0,1143.0,462.0,325.0,0900500010262
09,005,Gustavo A. Madero,0001,0277,3195,77.0,81.0,691.0,513.0,234.0,33.0,18.0,713.0,1075.0,496.0,158.0,0900500010277
09,005,Gustavo A. Madero,0001,0281,2782,43.0,80.0,611.0,472.0,89.0,34.0,18.0,540.0,988.0,446.0,123.0,0900500010281
09,005,Gustavo A. Madero,0001,0296,2757,68.0,63.0,648.0,491.0,95.0,26.0,15.0,556.0,1020.0,463.0,131.0,0900500010296
09,005,Gustavo A. Madero,0001,0309,2212,42.0,62.0,536.0,403.0,114.0,9.0,11.0,387.0,797.0,332.0,104.0,0900500010309
09,005,Gustavo A. Madero,0001,0313,3640,109.0,127.0,455.0,295.0,138.0,16.0,27.0,823.0,1049.0,389.0,236.0,0900500010313
09,005,Gustavo A. Madero,0001,0328,1639,44.0,54.0,290.0,211.0,120.0,17.0,15.0,468.0,480.0,179.0,98.0,0900500010328
09,005,Gustavo A. Madero,0001,0332,5616,244.0,238.0,697.0,461.0,231.0,53.0,91.0,1302.0,1593.0,662.0,482.0,0900500010332
09,005,Gustavo A. Madero,0001,0351,4655,161.0,204.0,489.0,344.0,322.0,50.0,97.0,1094.0,1253.0,447.0,365.0,0900500010351
09,005,Gustavo A. Madero,0001,0366,11779,349.0,405.0,1383.0,886.0,444.0,56.0,109.0,2279.0,4250.0,1658.0,754.0,0900500010366
09,005,Gustavo A. Madero,0001,0370,3064,69.0,105.0,600.0,419.0,240.0,46.0,22.0,723.0,923.0,383.0,174.0,0900500010370
09,005,Gustavo A. Madero,0001,0385,6250,205.0,249.0,1092.0,702.0,472.0,88.0,70.0,1945.0,1843.0,740.0,454.0,0900500010385
09,005,Gustavo A. Madero,0001,039A,5682,118.0,124.0,1573.0,1166.0,222.0,31.0,29.0,1205.0,1863.0,721.0,242.0,090050001039A
09,005,Gustavo A. Madero,0001,0402,5809,151.0,225.0,996.0,665.0,345.0,66.0,45.0,1610.0,1694.0,609.0,376.0,0900500010402
09,005,Gustavo A. Madero,0001,0417,5194,166.0,188.0,733.0,486.0,220.0,70.0,70.0,1742.0,1499.0,653.0,354.0,0900500010417
09,005,Gustavo A. Madero,0001,0421,3669,98.0,99.0,745.0,528.0,165.0,33.0,39.0,821.0,1157.0,440.0,197.0,0900500010421
09,005,Gustavo A. Madero,0001,0436,4302,113.0,131.0,926.0,648.0,222.0,37.0,38.0,1112.0,1299.0,515.0,244.0,0900500010436
09,005,Gustavo A. Madero,0001,0440,5028,152.0,171.0,975.0,665.0,316.0,48.0,53.0,1213.0,1486.0,627.0,323.0,0900500010440
09,005,Gustavo A. Madero,0001,0455,4073,122.0,129.0,772.0,528.0,280.0,57.0,28.0,1035.0,1280.0,550.0,251.0,0900500010455
09,005,Gustavo A. Madero,0001,0474,4984,130.0,153.0,998.0,655.0,248.0,71.0,46.0,1217.0,1477.0,598.0,283.0,0900500010474
09,005,Gustavo A. Madero,0001,0489,4331,120.0,134.0,650.0,332.0,147.0,26.0,13.0,706.0,1663.0,715.0,254.0,0900500010489
09,005,Gustavo A. Madero,0001,0493,2523,50.0,59.0,596.0,458.0,148.0,23.0,14.0,383.0,869.0,406.0,109.0,0900500010493
09,005,Gustavo A. Madero,0001,0506,3021,93.0,111.0,487.0,365.0,145.0,19.0,25.0,500.0,1133.0,490.0,204.0,0900500010506
09,005,Gustavo A. Madero,0001,0510,812,19.0,25.0,230.0,181.0,54.0,5.0,5.0,135.0,301.0,124.0,44.0,0900500010510
09,005,Gustavo A. Madero,0001,0525,1550,15.0,31.0,524.0,403.0,187.0,101.0,,229.0,350.0,84.0,46.0,0900500010525
09,005,Gustavo A. Madero,0001,0559,2660,65.0,75.0,527.0,378.0,137.0,24.0,22.0,663.0,850.0,319.0,140.0,0900500010559
09,005,Gustavo A. Madero,0001,0563,3592,104.0,116.0,618.0,401.0,197.0,53.0,36.0,804.0,1107.0,486.0,220.0,0900500010563
09,005,Gustavo A. Madero,0001,0582,3163,83.0,96.0,616.0,462.0,211.0,34.0,25.0,659.0,942.0,377.0,179.0,0900500010582
09,005,Gustavo A. Madero,0001,0597,4646,138.0,151.0,718.0,478.0,182.0,22.0,44.0,1135.0,1309.0,515.0,289.0,0900500010597
09,005,Gustavo A. Madero,0001,060A,1820,33.0,57.0,417.0,284.0,118.0,31.0,12.0,476.0,584.0,213.0,90.0,090050001060A
09,005,Gustavo A. Madero,0001,0614,747,15.0,7.0,164.0,128.0,39.0,5.0,0.0,102.0,299.0,140.0,22.0,0900500010614
09,005,Gustavo A. Madero,0001,0629,699,7.0,11.0,162.0,111.0,47.0,5.0,,68.0,278.0,132.0,18.0,0900500010629
09,005,Gustavo A. Madero,0001,0633,2691,56.0,90.0,554.0,388.0,146.0,29.0,14.0,635.0,849.0,328.0,146.0,0900500010633
09,005,Gustavo A. Madero,0001,0667,5490,201.0,257.0,814.0,557.0,416.0,62.0,102.0,1306.0,1542.0,590.0,458.0,0900500010667
09,005,Gustavo A. Madero,0001,0671,5776,200.0,267.0,857.0,559.0,324.0,60.0,71.0,1496.0,1559.0,576.0,467.0,0900500010671
09,005,Gustavo A. Madero,0001,0703,7776,297.0,333.0,1183.0,785.0,478.0,76.0,97.0,1969.0,2197.0,911.0,630.0,0900500010703
09,005,Gustavo A. Madero,0001,0718,0,0.0,0.0,0.0,0.0,0.0,0.0,0.0,0.0,0.0,0.0,0.0,0900500010718
09,005,Gustavo A. Madero,0001,0722,3178,49.0,71.0,810.0,593.0,118.0,32.0,9.0,851.0,1097.0,387.0,120.0,0900500010722
09,005,Gustavo A. Madero,0001,0737,2901,45.0,59.0,713.0,512.0,90.0,19.0,11.0,961.0,931.0,354.0,104.0,0900500010737
09,005,Gustavo A. Madero,0001,0741,2303,42.0,36.0,585.0,439.0,121.0,23.0,,663.0,749.0,265.0,78.0,0900500010741
09,005,Gustavo A. Madero,0001,0756,157,7.0,7.0,26.0,16.0,5.0,,,27.0,66.0,19.0,14.0,0900500010756
09,005,Gustavo A. Madero,0001,0760,2709,93.0,84.0,453.0,314.0,207.0,34.0,34.0,886.0,740.0,288.0,177.0,0900500010760
09,005,Gustavo A. Madero,0001,0775,2175,65.0,74.0,312.0,211.0,127.0,27.0,20.0,691.0,640.0,231.0,139.0,0900500010775
09,005,Gustavo A. Madero,0001,078A,2384,59.0,85.0,386.0,273.0,93.0,18.0,18.0,606.0,704.0,254.0,144.0,090050001078A
09,005,Gustavo A. Madero,0001,0794,2712,77.0,104.0,471.0,312.0,119.0,23.0,23.0,701.0,733.0,239.0,181.0,0900500010794
09,005,Gustavo A. Madero,0001,0807,1554,82.0,100.0,144.0,85.0,59.0,10.0,42.0,453.0,382.0,153.0,182.0,0900500010807
09,005,Gustavo A. Madero,0001,0811,4407,155.0,142.0,755.0,512.0,248.0,59.0,45.0,1221.0,1222.0,469.0,297.0,0900500010811
09,005,Gustavo A. Madero,0001,0826,3830,129.0,137.0,616.0,405.0,229.0,48.0,32.0,1100.0,1124.0,421.0,266.0,0900500010826
09,005,Gustavo A. Madero,0001,0830,4501,125.0,172.0,824.0,553.0,263.0,86.0,49.0,1380.0,1294.0,528.0,297.0,0900500010830
09,005,Gustavo A. Madero,0001,0845,7846,241.0,326.0,1336.0,880.0,687.0,125.0,84.0,2250.0,2254.0,927.0,567.0,0900500010845
09,005,Gustavo A. Madero,0001,085A,4357,130.0,177.0,705.0,473.0,211.0,49.0,49.0,1278.0,1223.0,514.0,307.0,090050001085A
09,005,Gustavo A. Madero,0001,0864,5592,199.0,207.0,888.0,608.0,262.0,58.0,65.0,1561.0,1539.0,625.0,406.0,0900500010864
09,005,Gustavo A. Madero,0001,0879,1856,29.0,41.0,469.0,358.0,120.0,21.0,12.0,342.0,721.0,319.0,70.0,0900500010879
09,005,Gustavo A. Madero,0001,0883,766,10.0,20.0,195.0,147.0,36.0,4.0,,176.0,247.0,93.0,30.0,0900500010883
09,005,Gustavo A. Madero,0001,0898,1533,35.0,43.0,349.0,248.0,50.0,12.0,10.0,248.0,586.0,253.0,78.0,0900500010898
09,005,Gustavo A. Madero,0001,0900,1915,34.0,45.0,467.0,346.0,79.0,16.0,7.0,333.0,759.0,325.0,79.0,0900500010900
09,005,Gustavo A. Madero,0001,0915,1933,38.0,42.0,459.0,343.0,142.0,16.0,4.0,314.0,759.0,351.0,80.0,0900500010915
09,005,Gustavo A. Madero,0001,092A,2904,62.0,58.0,661.0,457.0,209.0,43.0,20.0,494.0,1103.0,438.0,120.0,090050001092A
09,005,Gustavo A. Madero,0001,0934,2566,48.0,71.0,606.0,432.0,157.0,34.0,15.0,572.0,822.0,319.0,119.0,0900500010934
09,005,Gustavo A. Madero,0001,0949,1842,24.0,32.0,517.0,386.0,77.0,13.0,7.0,340.0,582.0,207.0,56.0,0900500010949
09,005,Gustavo A. Madero,0001,0953,1247,26.0,32.0,344.0,234.0,49.0,17.0,15.0,215.0,586.0,228.0,58.0,0900500010953
09,005,Gustavo A. Madero,0001,0968,1798,42.0,50.0,364.0,260.0,65.0,16.0,3.0,531.0,577.0,201.0,92.0,0900500010968
09,005,Gustavo A. Madero,0001,0972,2989,90.0,112.0,458.0,324.0,161.0,24.0,26.0,942.0,845.0,317.0,202.0,0900500010972
09,005,Gustavo A. Madero,0001,0987,2773,84.0,106.0,481.0,337.0,156.0,25.0,20.0,843.0,744.0,256.0,190.0,0900500010987
09,005,Gustavo A. Madero,0001,0991,5676,199.0,266.0,772.0,531.0,404.0,70.0,90.0,1701.0,1495.0,585.0,465.0,0900500010991
09,005,Gustavo A. Madero,0001,1006,4733,169.0,172.0,854.0,586.0,380.0,49.0,52.0,1303.0,1357.0,570.0,341.0,0900500011006
09,005,Gustavo A. Madero,0001,1025,7872,249.0,314.0,1405.0,926.0,557.0,55.0,81.0,2242.0,2315.0,915.0,563.0,0900500011025
09,005,Gustavo A. Madero,0001,103A,4250,138.0,152.0,656.0,477.0,284.0,55.0,41.0,1361.0,1206.0,489.0,290.0,090050001103A
09,005,Gustavo A. Madero,0001,1044,6184,210.0,234.0,966.0,661.0,316.0,50.0,97.0,1968.0,1820.0,712.0,444.0,0900500011044
09,005,Gustavo A. Madero,0001,1059,3949,120.0,166.0,645.0,435.0,283.0,44.0,47.0,1248.0,1040.0,372.0,286.0,0900500011059
09,005,Gustavo A. Madero,0001,1063,2382,45.0,55.0,547.0,388.0,143.0,19.0,5.0,428.0,920.0,426.0,100.0,0900500011063
09,005,Gustavo A. Madero,0001,1078,0,0.0,0.0,0.0,0.0,0.0,0.0,0.0,0.0,0.0,0.0,0.0,0900500011078
09,005,Gustavo A. Madero,0001,1082,2822,50.0,72.0,634.0,484.0,469.0,29.0,20.0,536.0,1004.0,443.0,122.0,0900500011082
09,005,Gustavo A. Madero,0001,1097,2433,37.0,57.0,634.0,470.0,122.0,35.0,18.0,544.0,817.0,331.0,94.0,0900500011097
09,005,Gustavo A. Madero,0001,110A,3057,41.0,71.0,842.0,630.0,162.0,38.0,17.0,655.0,985.0,363.0,112.0,090050001110A
09,005,Gustavo A. Madero,0001,1114,2112,34.0,33.0,508.0,354.0,96.0,21.0,7.0,550.0,703.0,278.0,67.0,0900500011114
09,005,Gustavo A. Madero,0001,1129,1745,29.0,36.0,470.0,311.0,79.0,22.0,5.0,399.0,573.0,209.0,65.0,0900500011129
09,005,Gustavo A. Madero,0001,1133,6118,205.0,253.0,1019.0,654.0,319.0,73.0,80.0,1753.0,1733.0,740.0,458.0,0900500011133
09,005,Gustavo A. Madero,0001,1148,4353,120.0,151.0,822.0,569.0,219.0,40.0,41.0,1224.0,1286.0,584.0,271.0,0900500011148
09,005,Gustavo A. Madero,0001,1152,3678,108.0,159.0,616.0,425.0,189.0,43.0,66.0,1210.0,990.0,424.0,267.0,0900500011152
09,005,Gustavo A. Madero,0001,1167,5776,229.0,261.0,739.0,503.0,290.0,40.0,129.0,1933.0,1592.0,591.0,490.0,0900500011167
09,005,Gustavo A. Madero,0001,1171,6810,218.0,268.0,1143.0,781.0,440.0,72.0,64.0,1852.0,2025.0,817.0,486.0,0900500011171
09,005,Gustavo A. Madero,0001,1186,6233,189.0,270.0,1070.0,688.0,406.0,87.0,82.0,1636.0,1829.0,757.0,459.0,0900500011186
09,005,Gustavo A. Madero,0001,1190,4698,147.0,161.0,762.0,546.0,275.0,41.0,59.0,1475.0,1324.0,481.0,308.0,0900500011190
09,005,Gustavo A. Madero,0001,1203,3360,107.0,138.0,499.0,336.0,113.0,25.0,43.0,1141.0,954.0,406.0,245.0,0900500011203
09,005,Gustavo A. Madero,0001,1218,3646,124.0,153.0,584.0,395.0,113.0,18.0,37.0,1254.0,1055.0,454.0,277.0,0900500011218
09,005,Gustavo A. Madero,0001,1222,3836,113.0,147.0,666.0,436.0,211.0,46.0,53.0,1177.0,1131.0,421.0,260.0,0900500011222
09,005,Gustavo A. Madero,0001,1237,2770,63.0,69.0,726.0,523.0,148.0,52.0,17.0,657.0,940.0,381.0,132.0,0900500011237
09,005,Gustavo A. Madero,0001,1241,61,,0.0,14.0,9.0,,0.0,0.0,18.0,25.0,8.0,,0900500011241
09,005,Gustavo A. Madero,0001,1256,1121,36.0,61.0,175.0,134.0,63.0,5.0,16.0,372.0,399.0,164.0,97.0,0900500011256
09,005,Gustavo A. Madero,0001,1260,2382,43.0,69.0,621.0,452.0,115.0,27.0,26.0,605.0,802.0,339.0,112.0,0900500011260
09,005,Gustavo A. Madero,0001,1275,2985,73.0,92.0,642.0,468.0,175.0,24.0,15.0,824.0,980.0,451.0,165.0,0900500011275
09,005,Gustavo A. Madero,0001,128A,7970,268.0,329.0,1275.0,885.0,511.0,63.0,92.0,2279.0,2229.0,885.0,597.0,090050001128A
09,005,Gustavo A. Madero,0001,1294,7001,244.0,262.0,1155.0,774.0,404.0,72.0,92.0,2136.0,2091.0,836.0,506.0,0900500011294
09,005,Gustavo A. Madero,0001,1307,13176,490.0,573.0,1435.0,879.0,590.0,75.0,193.0,3583.0,3857.0,1554.0,1063.0,0900500011307
09,005,Gustavo A. Madero,0001,1311,2212,47.0,47.0,481.0,359.0,149.0,34.0,11.0,565.0,597.0,225.0,94.0,0900500011311
09,005,Gustavo A. Madero,0001,1326,2602,52.0,65.0,589.0,451.0,107.0,20.0,21.0,555.0,795.0,347.0,117.0,0900500011326
09,005,Gustavo A. Madero,0001,1330,5138,132.0,175.0,938.0,647.0,365.0,95.0,54.0,1064.0,1542.0,585.0,307.0,0900500011330
09,005,Gustavo A. Madero,0001,1345,6216,194.0,218.0,1096.0,796.0,361.0,68.0,56.0,1639.0,1749.0,705.0,412.0,0900500011345
09,005,Gustavo A. Madero,0001,135A,6197,193.0,238.0,978.0,709.0,394.0,60.0,76.0,1764.0,1682.0,600.0,431.0,090050001135A
09,005,Gustavo A. Madero,0001,1364,4742,158.0,174.0,774.0,554.0,328.0,61.0,59.0,1218.0,1320.0,557.0,332.0,0900500011364
09,005,Gustavo A. Madero,0001,1379,5453,166.0,153.0,1104.0,756.0,333.0,70.0,25.0,1484.0,1573.0,657.0,319.0,0900500011379
09,005,Gustavo A. Madero,0001,1383,4092,111.0,157.0,827.0,617.0,170.0,31.0,40.0,1024.0,1208.0,482.0,268.0,0900500011383
09,005,Gustavo A. Madero,0001,1398,3003,88.0,108.0,555.0,395.0,219.0,35.0,29.0,814.0,837.0,349.0,196.0,0900500011398
09,005,Gustavo A. Madero,0001,1400,4437,161.0,170.0,550.0,378.0,245.0,39.0,54.0,1499.0,1356.0,578.0,331.0,0900500011400
09,005,Gustavo A. Madero,0001,1415,3347,43.0,73.0,892.0,657.0,210.0,35.0,18.0,686.0,1120.0,469.0,116.0,0900500011415
09,005,Gustavo A. Madero,0001,142A,2240,40.0,49.0,567.0,414.0,182.0,27.0,14.0,591.0,775.0,350.0,89.0,090050001142A
09,005,Gustavo A. Madero,0001,1434,1729,37.0,61.0,356.0,250.0,104.0,11.0,5.0,550.0,534.0,222.0,98.0,0900500011434
09,005,Gustavo A. Madero,0001,1449,2830,96.0,99.0,629.0,445.0,235.0,37.0,16.0,821.0,861.0,390.0,195.0,0900500011449
09,005,Gustavo A. Madero,0001,1453,4315,146.0,183.0,623.0,409.0,248.0,36.0,49.0,1100.0,1292.0,502.0,329.0,0900500011453
09,005,Gustavo A. Madero,0001,1468,3220,166.0,162.0,224.0,122.0,140.0,10.0,42.0,840.0,926.0,392.0,328.0,0900500011468
09,005,Gustavo A. Madero,0001,1472,2827,75.0,80.0,588.0,417.0,242.0,35.0,17.0,662.0,866.0,338.0,155.0,0900500011472
09,005,Gustavo A. Madero,0001,1487,2732,80.0,94.0,543.0,381.0,188.0,37.0,34.0,827.0,829.0,334.0,174.0,0900500011487
09,005,Gustavo A. Madero,0001,1504,1035,18.0,22.0,288.0,230.0,33.0,8.0,0.0,205.0,282.0,111.0,40.0,0900500011504
09,005,Gustavo A. Madero,0001,1523,5471,150.0,184.0,1001.0,722.0,272.0,54.0,46.0,1547.0,1545.0,588.0,334.0,0900500011523
09,005,Gustavo A. Madero,0001,1538,4658,159.0,196.0,715.0,495.0,294.0,44.0,46.0,1374.0,1322.0,559.0,355.0,0900500011538
09,005,Gustavo A. Madero,0001,1542,5144,174.0,199.0,823.0,600.0,279.0,53.0,58.0,1582.0,1333.0,546.0,373.0,0900500011542
09,005,Gustavo A. Madero,0001,1557,3663,97.0,109.0,735.0,514.0,226.0,38.0,28.0,932.0,1118.0,486.0,206.0,0900500011557
09,005,Gustavo A. Madero,0001,1561,4128,87.0,98.0,1020.0,772.0,266.0,35.0,11.0,916.0,1432.0,584.0,185.0,0900500011561
09,005,Gustavo A. Madero,0001,1576,4358,82.0,90.0,1203.0,879.0,319.0,45.0,21.0,1050.0,1518.0,687.0,172.0,0900500011576
09,005,Gustavo A. Madero,0001,1580,3199,66.0,69.0,860.0,613.0,180.0,46.0,17.0,892.0,1086.0,476.0,135.0,0900500011580
09,005,Gustavo A. Madero,0001,1595,3490,63.0,97.0,833.0,578.0,238.0,53.0,21.0,977.0,1160.0,555.0,160.0,0900500011595
09,005,Gustavo A. Madero,0001,1608,2467,36.0,52.0,677.0,461.0,167.0,19.0,5.0,648.0,829.0,389.0,88.0,0900500011608
09,005,Gustavo A. Madero,0001,1612,2463,40.0,62.0,617.0,452.0,149.0,26.0,17.0,621.0,820.0,359.0,102.0,0900500011612
09,005,Gustavo A. Madero,0001,1627,637,25.0,17.0,87.0,53.0,33.0,3.0,4.0,153.0,221.0,103.0,42.0,0900500011627
09,005,Gustavo A. Madero,0001,1631,4100,135.0,126.0,783.0,554.0,323.0,62.0,37.0,811.0,1189.0,509.0,261.0,0900500011631
09,005,Gustavo A. Madero,0001,1646,7,0.0,0.0,3.0,,0.0,0.0,0.0,,4.0,,0.0,0900500011646
09,005,Gustavo A. Madero,0001,1650,7789,235.0,279.0,698.0,348.0,280.0,19.0,42.0,1113.0,2923.0,1193.0,514.0,0900500011650
09,005,Gustavo A. Madero,0001,1665,4977,150.0,170.0,919.0,603.0,255.0,43.0,57.0,1047.0,1454.0,570.0,320.0,0900500011665
09,005,Gustavo A. Madero,0001,167A,7456,213.0,280.0,1335.0,929.0,473.0,80.0,75.0,2042.0,2136.0,885.0,493.0,090050001167A
09,005,Gustavo A. Madero,0001,1684,4341,132.0,142.0,757.0,538.0,256.0,60.0,27.0,1103.0,1259.0,503.0,274.0,0900500011684
09,005,Gustavo A. Madero,0001,1699,3550,98.0,140.0,662.0,506.0,258.0,37.0,36.0,955.0,900.0,349.0,238.0,0900500011699
09,005,Gustavo A. Madero,0001,1701,3544,133.0,135.0,502.0,367.0,240.0,31.0,35.0,1124.0,885.0,386.0,268.0,0900500011701
09,005,Gustavo A. Madero,0001,1716,3589,108.0,114.0,617.0,418.0,196.0,46.0,32.0,982.0,973.0,410.0,222.0,0900500011716
09,005,Gustavo A. Madero,0001,1720,3006,73.0,86.0,638.0,440.0,201.0,27.0,17.0,641.0,1017.0,401.0,159.0,0900500011720
09,005,Gustavo A. Madero,0001,1735,5876,176.0,205.0,990.0,687.0,378.0,51.0,53.0,1435.0,1946.0,827.0,381.0,0900500011735
09,005,Gustavo A. Madero,0001,174A,5034,150.0,158.0,881.0,582.0,374.0,51.0,62.0,1235.0,1597.0,695.0,308.0,090050001174A
09,005,Gustavo A. Madero,0001,1754,5282,145.0,183.0,959.0,641.0,368.0,74.0,44.0,1389.0,1712.0,797.0,328.0,0900500011754
09,005,Gustavo A. Madero,0001,1769,5556,133.0,176.0,1072.0,754.0,283.0,66.0,56.0,1539.0,1673.0,662.0,309.0,0900500011769
09,005,Gustavo A. Madero,0001,1773,4611,131.0,158.0,896.0,604.0,188.0,32.0,41.0,1250.0,1514.0,637.0,289.0,0900500011773
09,005,Gustavo A. Madero,0001,1788,3082,63.0,74.0,821.0,605.0,211.0,32.0,12.0,863.0,970.0,391.0,137.0,0900500011788
09,005,Gustavo A. Madero,0001,1792,2749,50.0,86.0,762.0,566.0,235.0,46.0,11.0,786.0,884.0,400.0,136.0,0900500011792
09,005,Gustavo A. Madero,0001,1805,3937,160.0,170.0,294.0,169.0,97.0,10.0,36.0,902.0,1450.0,556.0,330.0,0900500011805
09,005,Gustavo A. Madero,0001,181A,3787,72.0,95.0,961.0,671.0,182.0,44.0,29.0,1023.0,1317.0,564.0,167.0,090050001181A
09,005,Gustavo A. Madero,0001,1824,3291,83.0,104.0,772.0,563.0,195.0,33.0,13.0,895.0,1130.0,470.0,187.0,0900500011824
09,005,Gustavo A. Madero,0001,1839,4354,130.0,139.0,863.0,596.0,355.0,55.0,38.0,1227.0,1355.0,539.0,269.0,0900500011839
09,005,Gustavo A. Madero,0001,1843,3934,83.0,102.0,922.0,633.0,224.0,43.0,20.0,1102.0,1145.0,480.0,185.0,0900500011843
09,005,Gustavo A. Madero,0001,1858,2052,45.0,64.0,456.0,304.0,92.0,12.0,12.0,551.0,624.0,260.0,109.0,0900500011858
09,005,Gustavo A. Madero,0001,1862,3806,73.0,99.0,899.0,635.0,333.0,51.0,32.0,1183.0,1087.0,455.0,172.0,0900500011862
09,005,Gustavo A. Madero,0001,1877,2646,60.0,84.0,563.0,421.0,112.0,21.0,19.0,600.0,766.0,333.0,144.0,0900500011877
09,005,Gustavo A. Madero,0001,1881,2455,66.0,58.0,494.0,347.0,200.0,32.0,12.0,453.0,715.0,273.0,124.0,0900500011881
09,005,Gustavo A. Madero,0001,1896,4486,85.0,101.0,1201.0,849.0,222.0,48.0,20.0,1193.0,1405.0,541.0,186.0,0900500011896
09,005,Gustavo A. Madero,0001,1909,6163,187.0,198.0,1237.0,866.0,380.0,77.0,39.0,1434.0,1802.0,741.0,385.0,0900500011909
09,005,Gustavo A. Madero,0001,1913,6882,188.0,242.0,1352.0,939.0,448.0,78.0,53.0,1834.0,1994.0,824.0,430.0,0900500011913
09,005,Gustavo A. Madero,0001,1928,14,,,,,,,,,,,,0900500011928
09,005,Gustavo A. Madero,0001,1932,3949,113.0,130.0,713.0,489.0,266.0,67.0,32.0,1156.0,1128.0,444.0,243.0,0900500011932
09,005,Gustavo A. Madero,0001,1951,2954,89.0,112.0,458.0,302.0,107.0,23.0,25.0,850.0,804.0,299.0,201.0,0900500011951
09,005,Gustavo A. Madero,0001,1970,5898,143.0,240.0,1080.0,714.0,381.0,75.0,46.0,1566.0,1362.0,600.0,383.0,0900500011970
09,005,Gustavo A. Madero,0001,1985,6515,162.0,203.0,1158.0,788.0,472.0,117.0,56.0,1364.0,1621.0,652.0,365.0,0900500011985
09,005,Gustavo A. Madero,0001,199A,4250,67.0,73.0,1027.0,810.0,389.0,71.0,9.0,1020.0,1201.0,508.0,140.0,090050001199A
09,005,Gustavo A. Madero,0001,2004,2711,50.0,66.0,690.0,537.0,190.0,28.0,14.0,599.0,775.0,311.0,116.0,0900500012004
09,005,Gustavo A. Madero,0001,2019,4307,106.0,141.0,874.0,642.0,275.0,33.0,26.0,1128.0,1134.0,484.0,247.0,0900500012019
09,005,Gustavo A. Madero,0001,2023,4433,108.0,130.0,908.0,677.0,313.0,23.0,26.0,1067.0,1237.0,504.0,238.0,0900500012023
09,005,Gustavo A. Madero,0001,2038,3222,74.0,97.0,824.0,621.0,122.0,22.0,16.0,903.0,1005.0,370.0,171.0,0900500012038
09,005,Gustavo A. Madero,0001,2042,3604,70.0,108.0,850.0,616.0,150.0,42.0,28.0,915.0,1030.0,438.0,178.0,0900500012042
09,005,Gustavo A. Madero,0001,2057,2694,73.0,77.0,558.0,389.0,172.0,27.0,21.0,753.0,805.0,285.0,150.0,0900500012057
09,005,Gustavo A. Madero,0001,2061,3153,90.0,109.0,646.0,458.0,228.0,56.0,27.0,844.0,917.0,360.0,199.0,0900500012061
09,005,Gustavo A. Madero,0001,2076,2946,68.0,91.0,629.0,451.0,194.0,43.0,16.0,784.0,865.0,387.0,159.0,0900500012076
09,005,Gustavo A. Madero,0001,2080,2148,48.0,75.0,497.0,346.0,131.0,20.0,23.0,470.0,648.0,265.0,123.0,0900500012080
09,005,Gustavo A. Madero,0001,2095,4036,128.0,158.0,765.0,542.0,209.0,54.0,30.0,931.0,1130.0,488.0,286.0,0900500012095
09,005,Gustavo A. Madero,0001,2108,3677,99.0,115.0,756.0,517.0,164.0,32.0,25.0,899.0,1072.0,452.0,214.0,0900500012108
09,005,Gustavo A. Madero,0001,2112,384,19.0,18.0,36.0,21.0,21.0,9.0,6.0,156.0,116.0,47.0,37.0,0900500012112
09,005,Gustavo A. Madero,0001,2127,6630,235.0,264.0,816.0,513.0,374.0,68.0,66.0,1624.0,1824.0,736.0,499.0,0900500012127
09,005,Gustavo A. Madero,0001,2131,4822,215.0,212.0,609.0,389.0,313.0,62.0,52.0,1361.0,1289.0,611.0,427.0,0900500012131
09,005,Gustavo A. Madero,0001,2146,2810,60.0,74.0,623.0,424.0,173.0,29.0,12.0,795.0,765.0,305.0,134.0,0900500012146
09,005,Gustavo A. Madero,0001,2150,3106,72.0,98.0,666.0,439.0,209.0,44.0,29.0,667.0,836.0,399.0,170.0,0900500012150
09,005,Gustavo A. Madero,0001,2165,1009,30.0,32.0,163.0,100.0,28.0,9.0,6.0,318.0,239.0,81.0,62.0,0900500012165
09,005,Gustavo A. Madero,0001,217A,4413,107.0,137.0,943.0,671.0,259.0,61.0,49.0,938.0,1356.0,522.0,244.0,090050001217A
09,005,Gustavo A. Madero,0001,2184,2870,57.0,73.0,731.0,551.0,260.0,58.0,18.0,594.0,877.0,376.0,130.0,0900500012184
09,005,Gustavo A. Madero,0001,2199,3485,78.0,98.0,803.0,562.0,214.0,35.0,21.0,818.0,1058.0,480.0,176.0,0900500012199
09,005,Gustavo A. Madero,0001,2201,4422,124.0,162.0,921.0,626.0,324.0,36.0,39.0,1008.0,1268.0,532.0,286.0,0900500012201
09,005,Gustavo A. Madero,0001,2216,3197,89.0,125.0,681.0,465.0,191.0,41.0,27.0,865.0,991.0,405.0,214.0,0900500012216
09,005,Gustavo A. Madero,0001,2220,5296,113.0,181.0,1081.0,751.0,302.0,72.0,85.0,1277.0,1430.0,606.0,294.0,0900500012220
09,005,Gustavo A. Madero,0001,2235,3997,88.0,131.0,844.0,596.0,272.0,75.0,25.0,1261.0,1061.0,436.0,219.0,0900500012235
09,005,Gustavo A. Madero,0001,224A,3517,84.0,100.0,734.0,488.0,304.0,58.0,17.0,888.0,930.0,423.0,184.0,090050001224A
09,005,Gustavo A. Madero,0001,2254,3267,73.0,81.0,720.0,491.0,250.0,84.0,37.0,877.0,844.0,352.0,154.0,0900500012254
09,005,Gustavo A. Madero,0001,2269,2773,61.0,81.0,591.0,415.0,142.0,39.0,25.0,701.0,732.0,335.0,142.0,0900500012269
09,005,Gustavo A. Madero,0001,2273,5032,117.0,177.0,1020.0,739.0,314.0,51.0,32.0,1195.0,1432.0,678.0,294.0,0900500012273
09,005,Gustavo A. Madero,0001,2288,7055,201.0,235.0,1366.0,966.0,495.0,81.0,59.0,1860.0,2041.0,839.0,436.0,0900500012288
09,005,Gustavo A. Madero,0001,2292,4245,123.0,145.0,789.0,540.0,294.0,57.0,30.0,1011.0,1175.0,479.0,268.0,0900500012292
09,005,Gustavo A. Madero,0001,2305,3614,105.0,129.0,620.0,434.0,222.0,44.0,31.0,854.0,955.0,383.0,234.0,0900500012305
09,005,Gustavo A. Madero,0001,231A,3306,69.0,82.0,789.0,542.0,262.0,43.0,12.0,825.0,936.0,436.0,151.0,090050001231A
09,005,Gustavo A. Madero,0001,2324,2997,69.0,89.0,700.0,486.0,233.0,42.0,24.0,727.0,769.0,303.0,158.0,0900500012324
09,005,Gustavo A. Madero,0001,2339,751,17.0,21.0,172.0,123.0,54.0,6.0,,230.0,193.0,63.0,38.0,0900500012339
09,005,Gustavo A. Madero,0001,2343,3588,78.0,88.0,861.0,609.0,314.0,52.0,20.0,936.0,1002.0,438.0,166.0,0900500012343
09,005,Gustavo A. Madero,0001,2358,1767,40.0,62.0,401.0,271.0,93.0,20.0,18.0,482.0,491.0,185.0,102.0,0900500012358
09,005,Gustavo A. Madero,0001,2362,2422,44.0,63.0,676.0,573.0,159.0,43.0,4.0,557.0,713.0,270.0,107.0,0900500012362
09,005,Gustavo A. Madero,0001,2377,2986,41.0,60.0,856.0,689.0,197.0,50.0,13.0,698.0,885.0,364.0,101.0,0900500012377
09,005,Gustavo A. Madero,0001,2381,2918,88.0,92.0,644.0,454.0,170.0,34.0,20.0,775.0,750.0,319.0,180.0,0900500012381
09,005,Gustavo A. Madero,0001,2396,3449,67.0,98.0,711.0,498.0,168.0,21.0,33.0,891.0,938.0,378.0,165.0,0900500012396
09,005,Gustavo A. Madero,0001,2409,3728,52.0,87.0,953.0,755.0,192.0,37.0,21.0,739.0,1054.0,443.0,139.0,0900500012409
09,005,Gustavo A. Madero,0001,2428,2407,43.0,67.0,539.0,379.0,117.0,23.0,17.0,707.0,644.0,280.0,110.0,0900500012428
09,005,Gustavo A. Madero,0001,2432,2660,49.0,66.0,744.0,556.0,205.0,34.0,11.0,550.0,784.0,336.0,115.0,0900500012432
09,005,Gustavo A. Madero,0001,2447,2642,45.0,68.0,743.0,569.0,177.0,37.0,10.0,618.0,763.0,317.0,113.0,0900500012447
09,005,Gustavo A. Madero,0001,2451,3246,77.0,82.0,777.0,606.0,126.0,24.0,36.0,796.0,971.0,430.0,159.0,0900500012451
09,005,Gustavo A. Madero,0001,2466,3163,51.0,93.0,811.0,621.0,226.0,40.0,19.0,706.0,922.0,415.0,144.0,0900500012466
09,005,Gustavo A. Madero,0001,2470,5374,142.0,183.0,992.0,705.0,372.0,58.0,43.0,1431.0,1452.0,544.0,325.0,0900500012470
09,005,Gustavo A. Madero,0001,2485,6176,176.0,219.0,1076.0,735.0,359.0,66.0,52.0,1899.0,1692.0,663.0,395.0,0900500012485
09,005,Gustavo A. Madero,0001,2536,1867,93.0,93.0,200.0,134.0,44.0,11.0,35.0,271.0,498.0,170.0,186.0,0900500012536
09,005,Gustavo A. Madero,0001,2574,3313,143.0,177.0,344.0,233.0,214.0,56.0,68.0,985.0,860.0,341.0,320.0,0900500012574
09,005,Gustavo A. Madero,0001,2593,5726,286.0,293.0,576.0,354.0,356.0,61.0,111.0,1457.0,1581.0,555.0,579.0,0900500012593
09,005,Gustavo A. Madero,0001,2606,3240,136.0,155.0,468.0,344.0,163.0,29.0,66.0,642.0,871.0,289.0,291.0,0900500012606
09,005,Gustavo A. Madero,0001,2610,7326,303.0,338.0,896.0,605.0,427.0,72.0,118.0,1896.0,1955.0,703.0,641.0,0900500012610
09,005,Gustavo A. Madero,0001,2625,7116,291.0,330.0,896.0,618.0,422.0,100.0,99.0,1846.0,1908.0,620.0,621.0,0900500012625
09,005,Gustavo A. Madero,0001,263A,2465,56.0,55.0,623.0,491.0,118.0,26.0,11.0,469.0,730.0,333.0,111.0,090050001263A
09,005,Gustavo A. Madero,0001,2644,2242,49.0,59.0,532.0,413.0,76.0,17.0,14.0,407.0,628.0,238.0,108.0,0900500012644
09,005,Gustavo A. Madero,0001,2659,2132,32.0,51.0,546.0,426.0,94.0,14.0,11.0,480.0,637.0,240.0,83.0,0900500012659
09,005,Gustavo A. Madero,0001,2663,2595,42.0,74.0,663.0,536.0,148.0,28.0,25.0,661.0,797.0,326.0,116.0,0900500012663
09,005,Gustavo A. Madero,0001,2678,2434,58.0,50.0,588.0,475.0,135.0,30.0,7.0,505.0,724.0,333.0,108.0,0900500012678
09,005,Gustavo A. Madero,0001,2682,5028,178.0,179.0,879.0,598.0,297.0,38.0,65.0,1411.0,1417.0,528.0,357.0,0900500012682
09,005,Gustavo A. Madero,0001,2697,2999,66.0,96.0,630.0,454.0,229.0,27.0,26.0,682.0,886.0,377.0,162.0,0900500012697
09,005,Gustavo A. Madero,0001,270A,2602,59.0,63.0,661.0,519.0,109.0,15.0,11.0,489.0,704.0,273.0,122.0,090050001270A
09,005,Gustavo A. Madero,0001,2714,2630,55.0,73.0,682.0,528.0,182.0,10.0,14.0,512.0,718.0,302.0,128.0,0900500012714
09,005,Gustavo A. Madero,0001,2729,4496,166.0,176.0,580.0,387.0,209.0,22.0,58.0,1252.0,1353.0,480.0,342.0,0900500012729
09,005,Gustavo A. Madero,0001,2733,3894,138.0,185.0,514.0,351.0,239.0,29.0,45.0,1069.0,1054.0,379.0,323.0,0900500012733
09,005,Gustavo A. Madero,0001,2748,3855,153.0,193.0,462.0,293.0,243.0,37.0,80.0,1105.0,1032.0,343.0,346.0,0900500012748
09,005,Gustavo A. Madero,0001,2752,4278,177.0,193.0,550.0,386.0,217.0,35.0,66.0,965.0,1144.0,388.0,370.0,0900500012752
09,005,Gustavo A. Madero,0001,2767,5406,233.0,270.0,580.0,386.0,299.0,56.0,105.0,1665.0,1389.0,530.0,503.0,0900500012767
09,005,Gustavo A. Madero,0001,2771,5099,245.0,275.0,524.0,354.0,293.0,51.0,112.0,1435.0,1377.0,453.0,520.0,0900500012771
09,005,Gustavo A. Madero,0001,2786,2091,51.0,77.0,391.0,264.0,163.0,15.0,14.0,554.0,578.0,176.0,128.0,0900500012786
09,005,Gustavo A. Madero,0001,2790,3663,92.0,129.0,833.0,552.0,212.0,19.0,27.0,754.0,1061.0,399.0,221.0,0900500012790
09,005,Gustavo A. Madero,0001,2803,4272,115.0,167.0,954.0,614.0,207.0,24.0,40.0,927.0,1246.0,445.0,282.0,0900500012803
09,005,Gustavo A. Madero,0001,2822,3802,111.0,166.0,693.0,519.0,183.0,42.0,61.0,1022.0,964.0,362.0,277.0,0900500012822
09,005,Gustavo A. Madero,0001,2837,3315,110.0,161.0,389.0,267.0,231.0,33.0,54.0,926.0,870.0,300.0,271.0,0900500012837
09,005,Gustavo A. Madero,0001,2841,2417,119.0,110.0,262.0,166.0,88.0,19.0,65.0,671.0,654.0,224.0,229.0,0900500012841
09,005,Gustavo A. Madero,0001,2856,4890,122.0,152.0,823.0,483.0,283.0,31.0,35.0,1008.0,1498.0,622.0,274.0,0900500012856
09,005,Gustavo A. Madero,0001,2860,4900,116.0,144.0,817.0,514.0,178.0,24.0,32.0,1137.0,1585.0,688.0,260.0,0900500012860
09,005,Gustavo A. Madero,0001,2875,2195,30.0,48.0,545.0,382.0,101.0,18.0,11.0,516.0,723.0,295.0,78.0,0900500012875
09,005,Gustavo A. Madero,0001,288A,1702,48.0,51.0,403.0,296.0,116.0,21.0,8.0,455.0,486.0,199.0,99.0,090050001288A
09,005,Gustavo A. Madero,0001,2894,2140,32.0,42.0,592.0,461.0,158.0,29.0,10.0,414.0,637.0,290.0,74.0,0900500012894
09,005,Gustavo A. Madero,0001,2907,5111,128.0,178.0,1018.0,671.0,309.0,32.0,32.0,1434.0,1588.0,624.0,306.0,0900500012907
09,005,Gustavo A. Madero,0001,2930,4364,120.0,134.0,778.0,475.0,198.0,36.0,22.0,1046.0,1278.0,506.0,254.0,0900500012930
09,005,Gustavo A. Madero,0001,2945,4598,141.0,172.0,729.0,532.0,205.0,38.0,61.0,1271.0,1281.0,493.0,313.0,0900500012945
09,005,Gustavo A. Madero,0001,295A,4267,121.0,168.0,635.0,418.0,231.0,32.0,57.0,1171.0,1206.0,473.0,289.0,090050001295A
09,005,Gustavo A. Madero,0001,2964,4888,196.0,233.0,557.0,371.0,207.0,42.0,97.0,1131.0,1319.0,425.0,429.0,0900500012964
09,005,Gustavo A. Madero,0001,2979,5544,267.0,282.0,449.0,257.0,386.0,100.0,112.0,1301.0,1457.0,523.0,549.0,0900500012979
09,005,Gustavo A. Madero,0001,2983,3377,141.0,179.0,372.0,260.0,110.0,26.0,72.0,847.0,910.0,319.0,320.0,0900500012983
09,005,Gustavo A. Madero,0001,2998,4749,225.0,249.0,508.0,297.0,182.0,21.0,127.0,1193.0,1243.0,439.0,474.0,0900500012998
09,005,Gustavo A. Madero,0001,3017,1925,71.0,92.0,192.0,124.0,260.0,8.0,38.0,622.0,479.0,141.0,163.0,0900500013017
09,005,Gustavo A. Madero,0001,3055,2876,79.0,107.0,587.0,398.0,229.0,44.0,14.0,763.0,823.0,318.0,186.0,0900500013055
09,005,Gustavo A. Madero,0001,306A,2899,106.0,134.0,399.0,267.0,175.0,22.0,26.0,731.0,707.0,274.0,240.0,090050001306A
09,005,Gustavo A. Madero,0001,3074,2060,62.0,84.0,322.0,201.0,67.0,12.0,29.0,499.0,544.0,222.0,146.0,0900500013074
09,005,Gustavo A. Madero,0001,3089,8133,291.0,338.0,1203.0,823.0,525.0,81.0,91.0,2136.0,2263.0,787.0,629.0,0900500013089
09,005,Gustavo A. Madero,0001,3093,12036,415.0,503.0,1796.0,1156.0,722.0,103.0,186.0,3050.0,3166.0,1096.0,918.0,0900500013093
09,005,Gustavo A. Madero,0001,3110,1574,49.0,47.0,209.0,155.0,168.0,20.0,10.0,373.0,519.0,219.0,96.0,0900500013110
09,005,Gustavo A. Madero,0001,3125,3029,67.0,93.0,519.0,344.0,138.0,16.0,19.0,741.0,831.0,349.0,160.0,0900500013125
09,005,Gustavo A. Madero,0001,313A,1484,25.0,37.0,335.0,239.0,69.0,14.0,3.0,231.0,530.0,224.0,62.0,090050001313A
09,005,Gustavo A. Madero,0001,3144,4023,152.0,178.0,581.0,409.0,283.0,54.0,49.0,1261.0,1060.0,437.0,330.0,0900500013144
09,005,Gustavo A. Madero,0001,3159,4982,123.0,200.0,821.0,562.0,323.0,59.0,61.0,1649.0,1298.0,526.0,323.0,0900500013159
09,005,Gustavo A. Madero,0001,3163,1911,70.0,63.0,319.0,202.0,119.0,13.0,12.0,423.0,528.0,223.0,133.0,0900500013163
09,005,Gustavo A. Madero,0001,3178,1870,54.0,71.0,350.0,231.0,115.0,26.0,22.0,466.0,575.0,209.0,125.0,0900500013178
09,005,Gustavo A. Madero,0001,3182,2221,75.0,96.0,230.0,132.0,77.0,8.0,32.0,621.0,757.0,336.0,171.0,0900500013182
09,005,Gustavo A. Madero,0001,3197,5244,133.0,204.0,932.0,551.0,369.0,54.0,55.0,1074.0,1602.0,616.0,337.0,0900500013197
09,005,Gustavo A. Madero,0001,320A,1993,52.0,66.0,235.0,124.0,119.0,12.0,16.0,512.0,626.0,268.0,118.0,090050001320A
09,005,Gustavo A. Madero,0001,3214,5814,288.0,307.0,509.0,324.0,297.0,65.0,117.0,1370.0,1563.0,513.0,595.0,0900500013214
09,005,Gustavo A. Madero,0001,3229,3544,165.0,202.0,362.0,225.0,180.0,33.0,92.0,1450.0,903.0,349.0,367.0,0900500013229
09,005,Gustavo A. Madero,0001,3233,6414,271.0,339.0,585.0,362.0,244.0,34.0,117.0,1816.0,1625.0,534.0,610.0,0900500013233
09,005,Gustavo A. Madero,0001,3248,5663,251.0,275.0,576.0,378.0,246.0,62.0,115.0,1685.0,1610.0,505.0,526.0,0900500013248
09,005,Gustavo A. Madero,0001,3252,6248,242.0,314.0,845.0,573.0,394.0,45.0,99.0,1758.0,1734.0,660.0,556.0,0900500013252
09,005,Gustavo A. Madero,0001,3267,3857,165.0,192.0,534.0,384.0,217.0,45.0,70.0,948.0,932.0,374.0,357.0,0900500013267
09,005,Gustavo A. Madero,0001,3271,4264,145.0,160.0,624.0,444.0,326.0,36.0,61.0,1161.0,1218.0,487.0,305.0,0900500013271
09,005,Gustavo A. Madero,0001,3286,3236,154.0,162.0,289.0,175.0,188.0,21.0,56.0,834.0,870.0,427.0,316.0,0900500013286
09,005,Gustavo A. Madero,0001,3290,4654,131.0,191.0,833.0,611.0,299.0,54.0,43.0,1195.0,1291.0,472.0,322.0,0900500013290
09,005,Gustavo A. Madero,0001,3303,1861,51.0,67.0,282.0,176.0,91.0,16.0,16.0,381.0,535.0,203.0,118.0,0900500013303
09,005,Gustavo A. Madero,0001,3318,4304,194.0,244.0,445.0,302.0,340.0,51.0,84.0,971.0,1149.0,369.0,438.0,0900500013318
09,005,Gustavo A. Madero,0001,3322,4420,201.0,202.0,497.0,361.0,245.0,37.0,74.0,1067.0,1228.0,375.0,403.0,0900500013322
09,005,Gustavo A. Madero,0001,3337,3043,103.0,117.0,363.0,218.0,190.0,11.0,19.0,854.0,941.0,428.0,220.0,0900500013337
09,005,Gustavo A. Madero,0001,3341,2343,52.0,86.0,463.0,308.0,183.0,38.0,22.0,524.0,639.0,278.0,138.0,0900500013341
09,005,Gustavo A. Madero,0001,3356,1096,23.0,29.0,196.0,130.0,46.0,6.0,5.0,177.0,357.0,154.0,52.0,0900500013356
09,005,Gustavo A. Madero,0001,3360,4725,200.0,216.0,465.0,296.0,199.0,29.0,89.0,1631.0,1316.0,464.0,416.0,0900500013360
09,005,Gustavo A. Madero,0001,3375,1196,24.0,40.0,239.0,163.0,62.0,16.0,10.0,264.0,351.0,144.0,64.0,0900500013375
09,005,Gustavo A. Madero,0001,338A,2997,46.0,66.0,712.0,504.0,142.0,10.0,8.0,624.0,1024.0,425.0,112.0,090050001338A
09,005,Gustavo A. Madero,0001,3394,2891,72.0,99.0,556.0,374.0,146.0,12.0,21.0,706.0,821.0,322.0,171.0,0900500013394
09,005,Gustavo A. Madero,0001,3407,8413,223.0,278.0,923.0,515.0,380.0,50.0,50.0,1630.0,2891.0,1254.0,501.0,0900500013407
09,005,Gustavo A. Madero,0001,3411,5806,278.0,309.0,452.0,267.0,413.0,63.0,139.0,2057.0,1519.0,565.0,587.0,0900500013411
09,005,Gustavo A. Madero,0001,3426,2443,121.0,120.0,201.0,124.0,152.0,14.0,41.0,574.0,609.0,191.0,241.0,0900500013426
09,005,Gustavo A. Madero,0001,3430,4345,220.0,266.0,387.0,245.0,269.0,31.0,114.0,1171.0,1189.0,377.0,486.0,0900500013430
09,005,Gustavo A. Madero,0001,3445,4319,245.0,232.0,325.0,202.0,221.0,25.0,110.0,1392.0,1107.0,335.0,477.0,0900500013445
09,006,Iztacalco,0001,001A,6014,237.0,252.0,674.0,447.0,240.0,40.0,61.0,1484.0,1888.0,666.0,489.0,090060001001A
09,006,Iztacalco,0001,0024,5155,183.0,173.0,654.0,429.0,332.0,67.0,56.0,1314.0,1606.0,724.0,356.0,0900600010024
09,006,Iztacalco,0001,0039,4548,166.0,157.0,683.0,466.0,240.0,48.0,38.0,1410.0,1221.0,443.0,323.0,0900600010039
09,006,Iztacalco,0001,0043,5255,169.0,229.0,665.0,417.0,198.0,43.0,56.0,1145.0,1533.0,557.0,398.0,0900600010043
09,006,Iztacalco,0001,0058,3919,133.0,146.0,786.0,517.0,230.0,49.0,37.0,989.0,1208.0,516.0,279.0,0900600010058
09,006,Iztacalco,0001,0077,4527,114.0,164.0,713.0,477.0,236.0,43.0,55.0,1298.0,1348.0,548.0,278.0,0900600010077
09,006,Iztacalco,0001,0081,7404,251.0,268.0,1014.0,670.0,397.0,55.0,65.0,1655.0,2215.0,842.0,519.0,0900600010081
09,006,Iztacalco,0001,0096,8297,296.0,323.0,972.0,647.0,379.0,52.0,118.0,2051.0,2635.0,1090.0,619.0,0900600010096
09,006,Iztacalco,0001,0109,6369,206.0,261.0,917.0,627.0,351.0,63.0,85.0,1617.0,1961.0,693.0,467.0,0900600010109
09,006,Iztacalco,0001,0128,5499,177.0,202.0,869.0,601.0,321.0,49.0,41.0,1453.0,1625.0,657.0,379.0,0900600010128
09,006,Iztacalco,0001,0132,4303,117.0,134.0,754.0,496.0,177.0,31.0,27.0,1033.0,1341.0,533.0,251.0,0900600010132
09,006,Iztacalco,0001,0147,0,0.0,0.0,0.0,0.0,0.0,0.0,0.0,0.0,0.0,0.0,0.0,0900600010147
09,006,Iztacalco,0001,0151,0,0.0,0.0,0.0,0.0,0.0,0.0,0.0,0.0,0.0,0.0,0.0,0900600010151
09,006,Iztacalco,0001,0166,2473,75.0,73.0,373.0,251.0,196.0,25.0,14.0,804.0,761.0,262.0,148.0,0900600010166
09,006,Iztacalco,0001,0170,2014,70.0,66.0,348.0,251.0,117.0,32.0,15.0,632.0,570.0,228.0,136.0,0900600010170
09,006,Iztacalco,0001,0185,10395,373.0,420.0,1002.0,670.0,413.0,67.0,83.0,2543.0,3446.0,1392.0,793.0,0900600010185
09,006,Iztacalco,0001,019A,2185,54.0,61.0,424.0,274.0,168.0,31.0,17.0,636.0,663.0,270.0,115.0,090060001019A
09,006,Iztacalco,0001,0202,5819,171.0,193.0,1052.0,705.0,340.0,44.0,59.0,1590.0,1691.0,642.0,364.0,0900600010202
09,006,Iztacalco,0001,0217,7652,175.0,270.0,1231.0,806.0,500.0,62.0,60.0,1885.0,2303.0,968.0,445.0,0900600010217
09,006,Iztacalco,0001,0221,6103,120.0,145.0,1348.0,931.0,279.0,42.0,29.0,1905.0,2079.0,914.0,265.0,0900600010221
09,006,Iztacalco,0001,0236,4221,68.0,102.0,1019.0,720.0,263.0,57.0,11.0,1228.0,1455.0,649.0,170.0,0900600010236
09,006,Iztacalco,0001,0240,2790,85.0,79.0,523.0,361.0,133.0,27.0,11.0,731.0,987.0,419.0,164.0,0900600010240
09,006,Iztacalco,0001,0255,7139,204.0,269.0,1049.0,678.0,439.0,73.0,61.0,1749.0,2132.0,867.0,473.0,0900600010255
09,006,Iztacalco,0001,026A,3997,132.0,143.0,623.0,420.0,217.0,32.0,30.0,1072.0,1218.0,550.0,275.0,090060001026A
09,006,Iztacalco,0001,0274,4869,170.0,187.0,811.0,556.0,161.0,29.0,42.0,1279.0,1504.0,550.0,357.0,0900600010274
09,006,Iztacalco,0001,0289,1038,14.0,28.0,304.0,239.0,40.0,9.0,6.0,224.0,409.0,184.0,42.0,0900600010289
09,006,Iztacalco,0001,0293,5556,209.0,194.0,863.0,599.0,206.0,40.0,54.0,1423.0,1662.0,671.0,403.0,0900600010293
09,006,Iztacalco,0001,0310,9912,327.0,375.0,1388.0,907.0,457.0,69.0,52.0,2552.0,3104.0,1200.0,702.0,0900600010310
09,006,Iztacalco,0001,0325,4283,117.0,133.0,894.0,593.0,358.0,62.0,21.0,1411.0,1283.0,593.0,250.0,0900600010325
09,006,Iztacalco,0001,033A,4787,113.0,152.0,929.0,660.0,354.0,48.0,36.0,1351.0,1440.0,669.0,265.0,090060001033A
09,006,Iztacalco,0001,0344,3910,94.0,137.0,744.0,509.0,701.0,53.0,43.0,1297.0,1211.0,442.0,231.0,0900600010344
09,006,Iztacalco,0001,0359,6468,171.0,221.0,1286.0,901.0,390.0,54.0,48.0,1866.0,1859.0,737.0,392.0,0900600010359
09,006,Iztacalco,0001,0363,5344,154.0,174.0,976.0,680.0,297.0,60.0,40.0,1481.0,1501.0,583.0,328.0,0900600010363
09,006,Iztacalco,0001,0378,2360,64.0,80.0,427.0,303.0,138.0,20.0,13.0,647.0,714.0,292.0,144.0,0900600010378
09,006,Iztacalco,0001,0382,2840,82.0,71.0,554.0,383.0,156.0,37.0,18.0,882.0,935.0,370.0,153.0,0900600010382
09,006,Iztacalco,0001,0397,7901,246.0,263.0,1189.0,783.0,566.0,127.0,52.0,2304.0,2257.0,889.0,509.0,0900600010397
09,006,Iztacalco,0001,0414,3190,99.0,116.0,491.0,321.0,154.0,27.0,25.0,710.0,893.0,353.0,215.0,0900600010414
09,006,Iztacalco,0001,0429,2593,77.0,83.0,533.0,366.0,136.0,26.0,11.0,556.0,732.0,271.0,160.0,0900600010429
09,006,Iztacalco,0001,0433,2737,81.0,86.0,543.0,362.0,184.0,21.0,22.0,708.0,750.0,363.0,167.0,0900600010433
09,006,Iztacalco,0001,0448,2579,82.0,77.0,515.0,351.0,203.0,31.0,15.0,734.0,684.0,280.0,159.0,0900600010448
09,006,Iztacalco,0001,0452,1986,63.0,45.0,396.0,258.0,94.0,21.0,10.0,648.0,571.0,242.0,108.0,0900600010452
09,006,Iztacalco,0001,0467,20,,0.0,,0.0,,0.0,0.0,,4.0,,,0900600010467
09,006,Iztacalco,0001,0471,3513,76.0,110.0,676.0,476.0,250.0,31.0,22.0,931.0,888.0,361.0,186.0,0900600010471
09,006,Iztacalco,0001,0486,1631,40.0,50.0,299.0,191.0,102.0,41.0,12.0,579.0,446.0,181.0,90.0,0900600010486
09,006,Iztacalco,0001,0490,3843,89.0,110.0,731.0,499.0,298.0,43.0,25.0,1237.0,1006.0,395.0,199.0,0900600010490
09,006,Iztacalco,0001,0503,4722,118.0,145.0,884.0,602.0,357.0,57.0,42.0,1262.0,1360.0,598.0,263.0,0900600010503
09,006,Iztacalco,0001,0518,5337,154.0,193.0,1023.0,676.0,284.0,63.0,37.0,1594.0,1645.0,721.0,347.0,0900600010518
09,006,Iztacalco,0001,0522,3376,95.0,103.0,667.0,459.0,192.0,31.0,18.0,1037.0,983.0,472.0,198.0,0900600010522
09,006,Iztacalco,0001,0537,4131,113.0,126.0,850.0,613.0,355.0,49.0,24.0,1254.0,1180.0,528.0,239.0,0900600010537
09,006,Iztacalco,0001,0541,3564,92.0,119.0,717.0,478.0,297.0,49.0,33.0,1251.0,1028.0,408.0,211.0,0900600010541
09,006,Iztacalco,0001,0556,4808,137.0,163.0,857.0,597.0,304.0,65.0,32.0,1430.0,1288.0,484.0,300.0,0900600010556
09,006,Iztacalco,0001,0575,6876,211.0,258.0,1125.0,761.0,441.0,53.0,67.0,2248.0,1915.0,774.0,469.0,0900600010575
09,006,Iztacalco,0001,058A,4801,134.0,185.0,782.0,550.0,244.0,55.0,36.0,1582.0,1254.0,488.0,319.0,090060001058A
09,006,Iztacalco,0001,0594,2900,68.0,90.0,491.0,348.0,88.0,17.0,27.0,801.0,749.0,276.0,158.0,0900600010594
09,006,Iztacalco,0001,0607,7114,225.0,245.0,1202.0,809.0,489.0,59.0,54.0,2089.0,1999.0,785.0,470.0,0900600010607
09,006,Iztacalco,0001,0611,5465,143.0,190.0,1072.0,735.0,287.0,55.0,48.0,1677.0,1513.0,577.0,333.0,0900600010611
09,006,Iztacalco,0001,0626,1985,64.0,65.0,351.0,263.0,138.0,47.0,25.0,704.0,497.0,241.0,129.0,0900600010626
09,006,Iztacalco,0001,0630,2680,63.0,78.0,518.0,351.0,166.0,16.0,14.0,861.0,723.0,315.0,141.0,0900600010630
09,006,Iztacalco,0001,0645,2127,66.0,67.0,393.0,251.0,96.0,16.0,10.0,586.0,562.0,236.0,133.0,0900600010645
09,006,Iztacalco,0001,065A,2015,52.0,74.0,406.0,276.0,157.0,19.0,9.0,680.0,519.0,203.0,126.0,090060001065A
09,006,Iztacalco,0001,0664,3851,82.0,87.0,839.0,644.0,227.0,29.0,16.0,784.0,1090.0,445.0,169.0,0900600010664
09,006,Iztacalco,0001,0679,2575,88.0,91.0,454.0,311.0,146.0,33.0,21.0,756.0,707.0,308.0,179.0,0900600010679
09,006,Iztacalco,0001,0683,4346,135.0,176.0,657.0,451.0,253.0,53.0,55.0,951.0,1191.0,479.0,311.0,0900600010683
09,006,Iztacalco,0001,0698,3033,98.0,129.0,511.0,357.0,218.0,36.0,27.0,883.0,810.0,348.0,227.0,0900600010698
09,006,Iztacalco,0001,0700,3686,109.0,130.0,588.0,425.0,288.0,55.0,36.0,984.0,932.0,379.0,239.0,0900600010700
09,006,Iztacalco,0001,0715,2275,70.0,104.0,411.0,268.0,177.0,28.0,19.0,604.0,607.0,253.0,174.0,0900600010715
09,006,Iztacalco,0001,072A,2520,76.0,72.0,454.0,305.0,104.0,32.0,14.0,648.0,618.0,316.0,148.0,090060001072A
09,006,Iztacalco,0001,0734,2950,109.0,102.0,496.0,341.0,170.0,30.0,18.0,794.0,798.0,416.0,211.0,0900600010734
09,006,Iztacalco,0001,0749,2692,44.0,59.0,768.0,558.0,156.0,26.0,4.0,690.0,894.0,383.0,103.0,0900600010749
09,006,Iztacalco,0001,0753,2113,47.0,42.0,544.0,388.0,217.0,38.0,19.0,545.0,626.0,245.0,89.0,0900600010753
09,006,Iztacalco,0001,0768,2016,58.0,68.0,379.0,264.0,267.0,30.0,13.0,547.0,566.0,217.0,126.0,0900600010768
09,006,Iztacalco,0001,0772,1971,38.0,45.0,457.0,325.0,150.0,24.0,6.0,468.0,649.0,281.0,83.0,0900600010772
09,006,Iztacalco,0001,0787,4868,125.0,160.0,961.0,676.0,403.0,76.0,36.0,1587.0,1244.0,546.0,285.0,0900600010787
09,006,Iztacalco,0001,0791,1795,53.0,57.0,287.0,195.0,87.0,13.0,16.0,525.0,488.0,204.0,110.0,0900600010791
09,006,Iztacalco,0001,0804,4824,153.0,176.0,730.0,519.0,278.0,42.0,38.0,1520.0,881.0,423.0,329.0,0900600010804
09,006,Iztacalco,0001,0823,3361,67.0,62.0,813.0,664.0,234.0,33.0,11.0,716.0,955.0,370.0,129.0,0900600010823
09,006,Iztacalco,0001,0838,2924,42.0,65.0,716.0,583.0,263.0,50.0,12.0,634.0,849.0,380.0,107.0,0900600010838
09,006,Iztacalco,0001,0842,2068,50.0,47.0,479.0,374.0,132.0,36.0,5.0,483.0,619.0,282.0,97.0,0900600010842
09,006,Iztacalco,0001,0876,1859,38.0,34.0,545.0,400.0,106.0,28.0,8.0,443.0,595.0,250.0,72.0,0900600010876
09,006,Iztacalco,0001,0880,1783,31.0,39.0,530.0,376.0,142.0,35.0,5.0,417.0,581.0,222.0,70.0,0900600010880
09,006,Iztacalco,0001,0895,2428,47.0,47.0,717.0,538.0,159.0,46.0,5.0,561.0,746.0,306.0,94.0,0900600010895
09,006,Iztacalco,0001,0908,1288,27.0,35.0,276.0,199.0,76.0,6.0,4.0,257.0,417.0,186.0,62.0,0900600010908
09,006,Iztacalco,0001,0927,2727,60.0,67.0,625.0,495.0,195.0,22.0,10.0,627.0,790.0,338.0,127.0,0900600010927
09,006,Iztacalco,0001,0931,2852,47.0,71.0,654.0,522.0,217.0,23.0,14.0,750.0,904.0,365.0,118.0,0900600010931
09,006,Iztacalco,0001,0946,2334,50.0,68.0,574.0,456.0,176.0,21.0,8.0,524.0,732.0,315.0,118.0,0900600010946
09,006,Iztacalco,0001,0950,2296,27.0,40.0,736.0,546.0,86.0,29.0,10.0,490.0,782.0,359.0,67.0,0900600010950
09,006,Iztacalco,0001,0965,1629,25.0,24.0,471.0,332.0,84.0,20.0,5.0,362.0,551.0,230.0,49.0,0900600010965
09,006,Iztacalco,0001,097A,1528,29.0,22.0,461.0,337.0,115.0,20.0,3.0,329.0,491.0,228.0,51.0,090060001097A
09,006,Iztacalco,0001,0984,1628,22.0,35.0,481.0,344.0,120.0,30.0,4.0,353.0,560.0,236.0,57.0,0900600010984
09,006,Iztacalco,0001,0999,928,14.0,18.0,214.0,157.0,77.0,16.0,0.0,270.0,265.0,102.0,32.0,0900600010999
09,006,Iztacalco,0001,1003,2550,60.0,65.0,541.0,370.0,234.0,46.0,10.0,706.0,741.0,239.0,125.0,0900600011003
09,006,Iztacalco,0001,1018,2119,43.0,57.0,380.0,285.0,124.0,11.0,11.0,526.0,572.0,254.0,100.0,0900600011018
09,006,Iztacalco,0001,1022,2024,52.0,58.0,416.0,277.0,116.0,27.0,6.0,533.0,541.0,220.0,110.0,0900600011022
09,006,Iztacalco,0001,1037,2212,53.0,80.0,402.0,305.0,113.0,31.0,31.0,509.0,444.0,148.0,133.0,0900600011037
09,006,Iztacalco,0001,1041,4529,128.0,181.0,711.0,501.0,228.0,39.0,36.0,1351.0,968.0,459.0,309.0,0900600011041
09,006,Iztacalco,0001,1056,4258,121.0,170.0,581.0,373.0,280.0,40.0,44.0,1234.0,1062.0,454.0,291.0,0900600011056
09,006,Iztacalco,0001,1060,3704,144.0,145.0,559.0,383.0,255.0,30.0,41.0,1042.0,906.0,359.0,289.0,0900600011060
09,006,Iztacalco,0001,1075,2887,74.0,86.0,518.0,381.0,120.0,22.0,18.0,1064.0,575.0,251.0,160.0,0900600011075
09,006,Iztacalco,0001,108A,4564,135.0,176.0,637.0,471.0,245.0,45.0,52.0,1559.0,1026.0,392.0,311.0,090060001108A
09,006,Iztacalco,0001,1094,4236,120.0,113.0,679.0,451.0,213.0,24.0,13.0,920.0,1430.0,593.0,233.0,0900600011094
09,006,Iztacalco,0001,1107,4414,128.0,155.0,645.0,424.0,208.0,35.0,36.0,1314.0,1342.0,571.0,283.0,0900600011107
09,006,Iztacalco,0001,1111,1413,31.0,41.0,335.0,246.0,59.0,10.0,8.0,269.0,494.0,233.0,72.0,0900600011111
09,006,Iztacalco,0001,1126,5768,170.0,195.0,834.0,542.0,498.0,71.0,47.0,1483.0,1757.0,682.0,365.0,0900600011126
09,006,Iztacalco,0001,1130,3560,120.0,128.0,501.0,333.0,226.0,27.0,34.0,1028.0,775.0,294.0,248.0,0900600011130
09,006,Iztacalco,0001,115A,2063,67.0,73.0,298.0,208.0,131.0,11.0,16.0,631.0,540.0,198.0,140.0,090060001115A
09,006,Iztacalco,0001,1164,915,31.0,36.0,132.0,81.0,66.0,8.0,5.0,260.0,214.0,84.0,67.0,0900600011164
09,006,Iztacalco,0001,1179,8203,275.0,319.0,848.0,532.0,337.0,58.0,100.0,1985.0,2650.0,1077.0,594.0,0900600011179
09,006,Iztacalco,0001,1183,2241,53.0,104.0,343.0,237.0,84.0,14.0,35.0,489.0,676.0,356.0,157.0,0900600011183
09,006,Iztacalco,0001,1198,2099,67.0,81.0,418.0,269.0,50.0,4.0,32.0,507.0,685.0,295.0,148.0,0900600011198
09,006,Iztacalco,0001,1200,4449,113.0,165.0,720.0,488.0,230.0,43.0,47.0,1102.0,1430.0,594.0,278.0,0900600011200
09,007,Iztapalapa,0001,0017,5868,207.0,211.0,789.0,546.0,315.0,35.0,68.0,2196.0,1649.0,690.0,418.0,0900700010017
09,007,Iztapalapa,0001,0021,7518,217.0,252.0,1212.0,769.0,484.0,87.0,78.0,2453.0,2288.0,870.0,469.0,0900700010021
09,007,Iztapalapa,0001,0036,10273,278.0,321.0,1531.0,1043.0,642.0,107.0,91.0,3022.0,3130.0,1195.0,599.0,0900700010036
09,007,Iztapalapa,0001,0040,3860,88.0,117.0,777.0,533.0,297.0,39.0,41.0,1275.0,1080.0,455.0,205.0,0900700010040
09,007,Iztapalapa,0001,0055,3701,57.0,83.0,1007.0,734.0,243.0,37.0,6.0,986.0,1196.0,563.0,140.0,0900700010055
09,007,Iztapalapa,0001,006A,2957,55.0,115.0,509.0,385.0,149.0,34.0,38.0,953.0,771.0,322.0,170.0,090070001006A
09,007,Iztapalapa,0001,0074,2480,86.0,91.0,444.0,317.0,295.0,16.0,43.0,832.0,657.0,250.0,177.0,0900700010074
09,007,Iztapalapa,0001,0089,2144,46.0,53.0,435.0,288.0,132.0,28.0,15.0,545.0,656.0,278.0,99.0,0900700010089
09,007,Iztapalapa,0001,0093,1677,29.0,45.0,470.0,355.0,86.0,12.0,12.0,454.0,508.0,176.0,74.0,0900700010093
09,007,Iztapalapa,0001,0106,1524,24.0,33.0,377.0,283.0,50.0,10.0,5.0,490.0,473.0,202.0,57.0,0900700010106
09,007,Iztapalapa,0001,0110,1932,36.0,40.0,579.0,434.0,102.0,14.0,8.0,482.0,677.0,282.0,76.0,0900700010110
09,007,Iztapalapa,0001,013A,2880,78.0,92.0,490.0,358.0,160.0,25.0,26.0,1043.0,820.0,392.0,170.0,090070001013A
09,007,Iztapalapa,0001,0144,1855,50.0,66.0,379.0,293.0,133.0,24.0,22.0,590.0,516.0,250.0,116.0,0900700010144
09,007,Iztapalapa,0001,0178,2948,64.0,82.0,584.0,457.0,160.0,37.0,21.0,953.0,890.0,367.0,146.0,0900700010178
09,007,Iztapalapa,0001,0182,2946,45.0,76.0,692.0,507.0,154.0,19.0,13.0,784.0,921.0,377.0,121.0,0900700010182
09,007,Iztapalapa,0001,0197,2762,45.0,53.0,707.0,506.0,203.0,31.0,5.0,823.0,890.0,356.0,98.0,0900700010197
09,007,Iztapalapa,0001,0214,6202,188.0,244.0,822.0,538.0,385.0,88.0,83.0,2274.0,1622.0,641.0,432.0,0900700010214
09,007,Iztapalapa,0001,0229,0,0.0,0.0,0.0,0.0,0.0,0.0,0.0,0.0,0.0,0.0,0.0,0900700010229
09,007,Iztapalapa,0001,0233,1933,48.0,56.0,356.0,268.0,87.0,13.0,17.0,625.0,528.0,226.0,104.0,0900700010233
09,007,Iztapalapa,0001,0248,1549,25.0,48.0,330.0,243.0,66.0,17.0,22.0,510.0,425.0,156.0,73.0,0900700010248
09,007,Iztapalapa,0001,0252,3188,89.0,100.0,575.0,385.0,215.0,39.0,37.0,1051.0,829.0,369.0,189.0,0900700010252
09,007,Iztapalapa,0001,0271,4150,94.0,121.0,738.0,507.0,215.0,48.0,37.0,1663.0,1198.0,520.0,215.0,0900700010271
09,007,Iztapalapa,0001,0286,2480,66.0,79.0,515.0,407.0,179.0,38.0,30.0,695.0,664.0,289.0,145.0,0900700010286
09,007,Iztapalapa,0001,0290,1588,29.0,40.0,319.0,247.0,101.0,15.0,12.0,439.0,436.0,164.0,69.0,0900700010290
09,007,Iztapalapa,0001,0303,1103,19.0,38.0,223.0,178.0,57.0,11.0,15.0,362.0,299.0,141.0,57.0,0900700010303
09,007,Iztapalapa,0001,0318,3528,69.0,102.0,654.0,449.0,135.0,18.0,26.0,1271.0,927.0,335.0,171.0,0900700010318
09,007,Iztapalapa,0001,0322,4540,92.0,135.0,885.0,588.0,197.0,42.0,33.0,1080.0,1332.0,475.0,227.0,0900700010322
09,007,Iztapalapa,0001,0337,5329,138.0,206.0,884.0,582.0,130.0,30.0,74.0,1658.0,1559.0,607.0,344.0,0900700010337
09,007,Iztapalapa,0001,0356,5122,157.0,164.0,815.0,548.0,332.0,93.0,31.0,1743.0,1458.0,640.0,321.0,0900700010356
09,007,Iztapalapa,0001,0360,5255,152.0,173.0,758.0,482.0,255.0,28.0,37.0,1545.0,1491.0,598.0,325.0,0900700010360
09,007,Iztapalapa,0001,0375,6884,168.0,230.0,1141.0,812.0,388.0,70.0,72.0,2454.0,1571.0,627.0,398.0,0900700010375
09,007,Iztapalapa,0001,038A,5123,164.0,179.0,835.0,590.0,261.0,52.0,54.0,1537.0,1344.0,453.0,343.0,090070001038A
09,007,Iztapalapa,0001,0407,6972,267.0,273.0,872.0,572.0,372.0,68.0,88.0,2847.0,1780.0,565.0,540.0,0900700010407
09,007,Iztapalapa,0001,0411,4975,169.0,232.0,654.0,414.0,341.0,60.0,90.0,2029.0,1295.0,447.0,401.0,0900700010411
09,007,Iztapalapa,0001,0426,8211,287.0,306.0,1218.0,826.0,563.0,89.0,95.0,2822.0,2134.0,752.0,593.0,0900700010426
09,007,Iztapalapa,0001,0445,3848,124.0,142.0,641.0,465.0,241.0,38.0,41.0,1479.0,1073.0,460.0,266.0,0900700010445
09,007,Iztapalapa,0001,0464,4863,130.0,199.0,661.0,463.0,188.0,21.0,89.0,2010.0,1381.0,502.0,329.0,0900700010464
09,007,Iztapalapa,0001,0479,4554,148.0,189.0,674.0,478.0,293.0,55.0,67.0,1707.0,1263.0,406.0,337.0,0900700010479
09,007,Iztapalapa,0001,0483,6782,127.0,167.0,1405.0,972.0,238.0,50.0,52.0,1815.0,2270.0,1053.0,294.0,0900700010483
09,007,Iztapalapa,0001,0498,5441,127.0,152.0,1035.0,698.0,149.0,43.0,41.0,1595.0,1676.0,817.0,279.0,0900700010498
09,007,Iztapalapa,0001,0500,6227,143.0,164.0,1311.0,900.0,254.0,55.0,42.0,1663.0,2020.0,857.0,307.0,0900700010500
09,007,Iztapalapa,0001,0515,7149,152.0,187.0,1494.0,1033.0,228.0,58.0,66.0,1570.0,2328.0,1036.0,339.0,0900700010515
09,007,Iztapalapa,0001,0534,4645,98.0,123.0,976.0,674.0,285.0,43.0,21.0,1327.0,1372.0,613.0,221.0,0900700010534
09,007,Iztapalapa,0001,0553,5795,204.0,229.0,878.0,567.0,259.0,63.0,81.0,2166.0,1573.0,530.0,433.0,0900700010553
09,007,Iztapalapa,0001,0568,5839,160.0,192.0,1106.0,818.0,392.0,79.0,62.0,1800.0,1698.0,743.0,352.0,0900700010568
09,007,Iztapalapa,0001,0572,5325,166.0,185.0,774.0,526.0,355.0,48.0,54.0,1767.0,1445.0,431.0,351.0,0900700010572
09,007,Iztapalapa,0001,0587,2637,88.0,100.0,423.0,293.0,185.0,27.0,30.0,822.0,763.0,360.0,188.0,0900700010587
09,007,Iztapalapa,0001,0591,3807,101.0,123.0,742.0,546.0,95.0,11.0,38.0,1297.0,1120.0,452.0,224.0,0900700010591
09,007,Iztapalapa,0001,0604,3653,119.0,143.0,605.0,447.0,162.0,24.0,39.0,1108.0,935.0,420.0,262.0,0900700010604
09,007,Iztapalapa,0001,0619,5610,179.0,219.0,776.0,501.0,432.0,67.0,70.0,2191.0,1627.0,632.0,398.0,0900700010619
09,007,Iztapalapa,0001,0623,5433,156.0,200.0,750.0,537.0,360.0,47.0,68.0,1782.0,1600.0,572.0,356.0,0900700010623
09,007,Iztapalapa,0001,0638,4162,150.0,166.0,562.0,387.0,214.0,45.0,57.0,1649.0,1154.0,420.0,316.0,0900700010638
09,007,Iztapalapa,0001,0642,2515,36.0,53.0,650.0,476.0,128.0,41.0,9.0,650.0,925.0,391.0,89.0,0900700010642
09,007,Iztapalapa,0001,0657,1916,26.0,38.0,595.0,478.0,68.0,19.0,,466.0,604.0,196.0,64.0,0900700010657
09,007,Iztapalapa,0001,0676,2699,46.0,76.0,638.0,470.0,160.0,28.0,20.0,680.0,883.0,406.0,122.0,0900700010676
09,007,Iztapalapa,0001,0680,3125,63.0,84.0,748.0,537.0,203.0,34.0,21.0,931.0,934.0,399.0,147.0,0900700010680
09,007,Iztapalapa,0001,0695,3633,63.0,103.0,821.0,588.0,226.0,44.0,20.0,907.0,1093.0,435.0,166.0,0900700010695
09,007,Iztapalapa,0001,0708,4420,89.0,115.0,950.0,682.0,231.0,64.0,22.0,1257.0,1370.0,648.0,204.0,0900700010708
09,007,Iztapalapa,0001,0727,2181,29.0,49.0,464.0,311.0,151.0,28.0,7.0,603.0,719.0,299.0,78.0,0900700010727
09,007,Iztapalapa,0001,0731,11610,385.0,529.0,1397.0,893.0,582.0,80.0,205.0,4565.0,2942.0,1021.0,914.0,0900700010731
09,007,Iztapalapa,0001,0746,7993,299.0,282.0,1177.0,795.0,605.0,127.0,101.0,2682.0,1978.0,745.0,581.0,0900700010746
09,007,Iztapalapa,0001,0750,9308,350.0,433.0,1208.0,816.0,492.0,62.0,146.0,3343.0,2353.0,836.0,783.0,0900700010750
09,007,Iztapalapa,0001,0765,3454,97.0,105.0,619.0,463.0,135.0,24.0,37.0,1289.0,925.0,406.0,202.0,0900700010765
09,007,Iztapalapa,0001,077A,4047,146.0,154.0,624.0,439.0,128.0,20.0,57.0,1640.0,1012.0,413.0,300.0,090070001077A
09,007,Iztapalapa,0001,0784,6393,193.0,205.0,981.0,695.0,565.0,97.0,74.0,2227.0,1672.0,685.0,398.0,0900700010784
09,007,Iztapalapa,0001,0801,3649,51.0,81.0,934.0,648.0,121.0,27.0,14.0,868.0,1337.0,551.0,132.0,0900700010801
09,007,Iztapalapa,0001,0816,1207,13.0,24.0,378.0,290.0,51.0,16.0,4.0,235.0,395.0,164.0,37.0,0900700010816
09,007,Iztapalapa,0001,0820,1112,15.0,31.0,364.0,262.0,68.0,8.0,7.0,283.0,375.0,160.0,46.0,0900700010820
09,007,Iztapalapa,0001,0835,6828,244.0,295.0,929.0,635.0,383.0,43.0,112.0,2822.0,1729.0,608.0,539.0,0900700010835
09,007,Iztapalapa,0001,084A,7352,229.0,288.0,891.0,612.0,466.0,50.0,116.0,2248.0,2005.0,666.0,517.0,090070001084A
09,007,Iztapalapa,0001,0854,3289,107.0,132.0,478.0,305.0,244.0,51.0,49.0,930.0,829.0,285.0,239.0,0900700010854
09,007,Iztapalapa,0001,0888,4544,158.0,182.0,686.0,509.0,316.0,42.0,53.0,1634.0,1099.0,467.0,340.0,0900700010888
09,007,Iztapalapa,0001,0892,2220,71.0,79.0,366.0,262.0,158.0,17.0,28.0,777.0,537.0,270.0,150.0,0900700010892
09,007,Iztapalapa,0001,0905,2580,41.0,54.0,681.0,489.0,139.0,41.0,18.0,665.0,951.0,445.0,95.0,0900700010905
09,007,Iztapalapa,0001,091A,1444,18.0,34.0,442.0,320.0,64.0,22.0,15.0,297.0,478.0,212.0,52.0,090070001091A
09,007,Iztapalapa,0001,0924,3759,75.0,86.0,776.0,540.0,188.0,18.0,15.0,904.0,1298.0,578.0,161.0,0900700010924
09,007,Iztapalapa,0001,0939,4294,88.0,106.0,1068.0,772.0,155.0,48.0,21.0,1055.0,1378.0,569.0,194.0,0900700010939
09,007,Iztapalapa,0001,0943,3439,59.0,64.0,965.0,686.0,258.0,48.0,21.0,959.0,1042.0,460.0,123.0,0900700010943
09,007,Iztapalapa,0001,0958,5599,101.0,129.0,1310.0,914.0,391.0,70.0,33.0,1659.0,1567.0,746.0,230.0,0900700010958
09,007,Iztapalapa,0001,0962,8084,270.0,325.0,1103.0,695.0,456.0,66.0,132.0,2286.0,2125.0,796.0,595.0,0900700010962
09,007,Iztapalapa,0001,0977,7001,213.0,241.0,1130.0,751.0,465.0,90.0,62.0,2162.0,1823.0,692.0,454.0,0900700010977
09,007,Iztapalapa,0001,0981,6435,169.0,233.0,1057.0,689.0,309.0,69.0,63.0,2219.0,1646.0,619.0,402.0,0900700010981
09,007,Iztapalapa,0001,1000,5229,142.0,193.0,668.0,463.0,152.0,18.0,55.0,1213.0,1557.0,523.0,335.0,0900700011000
09,007,Iztapalapa,0001,1015,6358,169.0,189.0,1096.0,716.0,328.0,55.0,58.0,2123.0,1873.0,711.0,358.0,0900700011015
09,007,Iztapalapa,0001,1034,6566,138.0,158.0,1321.0,991.0,314.0,72.0,46.0,1932.0,1858.0,812.0,296.0,0900700011034
09,007,Iztapalapa,0001,1049,4690,107.0,144.0,888.0,664.0,332.0,47.0,59.0,1462.0,1271.0,535.0,251.0,0900700011049
09,007,Iztapalapa,0001,1053,7253,134.0,193.0,1524.0,1198.0,341.0,53.0,55.0,2373.0,2057.0,908.0,327.0,0900700011053
09,007,Iztapalapa,0001,1087,5902,181.0,271.0,685.0,391.0,144.0,16.0,102.0,2135.0,1528.0,627.0,452.0,0900700011087
09,007,Iztapalapa,0001,1091,4232,145.0,176.0,521.0,320.0,158.0,35.0,63.0,1301.0,1301.0,675.0,321.0,0900700011091
09,007,Iztapalapa,0001,1104,6367,194.0,309.0,783.0,525.0,227.0,72.0,117.0,2424.0,1683.0,685.0,503.0,0900700011104
09,007,Iztapalapa,0001,1123,3739,17.0,22.0,202.0,98.0,59.0,11.0,4.0,168.0,121.0,37.0,39.0,0900700011123
09,007,Iztapalapa,0001,1138,4768,165.0,194.0,503.0,335.0,261.0,41.0,78.0,1815.0,1277.0,451.0,359.0,0900700011138
09,007,Iztapalapa,0001,1142,3200,82.0,108.0,581.0,441.0,212.0,39.0,50.0,727.0,812.0,393.0,190.0,0900700011142
09,007,Iztapalapa,0001,1157,2662,80.0,93.0,446.0,333.0,132.0,24.0,28.0,794.0,705.0,322.0,173.0,0900700011157
09,007,Iztapalapa,0001,1176,2180,36.0,36.0,545.0,379.0,112.0,22.0,4.0,570.0,770.0,338.0,72.0,0900700011176
09,007,Iztapalapa,0001,1180,2051,39.0,50.0,523.0,375.0,221.0,35.0,9.0,543.0,651.0,268.0,89.0,0900700011180
09,007,Iztapalapa,0001,1195,3664,65.0,72.0,930.0,684.0,182.0,37.0,12.0,1127.0,1172.0,449.0,137.0,0900700011195
09,007,Iztapalapa,0001,1208,991,30.0,37.0,139.0,106.0,55.0,9.0,13.0,326.0,295.0,107.0,67.0,0900700011208
09,007,Iztapalapa,0001,1227,5183,139.0,166.0,800.0,534.0,314.0,48.0,57.0,1513.0,1435.0,503.0,305.0,0900700011227
09,007,Iztapalapa,0001,1246,4327,115.0,142.0,704.0,458.0,248.0,40.0,35.0,1303.0,1254.0,435.0,257.0,0900700011246
09,007,Iztapalapa,0001,1250,3051,80.0,102.0,527.0,381.0,175.0,36.0,35.0,907.0,851.0,351.0,182.0,0900700011250
09,007,Iztapalapa,0001,1265,3915,108.0,92.0,788.0,519.0,247.0,55.0,24.0,1250.0,1163.0,433.0,200.0,0900700011265
09,007,Iztapalapa,0001,127A,2174,36.0,47.0,514.0,385.0,172.0,26.0,8.0,597.0,625.0,261.0,83.0,090070001127A
09,007,Iztapalapa,0001,1284,1379,23.0,38.0,304.0,231.0,87.0,9.0,7.0,421.0,360.0,151.0,61.0,0900700011284
09,007,Iztapalapa,0001,1299,3461,83.0,113.0,624.0,451.0,155.0,18.0,32.0,1159.0,955.0,414.0,196.0,0900700011299
09,007,Iztapalapa,0001,1301,4045,104.0,91.0,757.0,550.0,226.0,32.0,22.0,1378.0,1162.0,475.0,195.0,0900700011301
09,007,Iztapalapa,0001,1316,3355,128.0,133.0,476.0,318.0,168.0,26.0,40.0,1406.0,818.0,399.0,261.0,0900700011316
09,007,Iztapalapa,0001,1335,0,0.0,0.0,0.0,0.0,0.0,0.0,0.0,0.0,0.0,0.0,0.0,0900700011335
09,007,Iztapalapa,0001,134A,4839,200.0,225.0,573.0,390.0,373.0,48.0,77.0,1978.0,1305.0,434.0,425.0,090070001134A
09,007,Iztapalapa,0001,1354,5489,123.0,164.0,993.0,709.0,285.0,54.0,40.0,1606.0,1554.0,590.0,287.0,0900700011354
09,007,Iztapalapa,0001,1369,6296,171.0,206.0,926.0,634.0,336.0,70.0,72.0,2182.0,1801.0,660.0,377.0,0900700011369
09,007,Iztapalapa,0001,1388,5484,159.0,219.0,672.0,432.0,258.0,45.0,80.0,1445.0,1442.0,515.0,378.0,0900700011388
09,007,Iztapalapa,0001,141A,4046,86.0,145.0,636.0,407.0,317.0,37.0,43.0,1172.0,1175.0,565.0,231.0,090070001141A
09,007,Iztapalapa,0001,1424,2881,83.0,83.0,450.0,317.0,146.0,27.0,20.0,965.0,847.0,356.0,166.0,0900700011424
09,007,Iztapalapa,0001,1439,2585,46.0,68.0,595.0,437.0,236.0,40.0,18.0,437.0,786.0,322.0,114.0,0900700011439
09,007,Iztapalapa,0001,1443,1973,32.0,51.0,476.0,348.0,174.0,27.0,13.0,543.0,580.0,235.0,83.0,0900700011443
09,007,Iztapalapa,0001,1458,1726,35.0,54.0,423.0,313.0,113.0,26.0,16.0,535.0,521.0,211.0,89.0,0900700011458
09,007,Iztapalapa,0001,1462,2160,21.0,58.0,487.0,356.0,145.0,27.0,15.0,739.0,613.0,236.0,79.0,0900700011462
09,007,Iztapalapa,0001,1477,2157,25.0,52.0,595.0,430.0,100.0,18.0,8.0,695.0,671.0,210.0,77.0,0900700011477
09,007,Iztapalapa,0001,1481,2435,47.0,46.0,673.0,501.0,173.0,27.0,9.0,761.0,769.0,269.0,93.0,0900700011481
09,007,Iztapalapa,0001,1496,2524,67.0,89.0,447.0,312.0,189.0,31.0,24.0,898.0,635.0,263.0,156.0,0900700011496
09,007,Iztapalapa,0001,1509,4535,165.0,186.0,539.0,349.0,277.0,43.0,58.0,1701.0,1123.0,377.0,351.0,0900700011509
09,007,Iztapalapa,0001,1513,5064,176.0,197.0,613.0,400.0,369.0,65.0,77.0,1911.0,1410.0,473.0,373.0,0900700011513
09,007,Iztapalapa,0001,1566,9689,282.0,339.0,1376.0,898.0,501.0,64.0,86.0,2963.0,2739.0,1010.0,621.0,0900700011566
09,007,Iztapalapa,0001,1585,0,0.0,0.0,0.0,0.0,0.0,0.0,0.0,0.0,0.0,0.0,0.0,0900700011585
09,007,Iztapalapa,0001,159A,6649,214.0,232.0,971.0,662.0,372.0,74.0,71.0,2174.0,1822.0,703.0,446.0,090070001159A
09,007,Iztapalapa,0001,1621,4393,115.0,148.0,670.0,477.0,251.0,48.0,43.0,1384.0,1253.0,462.0,263.0,0900700011621
09,007,Iztapalapa,0001,1636,2883,80.0,79.0,448.0,317.0,121.0,22.0,22.0,868.0,798.0,252.0,159.0,0900700011636
09,007,Iztapalapa,0001,1640,4166,119.0,148.0,626.0,414.0,187.0,25.0,27.0,1276.0,1146.0,389.0,267.0,0900700011640
09,007,Iztapalapa,0001,1655,2448,59.0,93.0,400.0,291.0,182.0,27.0,36.0,634.0,679.0,273.0,152.0,0900700011655
09,007,Iztapalapa,0001,166A,3498,78.0,103.0,711.0,473.0,280.0,63.0,26.0,1250.0,835.0,384.0,181.0,090070001166A
09,007,Iztapalapa,0001,1674,3237,93.0,115.0,597.0,409.0,359.0,62.0,33.0,1140.0,802.0,351.0,208.0,0900700011674
09,007,Iztapalapa,0001,1689,2788,74.0,68.0,528.0,346.0,298.0,55.0,23.0,917.0,717.0,285.0,142.0,0900700011689
09,007,Iztapalapa,0001,1693,2012,48.0,67.0,373.0,258.0,173.0,37.0,22.0,634.0,518.0,206.0,115.0,0900700011693
09,007,Iztapalapa,0001,1706,7319,253.0,302.0,845.0,534.0,373.0,68.0,102.0,3087.0,1903.0,732.0,555.0,0900700011706
09,007,Iztapalapa,0001,1710,7600,263.0,309.0,938.0,615.0,377.0,64.0,97.0,2531.0,2015.0,724.0,572.0,0900700011710
09,007,Iztapalapa,0001,1759,3567,138.0,139.0,441.0,271.0,220.0,37.0,46.0,1642.0,928.0,342.0,277.0,0900700011759
09,007,Iztapalapa,0001,1763,6474,239.0,297.0,860.0,584.0,515.0,88.0,92.0,2509.0,1660.0,590.0,536.0,0900700011763
09,007,Iztapalapa,0001,1778,6931,196.0,283.0,927.0,610.0,320.0,61.0,100.0,2175.0,1994.0,713.0,479.0,0900700011778
09,007,Iztapalapa,0001,1814,3694,108.0,120.0,635.0,445.0,205.0,44.0,42.0,929.0,1021.0,385.0,228.0,0900700011814
09,007,Iztapalapa,0001,1833,3848,101.0,143.0,641.0,433.0,156.0,25.0,48.0,1031.0,1079.0,389.0,244.0,0900700011833
09,007,Iztapalapa,0001,1848,3531,102.0,117.0,545.0,355.0,192.0,63.0,40.0,932.0,994.0,389.0,219.0,0900700011848
09,007,Iztapalapa,0001,1852,5424,176.0,174.0,774.0,525.0,246.0,54.0,55.0,1408.0,1369.0,578.0,350.0,0900700011852
09,007,Iztapalapa,0001,1867,11278,332.0,491.0,1521.0,1047.0,647.0,94.0,157.0,3141.0,3115.0,1188.0,823.0,0900700011867
09,007,Iztapalapa,0001,1890,5546,122.0,165.0,1013.0,735.0,329.0,63.0,49.0,1366.0,1457.0,488.0,287.0,0900700011890
09,007,Iztapalapa,0001,1918,4953,147.0,154.0,848.0,636.0,371.0,55.0,51.0,1794.0,1282.0,520.0,301.0,0900700011918
09,007,Iztapalapa,0001,1941,4248,63.0,91.0,1087.0,766.0,203.0,25.0,13.0,1164.0,1381.0,528.0,154.0,0900700011941
09,007,Iztapalapa,0001,1960,3765,83.0,95.0,635.0,429.0,231.0,22.0,31.0,1146.0,1149.0,518.0,178.0,0900700011960
09,007,Iztapalapa,0001,1975,3499,94.0,127.0,396.0,261.0,97.0,17.0,31.0,828.0,1172.0,447.0,221.0,0900700011975
09,007,Iztapalapa,0001,198A,6035,175.0,193.0,879.0,577.0,294.0,43.0,78.0,2184.0,1765.0,640.0,368.0,090070001198A
09,007,Iztapalapa,0001,1994,13946,126.0,158.0,937.0,529.0,318.0,41.0,50.0,1464.0,1153.0,440.0,284.0,0900700011994
09,007,Iztapalapa,0001,2047,9950,349.0,386.0,1299.0,850.0,744.0,88.0,135.0,3423.0,2610.0,891.0,735.0,0900700012047
09,007,Iztapalapa,0001,2051,11206,498.0,579.0,1001.0,646.0,394.0,46.0,211.0,3938.0,2896.0,1034.0,1077.0,0900700012051
09,007,Iztapalapa,0001,2070,4041,153.0,171.0,483.0,345.0,333.0,27.0,50.0,1273.0,1187.0,472.0,324.0,0900700012070
09,007,Iztapalapa,0001,2085,5799,193.0,216.0,790.0,563.0,335.0,73.0,76.0,1855.0,1883.0,763.0,409.0,0900700012085
09,007,Iztapalapa,0001,209A,3734,127.0,156.0,494.0,318.0,262.0,31.0,53.0,1263.0,985.0,356.0,283.0,090070001209A
09,007,Iztapalapa,0001,2102,3577,131.0,150.0,418.0,265.0,164.0,26.0,53.0,1302.0,877.0,309.0,281.0,0900700012102
09,007,Iztapalapa,0001,2117,3108,116.0,119.0,399.0,275.0,201.0,32.0,46.0,1024.0,824.0,279.0,235.0,0900700012117
09,007,Iztapalapa,0001,2121,146,17.0,16.0,,0.0,0.0,0.0,14.0,132.0,30.0,4.0,33.0,0900700012121
09,007,Iztapalapa,0001,2140,7841,238.0,276.0,999.0,711.0,479.0,67.0,95.0,2620.0,2054.0,683.0,514.0,0900700012140
09,007,Iztapalapa,0001,2155,3769,129.0,135.0,480.0,329.0,228.0,52.0,54.0,1383.0,1033.0,304.0,264.0,0900700012155
09,007,Iztapalapa,0001,216A,3673,116.0,128.0,479.0,316.0,235.0,26.0,53.0,1335.0,967.0,300.0,244.0,090070001216A
09,007,Iztapalapa,0001,2174,2349,57.0,88.0,328.0,225.0,105.0,22.0,21.0,772.0,675.0,225.0,145.0,0900700012174
09,007,Iztapalapa,0001,2189,2349,69.0,92.0,378.0,267.0,139.0,19.0,35.0,676.0,659.0,250.0,161.0,0900700012189
09,007,Iztapalapa,0001,2193,2575,68.0,98.0,405.0,293.0,102.0,22.0,34.0,792.0,696.0,251.0,166.0,0900700012193
09,007,Iztapalapa,0001,2206,1638,43.0,49.0,299.0,208.0,126.0,14.0,15.0,475.0,474.0,169.0,92.0,0900700012206
09,007,Iztapalapa,0001,2371,1682,40.0,53.0,331.0,222.0,191.0,32.0,12.0,718.0,448.0,193.0,93.0,0900700012371
09,007,Iztapalapa,0001,2386,3610,88.0,113.0,672.0,454.0,251.0,36.0,30.0,1287.0,1032.0,437.0,201.0,0900700012386
09,007,Iztapalapa,0001,2390,3965,82.0,115.0,840.0,609.0,222.0,43.0,16.0,1313.0,1091.0,420.0,197.0,0900700012390
09,007,Iztapalapa,0001,2403,293,6.0,14.0,21.0,11.0,29.0,3.0,3.0,161.0,87.0,31.0,20.0,0900700012403
09,007,Iztapalapa,0001,2437,5076,148.0,187.0,813.0,611.0,297.0,46.0,67.0,1485.0,1180.0,500.0,335.0,0900700012437
09,007,Iztapalapa,0001,2441,4457,145.0,191.0,668.0,483.0,261.0,36.0,76.0,1862.0,1155.0,520.0,336.0,0900700012441
09,007,Iztapalapa,0001,2456,4606,186.0,210.0,549.0,381.0,285.0,58.0,73.0,1780.0,1287.0,376.0,396.0,0900700012456
09,007,Iztapalapa,0001,2460,4473,179.0,185.0,513.0,312.0,219.0,40.0,70.0,2103.0,1157.0,360.0,364.0,0900700012460
09,007,Iztapalapa,0001,2475,68,0.0,0.0,8.0,4.0,,0.0,0.0,13.0,4.0,,0.0,0900700012475
09,007,Iztapalapa,0001,2494,1941,48.0,83.0,301.0,232.0,87.0,12.0,38.0,660.0,449.0,194.0,131.0,0900700012494
09,007,Iztapalapa,0001,2507,2181,51.0,65.0,358.0,254.0,69.0,12.0,20.0,663.0,553.0,221.0,116.0,0900700012507
09,007,Iztapalapa,0001,2511,996,13.0,17.0,260.0,182.0,69.0,17.0,,274.0,350.0,153.0,30.0,0900700012511
09,007,Iztapalapa,0001,2526,1056,19.0,27.0,292.0,225.0,41.0,5.0,8.0,253.0,384.0,161.0,46.0,0900700012526
09,007,Iztapalapa,0001,2530,10096,353.0,397.0,1294.0,899.0,475.0,58.0,151.0,3449.0,2722.0,1019.0,750.0,0900700012530
09,007,Iztapalapa,0001,2545,6946,254.0,298.0,850.0,579.0,444.0,55.0,117.0,2284.0,1821.0,597.0,552.0,0900700012545
09,007,Iztapalapa,0001,255A,4901,131.0,160.0,815.0,549.0,203.0,33.0,51.0,1496.0,1396.0,513.0,291.0,090070001255A
09,007,Iztapalapa,0001,2564,6800,281.0,297.0,735.0,480.0,347.0,69.0,113.0,2582.0,1820.0,676.0,578.0,0900700012564
09,007,Iztapalapa,0001,2579,4417,156.0,165.0,625.0,461.0,307.0,46.0,56.0,1539.0,1168.0,428.0,321.0,0900700012579
09,007,Iztapalapa,0001,2600,4667,127.0,183.0,753.0,535.0,357.0,46.0,65.0,1664.0,1244.0,478.0,310.0,0900700012600
09,007,Iztapalapa,0001,2615,7690,303.0,335.0,906.0,594.0,373.0,57.0,150.0,3017.0,2016.0,643.0,638.0,0900700012615
09,007,Iztapalapa,0001,262A,5432,213.0,232.0,673.0,452.0,345.0,50.0,104.0,1813.0,1491.0,504.0,445.0,090070001262A
09,007,Iztapalapa,0001,2634,4200,147.0,206.0,557.0,401.0,336.0,44.0,80.0,1510.0,1137.0,361.0,353.0,0900700012634
09,007,Iztapalapa,0001,2649,4309,149.0,154.0,607.0,445.0,406.0,48.0,60.0,1557.0,1155.0,373.0,303.0,0900700012649
09,007,Iztapalapa,0001,2653,3427,121.0,134.0,445.0,323.0,233.0,32.0,54.0,1117.0,933.0,361.0,255.0,0900700012653
09,007,Iztapalapa,0001,2668,3460,137.0,167.0,466.0,346.0,290.0,56.0,71.0,1137.0,929.0,337.0,304.0,0900700012668
09,007,Iztapalapa,0001,2672,1034,43.0,52.0,95.0,56.0,27.0,6.0,14.0,336.0,275.0,102.0,95.0,0900700012672
09,007,Iztapalapa,0001,2687,4656,132.0,170.0,723.0,512.0,250.0,38.0,66.0,1575.0,1151.0,372.0,302.0,0900700012687
09,007,Iztapalapa,0001,2691,7217,263.0,250.0,960.0,644.0,384.0,82.0,100.0,2549.0,1917.0,668.0,513.0,0900700012691
09,007,Iztapalapa,0001,2704,5016,156.0,197.0,630.0,399.0,255.0,38.0,78.0,1863.0,1420.0,545.0,353.0,0900700012704
09,007,Iztapalapa,0001,2719,4678,179.0,203.0,638.0,443.0,404.0,45.0,69.0,1608.0,1261.0,418.0,382.0,0900700012719
09,007,Iztapalapa,0001,2723,3252,126.0,156.0,367.0,255.0,329.0,39.0,57.0,1173.0,835.0,326.0,282.0,0900700012723
09,007,Iztapalapa,0001,2738,6698,226.0,310.0,936.0,650.0,457.0,82.0,112.0,2420.0,1791.0,602.0,536.0,0900700012738
09,007,Iztapalapa,0001,2757,5483,174.0,218.0,880.0,630.0,399.0,60.0,91.0,2018.0,1502.0,518.0,392.0,0900700012757
09,007,Iztapalapa,0001,2776,7954,300.0,291.0,1101.0,790.0,599.0,83.0,95.0,2727.0,2151.0,702.0,591.0,0900700012776
09,007,Iztapalapa,0001,2780,6872,231.0,301.0,969.0,700.0,428.0,58.0,119.0,2018.0,1764.0,761.0,532.0,0900700012780
09,007,Iztapalapa,0001,2795,4830,175.0,206.0,628.0,440.0,324.0,44.0,108.0,1584.0,1304.0,500.0,381.0,0900700012795
09,007,Iztapalapa,0001,2808,4320,137.0,144.0,750.0,534.0,305.0,42.0,41.0,1412.0,1223.0,493.0,281.0,0900700012808
09,007,Iztapalapa,0001,2812,3581,94.0,108.0,554.0,378.0,170.0,29.0,28.0,1356.0,965.0,361.0,202.0,0900700012812
09,007,Iztapalapa,0001,2831,4795,167.0,163.0,705.0,490.0,419.0,41.0,47.0,1567.0,1366.0,525.0,330.0,0900700012831
09,007,Iztapalapa,0001,2846,4936,149.0,167.0,769.0,528.0,346.0,59.0,53.0,1853.0,1316.0,432.0,316.0,0900700012846
09,007,Iztapalapa,0001,2850,3639,120.0,151.0,511.0,341.0,190.0,44.0,44.0,1146.0,1023.0,348.0,271.0,0900700012850
09,007,Iztapalapa,0001,287A,2859,83.0,89.0,425.0,297.0,110.0,28.0,27.0,933.0,822.0,318.0,172.0,090070001287A
09,007,Iztapalapa,0001,2884,3464,94.0,119.0,557.0,391.0,235.0,28.0,28.0,1109.0,999.0,358.0,213.0,0900700012884
09,007,Iztapalapa,0001,2899,6559,242.0,287.0,880.0,558.0,485.0,84.0,90.0,2495.0,1628.0,633.0,529.0,0900700012899
09,007,Iztapalapa,0001,2901,7668,244.0,303.0,1075.0,719.0,523.0,63.0,129.0,2588.0,2066.0,817.0,547.0,0900700012901
09,007,Iztapalapa,0001,2920,5442,184.0,250.0,712.0,472.0,326.0,77.0,99.0,1620.0,1660.0,708.0,434.0,0900700012920
09,007,Iztapalapa,0001,2935,5663,210.0,235.0,767.0,552.0,514.0,54.0,104.0,2110.0,1430.0,527.0,445.0,0900700012935
09,007,Iztapalapa,0001,294A,3012,114.0,130.0,406.0,287.0,221.0,23.0,53.0,927.0,774.0,337.0,244.0,090070001294A
09,007,Iztapalapa,0001,2954,1974,86.0,89.0,255.0,176.0,121.0,20.0,35.0,689.0,535.0,198.0,175.0,0900700012954
09,007,Iztapalapa,0001,2969,2472,93.0,113.0,299.0,213.0,174.0,28.0,42.0,671.0,660.0,240.0,206.0,0900700012969
09,007,Iztapalapa,0001,2973,3752,149.0,178.0,480.0,346.0,191.0,37.0,78.0,1270.0,1014.0,383.0,327.0,0900700012973
09,007,Iztapalapa,0001,2988,7510,235.0,308.0,1157.0,796.0,547.0,80.0,115.0,1898.0,2150.0,765.0,543.0,0900700012988
09,007,Iztapalapa,0001,3026,2493,81.0,74.0,398.0,263.0,136.0,15.0,28.0,754.0,671.0,299.0,155.0,0900700013026
09,007,Iztapalapa,0001,3030,5682,162.0,211.0,902.0,619.0,250.0,42.0,62.0,1960.0,1446.0,599.0,373.0,0900700013030
09,007,Iztapalapa,0001,3045,6787,218.0,286.0,1023.0,685.0,427.0,63.0,100.0,2075.0,1752.0,586.0,504.0,0900700013045
09,007,Iztapalapa,0001,305A,6494,234.0,289.0,870.0,514.0,416.0,40.0,120.0,1869.0,1625.0,570.0,523.0,090070001305A
09,007,Iztapalapa,0001,3064,7629,267.0,327.0,966.0,613.0,354.0,51.0,142.0,2619.0,1957.0,746.0,594.0,0900700013064
09,007,Iztapalapa,0001,3079,6741,215.0,302.0,879.0,586.0,401.0,30.0,120.0,2332.0,1683.0,626.0,517.0,0900700013079
09,007,Iztapalapa,0001,3083,5621,187.0,238.0,812.0,588.0,370.0,45.0,100.0,1794.0,1400.0,433.0,425.0,0900700013083
09,007,Iztapalapa,0001,3100,5076,156.0,228.0,648.0,419.0,292.0,45.0,97.0,1717.0,1310.0,427.0,384.0,0900700013100
09,007,Iztapalapa,0001,3115,5980,221.0,285.0,674.0,377.0,217.0,36.0,121.0,2006.0,1602.0,528.0,506.0,0900700013115
09,007,Iztapalapa,0001,3134,1927,80.0,84.0,220.0,133.0,73.0,14.0,39.0,536.0,550.0,205.0,164.0,0900700013134
09,007,Iztapalapa,0001,3149,3862,147.0,175.0,449.0,315.0,258.0,26.0,77.0,1487.0,1036.0,368.0,322.0,0900700013149
09,007,Iztapalapa,0001,3153,3560,136.0,179.0,400.0,258.0,308.0,33.0,74.0,1215.0,890.0,330.0,315.0,0900700013153
09,007,Iztapalapa,0001,3204,6595,245.0,261.0,877.0,543.0,410.0,58.0,106.0,1950.0,1684.0,643.0,506.0,0900700013204
09,007,Iztapalapa,0001,3219,7613,287.0,345.0,903.0,496.0,490.0,44.0,161.0,3230.0,2043.0,742.0,632.0,0900700013219
09,007,Iztapalapa,0001,3223,7231,291.0,315.0,894.0,561.0,505.0,31.0,129.0,2893.0,1821.0,651.0,606.0,0900700013223
09,007,Iztapalapa,0001,3238,6000,189.0,240.0,863.0,624.0,438.0,85.0,101.0,1879.0,1593.0,526.0,429.0,0900700013238
09,007,Iztapalapa,0001,3242,8092,309.0,368.0,1029.0,676.0,395.0,90.0,156.0,3123.0,2189.0,748.0,677.0,0900700013242
09,007,Iztapalapa,0001,3257,4049,166.0,195.0,444.0,288.0,181.0,20.0,89.0,1590.0,1060.0,404.0,361.0,0900700013257
09,007,Iztapalapa,0001,3276,6422,237.0,270.0,887.0,610.0,346.0,75.0,134.0,2316.0,1719.0,547.0,507.0,0900700013276
09,007,Iztapalapa,0001,3295,5190,177.0,213.0,770.0,499.0,390.0,43.0,84.0,1517.0,1368.0,548.0,390.0,0900700013295
09,007,Iztapalapa,0001,3327,7178,211.0,271.0,1105.0,729.0,672.0,96.0,91.0,2398.0,1859.0,691.0,482.0,0900700013327
09,007,Iztapalapa,0001,3346,6680,294.0,324.0,725.0,435.0,293.0,74.0,140.0,2274.0,1706.0,596.0,618.0,0900700013346
09,007,Iztapalapa,0001,3365,2467,95.0,115.0,286.0,196.0,213.0,19.0,53.0,895.0,629.0,218.0,210.0,0900700013365
09,007,Iztapalapa,0001,337A,7522,231.0,299.0,1104.0,691.0,501.0,50.0,101.0,2069.0,2070.0,764.0,530.0,090070001337A
09,007,Iztapalapa,0001,3401,7248,248.0,300.0,910.0,537.0,553.0,59.0,101.0,2326.0,1871.0,742.0,548.0,0900700013401
09,007,Iztapalapa,0001,3420,4302,189.0,211.0,389.0,250.0,287.0,26.0,86.0,1445.0,1039.0,336.0,400.0,0900700013420
09,007,Iztapalapa,0001,3488,4965,160.0,198.0,650.0,439.0,288.0,56.0,64.0,1530.0,1611.0,622.0,358.0,0900700013488
09,007,Iztapalapa,0001,3492,5625,208.0,263.0,728.0,526.0,356.0,67.0,86.0,1543.0,1684.0,675.0,471.0,0900700013492
09,007,Iztapalapa,0001,3505,5709,201.0,211.0,844.0,597.0,475.0,78.0,68.0,1603.0,1540.0,556.0,412.0,0900700013505
09,007,Iztapalapa,0001,351A,5705,188.0,221.0,811.0,567.0,225.0,48.0,85.0,1688.0,1497.0,491.0,409.0,090070001351A
09,007,Iztapalapa,0001,3539,4545,151.0,166.0,636.0,429.0,261.0,43.0,51.0,1534.0,1272.0,447.0,317.0,0900700013539
09,007,Iztapalapa,0001,3558,1463,28.0,50.0,214.0,148.0,78.0,11.0,12.0,490.0,412.0,179.0,78.0,0900700013558
09,007,Iztapalapa,0001,3562,1809,58.0,72.0,274.0,181.0,139.0,16.0,20.0,552.0,479.0,228.0,130.0,0900700013562
09,007,Iztapalapa,0001,3577,2169,71.0,90.0,359.0,250.0,127.0,13.0,35.0,679.0,593.0,298.0,161.0,0900700013577
09,007,Iztapalapa,0001,3581,3942,138.0,137.0,596.0,375.0,285.0,34.0,45.0,1334.0,1153.0,450.0,275.0,0900700013581
09,007,Iztapalapa,0001,3596,4594,149.0,203.0,638.0,362.0,190.0,27.0,60.0,1624.0,1394.0,659.0,352.0,0900700013596
09,007,Iztapalapa,0001,3613,1441,27.0,37.0,320.0,232.0,67.0,5.0,5.0,410.0,428.0,171.0,64.0,0900700013613
09,007,Iztapalapa,0001,3628,1158,20.0,30.0,213.0,136.0,59.0,7.0,9.0,301.0,378.0,156.0,50.0,0900700013628
09,007,Iztapalapa,0001,3632,6682,188.0,203.0,1084.0,684.0,397.0,59.0,52.0,2037.0,2002.0,875.0,391.0,0900700013632
09,007,Iztapalapa,0001,3647,2443,58.0,83.0,392.0,239.0,174.0,21.0,24.0,732.0,735.0,282.0,141.0,0900700013647
09,007,Iztapalapa,0001,3651,2692,89.0,94.0,387.0,255.0,163.0,33.0,36.0,844.0,783.0,247.0,183.0,0900700013651
09,007,Iztapalapa,0001,3666,1770,36.0,45.0,349.0,199.0,77.0,13.0,10.0,416.0,648.0,275.0,81.0,0900700013666
09,007,Iztapalapa,0001,3670,4143,132.0,121.0,625.0,403.0,237.0,20.0,33.0,1180.0,1234.0,555.0,253.0,0900700013670
09,007,Iztapalapa,0001,369A,2858,77.0,97.0,522.0,389.0,117.0,37.0,26.0,721.0,763.0,376.0,174.0,090070001369A
09,007,Iztapalapa,0001,3702,2668,60.0,84.0,470.0,359.0,185.0,27.0,36.0,935.0,648.0,275.0,144.0,0900700013702
09,007,Iztapalapa,0001,3717,2261,70.0,85.0,404.0,298.0,123.0,32.0,27.0,797.0,557.0,251.0,155.0,0900700013717
09,007,Iztapalapa,0001,3721,4549,98.0,107.0,876.0,667.0,162.0,22.0,32.0,1171.0,1280.0,575.0,205.0,0900700013721
09,007,Iztapalapa,0001,3740,4482,115.0,136.0,737.0,494.0,318.0,60.0,38.0,1371.0,1333.0,520.0,251.0,0900700013740
09,007,Iztapalapa,0001,3755,3456,83.0,107.0,480.0,292.0,164.0,17.0,26.0,994.0,1007.0,379.0,190.0,0900700013755
09,007,Iztapalapa,0001,376A,1613,45.0,53.0,278.0,184.0,153.0,33.0,20.0,547.0,478.0,182.0,98.0,090070001376A
09,007,Iztapalapa,0001,3774,3474,99.0,124.0,596.0,386.0,219.0,54.0,30.0,1056.0,929.0,350.0,223.0,0900700013774
09,007,Iztapalapa,0001,3789,3719,122.0,135.0,470.0,297.0,219.0,40.0,42.0,1126.0,1077.0,429.0,257.0,0900700013789
09,007,Iztapalapa,0001,3793,4417,132.0,157.0,595.0,432.0,155.0,37.0,45.0,1500.0,1287.0,533.0,289.0,0900700013793
09,007,Iztapalapa,0001,3806,2080,57.0,83.0,301.0,198.0,122.0,22.0,24.0,587.0,598.0,222.0,140.0,0900700013806
09,007,Iztapalapa,0001,3810,5245,172.0,225.0,693.0,451.0,333.0,39.0,76.0,1503.0,1528.0,614.0,397.0,0900700013810
09,007,Iztapalapa,0001,3825,3400,102.0,124.0,531.0,339.0,173.0,34.0,35.0,1109.0,892.0,316.0,226.0,0900700013825
09,007,Iztapalapa,0001,383A,3575,116.0,121.0,542.0,358.0,178.0,33.0,33.0,1253.0,1037.0,437.0,237.0,090070001383A
09,007,Iztapalapa,0001,3844,1550,51.0,48.0,238.0,135.0,106.0,8.0,8.0,430.0,474.0,207.0,99.0,0900700013844
09,007,Iztapalapa,0001,3859,2090,60.0,72.0,327.0,228.0,117.0,10.0,19.0,615.0,578.0,254.0,132.0,0900700013859
09,007,Iztapalapa,0001,3863,4153,140.0,183.0,530.0,358.0,235.0,45.0,57.0,1727.0,1083.0,393.0,323.0,0900700013863
09,007,Iztapalapa,0001,3897,3937,115.0,131.0,709.0,390.0,246.0,26.0,50.0,947.0,1078.0,392.0,246.0,0900700013897
09,007,Iztapalapa,0001,390A,4006,116.0,128.0,755.0,411.0,227.0,43.0,39.0,998.0,1092.0,407.0,244.0,090070001390A
09,007,Iztapalapa,0001,3914,5355,137.0,176.0,952.0,517.0,430.0,45.0,58.0,1322.0,1512.0,590.0,313.0,0900700013914
09,007,Iztapalapa,0001,3967,3638,109.0,128.0,545.0,355.0,161.0,33.0,31.0,1184.0,1008.0,368.0,237.0,0900700013967
09,007,Iztapalapa,0001,3971,4809,152.0,186.0,589.0,375.0,204.0,19.0,58.0,1391.0,1457.0,545.0,338.0,0900700013971
09,007,Iztapalapa,0001,3986,2232,64.0,75.0,359.0,228.0,112.0,17.0,16.0,651.0,698.0,304.0,139.0,0900700013986
09,007,Iztapalapa,0001,3990,3618,106.0,139.0,498.0,299.0,203.0,24.0,39.0,977.0,1130.0,433.0,245.0,0900700013990
09,007,Iztapalapa,0001,401A,2883,89.0,101.0,311.0,191.0,128.0,28.0,27.0,939.0,881.0,289.0,190.0,090070001401A
09,007,Iztapalapa,0001,4024,8391,303.0,352.0,931.0,557.0,333.0,38.0,144.0,2756.0,2304.0,816.0,655.0,0900700014024
09,007,Iztapalapa,0001,4039,5385,166.0,180.0,787.0,535.0,377.0,45.0,42.0,1634.0,1530.0,668.0,346.0,0900700014039
09,007,Iztapalapa,0001,4043,4417,135.0,156.0,781.0,551.0,306.0,46.0,49.0,1473.0,1180.0,443.0,291.0,0900700014043
09,007,Iztapalapa,0001,4058,3227,91.0,115.0,557.0,362.0,120.0,10.0,34.0,1235.0,803.0,330.0,206.0,0900700014058
09,007,Iztapalapa,0001,4062,2990,112.0,112.0,447.0,272.0,225.0,30.0,41.0,1131.0,796.0,295.0,224.0,0900700014062
09,007,Iztapalapa,0001,4077,4751,193.0,230.0,497.0,324.0,372.0,38.0,87.0,2034.0,1210.0,400.0,423.0,0900700014077
09,007,Iztapalapa,0001,4081,5245,228.0,250.0,507.0,318.0,375.0,58.0,98.0,2056.0,1283.0,437.0,478.0,0900700014081
09,007,Iztapalapa,0001,4096,6341,267.0,289.0,621.0,382.0,251.0,32.0,141.0,2530.0,1515.0,484.0,556.0,0900700014096
09,007,Iztapalapa,0001,4109,7678,315.0,417.0,572.0,316.0,330.0,36.0,199.0,3044.0,1907.0,641.0,732.0,0900700014109
09,007,Iztapalapa,0001,4113,2033,55.0,60.0,387.0,243.0,105.0,14.0,17.0,602.0,660.0,254.0,115.0,0900700014113
09,007,Iztapalapa,0001,4128,1861,48.0,60.0,360.0,210.0,144.0,21.0,14.0,415.0,665.0,272.0,108.0,0900700014128
09,007,Iztapalapa,0001,4147,508,16.0,20.0,73.0,41.0,28.0,3.0,9.0,229.0,151.0,75.0,36.0,0900700014147
09,007,Iztapalapa,0001,4151,1449,51.0,53.0,167.0,94.0,177.0,10.0,15.0,740.0,376.0,131.0,104.0,0900700014151
09,007,Iztapalapa,0001,4166,2650,65.0,69.0,580.0,435.0,213.0,31.0,9.0,686.0,802.0,318.0,134.0,0900700014166
09,007,Iztapalapa,0001,4170,4478,168.0,202.0,574.0,359.0,257.0,37.0,79.0,1554.0,1125.0,391.0,370.0,0900700014170
09,007,Iztapalapa,0001,4185,3902,118.0,151.0,444.0,304.0,162.0,19.0,46.0,1254.0,1067.0,383.0,269.0,0900700014185
09,007,Iztapalapa,0001,419A,3319,117.0,114.0,460.0,259.0,127.0,34.0,39.0,870.0,1053.0,375.0,231.0,090070001419A
09,007,Iztapalapa,0001,4202,3513,115.0,141.0,450.0,308.0,239.0,37.0,56.0,1073.0,873.0,325.0,256.0,0900700014202
09,007,Iztapalapa,0001,4217,3246,87.0,109.0,443.0,274.0,172.0,21.0,45.0,926.0,916.0,331.0,196.0,0900700014217
09,007,Iztapalapa,0001,4236,8000,350.0,418.0,703.0,421.0,443.0,58.0,163.0,2924.0,2099.0,812.0,768.0,0900700014236
09,007,Iztapalapa,0001,4240,5046,189.0,261.0,444.0,253.0,257.0,44.0,127.0,1687.0,1288.0,453.0,450.0,0900700014240
09,007,Iztapalapa,0001,426A,5157,252.0,284.0,422.0,249.0,380.0,38.0,119.0,2034.0,1280.0,387.0,536.0,090070001426A
09,007,Iztapalapa,0001,4274,6175,317.0,328.0,384.0,221.0,359.0,52.0,167.0,2353.0,1448.0,463.0,645.0,0900700014274
09,007,Iztapalapa,0001,4289,3047,113.0,143.0,264.0,162.0,187.0,27.0,65.0,1159.0,780.0,282.0,256.0,0900700014289
09,007,Iztapalapa,0001,4293,5256,238.0,273.0,365.0,216.0,443.0,40.0,118.0,1989.0,1293.0,385.0,511.0,0900700014293
09,007,Iztapalapa,0001,4306,1814,56.0,73.0,298.0,181.0,83.0,19.0,21.0,493.0,505.0,205.0,129.0,0900700014306
09,007,Iztapalapa,0001,4310,2911,78.0,101.0,474.0,295.0,168.0,19.0,32.0,836.0,826.0,271.0,179.0,0900700014310
09,007,Iztapalapa,0001,4325,1681,38.0,59.0,317.0,209.0,90.0,7.0,13.0,482.0,466.0,161.0,97.0,0900700014325
09,007,Iztapalapa,0001,433A,4019,110.0,175.0,585.0,404.0,233.0,24.0,51.0,1361.0,1072.0,322.0,285.0,090070001433A
09,007,Iztapalapa,0001,4344,2790,83.0,96.0,430.0,231.0,167.0,28.0,34.0,842.0,704.0,344.0,179.0,0900700014344
09,007,Iztapalapa,0001,4359,2616,85.0,92.0,406.0,252.0,148.0,14.0,31.0,852.0,637.0,251.0,177.0,0900700014359
09,007,Iztapalapa,0001,4363,6175,240.0,284.0,629.0,370.0,315.0,47.0,96.0,1750.0,1636.0,610.0,524.0,0900700014363
09,007,Iztapalapa,0001,4382,2196,63.0,94.0,279.0,171.0,164.0,22.0,34.0,661.0,596.0,258.0,157.0,0900700014382
09,007,Iztapalapa,0001,4397,1640,41.0,49.0,317.0,198.0,102.0,13.0,19.0,444.0,391.0,166.0,90.0,0900700014397
09,007,Iztapalapa,0001,440A,1408,43.0,55.0,227.0,126.0,89.0,8.0,20.0,391.0,348.0,126.0,98.0,090070001440A
09,007,Iztapalapa,0001,4414,8028,195.0,229.0,1240.0,783.0,448.0,97.0,57.0,1784.0,2519.0,1081.0,424.0,0900700014414
09,007,Iztapalapa,0001,4429,2049,48.0,67.0,409.0,245.0,104.0,23.0,20.0,511.0,759.0,389.0,115.0,0900700014429
09,007,Iztapalapa,0001,4433,3751,67.0,113.0,719.0,454.0,205.0,24.0,16.0,951.0,1251.0,494.0,180.0,0900700014433
09,007,Iztapalapa,0001,4448,2475,58.0,85.0,468.0,288.0,121.0,15.0,17.0,581.0,856.0,356.0,143.0,0900700014448
09,007,Iztapalapa,0001,4452,1960,40.0,49.0,501.0,350.0,124.0,13.0,9.0,464.0,647.0,281.0,89.0,0900700014452
09,007,Iztapalapa,0001,4467,2193,57.0,73.0,349.0,199.0,92.0,12.0,20.0,473.0,637.0,265.0,130.0,0900700014467
09,007,Iztapalapa,0001,4471,2274,63.0,76.0,317.0,135.0,193.0,7.0,18.0,526.0,665.0,294.0,139.0,0900700014471
09,007,Iztapalapa,0001,4503,4051,131.0,128.0,596.0,298.0,133.0,13.0,42.0,1136.0,1101.0,394.0,259.0,0900700014503
09,007,Iztapalapa,0001,4522,749,32.0,23.0,88.0,46.0,31.0,4.0,,279.0,218.0,94.0,55.0,0900700014522
09,007,Iztapalapa,0001,4537,829,22.0,39.0,76.0,48.0,39.0,,18.0,243.0,236.0,108.0,61.0,0900700014537
09,007,Iztapalapa,0001,4541,1011,32.0,49.0,133.0,86.0,80.0,6.0,14.0,385.0,275.0,114.0,81.0,0900700014541
09,007,Iztapalapa,0001,4556,1063,32.0,48.0,150.0,84.0,46.0,,12.0,313.0,318.0,121.0,80.0,0900700014556
09,007,Iztapalapa,0001,4560,969,26.0,36.0,83.0,49.0,25.0,4.0,5.0,343.0,244.0,110.0,62.0,0900700014560
09,007,Iztapalapa,0001,4575,528,21.0,31.0,78.0,42.0,14.0,,9.0,178.0,144.0,73.0,52.0,0900700014575
09,007,Iztapalapa,0001,4594,1164,40.0,67.0,132.0,75.0,48.0,3.0,26.0,368.0,314.0,147.0,107.0,0900700014594
09,007,Iztapalapa,0001,4611,751,31.0,25.0,102.0,69.0,49.0,8.0,11.0,132.0,244.0,124.0,56.0,0900700014611
09,007,Iztapalapa,0001,4645,1184,38.0,48.0,147.0,81.0,219.0,42.0,19.0,287.0,376.0,190.0,86.0,0900700014645
09,007,Iztapalapa,0001,465A,2794,118.0,141.0,319.0,178.0,122.0,21.0,38.0,1202.0,783.0,297.0,259.0,090070001465A
09,007,Iztapalapa,0001,4664,3439,117.0,157.0,436.0,285.0,180.0,49.0,61.0,1447.0,826.0,370.0,274.0,0900700014664
09,007,Iztapalapa,0001,4679,440,22.0,15.0,50.0,28.0,29.0,8.0,6.0,172.0,128.0,62.0,37.0,0900700014679
09,007,Iztapalapa,0001,4683,2771,105.0,111.0,317.0,174.0,126.0,28.0,42.0,1125.0,792.0,255.0,216.0,0900700014683
09,007,Iztapalapa,0001,4698,3320,137.0,143.0,245.0,140.0,63.0,8.0,57.0,1021.0,916.0,386.0,280.0,0900700014698
09,007,Iztapalapa,0001,4715,32,,,0.0,0.0,,,,20.0,4.0,,,0900700014715
09,007,Iztapalapa,0001,472A,5525,168.0,182.0,910.0,656.0,330.0,60.0,43.0,1881.0,1390.0,605.0,350.0,090070001472A
09,007,Iztapalapa,0001,4734,11587,314.0,419.0,1783.0,1277.0,631.0,112.0,156.0,3817.0,3001.0,1259.0,733.0,0900700014734
09,007,Iztapalapa,0001,4749,6128,213.0,266.0,837.0,553.0,437.0,37.0,117.0,2209.0,1566.0,570.0,479.0,0900700014749
09,007,Iztapalapa,0001,4768,3740,102.0,149.0,558.0,357.0,252.0,26.0,46.0,1423.0,1054.0,374.0,251.0,0900700014768
09,007,Iztapalapa,0001,4772,4280,158.0,163.0,606.0,386.0,255.0,38.0,52.0,1523.0,1137.0,382.0,321.0,0900700014772
09,007,Iztapalapa,0001,4791,2135,46.0,61.0,313.0,165.0,49.0,7.0,22.0,496.0,638.0,264.0,107.0,0900700014791
09,007,Iztapalapa,0001,4804,2676,94.0,96.0,438.0,243.0,123.0,19.0,35.0,711.0,770.0,292.0,190.0,0900700014804
09,007,Iztapalapa,0001,4838,1560,56.0,73.0,203.0,127.0,111.0,16.0,37.0,452.0,404.0,146.0,129.0,0900700014838
09,007,Iztapalapa,0001,4842,1895,85.0,80.0,166.0,97.0,126.0,9.0,36.0,799.0,486.0,158.0,165.0,0900700014842
09,007,Iztapalapa,0001,4857,5508,261.0,306.0,349.0,202.0,183.0,29.0,149.0,1994.0,1435.0,467.0,567.0,0900700014857
09,007,Iztapalapa,0001,4861,3584,162.0,165.0,236.0,120.0,150.0,23.0,75.0,1385.0,836.0,238.0,327.0,0900700014861
09,007,Iztapalapa,0001,4876,5532,253.0,279.0,507.0,275.0,324.0,34.0,125.0,1860.0,1411.0,431.0,532.0,0900700014876
09,007,Iztapalapa,0001,4880,5581,214.0,264.0,542.0,292.0,365.0,37.0,118.0,1773.0,1397.0,432.0,478.0,0900700014880
09,007,Iztapalapa,0001,4895,3426,84.0,111.0,464.0,287.0,211.0,21.0,20.0,1152.0,1155.0,487.0,195.0,0900700014895
09,007,Iztapalapa,0001,4908,5488,169.0,174.0,839.0,550.0,387.0,47.0,52.0,1894.0,1527.0,550.0,343.0,0900700014908
09,007,Iztapalapa,0001,4912,6803,180.0,249.0,1056.0,667.0,253.0,50.0,99.0,1771.0,1930.0,729.0,429.0,0900700014912
09,007,Iztapalapa,0001,4927,6812,212.0,223.0,853.0,580.0,299.0,58.0,45.0,1725.0,2165.0,803.0,435.0,0900700014927
09,007,Iztapalapa,0001,4931,5485,194.0,223.0,720.0,504.0,273.0,44.0,75.0,2041.0,1488.0,573.0,417.0,0900700014931
09,007,Iztapalapa,0001,4946,5350,188.0,184.0,703.0,502.0,419.0,58.0,62.0,1858.0,1505.0,598.0,372.0,0900700014946
09,007,Iztapalapa,0001,4965,4114,82.0,112.0,791.0,532.0,260.0,37.0,32.0,1045.0,1102.0,353.0,194.0,0900700014965
09,007,Iztapalapa,0001,497A,1927,55.0,67.0,247.0,165.0,100.0,12.0,10.0,572.0,594.0,255.0,122.0,090070001497A
09,007,Iztapalapa,0001,4984,4002,120.0,141.0,520.0,314.0,299.0,36.0,60.0,1262.0,1151.0,433.0,261.0,0900700014984
09,007,Iztapalapa,0001,4999,3431,109.0,122.0,540.0,381.0,253.0,40.0,49.0,1171.0,858.0,299.0,231.0,0900700014999
09,007,Iztapalapa,0001,5003,3643,88.0,139.0,481.0,311.0,222.0,32.0,35.0,999.0,1054.0,383.0,227.0,0900700015003
09,007,Iztapalapa,0001,5018,2989,108.0,90.0,413.0,294.0,96.0,23.0,29.0,1075.0,811.0,310.0,198.0,0900700015018
09,007,Iztapalapa,0001,5037,2646,100.0,125.0,315.0,185.0,146.0,20.0,63.0,704.0,692.0,231.0,225.0,0900700015037
09,007,Iztapalapa,0001,5041,3291,160.0,153.0,293.0,168.0,209.0,26.0,65.0,1005.0,872.0,311.0,313.0,0900700015041
09,007,Iztapalapa,0001,5056,806,29.0,33.0,111.0,63.0,61.0,4.0,8.0,189.0,251.0,99.0,62.0,0900700015056
09,007,Iztapalapa,0001,5060,5931,169.0,216.0,917.0,627.0,479.0,52.0,76.0,1815.0,1592.0,549.0,385.0,0900700015060
09,007,Iztapalapa,0001,5075,3792,146.0,194.0,431.0,260.0,271.0,43.0,79.0,1459.0,1014.0,344.0,340.0,0900700015075
09,007,Iztapalapa,0001,508A,3945,159.0,194.0,385.0,238.0,203.0,22.0,80.0,1358.0,1066.0,335.0,353.0,090070001508A
09,007,Iztapalapa,0001,5094,1516,48.0,57.0,94.0,42.0,66.0,3.0,12.0,455.0,514.0,216.0,105.0,0900700015094
09,007,Iztapalapa,0001,5107,4853,149.0,176.0,594.0,342.0,299.0,27.0,56.0,1398.0,1464.0,547.0,325.0,0900700015107
09,007,Iztapalapa,0001,5111,7653,179.0,231.0,837.0,445.0,299.0,32.0,39.0,1749.0,2594.0,976.0,410.0,0900700015111
09,007,Iztapalapa,0001,5126,4853,110.0,155.0,739.0,372.0,155.0,23.0,40.0,1094.0,1492.0,586.0,265.0,0900700015126
09,007,Iztapalapa,0001,5130,2592,66.0,89.0,389.0,236.0,166.0,36.0,28.0,870.0,741.0,308.0,155.0,0900700015130
09,007,Iztapalapa,0001,5145,4478,164.0,162.0,584.0,350.0,244.0,36.0,49.0,1399.0,1344.0,571.0,326.0,0900700015145
09,007,Iztapalapa,0001,515A,1634,52.0,66.0,225.0,138.0,113.0,17.0,23.0,545.0,399.0,164.0,118.0,090070001515A
09,007,Iztapalapa,0001,5179,1573,58.0,62.0,156.0,104.0,125.0,22.0,25.0,702.0,405.0,174.0,120.0,0900700015179
09,007,Iztapalapa,0001,5183,3932,191.0,181.0,314.0,176.0,176.0,17.0,76.0,1701.0,903.0,445.0,372.0,0900700015183
09,007,Iztapalapa,0001,5198,5541,267.0,305.0,453.0,264.0,162.0,23.0,113.0,2120.0,1372.0,531.0,572.0,0900700015198
09,007,Iztapalapa,0001,5200,4699,194.0,276.0,386.0,218.0,131.0,11.0,114.0,1963.0,1151.0,455.0,470.0,0900700015200
09,007,Iztapalapa,0001,5215,5858,200.0,252.0,684.0,434.0,256.0,28.0,90.0,1954.0,1486.0,509.0,452.0,0900700015215
09,007,Iztapalapa,0001,522A,2314,61.0,79.0,362.0,185.0,153.0,26.0,18.0,636.0,734.0,259.0,140.0,090070001522A
09,007,Iztapalapa,0001,5249,3208,74.0,125.0,279.0,144.0,116.0,22.0,37.0,683.0,1116.0,389.0,199.0,0900700015249
09,007,Iztapalapa,0001,5253,4458,186.0,212.0,338.0,193.0,145.0,19.0,84.0,1982.0,1350.0,535.0,398.0,0900700015253
09,007,Iztapalapa,0001,5268,5103,227.0,236.0,442.0,255.0,172.0,15.0,99.0,2029.0,1447.0,563.0,463.0,0900700015268
09,007,Iztapalapa,0001,5272,3347,76.0,93.0,656.0,430.0,108.0,31.0,28.0,767.0,1189.0,428.0,169.0,0900700015272
09,007,Iztapalapa,0001,5287,2360,53.0,59.0,470.0,326.0,74.0,8.0,18.0,744.0,887.0,409.0,112.0,0900700015287
09,007,Iztapalapa,0001,5291,3411,139.0,148.0,301.0,178.0,160.0,37.0,61.0,1319.0,910.0,315.0,287.0,0900700015291
09,007,Iztapalapa,0001,5304,5300,189.0,236.0,672.0,431.0,450.0,84.0,93.0,1803.0,1384.0,477.0,425.0,0900700015304
09,007,Iztapalapa,0001,5319,3414,143.0,134.0,386.0,259.0,275.0,27.0,56.0,1147.0,949.0,448.0,277.0,0900700015319
09,007,Iztapalapa,0001,5323,3240,148.0,163.0,255.0,177.0,209.0,28.0,77.0,1072.0,845.0,275.0,311.0,0900700015323
09,007,Iztapalapa,0001,5338,6974,309.0,382.0,551.0,334.0,240.0,32.0,167.0,2562.0,1715.0,581.0,691.0,0900700015338
09,007,Iztapalapa,0001,5342,5210,283.0,256.0,358.0,198.0,193.0,32.0,128.0,1836.0,1302.0,495.0,539.0,0900700015342
09,007,Iztapalapa,0001,5357,3042,91.0,101.0,482.0,346.0,222.0,34.0,35.0,782.0,843.0,330.0,192.0,0900700015357
09,007,Iztapalapa,0001,5361,2123,68.0,111.0,33.0,21.0,63.0,7.0,10.0,55.0,531.0,95.0,179.0,0900700015361
09,007,Iztapalapa,0001,5376,961,38.0,56.0,10.0,6.0,6.0,0.0,8.0,13.0,246.0,74.0,94.0,0900700015376
09,007,Iztapalapa,0001,5380,8787,373.0,454.0,816.0,466.0,462.0,87.0,181.0,3176.0,2255.0,769.0,827.0,0900700015380
09,007,Iztapalapa,0001,5395,3565,125.0,174.0,236.0,151.0,171.0,30.0,70.0,1258.0,808.0,504.0,299.0,0900700015395
09,007,Iztapalapa,0001,5408,2285,89.0,105.0,231.0,132.0,155.0,15.0,36.0,803.0,556.0,244.0,194.0,0900700015408
09,007,Iztapalapa,0001,5412,2677,89.0,102.0,233.0,130.0,137.0,40.0,31.0,857.0,673.0,310.0,191.0,0900700015412
09,007,Iztapalapa,0001,5427,4283,157.0,192.0,399.0,229.0,264.0,36.0,75.0,1379.0,1141.0,558.0,349.0,0900700015427
09,007,Iztapalapa,0001,5431,2463,42.0,65.0,464.0,334.0,118.0,16.0,15.0,751.0,804.0,339.0,107.0,0900700015431
09,007,Iztapalapa,0001,5446,4124,97.0,132.0,911.0,633.0,255.0,47.0,28.0,1149.0,1245.0,541.0,229.0,0900700015446
09,007,Iztapalapa,0001,5450,3458,99.0,136.0,527.0,349.0,194.0,34.0,50.0,1152.0,852.0,288.0,235.0,0900700015450
09,007,Iztapalapa,0001,5465,1777,48.0,59.0,235.0,127.0,76.0,12.0,19.0,508.0,546.0,214.0,107.0,0900700015465
09,007,Iztapalapa,0001,547A,3413,127.0,148.0,235.0,143.0,110.0,28.0,61.0,1393.0,973.0,356.0,275.0,090070001547A
09,007,Iztapalapa,0001,5484,4151,114.0,135.0,503.0,239.0,152.0,19.0,36.0,1141.0,1374.0,590.0,249.0,0900700015484
09,007,Iztapalapa,0001,5499,4474,192.0,211.0,464.0,272.0,287.0,40.0,85.0,1336.0,1115.0,335.0,403.0,0900700015499
09,007,Iztapalapa,0001,5501,6014,292.0,327.0,359.0,191.0,324.0,38.0,163.0,1973.0,1465.0,515.0,619.0,0900700015501
09,007,Iztapalapa,0001,5516,4913,218.0,248.0,344.0,196.0,274.0,29.0,99.0,1674.0,1184.0,480.0,466.0,0900700015516
09,007,Iztapalapa,0001,5520,3557,188.0,153.0,250.0,153.0,75.0,10.0,83.0,1079.0,831.0,355.0,341.0,0900700015520
09,007,Iztapalapa,0001,5535,4112,109.0,135.0,573.0,331.0,343.0,57.0,36.0,1282.0,1229.0,499.0,244.0,0900700015535
09,007,Iztapalapa,0001,554A,2658,79.0,109.0,218.0,121.0,137.0,9.0,25.0,878.0,872.0,295.0,188.0,090070001554A
09,007,Iztapalapa,0001,5554,2894,90.0,126.0,401.0,270.0,119.0,25.0,41.0,744.0,774.0,343.0,216.0,0900700015554
09,007,Iztapalapa,0001,5569,4114,150.0,155.0,413.0,220.0,307.0,28.0,55.0,1431.0,1233.0,461.0,305.0,0900700015569
09,007,Iztapalapa,0001,5573,3451,123.0,172.0,353.0,231.0,155.0,20.0,69.0,1263.0,871.0,268.0,295.0,0900700015573
09,007,Iztapalapa,0001,5588,4157,173.0,209.0,490.0,310.0,237.0,24.0,86.0,1420.0,1065.0,361.0,382.0,0900700015588
09,007,Iztapalapa,0001,5592,1833,40.0,69.0,365.0,276.0,99.0,12.0,29.0,517.0,511.0,217.0,109.0,0900700015592
09,007,Iztapalapa,0001,5605,4180,155.0,177.0,348.0,209.0,211.0,25.0,51.0,1434.0,1289.0,525.0,332.0,0900700015605
09,007,Iztapalapa,0001,561A,1261,31.0,36.0,176.0,90.0,77.0,5.0,4.0,312.0,431.0,195.0,67.0,090070001561A
09,007,Iztapalapa,0001,5624,3644,100.0,135.0,575.0,279.0,220.0,20.0,28.0,1092.0,977.0,363.0,235.0,0900700015624
09,007,Iztapalapa,0001,5639,1737,74.0,74.0,172.0,89.0,103.0,23.0,34.0,747.0,463.0,184.0,148.0,0900700015639
09,007,Iztapalapa,0001,5643,836,28.0,29.0,117.0,80.0,35.0,6.0,19.0,162.0,253.0,108.0,57.0,0900700015643
09,007,Iztapalapa,0001,5658,7959,428.0,491.0,422.0,245.0,352.0,36.0,215.0,3694.0,2021.0,805.0,919.0,0900700015658
09,007,Iztapalapa,0001,5662,2312,108.0,99.0,258.0,160.0,63.0,26.0,46.0,1010.0,588.0,245.0,207.0,0900700015662
09,007,Iztapalapa,0001,5677,5416,183.0,230.0,650.0,376.0,255.0,91.0,101.0,1895.0,1367.0,480.0,413.0,0900700015677
09,007,Iztapalapa,0001,5681,6838,265.0,290.0,619.0,373.0,185.0,32.0,102.0,2469.0,2372.0,961.0,555.0,0900700015681
09,007,Iztapalapa,0001,5696,1765,69.0,74.0,159.0,96.0,62.0,3.0,28.0,697.0,567.0,230.0,143.0,0900700015696
09,007,Iztapalapa,0001,5709,2911,83.0,92.0,480.0,300.0,224.0,33.0,24.0,842.0,814.0,329.0,175.0,0900700015709
09,007,Iztapalapa,0001,5713,3338,91.0,118.0,454.0,275.0,228.0,17.0,31.0,946.0,1007.0,354.0,209.0,0900700015713
09,007,Iztapalapa,0001,5728,1591,73.0,72.0,142.0,77.0,89.0,12.0,26.0,596.0,374.0,114.0,145.0,0900700015728
09,007,Iztapalapa,0001,5732,2692,101.0,100.0,271.0,161.0,164.0,15.0,30.0,865.0,776.0,305.0,201.0,0900700015732
09,007,Iztapalapa,0001,5747,1979,51.0,72.0,292.0,138.0,198.0,16.0,27.0,608.0,520.0,190.0,123.0,0900700015747
09,007,Iztapalapa,0001,5751,1984,57.0,64.0,294.0,145.0,116.0,17.0,20.0,628.0,536.0,165.0,121.0,0900700015751
09,007,Iztapalapa,0001,5766,2047,74.0,73.0,268.0,143.0,170.0,11.0,17.0,598.0,536.0,180.0,147.0,0900700015766
09,007,Iztapalapa,0001,5770,1531,38.0,38.0,235.0,125.0,73.0,11.0,18.0,425.0,449.0,241.0,76.0,0900700015770
09,007,Iztapalapa,0001,5785,500,9.0,25.0,78.0,52.0,8.0,,7.0,139.0,138.0,64.0,34.0,0900700015785
09,007,Iztapalapa,0001,579A,364,19.0,10.0,47.0,27.0,7.0,,,128.0,93.0,38.0,29.0,090070001579A
09,007,Iztapalapa,0001,5802,463,17.0,17.0,69.0,40.0,24.0,5.0,7.0,102.0,141.0,46.0,34.0,0900700015802
09,007,Iztapalapa,0001,5817,504,21.0,20.0,56.0,29.0,25.0,,8.0,137.0,157.0,58.0,41.0,0900700015817
09,007,Iztapalapa,0001,5821,468,12.0,13.0,69.0,41.0,16.0,0.0,7.0,58.0,146.0,64.0,25.0,0900700015821
09,007,Iztapalapa,0001,5836,492,10.0,18.0,68.0,43.0,32.0,5.0,8.0,57.0,164.0,65.0,28.0,0900700015836
09,007,Iztapalapa,0001,5840,755,22.0,32.0,99.0,61.0,33.0,8.0,12.0,240.0,206.0,95.0,54.0,0900700015840
09,007,Iztapalapa,0001,5855,560,24.0,25.0,79.0,38.0,38.0,4.0,10.0,208.0,150.0,83.0,49.0,0900700015855
09,007,Iztapalapa,0001,586A,2523,57.0,85.0,229.0,139.0,66.0,9.0,15.0,618.0,825.0,336.0,142.0,090070001586A
09,007,Iztapalapa,0001,5874,1628,36.0,49.0,254.0,176.0,62.0,7.0,10.0,380.0,520.0,180.0,85.0,0900700015874
09,007,Iztapalapa,0001,5889,2195,74.0,72.0,156.0,94.0,86.0,6.0,17.0,579.0,667.0,224.0,146.0,0900700015889
09,007,Iztapalapa,0001,5893,5778,175.0,188.0,649.0,386.0,400.0,48.0,57.0,1618.0,1708.0,627.0,363.0,0900700015893
09,007,Iztapalapa,0001,5906,3780,102.0,153.0,464.0,266.0,182.0,20.0,26.0,1091.0,1128.0,442.0,255.0,0900700015906
09,007,Iztapalapa,0001,5910,3698,107.0,138.0,327.0,188.0,204.0,30.0,34.0,1063.0,1164.0,434.0,245.0,0900700015910
09,007,Iztapalapa,0001,5925,3653,96.0,121.0,380.0,208.0,71.0,17.0,26.0,944.0,1293.0,534.0,217.0,0900700015925
09,007,Iztapalapa,0001,593A,3627,136.0,177.0,296.0,178.0,172.0,16.0,65.0,1296.0,1095.0,446.0,313.0,090070001593A
09,008,La Magdalena Contreras,0001,0014,1704,23.0,28.0,450.0,312.0,75.0,16.0,5.0,241.0,666.0,307.0,51.0,0900800010014
09,008,La Magdalena Contreras,0001,0029,1293,17.0,18.0,349.0,238.0,64.0,14.0,3.0,248.0,480.0,260.0,35.0,0900800010029
09,008,La Magdalena Contreras,0001,0033,594,7.0,9.0,151.0,111.0,28.0,8.0,,124.0,224.0,101.0,16.0,0900800010033
09,008,La Magdalena Contreras,0001,0048,2569,46.0,54.0,669.0,501.0,129.0,25.0,11.0,458.0,960.0,459.0,100.0,0900800010048
09,008,La Magdalena Contreras,0001,0052,2382,34.0,36.0,641.0,471.0,110.0,19.0,4.0,418.0,817.0,324.0,70.0,0900800010052
09,008,La Magdalena Contreras,0001,0067,771,8.0,14.0,219.0,143.0,32.0,5.0,,126.0,297.0,140.0,22.0,0900800010067
09,008,La Magdalena Contreras,0001,0071,1074,19.0,17.0,312.0,218.0,75.0,11.0,5.0,165.0,406.0,222.0,36.0,0900800010071
09,008,La Magdalena Contreras,0001,0086,3234,63.0,67.0,761.0,567.0,115.0,32.0,8.0,640.0,1177.0,438.0,130.0,0900800010086
09,008,La Magdalena Contreras,0001,0090,6182,174.0,204.0,1047.0,733.0,452.0,72.0,38.0,1670.0,1597.0,607.0,378.0,0900800010090
09,008,La Magdalena Contreras,0001,0103,5677,145.0,175.0,970.0,697.0,406.0,50.0,46.0,1300.0,1494.0,498.0,320.0,0900800010103
09,008,La Magdalena Contreras,0001,0118,5588,94.0,135.0,1196.0,843.0,113.0,43.0,17.0,1028.0,1603.0,577.0,229.0,0900800010118
09,008,La Magdalena Contreras,0001,0122,1839,30.0,43.0,458.0,314.0,78.0,26.0,6.0,383.0,559.0,215.0,73.0,0900800010122
09,008,La Magdalena Contreras,0001,0137,7781,218.0,281.0,1040.0,744.0,510.0,73.0,81.0,2432.0,2050.0,766.0,499.0,0900800010137
09,008,La Magdalena Contreras,0001,0141,4742,105.0,148.0,754.0,537.0,280.0,41.0,27.0,1050.0,1336.0,467.0,253.0,0900800010141
09,008,La Magdalena Contreras,0001,0156,3779,104.0,119.0,586.0,372.0,269.0,44.0,27.0,874.0,1021.0,373.0,223.0,0900800010156
09,008,La Magdalena Contreras,0001,0160,4021,101.0,133.0,692.0,498.0,157.0,27.0,26.0,729.0,1072.0,400.0,234.0,0900800010160
09,008,La Magdalena Contreras,0001,0175,1415,34.0,38.0,345.0,268.0,60.0,16.0,3.0,291.0,442.0,134.0,72.0,0900800010175
09,008,La Magdalena Contreras,0001,018A,2321,53.0,64.0,452.0,335.0,176.0,17.0,7.0,600.0,669.0,269.0,117.0,090080001018A
09,008,La Magdalena Contreras,0001,0194,3249,72.0,93.0,738.0,528.0,215.0,37.0,21.0,832.0,980.0,355.0,165.0,0900800010194
09,008,La Magdalena Contreras,0001,0207,5197,147.0,143.0,981.0,668.0,288.0,63.0,35.0,1430.0,1440.0,533.0,290.0,0900800010207
09,008,La Magdalena Contreras,0001,0211,5516,160.0,167.0,981.0,684.0,214.0,39.0,38.0,1377.0,1525.0,721.0,327.0,0900800010211
09,008,La Magdalena Contreras,0001,0226,3917,90.0,115.0,675.0,472.0,370.0,54.0,27.0,1156.0,1097.0,447.0,205.0,0900800010226
09,008,La Magdalena Contreras,0001,0230,4286,111.0,154.0,761.0,532.0,163.0,38.0,30.0,1123.0,1279.0,490.0,265.0,0900800010230
09,008,La Magdalena Contreras,0001,0245,2847,104.0,95.0,529.0,381.0,129.0,15.0,16.0,651.0,777.0,297.0,199.0,0900800010245
09,008,La Magdalena Contreras,0001,025A,3734,84.0,124.0,747.0,554.0,185.0,40.0,13.0,785.0,1035.0,416.0,208.0,090080001025A
09,008,La Magdalena Contreras,0001,0264,5201,125.0,162.0,832.0,575.0,213.0,37.0,29.0,1352.0,1461.0,591.0,287.0,0900800010264
09,008,La Magdalena Contreras,0001,0283,4642,114.0,118.0,1014.0,767.0,267.0,64.0,26.0,1132.0,1448.0,569.0,232.0,0900800010283
09,008,La Magdalena Contreras,0001,0298,2262,61.0,78.0,330.0,209.0,124.0,22.0,22.0,499.0,618.0,229.0,139.0,0900800010298
09,008,La Magdalena Contreras,0001,0300,6547,181.0,232.0,1022.0,678.0,345.0,47.0,63.0,1501.0,1734.0,634.0,413.0,0900800010300
09,008,La Magdalena Contreras,0001,0315,4031,96.0,129.0,699.0,491.0,260.0,36.0,41.0,1045.0,1149.0,433.0,225.0,0900800010315
09,008,La Magdalena Contreras,0001,032A,5394,131.0,158.0,986.0,671.0,356.0,64.0,46.0,1311.0,1515.0,639.0,289.0,090080001032A
09,008,La Magdalena Contreras,0001,0334,2848,78.0,69.0,569.0,384.0,187.0,35.0,21.0,723.0,757.0,292.0,147.0,0900800010334
09,008,La Magdalena Contreras,0001,0349,9652,283.0,377.0,1410.0,962.0,564.0,90.0,89.0,2634.0,2558.0,883.0,660.0,0900800010349
09,008,La Magdalena Contreras,0001,0353,4361,79.0,113.0,792.0,555.0,300.0,53.0,19.0,1037.0,1193.0,478.0,192.0,0900800010353
09,008,La Magdalena Contreras,0001,0387,9890,298.0,422.0,1324.0,863.0,493.0,111.0,131.0,3162.0,2524.0,908.0,720.0,0900800010387
09,008,La Magdalena Contreras,0001,0404,8605,250.0,318.0,1343.0,936.0,498.0,70.0,89.0,2536.0,2268.0,808.0,568.0,0900800010404
09,008,La Magdalena Contreras,0001,0423,8887,326.0,377.0,989.0,626.0,528.0,67.0,133.0,2373.0,2362.0,752.0,703.0,0900800010423
09,008,La Magdalena Contreras,0001,0438,6170,227.0,264.0,654.0,379.0,258.0,73.0,82.0,2167.0,1634.0,508.0,491.0,0900800010438
09,008,La Magdalena Contreras,0001,0457,7657,301.0,364.0,716.0,454.0,474.0,82.0,137.0,2480.0,2003.0,619.0,665.0,0900800010457
09,008,La Magdalena Contreras,0001,0461,9520,383.0,438.0,886.0,536.0,488.0,86.0,129.0,3201.0,2403.0,884.0,821.0,0900800010461
09,008,La Magdalena Contreras,0001,0476,6192,284.0,318.0,491.0,290.0,357.0,30.0,110.0,2178.0,1566.0,512.0,602.0,0900800010476
09,008,La Magdalena Contreras,0001,0495,4250,109.0,112.0,827.0,561.0,215.0,42.0,15.0,1079.0,1206.0,572.0,221.0,0900800010495
09,008,La Magdalena Contreras,0001,0508,1233,36.0,31.0,390.0,302.0,24.0,,,217.0,476.0,254.0,67.0,0900800010508
09,008,La Magdalena Contreras,0001,0512,8047,267.0,353.0,1021.0,672.0,389.0,70.0,148.0,2565.0,2210.0,834.0,620.0,0900800010512
09,008,La Magdalena Contreras,0001,0527,8287,267.0,355.0,1091.0,726.0,485.0,79.0,107.0,2728.0,2134.0,721.0,622.0,0900800010527
09,008,La Magdalena Contreras,0001,0531,4235,135.0,190.0,550.0,364.0,322.0,29.0,69.0,1160.0,1045.0,416.0,325.0,0900800010531
09,008,La Magdalena Contreras,0001,0546,5931,178.0,261.0,667.0,428.0,339.0,53.0,70.0,1831.0,1475.0,573.0,439.0,0900800010546
09,008,La Magdalena Contreras,0001,0550,6008,154.0,238.0,812.0,539.0,285.0,55.0,84.0,1629.0,1527.0,540.0,392.0,0900800010550
09,008,La Magdalena Contreras,0001,0565,4313,125.0,180.0,619.0,444.0,195.0,20.0,52.0,1487.0,1202.0,424.0,305.0,0900800010565
09,008,La Magdalena Contreras,0001,057A,9341,350.0,446.0,806.0,473.0,653.0,72.0,150.0,3064.0,2402.0,776.0,796.0,090080001057A
09,008,La Magdalena Contreras,0001,0584,5314,195.0,230.0,467.0,293.0,390.0,35.0,71.0,1645.0,1376.0,562.0,425.0,0900800010584
09,008,La Magdalena Contreras,0001,0599,1898,90.0,75.0,168.0,107.0,126.0,15.0,23.0,685.0,506.0,160.0,165.0,0900800010599
09,009,Milpa Alta,0001,0026,3378,109.0,112.0,548.0,385.0,155.0,25.0,42.0,1367.0,900.0,315.0,221.0,0900900010026
09,009,Milpa Alta,0001,0308,3177,102.0,130.0,473.0,323.0,152.0,40.0,50.0,1568.0,773.0,271.0,232.0,0900900010308
09,009,Milpa Alta,0001,0312,4448,155.0,217.0,589.0,403.0,209.0,31.0,59.0,1939.0,1123.0,357.0,372.0,0900900010312
09,009,Milpa Alta,0001,0327,2324,79.0,98.0,362.0,267.0,133.0,32.0,22.0,834.0,632.0,182.0,177.0,0900900010327
09,009,Milpa Alta,0001,0331,2761,80.0,126.0,383.0,268.0,175.0,22.0,34.0,1203.0,661.0,209.0,206.0,0900900010331
09,009,Milpa Alta,0001,0492,416,14.0,16.0,47.0,25.0,22.0,8.0,5.0,185.0,110.0,30.0,30.0,0900900010492
09,009,Milpa Alta,0001,0505,722,27.0,35.0,73.0,54.0,44.0,4.0,10.0,259.0,175.0,68.0,62.0,0900900010505
09,009,Milpa Alta,0001,0562,987,49.0,46.0,108.0,79.0,54.0,13.0,14.0,466.0,247.0,88.0,95.0,0900900010562
09,009,Milpa Alta,0011,0401,10423,378.0,397.0,1160.0,715.0,357.0,75.0,129.0,3693.0,2791.0,1123.0,775.0,0900900110401
09,009,Milpa Alta,0011,0416,3231,107.0,137.0,411.0,286.0,207.0,30.0,31.0,903.0,865.0,290.0,244.0,0900900110416
09,009,Milpa Alta,0011,0420,7426,273.0,287.0,868.0,584.0,408.0,69.0,80.0,2107.0,1918.0,623.0,560.0,0900900110420
09,009,Milpa Alta,0011,0435,5442,208.0,275.0,574.0,351.0,341.0,52.0,79.0,1372.0,1341.0,437.0,483.0,0900900110435
09,009,Milpa Alta,0011,051A,971,37.0,60.0,69.0,48.0,78.0,9.0,16.0,255.0,244.0,62.0,97.0,090090011051A
09,009,Milpa Alta,0011,0543,275,3.0,11.0,11.0,7.0,,,7.0,34.0,62.0,15.0,14.0,0900900110543
09,009,Milpa Alta,0015,012A,4933,159.0,195.0,614.0,411.0,301.0,52.0,62.0,1148.0,1331.0,390.0,354.0,090090015012A
09,009,Milpa Alta,0017,0365,4952,198.0,228.0,510.0,330.0,286.0,37.0,54.0,1712.0,1286.0,412.0,426.0,0900900170365
09,009,Milpa Alta,0017,037A,3368,119.0,170.0,322.0,215.0,167.0,42.0,41.0,793.0,863.0,289.0,289.0,090090017037A
09,009,Milpa Alta,0017,0384,3799,140.0,190.0,403.0,257.0,206.0,26.0,49.0,1098.0,977.0,319.0,330.0,0900900170384
09,009,Milpa Alta,0017,0399,1635,50.0,79.0,185.0,129.0,116.0,12.0,25.0,402.0,446.0,185.0,129.0,0900900170399
09,009,Milpa Alta,0017,0558,165,8.0,12.0,10.0,6.0,19.0,,,46.0,41.0,18.0,20.0,0900900170558
09,009,Milpa Alta,0024,0191,5998,235.0,282.0,661.0,422.0,220.0,39.0,92.0,1621.0,1520.0,483.0,517.0,0900900240191
09,009,Milpa Alta,0024,0204,4866,226.0,255.0,544.0,377.0,216.0,29.0,68.0,992.0,1243.0,401.0,481.0,0900900240204
09,009,Milpa Alta,0024,0219,4502,160.0,216.0,513.0,321.0,238.0,59.0,71.0,899.0,1124.0,315.0,376.0,0900900240219
09,009,Milpa Alta,0024,0577,1152,53.0,48.0,88.0,58.0,55.0,10.0,24.0,189.0,292.0,78.0,101.0,0900900240577
09,009,Milpa Alta,0024,0581,382,15.0,19.0,22.0,14.0,10.0,3.0,3.0,101.0,100.0,29.0,34.0,0900900240581
09,009,Milpa Alta,0024,0596,681,26.0,28.0,66.0,36.0,30.0,7.0,5.0,114.0,179.0,70.0,54.0,0900900240596
09,009,Milpa Alta,0024,0651,134,7.0,9.0,9.0,5.0,4.0,,3.0,22.0,30.0,7.0,16.0,0900900240651
09,009,Milpa Alta,0029,044A,1588,53.0,63.0,278.0,194.0,77.0,12.0,14.0,596.0,414.0,153.0,116.0,090090029044A
09,009,Milpa Alta,0029,0454,1395,54.0,60.0,192.0,116.0,74.0,22.0,21.0,603.0,367.0,98.0,114.0,0900900290454
09,009,Milpa Alta,0029,0469,3035,111.0,137.0,343.0,203.0,134.0,17.0,48.0,1480.0,766.0,227.0,248.0,0900900290469
09,009,Milpa Alta,0029,0473,3057,143.0,133.0,328.0,205.0,151.0,23.0,43.0,1128.0,755.0,253.0,276.0,0900900290473
09,009,Milpa Alta,0029,0609,159,13.0,11.0,14.0,9.0,6.0,0.0,3.0,61.0,40.0,11.0,24.0,0900900290609
09,009,Milpa Alta,0033,0346,5875,236.0,293.0,574.0,374.0,406.0,43.0,98.0,1639.0,1475.0,454.0,529.0,0900900330346
09,009,Milpa Alta,0033,0350,9142,340.0,409.0,868.0,532.0,398.0,53.0,142.0,2267.0,2314.0,683.0,749.0,0900900330350
09,009,Milpa Alta,0033,0488,1830,70.0,75.0,196.0,126.0,110.0,11.0,27.0,654.0,444.0,181.0,145.0,0900900330488
09,009,Milpa Alta,0036,0223,3527,143.0,128.0,477.0,335.0,179.0,34.0,41.0,748.0,957.0,323.0,271.0,0900900360223
09,009,Milpa Alta,0036,0238,3357,107.0,133.0,453.0,294.0,230.0,34.0,38.0,750.0,882.0,307.0,240.0,0900900360238
09,009,Milpa Alta,0036,0242,4831,204.0,204.0,500.0,340.0,202.0,30.0,54.0,1222.0,1191.0,383.0,408.0,0900900360242
09,009,Milpa Alta,0152,0613,2338,91.0,113.0,249.0,158.0,135.0,26.0,34.0,678.0,611.0,148.0,204.0,0900901520613
09,009,Milpa Alta,0152,0628,1950,85.0,98.0,246.0,172.0,135.0,29.0,22.0,577.0,501.0,139.0,183.0,0900901520628
09,009,Milpa Alta,0300,0632,2109,87.0,95.0,212.0,140.0,148.0,38.0,33.0,492.0,510.0,175.0,182.0,0900903000632
09,009,Milpa Alta,0300,0647,1969,78.0,107.0,194.0,134.0,114.0,16.0,36.0,521.0,498.0,185.0,185.0,0900903000647
09,010,Álvaro Obregón,0001,0012,1720,35.0,40.0,439.0,324.0,60.0,20.0,7.0,337.0,547.0,253.0,75.0,0901000010012
09,010,Álvaro Obregón,0001,0027,2510,54.0,72.0,634.0,448.0,108.0,23.0,15.0,527.0,838.0,365.0,126.0,0901000010027
09,010,Álvaro Obregón,0001,0031,3440,69.0,103.0,633.0,443.0,195.0,41.0,19.0,824.0,1003.0,418.0,172.0,0901000010031
09,010,Álvaro Obregón,0001,0046,5330,144.0,189.0,858.0,601.0,327.0,51.0,59.0,1308.0,1394.0,584.0,333.0,0901000010046
09,010,Álvaro Obregón,0001,0050,4144,121.0,122.0,627.0,415.0,285.0,49.0,27.0,1055.0,1238.0,526.0,243.0,0901000010050
09,010,Álvaro Obregón,0001,0065,5548,135.0,165.0,993.0,707.0,429.0,126.0,47.0,1494.0,1839.0,786.0,300.0,0901000010065
09,010,Álvaro Obregón,0001,0084,2608,57.0,71.0,471.0,340.0,96.0,21.0,17.0,605.0,839.0,305.0,128.0,0901000010084
09,010,Álvaro Obregón,0001,0099,3822,92.0,130.0,650.0,457.0,210.0,38.0,27.0,935.0,959.0,380.0,222.0,0901000010099
09,010,Álvaro Obregón,0001,0101,1491,35.0,40.0,327.0,229.0,85.0,15.0,10.0,344.0,426.0,201.0,75.0,0901000010101
09,010,Álvaro Obregón,0001,0116,4232,140.0,166.0,640.0,432.0,301.0,46.0,45.0,889.0,1174.0,572.0,306.0,0901000010116
09,010,Álvaro Obregón,0001,0135,21198,662.0,683.0,1791.0,1011.0,591.0,76.0,127.0,3564.0,8070.0,3132.0,1345.0,0901000010135
09,010,Álvaro Obregón,0001,014A,4198,121.0,143.0,739.0,479.0,269.0,45.0,37.0,1037.0,1277.0,481.0,264.0,090100001014A
09,010,Álvaro Obregón,0001,0169,2493,72.0,77.0,418.0,287.0,130.0,18.0,26.0,727.0,599.0,241.0,149.0,0901000010169
09,010,Álvaro Obregón,0001,0173,4303,128.0,149.0,756.0,531.0,262.0,62.0,50.0,1083.0,1270.0,545.0,277.0,0901000010173
09,010,Álvaro Obregón,0001,0188,675,14.0,17.0,163.0,121.0,41.0,9.0,0.0,99.0,260.0,119.0,31.0,0901000010188
09,010,Álvaro Obregón,0001,0192,654,14.0,15.0,144.0,103.0,60.0,10.0,6.0,113.0,291.0,120.0,29.0,0901000010192
09,010,Álvaro Obregón,0001,0205,532,9.0,12.0,136.0,89.0,30.0,7.0,,100.0,186.0,103.0,21.0,0901000010205
09,010,Álvaro Obregón,0001,021A,678,18.0,15.0,158.0,113.0,37.0,8.0,5.0,123.0,217.0,89.0,33.0,090100001021A
09,010,Álvaro Obregón,0001,0224,499,5.0,9.0,135.0,87.0,45.0,11.0,,95.0,165.0,80.0,14.0,0901000010224
09,010,Álvaro Obregón,0001,0239,975,23.0,24.0,228.0,158.0,96.0,13.0,,174.0,367.0,165.0,47.0,0901000010239
09,010,Álvaro Obregón,0001,0243,7522,205.0,251.0,1257.0,869.0,476.0,88.0,78.0,1647.0,1998.0,752.0,456.0,0901000010243
09,010,Álvaro Obregón,0001,0258,734,9.0,11.0,208.0,143.0,50.0,8.0,,131.0,257.0,120.0,20.0,0901000010258
09,010,Álvaro Obregón,0001,0262,451,9.0,7.0,131.0,89.0,30.0,11.0,,76.0,154.0,69.0,16.0,0901000010262
09,010,Álvaro Obregón,0001,0277,456,5.0,6.0,128.0,81.0,8.0,0.0,,84.0,153.0,66.0,11.0,0901000010277
09,010,Álvaro Obregón,0001,0281,237,3.0,12.0,45.0,36.0,3.0,0.0,3.0,78.0,68.0,14.0,15.0,0901000010281
09,010,Álvaro Obregón,0001,0296,2489,60.0,73.0,478.0,330.0,84.0,19.0,25.0,483.0,693.0,283.0,133.0,0901000010296
09,010,Álvaro Obregón,0001,0309,3842,82.0,112.0,634.0,444.0,238.0,57.0,36.0,941.0,1063.0,408.0,194.0,0901000010309
09,010,Álvaro Obregón,0001,0313,5423,172.0,193.0,752.0,475.0,319.0,61.0,42.0,1198.0,1301.0,515.0,365.0,0901000010313
09,010,Álvaro Obregón,0001,0328,6914,179.0,243.0,1111.0,748.0,531.0,109.0,77.0,1405.0,1949.0,802.0,422.0,0901000010328
09,010,Álvaro Obregón,0001,0332,4719,170.0,155.0,690.0,465.0,338.0,55.0,40.0,1069.0,1360.0,528.0,325.0,0901000010332
09,010,Álvaro Obregón,0001,0347,3737,129.0,157.0,489.0,337.0,198.0,35.0,44.0,762.0,1094.0,423.0,286.0,0901000010347
09,010,Álvaro Obregón,0001,0351,4430,180.0,173.0,600.0,408.0,292.0,41.0,44.0,1085.0,1292.0,449.0,353.0,0901000010351
09,010,Álvaro Obregón,0001,0370,3343,115.0,145.0,404.0,276.0,178.0,27.0,61.0,1104.0,948.0,338.0,260.0,0901000010370
09,010,Álvaro Obregón,0001,0385,3058,100.0,126.0,342.0,231.0,224.0,29.0,50.0,808.0,690.0,267.0,226.0,0901000010385
09,010,Álvaro Obregón,0001,0417,1933,32.0,50.0,450.0,367.0,125.0,15.0,12.0,286.0,674.0,316.0,82.0,0901000010417
09,010,Álvaro Obregón,0001,0421,5467,186.0,206.0,883.0,633.0,188.0,43.0,65.0,1436.0,1417.0,546.0,392.0,0901000010421
09,010,Álvaro Obregón,0001,0440,4748,154.0,200.0,618.0,435.0,336.0,54.0,75.0,1187.0,1303.0,501.0,354.0,0901000010440
09,010,Álvaro Obregón,0001,0455,3157,72.0,95.0,568.0,391.0,161.0,29.0,25.0,731.0,831.0,299.0,167.0,0901000010455
09,010,Álvaro Obregón,0001,0474,9421,294.0,345.0,1369.0,901.0,501.0,102.0,102.0,2186.0,2413.0,964.0,639.0,0901000010474
09,010,Álvaro Obregón,0001,0489,3751,113.0,156.0,535.0,361.0,231.0,30.0,47.0,1109.0,1031.0,338.0,269.0,0901000010489
09,010,Álvaro Obregón,0001,0493,4638,135.0,161.0,841.0,584.0,255.0,36.0,45.0,1245.0,1324.0,558.0,296.0,0901000010493
09,010,Álvaro Obregón,0001,0506,2719,71.0,108.0,417.0,280.0,127.0,29.0,30.0,945.0,707.0,291.0,179.0,0901000010506
09,010,Álvaro Obregón,0001,0510,3573,70.0,97.0,722.0,535.0,210.0,43.0,11.0,630.0,1207.0,575.0,167.0,0901000010510
09,010,Álvaro Obregón,0001,0525,2348,39.0,73.0,514.0,367.0,128.0,18.0,15.0,631.0,772.0,375.0,112.0,0901000010525
09,010,Álvaro Obregón,0001,053A,4574,109.0,150.0,796.0,569.0,231.0,47.0,42.0,1181.0,1296.0,540.0,259.0,090100001053A
09,010,Álvaro Obregón,0001,0544,2482,59.0,68.0,499.0,382.0,140.0,30.0,15.0,832.0,761.0,288.0,127.0,0901000010544
09,010,Álvaro Obregón,0001,0559,2371,44.0,46.0,539.0,361.0,118.0,18.0,12.0,514.0,822.0,302.0,90.0,0901000010559
09,010,Álvaro Obregón,0001,0563,9225,285.0,362.0,1426.0,958.0,641.0,108.0,93.0,2519.0,2552.0,973.0,647.0,0901000010563
09,010,Álvaro Obregón,0001,0578,6964,166.0,211.0,1306.0,881.0,431.0,58.0,43.0,1661.0,2020.0,780.0,377.0,0901000010578
09,010,Álvaro Obregón,0001,0597,3848,96.0,118.0,699.0,473.0,197.0,36.0,47.0,925.0,1083.0,411.0,214.0,0901000010597
09,010,Álvaro Obregón,0001,060A,2671,59.0,73.0,535.0,371.0,241.0,31.0,13.0,595.0,779.0,336.0,132.0,090100001060A
09,010,Álvaro Obregón,0001,0614,2078,30.0,44.0,531.0,393.0,143.0,34.0,21.0,484.0,659.0,306.0,74.0,0901000010614
09,010,Álvaro Obregón,0001,0629,2510,36.0,51.0,606.0,435.0,175.0,29.0,4.0,609.0,838.0,333.0,87.0,0901000010629
09,010,Álvaro Obregón,0001,0633,1888,45.0,44.0,405.0,286.0,52.0,17.0,5.0,398.0,574.0,254.0,89.0,0901000010633
09,010,Álvaro Obregón,0001,0648,1560,31.0,28.0,478.0,390.0,87.0,15.0,5.0,259.0,650.0,280.0,59.0,0901000010648
09,010,Álvaro Obregón,0001,0667,5010,158.0,184.0,721.0,538.0,312.0,47.0,36.0,1381.0,1460.0,511.0,342.0,0901000010667
09,010,Álvaro Obregón,0001,0671,4314,82.0,122.0,875.0,589.0,173.0,15.0,17.0,886.0,1504.0,546.0,204.0,0901000010671
09,010,Álvaro Obregón,0001,0686,2695,56.0,52.0,758.0,554.0,125.0,21.0,8.0,609.0,905.0,304.0,108.0,0901000010686
09,010,Álvaro Obregón,0001,0690,3546,65.0,93.0,735.0,531.0,198.0,29.0,10.0,816.0,1232.0,504.0,158.0,0901000010690
09,010,Álvaro Obregón,0001,0703,1913,25.0,39.0,434.0,314.0,70.0,9.0,8.0,466.0,743.0,384.0,64.0,0901000010703
09,010,Álvaro Obregón,0001,0718,969,12.0,23.0,233.0,167.0,56.0,9.0,3.0,197.0,349.0,142.0,35.0,0901000010718
09,010,Álvaro Obregón,0001,0722,2280,55.0,62.0,505.0,358.0,138.0,25.0,21.0,366.0,838.0,373.0,117.0,0901000010722
09,010,Álvaro Obregón,0001,0737,621,11.0,15.0,145.0,112.0,44.0,8.0,,115.0,289.0,145.0,26.0,0901000010737
09,010,Álvaro Obregón,0001,0741,3250,86.0,100.0,603.0,419.0,186.0,37.0,44.0,778.0,912.0,404.0,186.0,0901000010741
09,010,Álvaro Obregón,0001,0756,1488,26.0,32.0,330.0,263.0,118.0,17.0,5.0,304.0,524.0,227.0,58.0,0901000010756
09,010,Álvaro Obregón,0001,0760,841,15.0,21.0,182.0,120.0,57.0,13.0,5.0,181.0,311.0,156.0,36.0,0901000010760
09,010,Álvaro Obregón,0001,0775,1396,18.0,33.0,361.0,274.0,124.0,15.0,5.0,234.0,536.0,283.0,51.0,0901000010775
09,010,Álvaro Obregón,0001,078A,1113,26.0,17.0,264.0,199.0,119.0,11.0,,199.0,425.0,214.0,43.0,090100001078A
09,010,Álvaro Obregón,0001,0794,757,13.0,12.0,187.0,137.0,50.0,4.0,,179.0,294.0,126.0,25.0,0901000010794
09,010,Álvaro Obregón,0001,0807,1866,25.0,46.0,412.0,293.0,145.0,22.0,5.0,425.0,683.0,343.0,71.0,0901000010807
09,010,Álvaro Obregón,0001,0811,1230,16.0,21.0,316.0,210.0,83.0,4.0,4.0,230.0,497.0,227.0,37.0,0901000010811
09,010,Álvaro Obregón,0001,0826,779,13.0,22.0,213.0,165.0,34.0,11.0,,134.0,278.0,122.0,35.0,0901000010826
09,010,Álvaro Obregón,0001,0830,774,9.0,18.0,201.0,153.0,74.0,10.0,,146.0,303.0,121.0,27.0,0901000010830
09,010,Álvaro Obregón,0001,0845,1543,38.0,34.0,329.0,239.0,44.0,12.0,9.0,301.0,529.0,229.0,72.0,0901000010845
09,010,Álvaro Obregón,0001,0864,5942,185.0,250.0,820.0,560.0,200.0,33.0,91.0,1844.0,1396.0,518.0,435.0,0901000010864
09,010,Álvaro Obregón,0001,0898,2279,69.0,90.0,400.0,288.0,113.0,24.0,21.0,623.0,638.0,225.0,159.0,0901000010898
09,010,Álvaro Obregón,0001,0900,2362,54.0,72.0,426.0,288.0,133.0,25.0,20.0,641.0,657.0,226.0,126.0,0901000010900
09,010,Álvaro Obregón,0001,0915,2776,46.0,65.0,679.0,474.0,97.0,16.0,9.0,532.0,897.0,313.0,111.0,0901000010915
09,010,Álvaro Obregón,0001,092A,2553,58.0,101.0,442.0,293.0,110.0,16.0,26.0,596.0,718.0,256.0,159.0,090100001092A
09,010,Álvaro Obregón,0001,0949,1094,22.0,27.0,280.0,224.0,53.0,10.0,,222.0,381.0,162.0,49.0,0901000010949
09,010,Álvaro Obregón,0001,0953,1943,48.0,70.0,483.0,367.0,94.0,19.0,13.0,435.0,684.0,276.0,118.0,0901000010953
09,010,Álvaro Obregón,0001,0968,4987,129.0,155.0,1164.0,842.0,189.0,33.0,19.0,1291.0,1641.0,671.0,284.0,0901000010968
09,010,Álvaro Obregón,0001,0972,3219,82.0,88.0,723.0,505.0,98.0,23.0,12.0,461.0,1172.0,436.0,170.0,0901000010972
09,010,Álvaro Obregón,0001,0987,1969,51.0,38.0,495.0,357.0,98.0,22.0,5.0,309.0,787.0,333.0,89.0,0901000010987
09,010,Álvaro Obregón,0001,0991,2679,46.0,62.0,736.0,539.0,114.0,37.0,9.0,445.0,883.0,313.0,108.0,0901000010991
09,010,Álvaro Obregón,0001,1006,2910,46.0,63.0,690.0,476.0,147.0,23.0,6.0,550.0,938.0,341.0,109.0,0901000011006
09,010,Álvaro Obregón,0001,1010,2582,46.0,75.0,643.0,469.0,86.0,18.0,13.0,569.0,871.0,334.0,121.0,0901000011010
09,010,Álvaro Obregón,0001,1025,681,25.0,21.0,123.0,79.0,17.0,0.0,5.0,139.0,243.0,93.0,46.0,0901000011025
09,010,Álvaro Obregón,0001,103A,1813,36.0,49.0,449.0,320.0,54.0,13.0,12.0,363.0,586.0,211.0,85.0,090100001103A
09,010,Álvaro Obregón,0001,1044,2563,59.0,46.0,713.0,534.0,131.0,42.0,6.0,595.0,803.0,346.0,105.0,0901000011044
09,010,Álvaro Obregón,0001,1059,3145,68.0,73.0,885.0,669.0,111.0,43.0,15.0,511.0,1336.0,520.0,141.0,0901000011059
09,010,Álvaro Obregón,0001,1063,3028,57.0,75.0,799.0,600.0,139.0,48.0,13.0,590.0,982.0,364.0,132.0,0901000011063
09,010,Álvaro Obregón,0001,1078,5883,145.0,163.0,966.0,677.0,228.0,53.0,40.0,1806.0,1693.0,633.0,308.0,0901000011078
09,010,Álvaro Obregón,0001,110A,3881,64.0,85.0,1020.0,781.0,207.0,45.0,23.0,785.0,1347.0,625.0,149.0,090100001110A
09,010,Álvaro Obregón,0001,1114,864,12.0,12.0,242.0,174.0,17.0,8.0,,138.0,280.0,97.0,24.0,0901000011114
09,010,Álvaro Obregón,0001,1129,1218,19.0,25.0,356.0,265.0,66.0,39.0,6.0,209.0,381.0,144.0,44.0,0901000011129
09,010,Álvaro Obregón,0001,1133,2203,24.0,46.0,575.0,414.0,111.0,52.0,4.0,485.0,767.0,322.0,70.0,0901000011133
09,010,Álvaro Obregón,0001,1148,5277,91.0,144.0,1325.0,942.0,172.0,32.0,31.0,888.0,1597.0,441.0,235.0,0901000011148
09,010,Álvaro Obregón,0001,1152,2719,38.0,51.0,740.0,545.0,79.0,20.0,10.0,589.0,849.0,236.0,89.0,0901000011152
09,010,Álvaro Obregón,0001,1171,13918,358.0,436.0,2294.0,1553.0,522.0,90.0,94.0,3214.0,4635.0,1962.0,794.0,0901000011171
09,010,Álvaro Obregón,0001,1186,3320,66.0,80.0,817.0,608.0,121.0,25.0,24.0,830.0,1119.0,479.0,146.0,0901000011186
09,010,Álvaro Obregón,0001,1190,3425,52.0,71.0,772.0,528.0,127.0,31.0,14.0,826.0,1207.0,515.0,123.0,0901000011190
09,010,Álvaro Obregón,0001,1203,396,3.0,10.0,90.0,67.0,16.0,5.0,,84.0,154.0,68.0,13.0,0901000011203
09,010,Álvaro Obregón,0001,1218,2825,93.0,81.0,463.0,313.0,97.0,19.0,20.0,569.0,1035.0,384.0,174.0,0901000011218
09,010,Álvaro Obregón,0001,1222,4628,100.0,112.0,1076.0,777.0,205.0,51.0,22.0,1028.0,1424.0,618.0,212.0,0901000011222
09,010,Álvaro Obregón,0001,1237,4443,98.0,79.0,1134.0,814.0,240.0,48.0,6.0,900.0,1470.0,603.0,177.0,0901000011237
09,010,Álvaro Obregón,0001,1241,5752,108.0,142.0,1250.0,876.0,291.0,67.0,13.0,906.0,2169.0,944.0,250.0,0901000011241
09,010,Álvaro Obregón,0001,1260,3638,50.0,78.0,861.0,647.0,119.0,57.0,9.0,567.0,968.0,323.0,128.0,0901000011260
09,010,Álvaro Obregón,0001,1275,3017,32.0,45.0,844.0,588.0,84.0,40.0,0.0,520.0,802.0,226.0,77.0,0901000011275
09,010,Álvaro Obregón,0001,128A,2309,34.0,62.0,641.0,486.0,64.0,28.0,17.0,375.0,692.0,234.0,96.0,090100001128A
09,010,Álvaro Obregón,0001,1294,3322,30.0,29.0,794.0,535.0,95.0,44.0,3.0,594.0,874.0,259.0,59.0,0901000011294
09,010,Álvaro Obregón,0001,1307,2914,55.0,71.0,691.0,473.0,81.0,15.0,6.0,544.0,853.0,249.0,126.0,0901000011307
09,010,Álvaro Obregón,0001,1330,8619,235.0,315.0,1179.0,728.0,347.0,50.0,94.0,2395.0,2276.0,771.0,550.0,0901000011330
09,010,Álvaro Obregón,0001,1345,7215,221.0,266.0,1090.0,737.0,313.0,66.0,77.0,2114.0,1885.0,685.0,487.0,0901000011345
09,010,Álvaro Obregón,0001,135A,6908,255.0,288.0,926.0,632.0,348.0,55.0,89.0,1797.0,1743.0,503.0,543.0,090100001135A
09,010,Álvaro Obregón,0001,1364,6072,176.0,246.0,867.0,630.0,344.0,48.0,88.0,1772.0,1596.0,615.0,422.0,0901000011364
09,010,Álvaro Obregón,0001,1379,2298,67.0,91.0,326.0,228.0,72.0,11.0,14.0,470.0,682.0,232.0,158.0,0901000011379
09,010,Álvaro Obregón,0001,1434,5554,145.0,204.0,926.0,655.0,225.0,37.0,40.0,1454.0,1360.0,485.0,349.0,0901000011434
09,010,Álvaro Obregón,0001,1453,4876,162.0,200.0,569.0,347.0,314.0,61.0,75.0,1430.0,1005.0,395.0,362.0,0901000011453
09,010,Álvaro Obregón,0001,1468,2600,102.0,128.0,293.0,202.0,206.0,15.0,57.0,709.0,654.0,280.0,230.0,0901000011468
09,010,Álvaro Obregón,0001,1472,3788,156.0,181.0,398.0,255.0,253.0,34.0,61.0,934.0,881.0,304.0,337.0,0901000011472
09,010,Álvaro Obregón,0001,1487,4629,187.0,200.0,536.0,383.0,260.0,36.0,84.0,1328.0,1294.0,457.0,387.0,0901000011487
09,010,Álvaro Obregón,0001,1519,4650,160.0,188.0,571.0,388.0,330.0,42.0,64.0,1288.0,1169.0,424.0,348.0,0901000011519
09,010,Álvaro Obregón,0001,1523,3528,129.0,157.0,438.0,304.0,153.0,40.0,66.0,985.0,914.0,320.0,286.0,0901000011523
09,010,Álvaro Obregón,0001,1542,2898,103.0,133.0,273.0,187.0,100.0,12.0,20.0,391.0,889.0,293.0,236.0,0901000011542
09,010,Álvaro Obregón,0001,1557,6638,225.0,293.0,812.0,530.0,401.0,65.0,93.0,1821.0,1898.0,705.0,518.0,0901000011557
09,010,Álvaro Obregón,0001,1561,3060,113.0,154.0,355.0,230.0,198.0,14.0,64.0,857.0,841.0,346.0,267.0,0901000011561
09,010,Álvaro Obregón,0001,1580,6453,184.0,232.0,1079.0,792.0,437.0,67.0,60.0,1848.0,1787.0,640.0,416.0,0901000011580
09,010,Álvaro Obregón,0001,1595,6197,203.0,270.0,714.0,440.0,342.0,64.0,104.0,1389.0,1499.0,621.0,473.0,0901000011595
09,010,Álvaro Obregón,0001,1627,5748,176.0,222.0,751.0,502.0,250.0,47.0,78.0,1489.0,1508.0,509.0,398.0,0901000011627
09,010,Álvaro Obregón,0001,1631,4992,134.0,174.0,711.0,474.0,261.0,50.0,55.0,1510.0,1176.0,479.0,308.0,0901000011631
09,010,Álvaro Obregón,0001,1646,4731,165.0,185.0,719.0,488.0,274.0,55.0,64.0,1520.0,1091.0,416.0,350.0,0901000011646
09,010,Álvaro Obregón,0001,1650,4628,167.0,192.0,597.0,365.0,225.0,39.0,57.0,1100.0,1149.0,375.0,359.0,0901000011650
09,010,Álvaro Obregón,0001,1665,1940,47.0,48.0,378.0,260.0,40.0,8.0,11.0,331.0,518.0,173.0,95.0,0901000011665
09,010,Álvaro Obregón,0001,167A,8067,249.0,307.0,1162.0,829.0,461.0,70.0,87.0,2448.0,2220.0,999.0,556.0,090100001167A
09,010,Álvaro Obregón,0001,1684,5661,150.0,183.0,857.0,610.0,308.0,66.0,52.0,1608.0,1562.0,565.0,333.0,0901000011684
09,010,Álvaro Obregón,0001,1699,9388,278.0,344.0,1302.0,880.0,292.0,67.0,113.0,3365.0,2476.0,913.0,622.0,0901000011699
09,010,Álvaro Obregón,0001,1716,7042,231.0,248.0,926.0,654.0,480.0,73.0,65.0,2016.0,1859.0,812.0,479.0,0901000011716
09,010,Álvaro Obregón,0001,1720,4093,158.0,221.0,388.0,242.0,154.0,19.0,76.0,1172.0,1012.0,267.0,379.0,0901000011720
09,010,Álvaro Obregón,0001,1735,9161,301.0,390.0,1010.0,580.0,426.0,69.0,136.0,2859.0,2270.0,669.0,691.0,0901000011735
09,010,Álvaro Obregón,0001,174A,9998,358.0,451.0,1044.0,601.0,533.0,101.0,153.0,3610.0,2604.0,848.0,809.0,090100001174A
09,010,Álvaro Obregón,0001,1754,3230,118.0,130.0,347.0,205.0,136.0,24.0,44.0,1066.0,850.0,313.0,248.0,0901000011754
09,010,Álvaro Obregón,0001,1769,9985,339.0,420.0,1168.0,717.0,390.0,64.0,127.0,2681.0,2631.0,846.0,759.0,0901000011769
09,010,Álvaro Obregón,0001,1773,4680,137.0,164.0,814.0,563.0,266.0,54.0,37.0,1270.0,1250.0,523.0,301.0,0901000011773
09,010,Álvaro Obregón,0001,1788,4219,110.0,177.0,552.0,341.0,226.0,32.0,45.0,1099.0,755.0,285.0,287.0,0901000011788
09,010,Álvaro Obregón,0001,1792,3160,102.0,109.0,488.0,353.0,83.0,19.0,42.0,691.0,921.0,314.0,211.0,0901000011792
09,010,Álvaro Obregón,0001,1805,3603,101.0,142.0,546.0,381.0,186.0,28.0,33.0,940.0,952.0,358.0,243.0,0901000011805
09,010,Álvaro Obregón,0001,181A,5355,137.0,178.0,826.0,562.0,195.0,27.0,83.0,1529.0,1561.0,584.0,315.0,090100001181A
09,010,Álvaro Obregón,0001,1824,4908,144.0,175.0,708.0,502.0,175.0,38.0,41.0,1572.0,1598.0,608.0,319.0,0901000011824
09,010,Álvaro Obregón,0001,1839,4896,181.0,173.0,708.0,491.0,239.0,34.0,31.0,1354.0,1372.0,507.0,354.0,0901000011839
09,010,Álvaro Obregón,0001,1843,8392,232.0,286.0,1329.0,920.0,318.0,43.0,92.0,2409.0,2452.0,1041.0,518.0,0901000011843
09,010,Álvaro Obregón,0001,1858,12053,290.0,380.0,2304.0,1589.0,441.0,113.0,73.0,2785.0,3893.0,1492.0,670.0,0901000011858
09,010,Álvaro Obregón,0001,1881,4044,94.0,141.0,744.0,487.0,175.0,15.0,14.0,727.0,1270.0,418.0,235.0,0901000011881
09,010,Álvaro Obregón,0001,1913,3983,74.0,158.0,676.0,430.0,277.0,33.0,38.0,863.0,1122.0,505.0,232.0,0901000011913
09,010,Álvaro Obregón,0001,1928,2144,38.0,65.0,435.0,306.0,136.0,16.0,12.0,350.0,670.0,309.0,103.0,0901000011928
09,010,Álvaro Obregón,0001,1932,2659,103.0,147.0,288.0,202.0,95.0,16.0,69.0,770.0,749.0,250.0,250.0,0901000011932
09,010,Álvaro Obregón,0001,1947,4280,129.0,156.0,757.0,514.0,177.0,29.0,52.0,1191.0,1253.0,405.0,285.0,0901000011947
09,010,Álvaro Obregón,0001,1951,6009,229.0,300.0,522.0,293.0,325.0,45.0,115.0,1242.0,1638.0,629.0,529.0,0901000011951
09,010,Álvaro Obregón,0001,1966,3156,95.0,92.0,607.0,445.0,175.0,29.0,23.0,844.0,930.0,331.0,187.0,0901000011966
09,010,Álvaro Obregón,0001,1970,4427,153.0,172.0,622.0,438.0,208.0,45.0,47.0,1162.0,1234.0,410.0,325.0,0901000011970
09,010,Álvaro Obregón,0001,1985,4355,157.0,193.0,504.0,340.0,332.0,35.0,71.0,1322.0,1024.0,368.0,350.0,0901000011985
09,010,Álvaro Obregón,0001,199A,3207,109.0,133.0,400.0,259.0,239.0,33.0,48.0,870.0,816.0,255.0,242.0,090100001199A
09,010,Álvaro Obregón,0001,2004,0,0.0,0.0,0.0,0.0,0.0,0.0,0.0,0.0,0.0,0.0,0.0,0901000012004
09,010,Álvaro Obregón,0001,2019,3273,126.0,149.0,382.0,263.0,178.0,25.0,57.0,764.0,782.0,330.0,275.0,0901000012019
09,010,Álvaro Obregón,0001,2023,4169,143.0,180.0,481.0,313.0,168.0,30.0,60.0,1275.0,1081.0,495.0,323.0,0901000012023
09,010,Álvaro Obregón,0001,2038,4207,159.0,192.0,489.0,303.0,300.0,36.0,56.0,1237.0,1010.0,371.0,351.0,0901000012038
09,010,Álvaro Obregón,0001,2042,3847,153.0,157.0,454.0,308.0,227.0,30.0,64.0,1343.0,1055.0,509.0,310.0,0901000012042
09,010,Álvaro Obregón,0001,2057,3669,110.0,152.0,601.0,412.0,155.0,67.0,57.0,936.0,1008.0,372.0,262.0,0901000012057
09,010,Álvaro Obregón,0001,2061,8541,218.0,368.0,617.0,410.0,269.0,36.0,77.0,995.0,2594.0,784.0,586.0,0901000012061
09,010,Álvaro Obregón,0001,2076,3152,93.0,97.0,504.0,342.0,171.0,28.0,35.0,711.0,771.0,310.0,190.0,0901000012076
09,010,Álvaro Obregón,0001,2080,2501,66.0,75.0,371.0,204.0,134.0,6.0,20.0,573.0,806.0,309.0,141.0,0901000012080
09,010,Álvaro Obregón,0001,2095,5597,164.0,185.0,752.0,497.0,198.0,35.0,51.0,1504.0,1598.0,604.0,349.0,0901000012095
09,010,Álvaro Obregón,0001,2108,3889,99.0,143.0,581.0,417.0,395.0,38.0,44.0,1244.0,788.0,310.0,242.0,0901000012108
09,010,Álvaro Obregón,0001,2112,9888,310.0,416.0,1068.0,679.0,565.0,59.0,133.0,2421.0,2612.0,1032.0,726.0,0901000012112
09,010,Álvaro Obregón,0001,2131,1859,43.0,53.0,406.0,298.0,77.0,20.0,17.0,442.0,573.0,332.0,96.0,0901000012131
09,010,Álvaro Obregón,0001,2146,2832,78.0,89.0,500.0,328.0,178.0,33.0,12.0,604.0,993.0,479.0,167.0,0901000012146
09,010,Álvaro Obregón,0001,2150,4588,101.0,140.0,882.0,634.0,258.0,34.0,25.0,1120.0,1611.0,756.0,241.0,0901000012150
09,010,Álvaro Obregón,0001,2165,3201,87.0,95.0,493.0,337.0,109.0,24.0,30.0,907.0,912.0,349.0,182.0,0901000012165
09,010,Álvaro Obregón,0001,2184,1979,39.0,65.0,361.0,246.0,86.0,10.0,12.0,571.0,608.0,270.0,104.0,0901000012184
09,010,Álvaro Obregón,0001,2199,4398,111.0,128.0,660.0,460.0,244.0,33.0,34.0,1215.0,1139.0,462.0,239.0,0901000012199
09,010,Álvaro Obregón,0001,2201,3148,86.0,116.0,404.0,261.0,194.0,21.0,31.0,740.0,807.0,279.0,202.0,0901000012201
09,010,Álvaro Obregón,0001,2216,4171,166.0,213.0,414.0,259.0,279.0,37.0,78.0,1296.0,994.0,419.0,379.0,0901000012216
09,010,Álvaro Obregón,0001,2220,3537,123.0,153.0,410.0,239.0,174.0,21.0,45.0,1316.0,779.0,262.0,276.0,0901000012220
09,010,Álvaro Obregón,0001,2235,2796,89.0,93.0,403.0,246.0,134.0,18.0,32.0,680.0,772.0,329.0,182.0,0901000012235
09,010,Álvaro Obregón,0001,224A,3148,92.0,120.0,424.0,265.0,180.0,24.0,28.0,643.0,820.0,344.0,212.0,090100001224A
09,010,Álvaro Obregón,0001,2254,4676,129.0,173.0,645.0,375.0,203.0,21.0,47.0,1036.0,1371.0,493.0,302.0,0901000012254
09,010,Álvaro Obregón,0001,2269,1809,54.0,73.0,222.0,121.0,31.0,9.0,16.0,485.0,565.0,212.0,127.0,0901000012269
09,010,Álvaro Obregón,0001,2273,80,,3.0,5.0,3.0,,0.0,,19.0,20.0,4.0,,0901000012273
09,010,Álvaro Obregón,0001,2288,5792,147.0,176.0,828.0,501.0,305.0,52.0,44.0,1512.0,1500.0,575.0,323.0,0901000012288
09,010,Álvaro Obregón,0001,2292,6933,215.0,239.0,813.0,472.0,229.0,35.0,55.0,1478.0,2037.0,826.0,454.0,0901000012292
09,010,Álvaro Obregón,0001,2305,4002,164.0,198.0,431.0,269.0,244.0,25.0,73.0,1182.0,1003.0,403.0,362.0,0901000012305
09,010,Álvaro Obregón,0001,231A,2927,91.0,125.0,362.0,222.0,140.0,24.0,36.0,659.0,815.0,329.0,216.0,090100001231A
09,010,Álvaro Obregón,0001,2324,2742,107.0,110.0,324.0,221.0,172.0,11.0,41.0,776.0,668.0,283.0,217.0,0901000012324
09,010,Álvaro Obregón,0001,2339,3534,101.0,157.0,348.0,245.0,81.0,6.0,14.0,562.0,855.0,366.0,258.0,0901000012339
09,010,Álvaro Obregón,0001,2343,4863,175.0,216.0,496.0,316.0,171.0,23.0,110.0,1201.0,1193.0,489.0,391.0,0901000012343
09,010,Álvaro Obregón,0001,2358,3083,100.0,130.0,306.0,192.0,95.0,13.0,17.0,468.0,826.0,272.0,230.0,0901000012358
09,010,Álvaro Obregón,0001,2362,2279,49.0,78.0,349.0,219.0,158.0,20.0,17.0,788.0,593.0,281.0,127.0,0901000012362
09,010,Álvaro Obregón,0001,2377,2502,64.0,61.0,331.0,198.0,105.0,10.0,11.0,666.0,764.0,343.0,125.0,0901000012377
09,010,Álvaro Obregón,0001,2381,21,0.0,,,,0.0,0.0,,3.0,7.0,3.0,,0901000012381
09,011,Tláhuac,0001,001A,5957,218.0,227.0,590.0,329.0,362.0,37.0,66.0,1672.0,1760.0,666.0,445.0,090110001001A
09,011,Tláhuac,0001,0039,6748,187.0,265.0,908.0,583.0,353.0,65.0,83.0,1833.0,1973.0,701.0,452.0,0901100010039
09,011,Tláhuac,0001,0043,5601,191.0,235.0,659.0,429.0,236.0,35.0,78.0,1601.0,1370.0,442.0,426.0,0901100010043
09,011,Tláhuac,0001,0058,4075,114.0,124.0,640.0,413.0,220.0,46.0,28.0,1302.0,1242.0,517.0,238.0,0901100010058
09,011,Tláhuac,0001,0077,3150,79.0,129.0,498.0,339.0,196.0,25.0,38.0,797.0,893.0,342.0,208.0,0901100010077
09,011,Tláhuac,0001,0096,3480,89.0,125.0,487.0,327.0,173.0,27.0,32.0,822.0,953.0,414.0,214.0,0901100010096
09,011,Tláhuac,0001,0113,2643,78.0,106.0,384.0,251.0,168.0,29.0,34.0,739.0,750.0,298.0,184.0,0901100010113
09,011,Tláhuac,0001,0128,3792,116.0,164.0,466.0,307.0,237.0,27.0,55.0,1019.0,951.0,296.0,280.0,0901100010128
09,011,Tláhuac,0001,0132,5343,185.0,214.0,689.0,453.0,260.0,43.0,67.0,1422.0,1493.0,659.0,399.0,0901100010132
09,011,Tláhuac,0001,0147,3155,82.0,102.0,438.0,282.0,200.0,27.0,33.0,763.0,870.0,375.0,184.0,0901100010147
09,011,Tláhuac,0001,0151,1796,56.0,81.0,217.0,142.0,59.0,17.0,23.0,410.0,507.0,184.0,137.0,0901100010151
09,011,Tláhuac,0001,0166,2853,88.0,106.0,337.0,213.0,117.0,23.0,32.0,808.0,774.0,282.0,194.0,0901100010166
09,011,Tláhuac,0001,0170,4060,116.0,138.0,459.0,284.0,204.0,31.0,49.0,984.0,1149.0,326.0,254.0,0901100010170
09,011,Tláhuac,0001,0185,4384,128.0,168.0,491.0,304.0,193.0,17.0,47.0,1237.0,1225.0,421.0,296.0,0901100010185
09,011,Tláhuac,0001,0202,3995,113.0,133.0,604.0,421.0,350.0,64.0,39.0,1219.0,1080.0,372.0,246.0,0901100010202
09,011,Tláhuac,0001,0217,5895,183.0,219.0,790.0,543.0,426.0,48.0,72.0,1431.0,1650.0,606.0,402.0,0901100010217
09,011,Tláhuac,0001,0240,3183,107.0,112.0,403.0,262.0,187.0,29.0,28.0,657.0,889.0,345.0,219.0,0901100010240
09,011,Tláhuac,0001,0255,1754,60.0,60.0,208.0,140.0,152.0,12.0,19.0,399.0,480.0,178.0,120.0,0901100010255
09,011,Tláhuac,0001,026A,2090,66.0,84.0,275.0,179.0,66.0,13.0,25.0,611.0,669.0,206.0,150.0,090110001026A
09,011,Tláhuac,0001,0274,3768,117.0,165.0,435.0,265.0,217.0,47.0,49.0,969.0,1047.0,365.0,282.0,0901100010274
09,011,Tláhuac,0001,0289,3179,103.0,111.0,384.0,248.0,218.0,25.0,25.0,848.0,852.0,311.0,214.0,0901100010289
09,011,Tláhuac,0001,0306,2664,76.0,119.0,382.0,265.0,172.0,26.0,41.0,625.0,715.0,291.0,195.0,0901100010306
09,011,Tláhuac,0001,0310,3465,100.0,124.0,540.0,332.0,223.0,44.0,38.0,797.0,952.0,347.0,224.0,0901100010310
09,011,Tláhuac,0001,0325,3675,110.0,123.0,673.0,469.0,285.0,64.0,30.0,840.0,1021.0,412.0,233.0,0901100010325
09,011,Tláhuac,0001,0344,1211,23.0,41.0,200.0,126.0,74.0,4.0,13.0,354.0,324.0,139.0,64.0,0901100010344
09,011,Tláhuac,0001,0359,2251,56.0,70.0,372.0,255.0,111.0,16.0,22.0,582.0,605.0,228.0,126.0,0901100010359
09,011,Tláhuac,0001,0363,2660,74.0,101.0,378.0,240.0,129.0,29.0,23.0,596.0,705.0,259.0,175.0,0901100010363
09,011,Tláhuac,0001,0378,2181,77.0,91.0,300.0,208.0,97.0,20.0,29.0,369.0,507.0,156.0,168.0,0901100010378
09,011,Tláhuac,0001,0382,1053,23.0,37.0,135.0,93.0,51.0,10.0,9.0,272.0,302.0,99.0,60.0,0901100010382
09,011,Tláhuac,0001,0397,1728,54.0,72.0,217.0,154.0,150.0,11.0,28.0,365.0,459.0,158.0,126.0,0901100010397
09,011,Tláhuac,0001,040A,1655,63.0,71.0,205.0,146.0,41.0,6.0,15.0,341.0,425.0,137.0,134.0,090110001040A
09,011,Tláhuac,0001,0414,1716,53.0,78.0,252.0,169.0,61.0,11.0,17.0,346.0,432.0,119.0,131.0,0901100010414
09,011,Tláhuac,0001,0433,2480,73.0,78.0,390.0,267.0,136.0,26.0,24.0,708.0,650.0,275.0,151.0,0901100010433
09,011,Tláhuac,0001,0448,1599,60.0,78.0,214.0,155.0,93.0,22.0,22.0,395.0,403.0,136.0,138.0,0901100010448
09,011,Tláhuac,0001,0452,9689,318.0,393.0,1278.0,834.0,493.0,71.0,117.0,2471.0,2488.0,855.0,711.0,0901100010452
09,011,Tláhuac,0001,0575,5666,158.0,241.0,727.0,456.0,374.0,57.0,75.0,1280.0,1484.0,506.0,399.0,0901100010575
09,011,Tláhuac,0001,0594,7502,307.0,339.0,826.0,514.0,310.0,59.0,142.0,2267.0,1927.0,604.0,646.0,0901100010594
09,011,Tláhuac,0001,0607,5135,189.0,183.0,747.0,486.0,242.0,49.0,66.0,1746.0,1360.0,616.0,372.0,0901100010607
09,011,Tláhuac,0001,0626,3835,98.0,127.0,550.0,338.0,190.0,30.0,34.0,998.0,1103.0,460.0,225.0,0901100010626
09,011,Tláhuac,0001,0630,2814,73.0,108.0,478.0,362.0,122.0,35.0,35.0,768.0,776.0,326.0,181.0,0901100010630
09,011,Tláhuac,0001,0645,4898,149.0,177.0,738.0,518.0,433.0,70.0,34.0,1186.0,1231.0,516.0,326.0,0901100010645
09,011,Tláhuac,0001,065A,3703,108.0,140.0,498.0,341.0,200.0,25.0,47.0,988.0,951.0,320.0,248.0,090110001065A
09,011,Tláhuac,0001,0664,6573,216.0,260.0,786.0,503.0,524.0,67.0,94.0,1700.0,1839.0,667.0,476.0,0901100010664
09,011,Tláhuac,0001,0679,3892,146.0,169.0,435.0,281.0,205.0,71.0,63.0,1087.0,1031.0,356.0,315.0,0901100010679
09,011,Tláhuac,0001,0753,8372,301.0,359.0,981.0,636.0,478.0,64.0,147.0,2093.0,2268.0,824.0,660.0,0901100010753
09,011,Tláhuac,0001,0768,18,0.0,0.0,,,,0.0,0.0,10.0,4.0,0.0,0.0,0901100010768
09,011,Tláhuac,0001,0772,2516,113.0,106.0,168.0,101.0,183.0,26.0,27.0,861.0,628.0,190.0,219.0,0901100010772
09,011,Tláhuac,0001,0804,183,10.0,10.0,13.0,7.0,8.0,3.0,4.0,81.0,55.0,19.0,20.0,0901100010804
09,011,Tláhuac,0001,0819,2145,97.0,110.0,188.0,102.0,96.0,13.0,34.0,509.0,560.0,193.0,207.0,0901100010819
09,011,Tláhuac,0001,0823,444,19.0,27.0,27.0,16.0,37.0,,11.0,149.0,119.0,46.0,46.0,0901100010823
09,011,Tláhuac,0001,0927,3863,117.0,142.0,494.0,313.0,259.0,20.0,44.0,879.0,1043.0,413.0,259.0,0901100010927
09,011,Tláhuac,0001,0931,4259,142.0,182.0,475.0,307.0,151.0,23.0,54.0,1129.0,1131.0,387.0,324.0,0901100010931
09,011,Tláhuac,0001,0946,3676,111.0,145.0,493.0,326.0,230.0,35.0,37.0,1100.0,933.0,366.0,256.0,0901100010946
09,011,Tláhuac,0001,0950,7862,269.0,359.0,956.0,633.0,441.0,51.0,86.0,2190.0,1932.0,694.0,628.0,0901100010950
09,011,Tláhuac,0001,0984,4106,120.0,152.0,621.0,413.0,213.0,34.0,47.0,1157.0,1073.0,337.0,272.0,0901100010984
09,011,Tláhuac,0001,0999,2558,90.0,93.0,410.0,291.0,436.0,28.0,18.0,699.0,651.0,231.0,183.0,0901100010999
09,011,Tláhuac,0001,1056,1877,44.0,83.0,239.0,133.0,85.0,8.0,26.0,367.0,621.0,223.0,127.0,0901100011056
09,011,Tláhuac,0001,1075,2196,58.0,85.0,276.0,149.0,115.0,11.0,14.0,477.0,764.0,334.0,143.0,0901100011075
09,011,Tláhuac,0001,108A,2415,73.0,86.0,288.0,165.0,121.0,5.0,16.0,539.0,789.0,315.0,159.0,090110001108A
09,011,Tláhuac,0001,1094,548,30.0,20.0,44.0,30.0,27.0,4.0,9.0,126.0,129.0,49.0,50.0,0901100011094
09,011,Tláhuac,0001,1111,4445,166.0,228.0,572.0,318.0,189.0,31.0,85.0,1034.0,1166.0,394.0,394.0,0901100011111
09,011,Tláhuac,0001,1145,3396,98.0,115.0,410.0,246.0,247.0,22.0,36.0,815.0,1077.0,411.0,213.0,0901100011145
09,011,Tláhuac,0001,122A,3513,114.0,160.0,369.0,240.0,208.0,24.0,58.0,909.0,971.0,372.0,274.0,090110001122A
09,011,Tláhuac,0001,1234,2980,107.0,83.0,318.0,204.0,188.0,24.0,30.0,928.0,936.0,367.0,190.0,0901100011234
09,011,Tláhuac,0001,1249,5265,171.0,259.0,561.0,372.0,296.0,25.0,80.0,1497.0,1370.0,538.0,430.0,0901100011249
09,011,Tláhuac,0001,1253,2582,61.0,82.0,400.0,277.0,176.0,34.0,19.0,615.0,740.0,311.0,143.0,0901100011253
09,011,Tláhuac,0001,1268,4936,169.0,226.0,556.0,358.0,221.0,56.0,52.0,1108.0,1480.0,508.0,395.0,0901100011268
09,011,Tláhuac,0001,1272,2822,84.0,116.0,275.0,173.0,91.0,15.0,32.0,668.0,906.0,315.0,200.0,0901100011272
09,011,Tláhuac,0001,1287,1979,60.0,68.0,210.0,129.0,80.0,6.0,15.0,536.0,537.0,234.0,128.0,0901100011287
09,011,Tláhuac,0001,1291,3091,98.0,117.0,471.0,332.0,175.0,29.0,35.0,875.0,860.0,355.0,215.0,0901100011291
09,011,Tláhuac,0001,1304,1301,37.0,44.0,146.0,80.0,66.0,5.0,11.0,282.0,435.0,174.0,81.0,0901100011304
09,011,Tláhuac,0001,1319,1886,50.0,69.0,224.0,123.0,108.0,13.0,28.0,346.0,652.0,321.0,119.0,0901100011319
09,011,Tláhuac,0001,1323,702,11.0,21.0,75.0,39.0,55.0,5.0,6.0,141.0,219.0,93.0,32.0,0901100011323
09,011,Tláhuac,0001,1338,3577,121.0,167.0,300.0,203.0,150.0,15.0,56.0,1010.0,1031.0,441.0,288.0,0901100011338
09,011,Tláhuac,0001,1342,945,36.0,35.0,122.0,74.0,58.0,5.0,11.0,180.0,321.0,130.0,71.0,0901100011342
09,011,Tláhuac,0001,1357,9088,323.0,404.0,691.0,362.0,400.0,58.0,101.0,2422.0,2813.0,979.0,727.0,0901100011357
09,011,Tláhuac,0001,1361,4873,142.0,194.0,459.0,258.0,183.0,31.0,61.0,1171.0,1611.0,581.0,336.0,0901100011361
09,011,Tláhuac,0001,1376,7148,217.0,269.0,633.0,360.0,395.0,53.0,76.0,1769.0,2324.0,1038.0,486.0,0901100011376
09,011,Tláhuac,0001,1380,2511,112.0,111.0,167.0,79.0,85.0,11.0,49.0,996.0,648.0,205.0,223.0,0901100011380
09,011,Tláhuac,0001,1395,1799,100.0,98.0,107.0,66.0,45.0,4.0,35.0,765.0,434.0,131.0,198.0,0901100011395
09,011,Tláhuac,0001,1412,3617,165.0,193.0,192.0,96.0,100.0,18.0,75.0,1462.0,888.0,226.0,358.0,0901100011412
09,011,Tláhuac,0001,1427,5292,169.0,206.0,706.0,474.0,256.0,43.0,40.0,1229.0,1322.0,480.0,375.0,0901100011427
09,011,Tláhuac,0001,1431,5167,221.0,235.0,429.0,266.0,153.0,41.0,85.0,1962.0,1326.0,370.0,456.0,0901100011431
09,011,Tláhuac,0001,1446,3561,124.0,166.0,412.0,246.0,100.0,24.0,56.0,868.0,935.0,328.0,290.0,0901100011446
09,011,Tláhuac,0001,1450,3046,120.0,167.0,191.0,118.0,123.0,18.0,68.0,1298.0,823.0,268.0,287.0,0901100011450
09,011,Tláhuac,0001,1465,4499,134.0,184.0,358.0,175.0,169.0,28.0,50.0,1288.0,1409.0,470.0,318.0,0901100011465
09,011,Tláhuac,0001,147A,4283,162.0,194.0,379.0,218.0,161.0,21.0,77.0,1289.0,1207.0,401.0,356.0,090110001147A
09,011,Tláhuac,0001,1484,5241,161.0,192.0,853.0,604.0,290.0,50.0,57.0,1489.0,1373.0,488.0,353.0,0901100011484
09,011,Tláhuac,0001,1499,6166,209.0,258.0,667.0,399.0,321.0,33.0,85.0,1980.0,1552.0,512.0,467.0,0901100011499
09,011,Tláhuac,0001,1535,1920,89.0,114.0,107.0,65.0,54.0,4.0,53.0,671.0,485.0,113.0,203.0,0901100011535
09,011,Tláhuac,0001,154A,2156,86.0,100.0,161.0,91.0,74.0,21.0,39.0,635.0,611.0,236.0,186.0,090110001154A
09,011,Tláhuac,0011,072A,4723,149.0,184.0,688.0,464.0,240.0,41.0,51.0,1131.0,1077.0,345.0,333.0,090110011072A
09,011,Tláhuac,0011,1037,4071,176.0,170.0,488.0,323.0,214.0,36.0,52.0,769.0,890.0,297.0,346.0,0901100111037
09,011,Tláhuac,0011,1041,5116,192.0,232.0,543.0,372.0,276.0,44.0,73.0,1183.0,1224.0,346.0,424.0,0901100111041
09,011,Tláhuac,0021,0787,1696,58.0,67.0,213.0,126.0,65.0,13.0,32.0,642.0,471.0,184.0,125.0,0901100210787
09,011,Tláhuac,0021,0791,406,16.0,16.0,61.0,31.0,18.0,4.0,3.0,98.0,95.0,22.0,32.0,0901100210791
09,011,Tláhuac,0021,1003,11218,374.0,460.0,1183.0,749.0,720.0,119.0,151.0,3101.0,2974.0,994.0,834.0,0901100211003
09,011,Tláhuac,0021,1018,3055,93.0,112.0,560.0,409.0,199.0,33.0,36.0,882.0,790.0,298.0,205.0,0901100211018
09,011,Tláhuac,0021,1022,2720,95.0,106.0,341.0,203.0,123.0,17.0,33.0,720.0,739.0,263.0,201.0,0901100211022
09,011,Tláhuac,0021,115A,8857,348.0,418.0,919.0,562.0,405.0,71.0,140.0,2696.0,2274.0,829.0,766.0,090110021115A
09,011,Tláhuac,0021,1516,75,3.0,3.0,3.0,,,0.0,,14.0,18.0,6.0,6.0,0901100211516
09,011,Tláhuac,0024,0734,2619,101.0,111.0,330.0,213.0,131.0,19.0,36.0,487.0,705.0,206.0,212.0,0901100240734
09,011,Tláhuac,0024,0749,306,11.0,13.0,27.0,12.0,9.0,,6.0,66.0,73.0,26.0,24.0,0901100240749
09,011,Tláhuac,0024,1183,1088,43.0,53.0,98.0,54.0,86.0,14.0,14.0,331.0,273.0,127.0,96.0,0901100241183
09,011,Tláhuac,0024,1408,832,33.0,38.0,70.0,37.0,20.0,3.0,15.0,227.0,218.0,42.0,71.0,0901100241408
09,011,Tláhuac,0024,1520,74,,3.0,6.0,4.0,,0.0,,16.0,21.0,8.0,,0901100241520
09,011,Tláhuac,0026,0965,4504,145.0,199.0,494.0,326.0,199.0,37.0,63.0,1237.0,1213.0,406.0,344.0,0901100260965
09,011,Tláhuac,0026,097A,4795,178.0,207.0,571.0,393.0,249.0,53.0,47.0,1230.0,1236.0,375.0,385.0,090110026097A
09,011,Tláhuac,0026,1164,2209,88.0,108.0,207.0,125.0,89.0,22.0,30.0,1002.0,605.0,202.0,196.0,0901100261164
09,011,Tláhuac,0026,1501,136,5.0,8.0,5.0,,,,,0.0,31.0,5.0,13.0,0901100261501
09,011,Tláhuac,0110,1107,3050,182.0,171.0,136.0,76.0,98.0,8.0,93.0,1112.0,841.0,294.0,353.0,0901101101107
09,012,Tlalpan,0001,0017,1691,26.0,37.0,503.0,364.0,107.0,27.0,5.0,306.0,692.0,307.0,63.0,0901200010017
09,012,Tlalpan,0001,0021,671,9.0,16.0,165.0,111.0,15.0,4.0,,122.0,204.0,71.0,25.0,0901200010021
09,012,Tlalpan,0001,0040,1162,22.0,16.0,380.0,291.0,41.0,11.0,4.0,325.0,417.0,132.0,38.0,0901200010040
09,012,Tlalpan,0001,0074,1813,27.0,28.0,603.0,493.0,87.0,24.0,3.0,272.0,630.0,185.0,55.0,0901200010074
09,012,Tlalpan,0001,0089,0,0.0,0.0,0.0,0.0,0.0,0.0,0.0,0.0,0.0,0.0,0.0,0901200010089
09,012,Tlalpan,0001,0093,1875,24.0,43.0,594.0,472.0,122.0,27.0,,378.0,800.0,420.0,67.0,0901200010093
09,012,Tlalpan,0001,0106,305,10.0,6.0,59.0,39.0,26.0,0.0,0.0,55.0,123.0,68.0,16.0,0901200010106
09,012,Tlalpan,0001,0125,3367,67.0,92.0,509.0,378.0,219.0,43.0,22.0,931.0,936.0,431.0,159.0,0901200010125
09,012,Tlalpan,0001,013A,3264,80.0,89.0,529.0,344.0,149.0,29.0,20.0,684.0,994.0,452.0,169.0,090120001013A
09,012,Tlalpan,0001,0144,2232,52.0,74.0,489.0,339.0,153.0,28.0,11.0,540.0,708.0,333.0,126.0,0901200010144
09,012,Tlalpan,0001,0159,3220,80.0,100.0,505.0,360.0,221.0,32.0,21.0,951.0,992.0,471.0,180.0,0901200010159
09,012,Tlalpan,0001,0163,3244,63.0,84.0,589.0,420.0,230.0,38.0,20.0,836.0,928.0,407.0,147.0,0901200010163
09,012,Tlalpan,0001,0178,2841,66.0,80.0,557.0,403.0,166.0,22.0,18.0,663.0,858.0,362.0,146.0,0901200010178
09,012,Tlalpan,0001,0182,6006,142.0,180.0,970.0,671.0,437.0,96.0,37.0,1854.0,1631.0,632.0,322.0,0901200010182
09,012,Tlalpan,0001,0197,1985,23.0,42.0,585.0,417.0,82.0,12.0,,434.0,708.0,266.0,65.0,0901200010197
09,012,Tlalpan,0001,020A,1693,15.0,29.0,590.0,474.0,87.0,12.0,4.0,420.0,561.0,242.0,44.0,090120001020A
09,012,Tlalpan,0001,0214,1867,22.0,31.0,652.0,521.0,105.0,29.0,4.0,399.0,580.0,215.0,53.0,0901200010214
09,012,Tlalpan,0001,0229,1868,28.0,27.0,545.0,409.0,77.0,37.0,5.0,468.0,650.0,246.0,55.0,0901200010229
09,012,Tlalpan,0001,0233,3761,42.0,76.0,1009.0,725.0,134.0,23.0,8.0,929.0,1302.0,510.0,118.0,0901200010233
09,012,Tlalpan,0001,0248,576,8.0,7.0,191.0,157.0,35.0,3.0,0.0,153.0,179.0,69.0,15.0,0901200010248
09,012,Tlalpan,0001,0267,1902,35.0,41.0,571.0,407.0,98.0,24.0,7.0,330.0,682.0,310.0,76.0,0901200010267
09,012,Tlalpan,0001,0303,5375,135.0,178.0,760.0,526.0,325.0,48.0,55.0,1681.0,1491.0,576.0,313.0,0901200010303
09,012,Tlalpan,0001,0318,3591,96.0,105.0,605.0,437.0,186.0,38.0,19.0,817.0,1082.0,414.0,201.0,0901200010318
09,012,Tlalpan,0001,0322,4837,144.0,152.0,621.0,451.0,275.0,57.0,46.0,1516.0,1351.0,565.0,296.0,0901200010322
09,012,Tlalpan,0001,0337,4009,94.0,155.0,644.0,460.0,308.0,41.0,47.0,1076.0,1153.0,458.0,249.0,0901200010337
09,012,Tlalpan,0001,0341,2923,53.0,70.0,597.0,422.0,100.0,12.0,19.0,729.0,862.0,310.0,123.0,0901200010341
09,012,Tlalpan,0001,0360,4479,94.0,125.0,868.0,602.0,240.0,36.0,21.0,1019.0,1472.0,670.0,219.0,0901200010360
09,012,Tlalpan,0001,0375,1884,33.0,35.0,438.0,309.0,82.0,30.0,3.0,455.0,624.0,266.0,68.0,0901200010375
09,012,Tlalpan,0001,038A,769,5.0,14.0,322.0,283.0,52.0,15.0,,267.0,147.0,62.0,19.0,090120001038A
09,012,Tlalpan,0001,0394,1458,12.0,35.0,345.0,231.0,60.0,11.0,5.0,500.0,403.0,177.0,47.0,0901200010394
09,012,Tlalpan,0001,0407,935,10.0,14.0,298.0,226.0,85.0,32.0,5.0,320.0,256.0,111.0,24.0,0901200010407
09,012,Tlalpan,0001,0411,1095,9.0,20.0,314.0,220.0,73.0,20.0,,266.0,386.0,157.0,29.0,0901200010411
09,012,Tlalpan,0001,0426,2154,37.0,59.0,475.0,325.0,126.0,17.0,11.0,536.0,636.0,300.0,96.0,0901200010426
09,012,Tlalpan,0001,0430,2844,67.0,66.0,586.0,425.0,156.0,64.0,10.0,701.0,941.0,388.0,133.0,0901200010430
09,012,Tlalpan,0001,0445,2730,53.0,69.0,549.0,388.0,110.0,26.0,16.0,691.0,879.0,351.0,122.0,0901200010445
09,012,Tlalpan,0001,045A,3668,65.0,74.0,881.0,632.0,127.0,35.0,16.0,1003.0,1119.0,428.0,139.0,090120001045A
09,012,Tlalpan,0001,0464,1353,24.0,32.0,361.0,275.0,69.0,16.0,3.0,216.0,466.0,185.0,56.0,0901200010464
09,012,Tlalpan,0001,0479,681,10.0,17.0,153.0,105.0,19.0,4.0,4.0,178.0,245.0,83.0,27.0,0901200010479
09,012,Tlalpan,0001,0483,3367,50.0,55.0,964.0,710.0,198.0,37.0,11.0,820.0,1187.0,477.0,105.0,0901200010483
09,012,Tlalpan,0001,0498,2920,39.0,64.0,677.0,468.0,101.0,18.0,10.0,721.0,1000.0,370.0,103.0,0901200010498
09,012,Tlalpan,0001,0500,7264,232.0,335.0,847.0,545.0,363.0,47.0,107.0,2169.0,1924.0,688.0,567.0,0901200010500
09,012,Tlalpan,0001,0515,4311,111.0,158.0,608.0,402.0,108.0,23.0,29.0,1374.0,1239.0,483.0,269.0,0901200010515
09,012,Tlalpan,0001,052A,3220,76.0,98.0,525.0,358.0,109.0,18.0,21.0,861.0,976.0,361.0,174.0,090120001052A
09,012,Tlalpan,0001,0534,1952,29.0,35.0,537.0,427.0,94.0,25.0,3.0,418.0,653.0,248.0,64.0,0901200010534
09,012,Tlalpan,0001,0549,2808,40.0,62.0,755.0,541.0,166.0,24.0,7.0,666.0,905.0,345.0,102.0,0901200010549
09,012,Tlalpan,0001,0553,4048,88.0,97.0,807.0,526.0,170.0,25.0,18.0,1127.0,1332.0,584.0,185.0,0901200010553
09,012,Tlalpan,0001,0568,3668,72.0,90.0,915.0,694.0,234.0,57.0,18.0,978.0,1133.0,466.0,162.0,0901200010568
09,012,Tlalpan,0001,0572,3323,43.0,53.0,924.0,733.0,223.0,41.0,5.0,750.0,1261.0,578.0,96.0,0901200010572
09,012,Tlalpan,0001,0587,2820,40.0,51.0,784.0,611.0,188.0,22.0,5.0,714.0,1028.0,508.0,91.0,0901200010587
09,012,Tlalpan,0001,0591,938,10.0,15.0,307.0,252.0,56.0,8.0,3.0,185.0,308.0,110.0,25.0,0901200010591
09,012,Tlalpan,0001,0604,4628,135.0,156.0,638.0,444.0,238.0,42.0,41.0,1502.0,1311.0,487.0,291.0,0901200010604
09,012,Tlalpan,0001,0619,3406,100.0,118.0,517.0,341.0,112.0,30.0,19.0,886.0,907.0,341.0,218.0,0901200010619
09,012,Tlalpan,0001,0623,3257,80.0,88.0,547.0,381.0,195.0,32.0,19.0,1087.0,894.0,361.0,168.0,0901200010623
09,012,Tlalpan,0001,0638,3105,64.0,107.0,584.0,430.0,206.0,32.0,19.0,847.0,934.0,336.0,171.0,0901200010638
09,012,Tlalpan,0001,0642,2514,52.0,59.0,503.0,384.0,168.0,33.0,13.0,675.0,734.0,250.0,111.0,0901200010642
09,012,Tlalpan,0001,0657,1833,43.0,60.0,370.0,255.0,57.0,10.0,11.0,501.0,518.0,164.0,103.0,0901200010657
09,012,Tlalpan,0001,0661,1039,14.0,30.0,205.0,137.0,29.0,,14.0,260.0,313.0,102.0,44.0,0901200010661
09,012,Tlalpan,0001,0676,3407,82.0,98.0,660.0,431.0,222.0,34.0,19.0,758.0,1046.0,411.0,180.0,0901200010676
09,012,Tlalpan,0001,0680,1570,25.0,46.0,369.0,255.0,85.0,20.0,11.0,395.0,540.0,277.0,71.0,0901200010680
09,012,Tlalpan,0001,0695,142,0.0,7.0,32.0,26.0,19.0,0.0,,44.0,46.0,28.0,7.0,0901200010695
09,012,Tlalpan,0001,0708,4664,116.0,153.0,708.0,519.0,246.0,32.0,38.0,1475.0,1365.0,555.0,269.0,0901200010708
09,012,Tlalpan,0001,0712,2381,48.0,52.0,617.0,479.0,153.0,26.0,3.0,550.0,885.0,423.0,100.0,0901200010712
09,012,Tlalpan,0001,0727,2064,30.0,37.0,575.0,431.0,141.0,21.0,4.0,440.0,762.0,389.0,67.0,0901200010727
09,012,Tlalpan,0001,0731,1730,26.0,32.0,490.0,364.0,95.0,30.0,4.0,450.0,573.0,206.0,58.0,0901200010731
09,012,Tlalpan,0001,0746,1681,20.0,33.0,480.0,377.0,109.0,25.0,10.0,479.0,614.0,301.0,53.0,0901200010746
09,012,Tlalpan,0001,0750,1093,16.0,22.0,288.0,202.0,75.0,16.0,4.0,236.0,409.0,217.0,38.0,0901200010750
09,012,Tlalpan,0001,0765,2229,30.0,47.0,621.0,482.0,172.0,32.0,13.0,442.0,840.0,413.0,77.0,0901200010765
09,012,Tlalpan,0001,077A,5418,163.0,193.0,708.0,478.0,251.0,51.0,69.0,1756.0,1537.0,554.0,356.0,090120001077A
09,012,Tlalpan,0001,0784,3857,115.0,151.0,574.0,391.0,283.0,47.0,24.0,1075.0,1079.0,437.0,266.0,0901200010784
09,012,Tlalpan,0001,0799,3477,92.0,106.0,571.0,388.0,198.0,34.0,32.0,925.0,1004.0,389.0,198.0,0901200010799
09,012,Tlalpan,0001,0801,3896,110.0,126.0,560.0,377.0,207.0,53.0,24.0,1086.0,1115.0,434.0,236.0,0901200010801
09,012,Tlalpan,0001,0816,3627,84.0,114.0,452.0,336.0,182.0,41.0,33.0,1008.0,996.0,395.0,198.0,0901200010816
09,012,Tlalpan,0001,0820,3260,67.0,102.0,538.0,385.0,127.0,23.0,30.0,921.0,964.0,296.0,169.0,0901200010820
09,012,Tlalpan,0001,0835,2361,43.0,72.0,399.0,291.0,117.0,16.0,10.0,659.0,676.0,222.0,115.0,0901200010835
09,012,Tlalpan,0001,084A,2339,56.0,82.0,388.0,261.0,131.0,8.0,17.0,594.0,702.0,221.0,138.0,090120001084A
09,012,Tlalpan,0001,0854,1138,11.0,28.0,254.0,174.0,34.0,10.0,,301.0,345.0,124.0,39.0,0901200010854
09,012,Tlalpan,0001,0869,4651,111.0,159.0,711.0,476.0,251.0,34.0,36.0,1095.0,1289.0,502.0,270.0,0901200010869
09,012,Tlalpan,0001,0888,4587,78.0,137.0,735.0,494.0,123.0,16.0,35.0,1109.0,1524.0,574.0,215.0,0901200010888
09,012,Tlalpan,0001,0892,5607,142.0,189.0,829.0,507.0,209.0,32.0,27.0,1147.0,1839.0,655.0,331.0,0901200010892
09,012,Tlalpan,0001,0905,4546,127.0,158.0,777.0,507.0,279.0,43.0,28.0,1238.0,1406.0,665.0,285.0,0901200010905
09,012,Tlalpan,0001,091A,3968,111.0,122.0,610.0,419.0,254.0,42.0,28.0,1157.0,1181.0,457.0,233.0,090120001091A
09,012,Tlalpan,0001,0924,5214,93.0,132.0,1127.0,732.0,338.0,45.0,21.0,1117.0,1831.0,878.0,225.0,0901200010924
09,012,Tlalpan,0001,0939,3144,62.0,100.0,729.0,520.0,195.0,41.0,22.0,801.0,1056.0,466.0,162.0,0901200010939
09,012,Tlalpan,0001,0943,2352,28.0,57.0,627.0,486.0,167.0,43.0,6.0,666.0,734.0,316.0,85.0,0901200010943
09,012,Tlalpan,0001,0958,1529,13.0,23.0,511.0,430.0,127.0,48.0,4.0,378.0,390.0,153.0,36.0,0901200010958
09,012,Tlalpan,0001,0962,1858,17.0,41.0,413.0,310.0,72.0,15.0,11.0,523.0,600.0,243.0,58.0,0901200010962
09,012,Tlalpan,0001,0977,221,4.0,9.0,39.0,32.0,11.0,,,47.0,74.0,35.0,13.0,0901200010977
09,012,Tlalpan,0001,0981,2639,61.0,65.0,479.0,319.0,182.0,32.0,14.0,703.0,769.0,307.0,126.0,0901200010981
09,012,Tlalpan,0001,0996,695,9.0,12.0,205.0,132.0,59.0,10.0,,164.0,193.0,74.0,21.0,0901200010996
09,012,Tlalpan,0001,1000,1790,46.0,60.0,286.0,204.0,55.0,8.0,11.0,604.0,445.0,189.0,106.0,0901200011000
09,012,Tlalpan,0001,1015,1631,21.0,28.0,330.0,238.0,183.0,48.0,3.0,462.0,478.0,207.0,49.0,0901200011015
09,012,Tlalpan,0001,102A,3038,45.0,70.0,741.0,526.0,169.0,31.0,12.0,687.0,1050.0,536.0,115.0,090120001102A
09,012,Tlalpan,0001,1034,1194,21.0,26.0,343.0,260.0,37.0,13.0,5.0,266.0,384.0,122.0,47.0,0901200011034
09,012,Tlalpan,0001,1049,37,0.0,0.0,8.0,6.0,,0.0,0.0,7.0,10.0,,0.0,0901200011049
09,012,Tlalpan,0001,1053,1405,35.0,47.0,295.0,242.0,32.0,14.0,5.0,278.0,524.0,182.0,82.0,0901200011053
09,012,Tlalpan,0001,1068,2082,43.0,53.0,400.0,267.0,79.0,14.0,3.0,492.0,676.0,256.0,96.0,0901200011068
09,012,Tlalpan,0001,1072,9407,226.0,289.0,1748.0,1175.0,482.0,90.0,64.0,2463.0,2762.0,1110.0,515.0,0901200011072
09,012,Tlalpan,0001,1087,1070,16.0,20.0,253.0,189.0,56.0,11.0,4.0,296.0,440.0,193.0,36.0,0901200011087
09,012,Tlalpan,0001,1091,977,16.0,14.0,229.0,173.0,63.0,4.0,3.0,211.0,419.0,205.0,30.0,0901200011091
09,012,Tlalpan,0001,1104,3069,64.0,89.0,500.0,335.0,206.0,36.0,27.0,781.0,918.0,443.0,153.0,0901200011104
09,012,Tlalpan,0001,1119,4921,94.0,139.0,878.0,560.0,286.0,50.0,29.0,1229.0,1357.0,633.0,233.0,0901200011119
09,012,Tlalpan,0001,1123,3913,95.0,117.0,689.0,461.0,211.0,30.0,20.0,1169.0,1048.0,439.0,212.0,0901200011123
09,012,Tlalpan,0001,1142,3328,75.0,87.0,535.0,335.0,169.0,34.0,14.0,917.0,1027.0,424.0,162.0,0901200011142
09,012,Tlalpan,0001,1157,5346,180.0,191.0,871.0,596.0,276.0,64.0,45.0,1508.0,1543.0,572.0,371.0,0901200011157
09,012,Tlalpan,0001,1161,5990,117.0,190.0,1047.0,742.0,460.0,57.0,44.0,1466.0,1659.0,626.0,307.0,0901200011161
09,012,Tlalpan,0001,1176,3254,94.0,134.0,493.0,368.0,172.0,34.0,40.0,1074.0,877.0,354.0,228.0,0901200011176
09,012,Tlalpan,0001,1195,5300,154.0,181.0,741.0,540.0,308.0,47.0,42.0,1601.0,1427.0,540.0,335.0,0901200011195
09,012,Tlalpan,0001,1212,3550,127.0,187.0,356.0,223.0,76.0,9.0,68.0,1368.0,838.0,288.0,314.0,0901200011212
09,012,Tlalpan,0001,1299,5328,142.0,169.0,853.0,584.0,372.0,59.0,49.0,1729.0,1461.0,517.0,311.0,0901200011299
09,012,Tlalpan,0001,1316,6902,181.0,270.0,1039.0,677.0,433.0,35.0,62.0,2226.0,1867.0,771.0,451.0,0901200011316
09,012,Tlalpan,0001,1369,5374,154.0,197.0,717.0,507.0,288.0,29.0,52.0,1685.0,1516.0,555.0,351.0,0901200011369
09,012,Tlalpan,0001,1388,3739,111.0,133.0,545.0,388.0,255.0,22.0,20.0,945.0,1069.0,376.0,244.0,0901200011388
09,012,Tlalpan,0001,1424,4485,153.0,175.0,716.0,488.0,267.0,38.0,34.0,1424.0,1292.0,506.0,328.0,0901200011424
09,012,Tlalpan,0001,1439,3716,97.0,129.0,605.0,383.0,267.0,24.0,26.0,1123.0,1034.0,353.0,226.0,0901200011439
09,012,Tlalpan,0001,1443,4658,136.0,159.0,671.0,429.0,197.0,31.0,40.0,1237.0,1332.0,451.0,295.0,0901200011443
09,012,Tlalpan,0001,1458,3878,96.0,139.0,559.0,389.0,192.0,28.0,28.0,1009.0,1112.0,378.0,235.0,0901200011458
09,012,Tlalpan,0001,1462,11014,303.0,437.0,1275.0,819.0,507.0,74.0,105.0,2740.0,3233.0,1312.0,740.0,0901200011462
09,012,Tlalpan,0001,1477,6749,199.0,318.0,861.0,530.0,291.0,44.0,92.0,1733.0,1774.0,669.0,517.0,0901200011477
09,012,Tlalpan,0001,1481,5592,178.0,248.0,766.0,507.0,268.0,47.0,70.0,1397.0,1628.0,711.0,426.0,0901200011481
09,012,Tlalpan,0001,1496,8186,293.0,331.0,976.0,648.0,522.0,84.0,122.0,2605.0,2276.0,846.0,624.0,0901200011496
09,012,Tlalpan,0001,1509,5341,164.0,263.0,569.0,371.0,334.0,48.0,88.0,1453.0,1455.0,517.0,427.0,0901200011509
09,012,Tlalpan,0001,1513,5884,214.0,250.0,647.0,413.0,241.0,49.0,73.0,1555.0,1574.0,621.0,464.0,0901200011513
09,012,Tlalpan,0001,1547,2859,91.0,122.0,296.0,171.0,127.0,30.0,28.0,738.0,697.0,297.0,213.0,0901200011547
09,012,Tlalpan,0001,1566,305,11.0,14.0,49.0,25.0,17.0,0.0,,98.0,77.0,31.0,25.0,0901200011566
09,012,Tlalpan,0001,1570,7052,215.0,259.0,805.0,485.0,402.0,39.0,81.0,2003.0,2035.0,714.0,474.0,0901200011570
09,012,Tlalpan,0001,1585,1883,51.0,80.0,231.0,161.0,118.0,27.0,20.0,645.0,459.0,154.0,131.0,0901200011585
09,012,Tlalpan,0001,159A,3741,114.0,142.0,474.0,288.0,138.0,22.0,40.0,1330.0,992.0,388.0,256.0,090120001159A
09,012,Tlalpan,0001,1602,5746,214.0,308.0,530.0,338.0,236.0,26.0,109.0,2410.0,1322.0,388.0,522.0,0901200011602
09,012,Tlalpan,0001,1617,6711,255.0,327.0,621.0,354.0,189.0,28.0,109.0,3124.0,1719.0,529.0,582.0,0901200011617
09,012,Tlalpan,0001,1621,5835,175.0,233.0,726.0,445.0,233.0,37.0,64.0,2349.0,1602.0,557.0,408.0,0901200011621
09,012,Tlalpan,0001,1636,4273,133.0,153.0,538.0,353.0,238.0,31.0,24.0,1519.0,1159.0,376.0,286.0,0901200011636
09,012,Tlalpan,0001,1640,7425,214.0,248.0,862.0,550.0,382.0,48.0,72.0,2680.0,2022.0,791.0,462.0,0901200011640
09,012,Tlalpan,0001,1655,1380,70.0,57.0,86.0,57.0,18.0,3.0,23.0,591.0,352.0,120.0,127.0,0901200011655
09,012,Tlalpan,0001,173A,1732,74.0,83.0,122.0,70.0,75.0,17.0,35.0,541.0,453.0,166.0,157.0,090120001173A
09,012,Tlalpan,0001,1744,4101,129.0,171.0,532.0,329.0,262.0,29.0,36.0,1473.0,1068.0,392.0,300.0,0901200011744
09,012,Tlalpan,0001,1759,6,,,,,,,,,,,,0901200011759
09,012,Tlalpan,0001,1890,434,8.0,15.0,90.0,55.0,38.0,6.0,4.0,87.0,117.0,37.0,23.0,0901200011890
09,012,Tlalpan,0001,1903,1255,32.0,27.0,223.0,135.0,76.0,9.0,5.0,284.0,434.0,224.0,59.0,0901200011903
09,012,Tlalpan,0001,1918,2803,35.0,58.0,801.0,576.0,150.0,31.0,3.0,642.0,969.0,373.0,93.0,0901200011918
09,012,Tlalpan,0001,1922,1080,20.0,27.0,282.0,212.0,57.0,10.0,0.0,232.0,449.0,212.0,47.0,0901200011922
09,012,Tlalpan,0001,1937,1884,16.0,43.0,509.0,356.0,81.0,10.0,4.0,386.0,645.0,275.0,59.0,0901200011937
09,012,Tlalpan,0001,1941,1424,19.0,39.0,356.0,252.0,90.0,15.0,9.0,311.0,477.0,218.0,58.0,0901200011941
09,012,Tlalpan,0001,1956,3097,55.0,69.0,877.0,649.0,120.0,32.0,6.0,690.0,957.0,289.0,124.0,0901200011956
09,012,Tlalpan,0001,1960,2219,40.0,48.0,611.0,426.0,71.0,28.0,,346.0,700.0,210.0,88.0,0901200011960
09,012,Tlalpan,0001,1975,4266,72.0,95.0,912.0,592.0,214.0,35.0,13.0,1005.0,1454.0,613.0,167.0,0901200011975
09,012,Tlalpan,0001,198A,1589,28.0,45.0,422.0,322.0,103.0,19.0,4.0,343.0,515.0,240.0,73.0,090120001198A
09,012,Tlalpan,0001,1994,3188,78.0,121.0,368.0,269.0,113.0,12.0,28.0,293.0,1038.0,393.0,199.0,0901200011994
09,012,Tlalpan,0001,2009,7701,227.0,295.0,992.0,629.0,356.0,65.0,80.0,2797.0,2146.0,761.0,522.0,0901200012009
09,012,Tlalpan,0001,2013,8368,259.0,330.0,1177.0,799.0,418.0,52.0,86.0,2832.0,2230.0,763.0,589.0,0901200012013
09,012,Tlalpan,0001,2047,5793,182.0,255.0,665.0,400.0,324.0,44.0,82.0,1895.0,1527.0,541.0,437.0,0901200012047
09,012,Tlalpan,0001,2051,4700,166.0,204.0,482.0,330.0,287.0,38.0,71.0,1306.0,1318.0,510.0,370.0,0901200012051
09,012,Tlalpan,0001,2066,3434,66.0,89.0,617.0,416.0,118.0,31.0,28.0,718.0,1192.0,537.0,155.0,0901200012066
09,012,Tlalpan,0001,2070,1962,31.0,39.0,471.0,271.0,79.0,18.0,7.0,335.0,703.0,322.0,70.0,0901200012070
09,012,Tlalpan,0001,2085,2529,50.0,80.0,457.0,250.0,49.0,5.0,16.0,610.0,941.0,451.0,130.0,0901200012085
09,012,Tlalpan,0001,2102,2730,30.0,75.0,615.0,432.0,101.0,22.0,11.0,515.0,990.0,363.0,105.0,0901200012102
09,012,Tlalpan,0001,2121,13974,308.0,404.0,2282.0,1418.0,406.0,94.0,93.0,3598.0,4118.0,1393.0,712.0,0901200012121
09,012,Tlalpan,0001,2136,4691,141.0,149.0,767.0,477.0,201.0,42.0,31.0,1402.0,1291.0,434.0,290.0,0901200012136
09,012,Tlalpan,0001,2140,6515,163.0,221.0,961.0,623.0,403.0,63.0,37.0,2068.0,1809.0,625.0,384.0,0901200012140
09,012,Tlalpan,0001,2155,4856,142.0,196.0,70.0,49.0,44.0,11.0,38.0,227.0,743.0,83.0,338.0,0901200012155
09,012,Tlalpan,0001,216A,3015,82.0,108.0,572.0,372.0,101.0,28.0,14.0,667.0,1080.0,456.0,190.0,090120001216A
09,012,Tlalpan,0001,2174,1993,39.0,58.0,427.0,274.0,76.0,15.0,5.0,419.0,768.0,313.0,97.0,0901200012174
09,012,Tlalpan,0001,2189,5279,133.0,181.0,785.0,500.0,246.0,42.0,38.0,1466.0,1507.0,572.0,314.0,0901200012189
09,012,Tlalpan,0001,2193,5723,165.0,230.0,662.0,420.0,296.0,31.0,47.0,1652.0,1671.0,629.0,395.0,0901200012193
09,012,Tlalpan,0001,2206,4752,179.0,212.0,378.0,193.0,223.0,56.0,74.0,1189.0,1184.0,441.0,391.0,0901200012206
09,012,Tlalpan,0001,2210,4455,142.0,190.0,347.0,202.0,177.0,48.0,61.0,824.0,1203.0,439.0,332.0,0901200012210
09,012,Tlalpan,0001,2225,6664,225.0,318.0,586.0,330.0,310.0,54.0,92.0,2556.0,1733.0,842.0,543.0,0901200012225
09,012,Tlalpan,0001,223A,7153,222.0,264.0,889.0,588.0,351.0,66.0,51.0,2329.0,1951.0,755.0,486.0,090120001223A
09,012,Tlalpan,0001,2244,2254,43.0,60.0,402.0,271.0,143.0,19.0,5.0,575.0,765.0,284.0,103.0,0901200012244
09,012,Tlalpan,0001,2259,1778,39.0,61.0,375.0,273.0,60.0,7.0,8.0,376.0,574.0,235.0,100.0,0901200012259
09,012,Tlalpan,0001,2263,6035,214.0,248.0,761.0,480.0,317.0,42.0,65.0,1662.0,1645.0,614.0,462.0,0901200012263
09,012,Tlalpan,0001,2278,3299,95.0,125.0,388.0,219.0,137.0,19.0,22.0,1107.0,839.0,350.0,220.0,0901200012278
09,012,Tlalpan,0001,2282,5014,138.0,213.0,483.0,302.0,253.0,23.0,48.0,1583.0,1393.0,506.0,351.0,0901200012282
09,012,Tlalpan,0001,2333,264,14.0,9.0,20.0,10.0,14.0,3.0,4.0,135.0,59.0,20.0,23.0,0901200012333
09,012,Tlalpan,0001,2348,638,24.0,29.0,46.0,26.0,23.0,7.0,8.0,211.0,155.0,61.0,53.0,0901200012348
09,012,Tlalpan,0001,2352,915,32.0,39.0,82.0,50.0,32.0,,13.0,447.0,219.0,83.0,71.0,0901200012352
09,012,Tlalpan,0001,2367,22,0.0,,4.0,4.0,4.0,0.0,,10.0,8.0,4.0,,0901200012367
09,012,Tlalpan,0001,2371,17,0.0,0.0,3.0,,,,0.0,,4.0,0.0,0.0,0901200012371
09,012,Tlalpan,0001,2386,153,4.0,10.0,8.0,6.0,6.0,0.0,5.0,91.0,40.0,11.0,14.0,0901200012386
09,012,Tlalpan,0001,2441,10407,309.0,400.0,1211.0,740.0,479.0,78.0,121.0,3695.0,2750.0,988.0,709.0,0901200012441
09,012,Tlalpan,0001,2456,2522,67.0,102.0,315.0,194.0,129.0,23.0,31.0,987.0,651.0,212.0,169.0,0901200012456
09,012,Tlalpan,0019,2460,1532,74.0,71.0,137.0,80.0,101.0,30.0,21.0,301.0,402.0,110.0,145.0,0901200192460
09,012,Tlalpan,0019,2475,1665,63.0,105.0,181.0,119.0,86.0,14.0,31.0,475.0,404.0,98.0,168.0,0901200192475
09,012,Tlalpan,0026,1528,7452,256.0,325.0,792.0,514.0,367.0,54.0,111.0,2508.0,1916.0,662.0,581.0,0901200261528
09,012,Tlalpan,0026,1532,6957,251.0,306.0,718.0,460.0,247.0,61.0,104.0,2451.0,1838.0,536.0,557.0,0901200261532
09,012,Tlalpan,0026,166A,1406,47.0,48.0,146.0,86.0,90.0,11.0,21.0,489.0,380.0,100.0,95.0,090120026166A
09,012,Tlalpan,0026,1674,6579,241.0,280.0,762.0,472.0,280.0,61.0,85.0,2420.0,1785.0,519.0,521.0,0901200261674
09,012,Tlalpan,0026,1689,3496,127.0,162.0,306.0,179.0,128.0,18.0,43.0,1261.0,933.0,263.0,289.0,0901200261689
09,012,Tlalpan,0026,1693,238,14.0,9.0,33.0,22.0,16.0,3.0,,52.0,73.0,17.0,23.0,0901200261693
09,012,Tlalpan,0026,1706,1747,55.0,74.0,197.0,124.0,94.0,13.0,28.0,680.0,458.0,142.0,129.0,0901200261706
09,012,Tlalpan,0026,1710,785,22.0,25.0,90.0,54.0,47.0,11.0,11.0,328.0,215.0,61.0,47.0,0901200261710
09,012,Tlalpan,0026,2297,1773,55.0,67.0,183.0,108.0,59.0,11.0,26.0,684.0,452.0,165.0,122.0,0901200262297
09,012,Tlalpan,0026,2314,71,,,9.0,7.0,5.0,0.0,0.0,32.0,23.0,6.0,,0901200262314
09,012,Tlalpan,0026,2329,357,10.0,12.0,37.0,24.0,16.0,4.0,,140.0,106.0,21.0,22.0,0901200262329
09,012,Tlalpan,0026,2390,65,5.0,7.0,9.0,7.0,8.0,,,9.0,20.0,8.0,12.0,0901200262390
09,012,Tlalpan,0026,2403,2553,100.0,130.0,199.0,117.0,150.0,21.0,36.0,841.0,648.0,217.0,230.0,0901200262403
09,012,Tlalpan,0026,2418,2997,89.0,177.0,250.0,120.0,170.0,33.0,57.0,1034.0,823.0,249.0,266.0,0901200262418
09,012,Tlalpan,0026,2437,505,18.0,19.0,32.0,16.0,15.0,,8.0,259.0,134.0,42.0,37.0,0901200262437
09,012,Tlalpan,0026,248A,301,12.0,15.0,15.0,9.0,21.0,3.0,6.0,89.0,79.0,22.0,27.0,090120026248A
09,012,Tlalpan,0027,1763,3975,161.0,159.0,376.0,238.0,194.0,17.0,42.0,1327.0,1038.0,338.0,320.0,0901200271763
09,012,Tlalpan,0027,1778,5838,235.0,306.0,547.0,346.0,289.0,42.0,101.0,2267.0,1441.0,493.0,541.0,0901200271778
09,012,Tlalpan,0027,1782,6970,259.0,343.0,588.0,386.0,356.0,55.0,117.0,1899.0,1740.0,603.0,602.0,0901200271782
09,012,Tlalpan,0027,1797,9291,372.0,468.0,677.0,395.0,477.0,79.0,177.0,2523.0,2351.0,757.0,840.0,0901200271797
09,012,Tlalpan,0027,180A,1369,57.0,42.0,141.0,88.0,44.0,7.0,17.0,464.0,373.0,127.0,99.0,090120027180A
09,012,Tlalpan,0027,2028,4151,163.0,194.0,494.0,333.0,134.0,28.0,80.0,1365.0,993.0,356.0,357.0,0901200272028
09,012,Tlalpan,0027,2032,4369,154.0,210.0,528.0,354.0,369.0,76.0,52.0,1465.0,1057.0,398.0,364.0,0901200272032
09,012,Tlalpan,0027,230A,1924,68.0,77.0,172.0,100.0,99.0,7.0,18.0,716.0,506.0,186.0,145.0,090120027230A
09,012,Tlalpan,0027,2422,3200,113.0,136.0,267.0,167.0,175.0,14.0,39.0,1205.0,807.0,213.0,249.0,0901200272422
09,012,Tlalpan,0135,1227,4058,200.0,221.0,231.0,125.0,191.0,35.0,79.0,1201.0,1029.0,248.0,421.0,0901201351227
09,013,Xochimilco,0001,0014,6567,164.0,208.0,1214.0,850.0,394.0,78.0,38.0,1950.0,1962.0,755.0,372.0,0901300010014
09,013,Xochimilco,0001,0029,2146,33.0,52.0,614.0,485.0,102.0,19.0,11.0,688.0,654.0,233.0,85.0,0901300010029
09,013,Xochimilco,0001,0033,2991,37.0,53.0,911.0,670.0,126.0,32.0,5.0,732.0,1045.0,425.0,90.0,0901300010033
09,013,Xochimilco,0001,0052,202,7.0,9.0,4.0,3.0,5.0,,6.0,62.0,50.0,18.0,16.0,0901300010052
09,013,Xochimilco,0001,0067,8457,177.0,227.0,1694.0,1157.0,413.0,88.0,33.0,2333.0,2514.0,893.0,404.0,0901300010067
09,013,Xochimilco,0001,0086,2233,54.0,55.0,455.0,297.0,62.0,6.0,15.0,686.0,735.0,291.0,109.0,0901300010086
09,013,Xochimilco,0001,0090,7010,336.0,360.0,447.0,244.0,388.0,36.0,142.0,2793.0,1845.0,610.0,696.0,0901300010090
09,013,Xochimilco,0001,0122,3234,68.0,85.0,620.0,463.0,168.0,35.0,20.0,775.0,857.0,347.0,153.0,0901300010122
09,013,Xochimilco,0001,0137,3296,82.0,106.0,626.0,443.0,127.0,34.0,34.0,1188.0,821.0,357.0,188.0,0901300010137
09,013,Xochimilco,0001,0160,4044,87.0,117.0,819.0,595.0,154.0,44.0,30.0,1059.0,1256.0,545.0,204.0,0901300010160
09,013,Xochimilco,0001,0175,566,5.0,6.0,115.0,80.0,13.0,5.0,0.0,179.0,187.0,84.0,11.0,0901300010175
09,013,Xochimilco,0001,018A,1228,14.0,18.0,319.0,237.0,129.0,10.0,,304.0,425.0,247.0,32.0,090130001018A
09,013,Xochimilco,0001,0194,766,16.0,13.0,173.0,132.0,42.0,8.0,0.0,157.0,276.0,120.0,29.0,0901300010194
09,013,Xochimilco,0001,0207,2878,44.0,61.0,777.0,592.0,114.0,28.0,20.0,743.0,950.0,366.0,105.0,0901300010207
09,013,Xochimilco,0001,0211,4509,114.0,134.0,822.0,567.0,218.0,44.0,32.0,1408.0,1217.0,463.0,248.0,0901300010211
09,013,Xochimilco,0001,0226,1917,34.0,54.0,417.0,305.0,98.0,24.0,12.0,650.0,525.0,226.0,88.0,0901300010226
09,013,Xochimilco,0001,0230,2926,66.0,87.0,550.0,399.0,104.0,19.0,30.0,885.0,758.0,332.0,153.0,0901300010230
09,013,Xochimilco,0001,0245,2286,46.0,69.0,472.0,321.0,105.0,23.0,21.0,681.0,667.0,272.0,115.0,0901300010245
09,013,Xochimilco,0001,025A,3457,103.0,94.0,657.0,458.0,218.0,76.0,28.0,1109.0,1016.0,393.0,197.0,090130001025A
09,013,Xochimilco,0001,0279,4570,174.0,198.0,595.0,406.0,254.0,57.0,61.0,1174.0,1100.0,313.0,372.0,0901300010279
09,013,Xochimilco,0001,0283,5623,173.0,200.0,862.0,596.0,307.0,52.0,41.0,1844.0,1538.0,682.0,373.0,0901300010283
09,013,Xochimilco,0001,0298,10318,274.0,372.0,1430.0,874.0,409.0,71.0,80.0,3315.0,2956.0,1149.0,646.0,0901300010298
09,013,Xochimilco,0001,0300,880,32.0,33.0,130.0,89.0,36.0,3.0,10.0,306.0,232.0,89.0,65.0,0901300010300
09,013,Xochimilco,0001,0315,2045,26.0,31.0,658.0,523.0,113.0,23.0,6.0,514.0,660.0,280.0,57.0,0901300010315
09,013,Xochimilco,0001,032A,13,,,,,,,,,,,,090130001032A
09,013,Xochimilco,0001,0334,6075,169.0,205.0,1028.0,714.0,279.0,64.0,52.0,1769.0,1692.0,605.0,374.0,0901300010334
09,013,Xochimilco,0001,0353,5085,149.0,204.0,838.0,614.0,383.0,83.0,49.0,1417.0,1244.0,466.0,353.0,0901300010353
09,013,Xochimilco,0001,0368,11731,444.0,526.0,1431.0,993.0,608.0,112.0,177.0,3543.0,2969.0,1061.0,970.0,0901300010368
09,013,Xochimilco,0001,0372,5104,135.0,194.0,745.0,515.0,270.0,34.0,65.0,1535.0,1275.0,498.0,329.0,0901300010372
09,013,Xochimilco,0001,0387,6531,194.0,227.0,947.0,636.0,352.0,52.0,84.0,1770.0,1673.0,595.0,421.0,0901300010387
09,013,Xochimilco,0001,0391,2513,59.0,80.0,388.0,240.0,92.0,20.0,13.0,782.0,718.0,221.0,139.0,0901300010391
09,013,Xochimilco,0001,0404,2374,61.0,69.0,413.0,253.0,88.0,14.0,12.0,641.0,833.0,366.0,130.0,0901300010404
09,013,Xochimilco,0001,0419,4481,84.0,105.0,901.0,634.0,300.0,46.0,33.0,1220.0,1400.0,564.0,189.0,0901300010419
09,013,Xochimilco,0001,0423,939,36.0,41.0,108.0,80.0,60.0,9.0,17.0,262.0,269.0,100.0,77.0,0901300010423
09,013,Xochimilco,0001,0438,1537,55.0,57.0,172.0,114.0,73.0,7.0,13.0,645.0,400.0,124.0,112.0,0901300010438
09,013,Xochimilco,0001,0442,4369,123.0,179.0,713.0,444.0,180.0,32.0,45.0,1433.0,1192.0,421.0,302.0,0901300010442
09,013,Xochimilco,0001,0461,6559,218.0,246.0,889.0,584.0,380.0,43.0,84.0,1739.0,1758.0,696.0,464.0,0901300010461
09,013,Xochimilco,0001,0480,6753,231.0,271.0,933.0,647.0,385.0,54.0,78.0,1993.0,1762.0,630.0,502.0,0901300010480
09,013,Xochimilco,0001,0495,536,15.0,20.0,89.0,64.0,38.0,12.0,3.0,113.0,152.0,41.0,35.0,0901300010495
09,013,Xochimilco,0001,0508,6807,213.0,267.0,891.0,568.0,333.0,58.0,72.0,2248.0,1877.0,575.0,480.0,0901300010508
09,013,Xochimilco,0001,0527,6453,232.0,272.0,845.0,576.0,476.0,72.0,70.0,2113.0,1642.0,514.0,504.0,0901300010527
09,013,Xochimilco,0001,0550,3162,99.0,115.0,606.0,444.0,136.0,31.0,32.0,869.0,833.0,307.0,214.0,0901300010550
09,013,Xochimilco,0001,0565,2947,69.0,97.0,561.0,422.0,196.0,37.0,25.0,637.0,792.0,320.0,166.0,0901300010565
09,013,Xochimilco,0001,057A,269,7.0,10.0,45.0,36.0,12.0,,4.0,130.0,77.0,29.0,17.0,090130001057A
09,013,Xochimilco,0001,0599,5132,40.0,68.0,312.0,176.0,113.0,22.0,18.0,483.0,404.0,119.0,108.0,0901300010599
09,013,Xochimilco,0001,0601,5831,188.0,234.0,757.0,514.0,472.0,46.0,64.0,1630.0,1430.0,433.0,422.0,0901300010601
09,013,Xochimilco,0001,064A,3126,75.0,116.0,508.0,350.0,276.0,41.0,29.0,884.0,848.0,310.0,191.0,090130001064A
09,013,Xochimilco,0001,0654,3725,110.0,146.0,582.0,401.0,262.0,55.0,45.0,1242.0,1001.0,358.0,256.0,0901300010654
09,013,Xochimilco,0001,0669,3864,144.0,163.0,450.0,308.0,204.0,32.0,42.0,1038.0,930.0,304.0,307.0,0901300010669
09,013,Xochimilco,0001,0688,4942,173.0,227.0,651.0,430.0,289.0,44.0,79.0,1441.0,1274.0,473.0,400.0,0901300010688
09,013,Xochimilco,0001,0692,11447,412.0,480.0,1262.0,768.0,656.0,72.0,166.0,3941.0,2966.0,992.0,892.0,0901300010692
09,013,Xochimilco,0001,0705,913,44.0,59.0,61.0,33.0,28.0,5.0,19.0,338.0,227.0,61.0,103.0,0901300010705
09,013,Xochimilco,0001,071A,691,24.0,27.0,62.0,35.0,32.0,5.0,4.0,204.0,183.0,82.0,51.0,090130001071A
09,013,Xochimilco,0001,0724,934,51.0,57.0,62.0,37.0,34.0,3.0,18.0,256.0,218.0,38.0,108.0,0901300010724
09,013,Xochimilco,0001,0739,2840,98.0,146.0,255.0,146.0,165.0,13.0,49.0,1005.0,724.0,373.0,244.0,0901300010739
09,013,Xochimilco,0001,0743,6722,209.0,288.0,737.0,450.0,265.0,41.0,89.0,2291.0,1738.0,633.0,497.0,0901300010743
09,013,Xochimilco,0001,0758,4419,158.0,179.0,449.0,284.0,200.0,17.0,54.0,1694.0,1101.0,443.0,337.0,0901300010758
09,013,Xochimilco,0001,0762,1530,58.0,65.0,141.0,83.0,105.0,11.0,25.0,558.0,400.0,148.0,123.0,0901300010762
09,013,Xochimilco,0001,0777,2101,50.0,83.0,307.0,200.0,144.0,15.0,22.0,680.0,535.0,161.0,133.0,0901300010777
09,013,Xochimilco,0001,0809,877,42.0,46.0,59.0,28.0,27.0,5.0,14.0,322.0,223.0,57.0,88.0,0901300010809
09,013,Xochimilco,0001,0813,4180,156.0,188.0,390.0,228.0,186.0,26.0,61.0,1848.0,1053.0,336.0,344.0,0901300010813
09,013,Xochimilco,0001,0828,3434,129.0,175.0,361.0,228.0,157.0,19.0,64.0,1112.0,832.0,285.0,304.0,0901300010828
09,013,Xochimilco,0001,0832,754,30.0,27.0,79.0,45.0,49.0,11.0,7.0,198.0,198.0,64.0,57.0,0901300010832
09,013,Xochimilco,0001,0847,1243,51.0,70.0,135.0,79.0,69.0,9.0,29.0,517.0,323.0,90.0,121.0,0901300010847
09,013,Xochimilco,0001,0851,2606,116.0,128.0,170.0,98.0,127.0,19.0,36.0,383.0,604.0,210.0,244.0,0901300010851
09,013,Xochimilco,0001,0866,2156,80.0,115.0,180.0,100.0,96.0,9.0,40.0,712.0,522.0,177.0,195.0,0901300010866
09,013,Xochimilco,0001,0870,2133,84.0,95.0,180.0,102.0,116.0,15.0,26.0,732.0,532.0,155.0,179.0,0901300010870
09,013,Xochimilco,0001,0885,1161,37.0,53.0,101.0,58.0,50.0,5.0,15.0,420.0,294.0,83.0,90.0,0901300010885
09,013,Xochimilco,0001,089A,867,33.0,42.0,81.0,46.0,29.0,0.0,15.0,356.0,226.0,95.0,75.0,090130001089A
09,013,Xochimilco,0001,0917,1860,36.0,55.0,411.0,304.0,104.0,62.0,12.0,623.0,539.0,179.0,91.0,0901300010917
09,013,Xochimilco,0001,1027,5389,134.0,189.0,830.0,561.0,317.0,52.0,62.0,1380.0,1422.0,514.0,323.0,0901300011027
09,013,Xochimilco,0001,1031,8257,255.0,335.0,985.0,626.0,452.0,63.0,122.0,2308.0,2044.0,826.0,590.0,0901300011031
09,013,Xochimilco,0001,1046,2097,49.0,44.0,479.0,343.0,93.0,19.0,8.0,582.0,671.0,309.0,93.0,0901300011046
09,013,Xochimilco,0001,1050,4156,123.0,145.0,632.0,440.0,169.0,26.0,45.0,1435.0,1148.0,447.0,268.0,0901300011050
09,013,Xochimilco,0001,1065,4032,68.0,92.0,875.0,594.0,144.0,34.0,27.0,953.0,1247.0,460.0,160.0,0901300011065
09,013,Xochimilco,0001,107A,3253,60.0,80.0,751.0,540.0,216.0,31.0,14.0,783.0,977.0,364.0,140.0,090130001107A
09,013,Xochimilco,0001,1084,2950,98.0,113.0,479.0,339.0,204.0,34.0,24.0,803.0,647.0,234.0,211.0,0901300011084
09,013,Xochimilco,0001,1099,2830,117.0,141.0,376.0,262.0,148.0,20.0,54.0,705.0,689.0,225.0,258.0,0901300011099
09,013,Xochimilco,0001,1101,4781,191.0,251.0,454.0,311.0,236.0,43.0,91.0,1510.0,1199.0,392.0,442.0,0901300011101
09,013,Xochimilco,0001,1116,2848,81.0,134.0,458.0,315.0,178.0,30.0,44.0,862.0,696.0,227.0,215.0,0901300011116
09,013,Xochimilco,0001,1120,2499,65.0,75.0,439.0,316.0,99.0,27.0,19.0,543.0,602.0,244.0,140.0,0901300011120
09,013,Xochimilco,0001,1135,4026,136.0,179.0,389.0,237.0,150.0,31.0,50.0,1452.0,1050.0,329.0,315.0,0901300011135
09,013,Xochimilco,0001,114A,6318,228.0,263.0,634.0,418.0,308.0,43.0,103.0,2408.0,1514.0,568.0,491.0,090130001114A
09,013,Xochimilco,0001,1154,7460,271.0,328.0,1019.0,690.0,337.0,48.0,105.0,2263.0,1959.0,693.0,599.0,0901300011154
09,013,Xochimilco,0001,1169,11635,492.0,553.0,1175.0,792.0,607.0,69.0,150.0,3876.0,2854.0,988.0,1045.0,0901300011169
09,013,Xochimilco,0001,1173,5729,172.0,211.0,830.0,538.0,349.0,59.0,58.0,1792.0,1430.0,505.0,383.0,0901300011173
09,013,Xochimilco,0001,1188,6177,199.0,257.0,857.0,569.0,352.0,53.0,79.0,1842.0,1592.0,562.0,456.0,0901300011188
09,013,Xochimilco,0001,1192,9781,322.0,380.0,1234.0,791.0,590.0,74.0,114.0,3276.0,2495.0,835.0,702.0,0901300011192
09,013,Xochimilco,0001,1205,698,20.0,30.0,87.0,61.0,42.0,7.0,11.0,224.0,177.0,56.0,50.0,0901300011205
09,013,Xochimilco,0001,121A,7212,235.0,279.0,888.0,521.0,389.0,70.0,81.0,2441.0,1939.0,758.0,514.0,090130001121A
09,013,Xochimilco,0001,1224,6729,192.0,219.0,979.0,594.0,383.0,52.0,58.0,2152.0,1857.0,729.0,411.0,0901300011224
09,013,Xochimilco,0001,1239,4240,94.0,131.0,806.0,531.0,237.0,37.0,24.0,1222.0,1193.0,464.0,225.0,0901300011239
09,013,Xochimilco,0001,1243,46,0.0,,6.0,3.0,0.0,0.0,0.0,13.0,19.0,8.0,,0901300011243
09,013,Xochimilco,0001,1262,2986,37.0,63.0,436.0,252.0,112.0,17.0,16.0,753.0,878.0,287.0,100.0,0901300011262
09,013,Xochimilco,0001,1277,55,4.0,6.0,,,0.0,0.0,4.0,55.0,12.0,7.0,10.0,0901300011277
09,013,Xochimilco,0001,1296,2160,94.0,105.0,164.0,102.0,109.0,7.0,35.0,938.0,542.0,174.0,199.0,0901300011296
09,013,Xochimilco,0001,1309,1210,46.0,50.0,136.0,90.0,58.0,12.0,17.0,482.0,309.0,97.0,96.0,0901300011309
09,013,Xochimilco,0001,1313,4863,160.0,177.0,614.0,398.0,294.0,46.0,64.0,1409.0,1275.0,431.0,337.0,0901300011313
09,013,Xochimilco,0001,1328,8341,299.0,389.0,875.0,549.0,429.0,61.0,138.0,2684.0,2130.0,722.0,688.0,0901300011328
09,013,Xochimilco,0001,1332,5578,102.0,129.0,1164.0,827.0,278.0,44.0,32.0,1376.0,1556.0,643.0,231.0,0901300011332
09,013,Xochimilco,0001,1347,1530,37.0,50.0,198.0,127.0,45.0,10.0,4.0,352.0,617.0,309.0,87.0,0901300011347
09,013,Xochimilco,0001,1366,5812,198.0,227.0,679.0,426.0,282.0,36.0,78.0,1419.0,1606.0,687.0,425.0,0901300011366
09,013,Xochimilco,0001,1370,4391,129.0,166.0,535.0,349.0,180.0,23.0,49.0,1452.0,1209.0,653.0,295.0,0901300011370
09,013,Xochimilco,0001,1385,2068,38.0,42.0,328.0,183.0,52.0,6.0,10.0,488.0,602.0,264.0,80.0,0901300011385
09,013,Xochimilco,0001,139A,1719,25.0,45.0,255.0,132.0,59.0,5.0,3.0,440.0,487.0,150.0,70.0,090130001139A
09,013,Xochimilco,0001,1402,3227,127.0,161.0,285.0,166.0,115.0,27.0,62.0,1366.0,815.0,295.0,288.0,0901300011402
09,013,Xochimilco,0001,1417,2212,81.0,97.0,160.0,96.0,156.0,19.0,45.0,681.0,569.0,221.0,178.0,0901300011417
09,013,Xochimilco,0001,1421,1247,37.0,39.0,154.0,93.0,56.0,4.0,7.0,339.0,327.0,117.0,76.0,0901300011421
09,013,Xochimilco,0001,1436,2325,85.0,106.0,183.0,103.0,153.0,18.0,44.0,1207.0,587.0,207.0,191.0,0901300011436
09,013,Xochimilco,0001,1440,4557,183.0,233.0,344.0,218.0,211.0,28.0,86.0,1687.0,1147.0,366.0,416.0,0901300011440
09,013,Xochimilco,0001,1455,2154,85.0,101.0,183.0,122.0,83.0,11.0,41.0,776.0,514.0,168.0,186.0,0901300011455
09,013,Xochimilco,0001,146A,2687,112.0,132.0,227.0,130.0,143.0,15.0,60.0,941.0,710.0,200.0,244.0,090130001146A
09,013,Xochimilco,0001,1474,1442,57.0,74.0,124.0,64.0,51.0,10.0,25.0,662.0,354.0,170.0,131.0,0901300011474
09,013,Xochimilco,0001,1489,648,38.0,30.0,58.0,32.0,25.0,7.0,9.0,285.0,172.0,59.0,68.0,0901300011489
09,013,Xochimilco,0001,1493,1896,84.0,110.0,146.0,83.0,133.0,9.0,35.0,660.0,459.0,114.0,194.0,0901300011493
09,013,Xochimilco,0001,1506,840,31.0,36.0,74.0,43.0,55.0,7.0,14.0,260.0,219.0,67.0,67.0,0901300011506
09,013,Xochimilco,0001,1510,424,9.0,20.0,45.0,32.0,32.0,,5.0,138.0,107.0,26.0,29.0,0901300011510
09,013,Xochimilco,0001,1525,1151,41.0,47.0,106.0,68.0,75.0,11.0,15.0,344.0,302.0,121.0,88.0,0901300011525
09,013,Xochimilco,0001,1544,107,,9.0,9.0,5.0,11.0,0.0,,32.0,22.0,8.0,,0901300011544
09,013,Xochimilco,0001,1559,2475,112.0,145.0,162.0,95.0,169.0,21.0,61.0,830.0,590.0,174.0,257.0,0901300011559
09,013,Xochimilco,0001,1563,323,13.0,18.0,33.0,24.0,34.0,,7.0,89.0,83.0,35.0,31.0,0901300011563
09,013,Xochimilco,0001,1578,35,,5.0,,,,,3.0,25.0,8.0,4.0,,0901300011578
09,014,Benito Juárez,0001,0011,3973,67.0,108.0,736.0,526.0,169.0,26.0,23.0,835.0,1662.0,722.0,175.0,0901400010011
09,014,Benito Juárez,0001,0026,4161,82.0,88.0,749.0,516.0,130.0,22.0,26.0,825.0,1781.0,802.0,170.0,0901400010026
09,014,Benito Juárez,0001,0030,5366,116.0,154.0,985.0,659.0,176.0,33.0,25.0,1099.0,2230.0,997.0,270.0,0901400010030
09,014,Benito Juárez,0001,0045,3480,64.0,81.0,736.0,503.0,166.0,45.0,12.0,766.0,1451.0,618.0,145.0,0901400010045
09,014,Benito Juárez,0001,005A,5914,151.0,169.0,1151.0,841.0,274.0,84.0,23.0,1073.0,2347.0,972.0,320.0,090140001005A
09,014,Benito Juárez,0001,0064,4064,83.0,90.0,811.0,568.0,178.0,32.0,8.0,943.0,1677.0,759.0,173.0,0901400010064
09,014,Benito Juárez,0001,0079,6309,122.0,129.0,1297.0,907.0,324.0,57.0,12.0,1532.0,2652.0,1116.0,251.0,0901400010079
09,014,Benito Juárez,0001,0083,4930,77.0,94.0,1101.0,790.0,240.0,41.0,10.0,1076.0,2145.0,978.0,171.0,0901400010083
09,014,Benito Juárez,0001,0098,6213,163.0,184.0,1100.0,763.0,217.0,38.0,33.0,1510.0,2591.0,1210.0,347.0,0901400010098
09,014,Benito Juárez,0001,0100,1983,43.0,45.0,385.0,272.0,103.0,10.0,11.0,434.0,843.0,425.0,88.0,0901400010100
09,014,Benito Juárez,0001,0115,5163,113.0,148.0,963.0,668.0,194.0,33.0,15.0,1245.0,2094.0,897.0,261.0,0901400010115
09,014,Benito Juárez,0001,012A,5644,117.0,122.0,1000.0,695.0,298.0,42.0,29.0,1245.0,2267.0,1088.0,239.0,090140001012A
09,014,Benito Juárez,0001,0134,5075,105.0,129.0,965.0,668.0,240.0,65.0,35.0,1081.0,2063.0,1003.0,234.0,0901400010134
09,014,Benito Juárez,0001,0149,3398,55.0,82.0,617.0,417.0,172.0,36.0,9.0,750.0,1358.0,567.0,137.0,0901400010149
09,014,Benito Juárez,0001,0153,2901,76.0,84.0,602.0,444.0,124.0,23.0,11.0,715.0,999.0,399.0,160.0,0901400010153
09,014,Benito Juárez,0001,0168,1670,31.0,37.0,336.0,240.0,67.0,20.0,,423.0,650.0,271.0,68.0,0901400010168
09,014,Benito Juárez,0001,0172,1828,41.0,40.0,431.0,296.0,91.0,23.0,7.0,487.0,688.0,339.0,81.0,0901400010172
09,014,Benito Juárez,0001,0187,6913,184.0,169.0,1299.0,902.0,286.0,46.0,20.0,1421.0,2655.0,1175.0,353.0,0901400010187
09,014,Benito Juárez,0001,0191,4213,91.0,108.0,823.0,584.0,158.0,33.0,10.0,724.0,1786.0,780.0,199.0,0901400010191
09,014,Benito Juárez,0001,0204,6314,146.0,180.0,1093.0,781.0,240.0,45.0,17.0,1027.0,2838.0,1228.0,326.0,0901400010204
09,014,Benito Juárez,0001,0219,4029,96.0,107.0,627.0,444.0,179.0,32.0,16.0,631.0,1809.0,721.0,203.0,0901400010219
09,014,Benito Juárez,0001,0223,1127,19.0,16.0,283.0,215.0,60.0,5.0,0.0,273.0,521.0,207.0,35.0,0901400010223
09,014,Benito Juárez,0001,0238,6776,129.0,158.0,1484.0,1057.0,239.0,44.0,26.0,1347.0,2822.0,1278.0,287.0,0901400010238
09,014,Benito Juárez,0001,0242,4514,109.0,124.0,753.0,492.0,171.0,29.0,24.0,963.0,1871.0,822.0,233.0,0901400010242
09,014,Benito Juárez,0001,0257,7766,151.0,190.0,1496.0,1042.0,301.0,90.0,34.0,1753.0,3197.0,1495.0,341.0,0901400010257
09,014,Benito Juárez,0001,0261,8246,158.0,180.0,1762.0,1253.0,409.0,101.0,16.0,1989.0,3415.0,1576.0,338.0,0901400010261
09,014,Benito Juárez,0001,0276,4686,102.0,110.0,940.0,668.0,151.0,26.0,22.0,847.0,1988.0,825.0,212.0,0901400010276
09,014,Benito Juárez,0001,0280,2417,42.0,43.0,626.0,465.0,112.0,13.0,7.0,474.0,913.0,411.0,85.0,0901400010280
09,014,Benito Juárez,0001,0295,2208,48.0,67.0,410.0,297.0,165.0,16.0,13.0,407.0,833.0,375.0,115.0,0901400010295
09,014,Benito Juárez,0001,0308,3867,69.0,102.0,797.0,528.0,144.0,30.0,12.0,858.0,1489.0,607.0,171.0,0901400010308
09,014,Benito Juárez,0001,0312,2167,40.0,49.0,573.0,410.0,121.0,43.0,12.0,460.0,754.0,379.0,89.0,0901400010312
09,014,Benito Juárez,0001,0327,1777,22.0,42.0,484.0,349.0,164.0,25.0,5.0,507.0,608.0,281.0,64.0,0901400010327
09,014,Benito Juárez,0001,0331,2619,48.0,64.0,682.0,485.0,187.0,33.0,9.0,679.0,959.0,446.0,112.0,0901400010331
09,014,Benito Juárez,0001,0346,5180,149.0,148.0,862.0,604.0,227.0,50.0,15.0,935.0,2198.0,1000.0,297.0,0901400010346
09,014,Benito Juárez,0001,0350,3701,78.0,103.0,732.0,505.0,127.0,29.0,8.0,686.0,1596.0,678.0,181.0,0901400010350
09,014,Benito Juárez,0001,0365,1729,28.0,30.0,340.0,249.0,59.0,32.0,6.0,282.0,790.0,341.0,58.0,0901400010365
09,014,Benito Juárez,0001,037A,2546,53.0,60.0,474.0,349.0,93.0,14.0,9.0,447.0,1166.0,451.0,113.0,090140001037A
09,014,Benito Juárez,0001,0384,4103,86.0,112.0,688.0,521.0,122.0,29.0,22.0,640.0,1812.0,733.0,198.0,0901400010384
09,014,Benito Juárez,0001,0399,4090,118.0,126.0,912.0,650.0,152.0,33.0,14.0,782.0,1682.0,748.0,244.0,0901400010399
09,014,Benito Juárez,0001,0401,5533,129.0,141.0,1182.0,812.0,162.0,35.0,14.0,978.0,2261.0,973.0,270.0,0901400010401
09,014,Benito Juárez,0001,0416,3011,67.0,90.0,602.0,406.0,83.0,18.0,12.0,551.0,1257.0,516.0,157.0,0901400010416
09,014,Benito Juárez,0001,0420,5609,120.0,142.0,1128.0,803.0,148.0,31.0,15.0,1002.0,2312.0,1049.0,262.0,0901400010420
09,014,Benito Juárez,0001,0435,5570,110.0,136.0,1142.0,797.0,241.0,58.0,17.0,1125.0,2307.0,1015.0,246.0,0901400010435
09,014,Benito Juárez,0001,044A,4368,85.0,112.0,962.0,676.0,181.0,37.0,13.0,895.0,1764.0,790.0,197.0,090140001044A
09,014,Benito Juárez,0001,0454,1940,44.0,47.0,427.0,316.0,62.0,12.0,5.0,385.0,766.0,332.0,91.0,0901400010454
09,014,Benito Juárez,0001,0469,7095,134.0,214.0,1271.0,887.0,374.0,62.0,36.0,1347.0,2785.0,1249.0,348.0,0901400010469
09,014,Benito Juárez,0001,0473,1915,29.0,41.0,456.0,337.0,118.0,23.0,12.0,408.0,668.0,296.0,70.0,0901400010473
09,014,Benito Juárez,0001,0488,10448,239.0,350.0,1697.0,1170.0,497.0,77.0,77.0,2282.0,3910.0,1862.0,589.0,0901400010488
09,014,Benito Juárez,0001,0492,3322,72.0,99.0,585.0,399.0,196.0,28.0,13.0,686.0,1323.0,545.0,171.0,0901400010492
09,014,Benito Juárez,0001,0505,3014,60.0,67.0,617.0,454.0,148.0,35.0,8.0,663.0,1180.0,519.0,127.0,0901400010505
09,014,Benito Juárez,0001,051A,2793,57.0,59.0,694.0,507.0,181.0,40.0,10.0,694.0,963.0,425.0,116.0,090140001051A
09,014,Benito Juárez,0001,0524,2763,53.0,45.0,663.0,468.0,140.0,36.0,12.0,623.0,1043.0,498.0,98.0,0901400010524
09,014,Benito Juárez,0001,0539,2679,49.0,48.0,638.0,459.0,156.0,20.0,7.0,653.0,980.0,415.0,97.0,0901400010539
09,014,Benito Juárez,0001,0543,5681,151.0,155.0,929.0,654.0,202.0,45.0,14.0,1039.0,2374.0,1048.0,306.0,0901400010543
09,014,Benito Juárez,0001,0558,2425,97.0,73.0,393.0,290.0,106.0,30.0,7.0,425.0,1016.0,442.0,170.0,0901400010558
09,014,Benito Juárez,0001,0562,3819,84.0,100.0,736.0,493.0,110.0,24.0,20.0,560.0,1619.0,675.0,184.0,0901400010562
09,014,Benito Juárez,0001,0577,6059,123.0,140.0,1151.0,830.0,201.0,41.0,25.0,1138.0,2855.0,1313.0,263.0,0901400010577
09,014,Benito Juárez,0001,0581,521,6.0,10.0,151.0,117.0,28.0,5.0,,79.0,175.0,52.0,16.0,0901400010581
09,014,Benito Juárez,0001,0596,3156,74.0,67.0,801.0,578.0,108.0,40.0,22.0,840.0,1289.0,595.0,141.0,0901400010596
09,014,Benito Juárez,0001,0609,4320,85.0,119.0,1087.0,801.0,120.0,31.0,19.0,746.0,1841.0,769.0,204.0,0901400010609
09,014,Benito Juárez,0001,0613,5414,101.0,146.0,1158.0,817.0,167.0,42.0,18.0,1013.0,2377.0,1114.0,247.0,0901400010613
09,014,Benito Juárez,0001,0628,5347,97.0,115.0,1330.0,979.0,190.0,43.0,20.0,1217.0,2083.0,889.0,212.0,0901400010628
09,014,Benito Juárez,0001,0632,6933,125.0,164.0,1571.0,1133.0,275.0,62.0,20.0,1400.0,2768.0,1176.0,289.0,0901400010632
09,014,Benito Juárez,0001,0647,5658,117.0,163.0,1090.0,757.0,375.0,39.0,25.0,1364.0,2015.0,826.0,280.0,0901400010647
09,014,Benito Juárez,0001,0651,6444,146.0,201.0,1212.0,830.0,304.0,68.0,27.0,1446.0,2321.0,1045.0,347.0,0901400010651
09,014,Benito Juárez,0001,0666,3479,92.0,91.0,591.0,388.0,153.0,31.0,16.0,749.0,1318.0,559.0,183.0,0901400010666
09,014,Benito Juárez,0001,0670,6796,160.0,199.0,1214.0,804.0,279.0,59.0,30.0,1340.0,2578.0,1148.0,359.0,0901400010670
09,014,Benito Juárez,0001,0685,4576,118.0,128.0,830.0,602.0,292.0,46.0,15.0,1009.0,1727.0,753.0,246.0,0901400010685
09,014,Benito Juárez,0001,069A,1735,36.0,50.0,334.0,238.0,75.0,25.0,9.0,409.0,730.0,327.0,86.0,090140001069A
09,014,Benito Juárez,0001,0702,4122,89.0,95.0,952.0,670.0,163.0,30.0,17.0,701.0,1718.0,725.0,184.0,0901400010702
09,014,Benito Juárez,0001,0717,1190,18.0,27.0,320.0,250.0,52.0,16.0,4.0,266.0,463.0,190.0,45.0,0901400010717
09,014,Benito Juárez,0001,0721,4471,87.0,115.0,1047.0,770.0,184.0,49.0,25.0,934.0,1764.0,810.0,202.0,0901400010721
09,014,Benito Juárez,0001,0736,5045,93.0,121.0,1087.0,782.0,120.0,27.0,50.0,812.0,2226.0,1031.0,214.0,0901400010736
09,014,Benito Juárez,0001,0740,3523,60.0,69.0,867.0,610.0,113.0,25.0,13.0,510.0,1437.0,665.0,129.0,0901400010740
09,014,Benito Juárez,0001,0755,5093,92.0,113.0,1194.0,827.0,246.0,51.0,13.0,1117.0,2045.0,893.0,205.0,0901400010755
09,014,Benito Juárez,0001,076A,4076,100.0,124.0,735.0,488.0,130.0,29.0,24.0,773.0,1717.0,672.0,224.0,090140001076A
09,014,Benito Juárez,0001,0774,7049,181.0,156.0,1396.0,937.0,283.0,52.0,29.0,1654.0,2732.0,1175.0,337.0,0901400010774
09,014,Benito Juárez,0001,0789,2843,67.0,72.0,561.0,400.0,147.0,35.0,16.0,541.0,1126.0,506.0,139.0,0901400010789
09,014,Benito Juárez,0001,0793,4670,70.0,98.0,983.0,705.0,178.0,48.0,16.0,840.0,1924.0,901.0,168.0,0901400010793
09,014,Benito Juárez,0001,0806,5486,133.0,127.0,1224.0,890.0,205.0,56.0,16.0,893.0,2278.0,979.0,260.0,0901400010806
09,014,Benito Juárez,0001,0810,6987,165.0,204.0,1337.0,945.0,236.0,53.0,29.0,1009.0,2857.0,1238.0,369.0,0901400010810
09,014,Benito Juárez,0001,0825,284,3.0,3.0,59.0,37.0,10.0,,0.0,51.0,114.0,56.0,6.0,0901400010825
09,014,Benito Juárez,0001,083A,3012,70.0,71.0,572.0,393.0,106.0,31.0,8.0,634.0,1146.0,471.0,141.0,090140001083A
09,014,Benito Juárez,0001,0844,5577,115.0,150.0,999.0,674.0,217.0,31.0,22.0,1143.0,2367.0,978.0,265.0,0901400010844
09,014,Benito Juárez,0001,0859,5794,137.0,149.0,1103.0,806.0,257.0,55.0,25.0,1068.0,2265.0,1023.0,286.0,0901400010859
09,014,Benito Juárez,0001,0863,7925,187.0,209.0,1468.0,1000.0,233.0,45.0,26.0,1620.0,3153.0,1393.0,396.0,0901400010863
09,014,Benito Juárez,0001,0878,5681,118.0,149.0,1006.0,680.0,290.0,51.0,16.0,1105.0,2253.0,903.0,267.0,0901400010878
09,014,Benito Juárez,0001,0882,3795,89.0,103.0,692.0,493.0,169.0,46.0,20.0,562.0,1720.0,759.0,192.0,0901400010882
09,014,Benito Juárez,0001,0897,1771,49.0,38.0,395.0,281.0,77.0,21.0,7.0,307.0,727.0,308.0,87.0,0901400010897
09,014,Benito Juárez,0001,090A,2649,56.0,58.0,781.0,567.0,141.0,41.0,11.0,418.0,1167.0,538.0,114.0,090140001090A
09,014,Benito Juárez,0001,0914,2250,54.0,62.0,472.0,348.0,95.0,22.0,19.0,299.0,1084.0,489.0,116.0,0901400010914
09,014,Benito Juárez,0001,0929,3731,75.0,102.0,874.0,637.0,190.0,33.0,16.0,813.0,1614.0,776.0,177.0,0901400010929
09,014,Benito Juárez,0001,0933,3060,79.0,73.0,678.0,483.0,120.0,24.0,12.0,385.0,1309.0,557.0,152.0,0901400010933
09,014,Benito Juárez,0001,0948,3045,37.0,56.0,759.0,550.0,134.0,35.0,17.0,498.0,1278.0,561.0,93.0,0901400010948
09,014,Benito Juárez,0001,0952,3854,113.0,103.0,686.0,469.0,141.0,26.0,22.0,626.0,1415.0,562.0,216.0,0901400010952
09,014,Benito Juárez,0001,0967,705,21.0,19.0,121.0,82.0,29.0,5.0,,183.0,251.0,105.0,40.0,0901400010967
09,014,Benito Juárez,0001,0971,3943,84.0,114.0,814.0,581.0,127.0,40.0,24.0,754.0,1562.0,668.0,198.0,0901400010971
09,014,Benito Juárez,0001,0986,5256,118.0,127.0,1092.0,780.0,174.0,48.0,29.0,953.0,2046.0,842.0,245.0,0901400010986
09,014,Benito Juárez,0001,0990,5697,118.0,154.0,1083.0,716.0,152.0,27.0,26.0,1163.0,2233.0,1000.0,272.0,0901400010990
09,014,Benito Juárez,0001,1005,7611,149.0,191.0,1484.0,1051.0,398.0,72.0,25.0,1537.0,2963.0,1392.0,340.0,0901400011005
09,014,Benito Juárez,0001,101A,4333,79.0,96.0,915.0,655.0,228.0,57.0,19.0,980.0,1649.0,735.0,175.0,090140001101A
09,014,Benito Juárez,0001,1024,4142,81.0,74.0,841.0,611.0,169.0,33.0,12.0,811.0,1645.0,701.0,155.0,0901400011024
09,015,Cuauhtémoc,0001,0019,4263,102.0,142.0,797.0,518.0,208.0,40.0,30.0,1254.0,1362.0,565.0,244.0,0901500010019
09,015,Cuauhtémoc,0001,0023,4902,142.0,152.0,861.0,570.0,262.0,36.0,23.0,1248.0,1598.0,642.0,294.0,0901500010023
09,015,Cuauhtémoc,0001,0038,2800,86.0,79.0,470.0,311.0,136.0,26.0,18.0,808.0,929.0,427.0,165.0,0901500010038
09,015,Cuauhtémoc,0001,0042,2930,97.0,101.0,302.0,189.0,156.0,10.0,22.0,775.0,970.0,433.0,198.0,0901500010042
09,015,Cuauhtémoc,0001,0057,24,0.0,,,,,0.0,0.0,3.0,6.0,,,0901500010057
09,015,Cuauhtémoc,0001,0061,1327,29.0,33.0,270.0,193.0,41.0,10.0,10.0,201.0,515.0,233.0,62.0,0901500010061
09,015,Cuauhtémoc,0001,0076,6626,153.0,207.0,1100.0,764.0,353.0,49.0,45.0,1124.0,2479.0,1093.0,360.0,0901500010076
09,015,Cuauhtémoc,0001,0080,7933,201.0,272.0,1369.0,938.0,519.0,76.0,77.0,1844.0,2771.0,1140.0,473.0,0901500010080
09,015,Cuauhtémoc,0001,0095,3670,96.0,117.0,776.0,558.0,292.0,32.0,29.0,877.0,1202.0,528.0,213.0,0901500010095
09,015,Cuauhtémoc,0001,0108,3456,62.0,104.0,645.0,442.0,217.0,28.0,14.0,953.0,1121.0,481.0,166.0,0901500010108
09,015,Cuauhtémoc,0001,0112,2227,63.0,81.0,499.0,358.0,104.0,13.0,21.0,703.0,723.0,327.0,144.0,0901500010112
09,015,Cuauhtémoc,0001,0127,8402,292.0,312.0,1176.0,771.0,482.0,79.0,72.0,2238.0,2818.0,1234.0,604.0,0901500010127
09,015,Cuauhtémoc,0001,0131,2585,72.0,82.0,318.0,190.0,160.0,16.0,12.0,897.0,838.0,391.0,154.0,0901500010131
09,015,Cuauhtémoc,0001,0146,1384,26.0,49.0,325.0,232.0,49.0,14.0,8.0,378.0,444.0,176.0,75.0,0901500010146
09,015,Cuauhtémoc,0001,0150,1556,52.0,53.0,312.0,212.0,94.0,5.0,12.0,473.0,480.0,208.0,105.0,0901500010150
09,015,Cuauhtémoc,0001,0165,5259,151.0,163.0,818.0,546.0,231.0,44.0,40.0,1489.0,1704.0,734.0,314.0,0901500010165
09,015,Cuauhtémoc,0001,017A,5239,131.0,155.0,699.0,428.0,170.0,21.0,42.0,1268.0,1781.0,801.0,286.0,090150001017A
09,015,Cuauhtémoc,0001,0184,6961,232.0,307.0,1032.0,636.0,340.0,58.0,86.0,1648.0,2236.0,967.0,539.0,0901500010184
09,015,Cuauhtémoc,0001,0199,490,7.0,7.0,102.0,85.0,37.0,3.0,0.0,88.0,194.0,96.0,14.0,0901500010199
09,015,Cuauhtémoc,0001,0201,1612,28.0,48.0,363.0,250.0,107.0,7.0,12.0,339.0,645.0,329.0,76.0,0901500010201
09,015,Cuauhtémoc,0001,0216,1285,18.0,25.0,284.0,195.0,85.0,18.0,3.0,276.0,509.0,247.0,43.0,0901500010216
09,015,Cuauhtémoc,0001,0220,832,12.0,29.0,196.0,146.0,63.0,11.0,,159.0,325.0,167.0,41.0,0901500010220
09,015,Cuauhtémoc,0001,0235,1280,20.0,34.0,290.0,202.0,116.0,20.0,8.0,301.0,511.0,275.0,54.0,0901500010235
09,015,Cuauhtémoc,0001,024A,1076,18.0,21.0,267.0,186.0,65.0,10.0,,236.0,432.0,176.0,39.0,090150001024A
09,015,Cuauhtémoc,0001,0254,230,,5.0,55.0,30.0,33.0,5.0,0.0,57.0,90.0,44.0,,0901500010254
09,015,Cuauhtémoc,0001,0269,1259,21.0,42.0,258.0,198.0,96.0,9.0,,294.0,484.0,231.0,63.0,0901500010269
09,015,Cuauhtémoc,0001,0273,594,4.0,11.0,157.0,121.0,33.0,10.0,,106.0,230.0,144.0,15.0,0901500010273
09,015,Cuauhtémoc,0001,0288,235,,3.0,73.0,52.0,13.0,4.0,,55.0,92.0,46.0,,0901500010288
09,015,Cuauhtémoc,0001,0292,1418,25.0,47.0,346.0,248.0,121.0,13.0,11.0,322.0,569.0,270.0,72.0,0901500010292
09,015,Cuauhtémoc,0001,0305,1377,31.0,27.0,327.0,233.0,75.0,13.0,6.0,346.0,555.0,244.0,58.0,0901500010305
09,015,Cuauhtémoc,0001,031A,1351,33.0,35.0,280.0,199.0,86.0,16.0,6.0,249.0,545.0,278.0,68.0,090150001031A
09,015,Cuauhtémoc,0001,0324,695,15.0,19.0,127.0,91.0,35.0,4.0,6.0,126.0,302.0,137.0,34.0,0901500010324
09,015,Cuauhtémoc,0001,0339,4888,192.0,224.0,681.0,462.0,330.0,62.0,50.0,1814.0,1496.0,779.0,416.0,0901500010339
09,015,Cuauhtémoc,0001,0343,10857,429.0,529.0,1466.0,976.0,810.0,138.0,138.0,4574.0,3146.0,1496.0,958.0,0901500010343
09,015,Cuauhtémoc,0001,0358,9880,393.0,484.0,1470.0,981.0,665.0,97.0,144.0,4337.0,2997.0,1512.0,877.0,0901500010358
09,015,Cuauhtémoc,0001,0362,3396,69.0,92.0,765.0,535.0,248.0,34.0,12.0,702.0,1333.0,618.0,161.0,0901500010362
09,015,Cuauhtémoc,0001,0377,1050,21.0,24.0,282.0,220.0,70.0,10.0,0.0,245.0,415.0,187.0,45.0,0901500010377
09,015,Cuauhtémoc,0001,0381,1189,15.0,34.0,286.0,194.0,75.0,13.0,4.0,255.0,484.0,216.0,49.0,0901500010381
09,015,Cuauhtémoc,0001,0396,448,6.0,11.0,92.0,65.0,28.0,7.0,,102.0,176.0,92.0,17.0,0901500010396
09,015,Cuauhtémoc,0001,0409,1281,24.0,18.0,318.0,221.0,96.0,12.0,3.0,286.0,512.0,261.0,42.0,0901500010409
09,015,Cuauhtémoc,0001,0413,218,3.0,4.0,53.0,40.0,21.0,5.0,,37.0,78.0,33.0,7.0,0901500010413
09,015,Cuauhtémoc,0001,0428,1578,25.0,41.0,376.0,264.0,147.0,19.0,5.0,373.0,624.0,314.0,66.0,0901500010428
09,015,Cuauhtémoc,0001,0432,139,3.0,8.0,30.0,20.0,9.0,0.0,4.0,33.0,61.0,33.0,11.0,0901500010432
09,015,Cuauhtémoc,0001,0447,1394,35.0,41.0,307.0,210.0,121.0,17.0,7.0,377.0,549.0,256.0,76.0,0901500010447
09,015,Cuauhtémoc,0001,0451,587,6.0,18.0,111.0,79.0,42.0,10.0,6.0,120.0,248.0,100.0,24.0,0901500010451
09,015,Cuauhtémoc,0001,0466,11023,303.0,341.0,1964.0,1342.0,659.0,104.0,83.0,2575.0,3902.0,1761.0,644.0,0901500010466
09,015,Cuauhtémoc,0001,0470,6778,182.0,207.0,1185.0,820.0,369.0,50.0,54.0,1746.0,2454.0,1177.0,389.0,0901500010470
09,015,Cuauhtémoc,0001,0485,9893,241.0,266.0,1893.0,1287.0,514.0,92.0,45.0,2160.0,3662.0,1645.0,507.0,0901500010485
09,015,Cuauhtémoc,0001,049A,1836,55.0,58.0,287.0,181.0,112.0,5.0,15.0,565.0,611.0,306.0,113.0,090150001049A
09,015,Cuauhtémoc,0001,0502,8991,252.0,282.0,1632.0,1178.0,513.0,103.0,70.0,2430.0,3117.0,1540.0,534.0,0901500010502
09,015,Cuauhtémoc,0001,0517,8412,289.0,317.0,1358.0,913.0,506.0,71.0,69.0,1817.0,2688.0,1242.0,606.0,0901500010517
09,015,Cuauhtémoc,0001,0521,8735,283.0,338.0,1407.0,927.0,492.0,72.0,88.0,2373.0,3002.0,1389.0,621.0,0901500010521
09,015,Cuauhtémoc,0001,0536,5292,178.0,175.0,720.0,484.0,216.0,33.0,56.0,1833.0,1736.0,793.0,353.0,0901500010536
09,015,Cuauhtémoc,0001,0540,6835,249.0,293.0,976.0,657.0,300.0,70.0,107.0,3096.0,2214.0,1028.0,542.0,0901500010540
09,015,Cuauhtémoc,0001,0555,4962,103.0,131.0,1137.0,811.0,258.0,65.0,27.0,1108.0,1756.0,761.0,234.0,0901500010555
09,015,Cuauhtémoc,0001,056A,7081,218.0,241.0,1230.0,853.0,442.0,66.0,57.0,2158.0,2355.0,1092.0,459.0,090150001056A
09,015,Cuauhtémoc,0001,0574,10841,364.0,404.0,1776.0,1193.0,652.0,95.0,115.0,3201.0,3555.0,1566.0,768.0,0901500010574
09,015,Cuauhtémoc,0001,0589,5616,214.0,240.0,947.0,640.0,345.0,46.0,57.0,2444.0,1709.0,732.0,454.0,0901500010589
09,015,Cuauhtémoc,0001,0593,4685,111.0,117.0,1054.0,759.0,279.0,36.0,15.0,1141.0,1725.0,830.0,228.0,0901500010593
09,015,Cuauhtémoc,0001,0606,5014,119.0,137.0,992.0,672.0,328.0,53.0,19.0,1178.0,1865.0,926.0,256.0,0901500010606
09,015,Cuauhtémoc,0001,0610,10667,246.0,369.0,1717.0,1142.0,712.0,99.0,87.0,3027.0,3577.0,1625.0,615.0,0901500010610
09,015,Cuauhtémoc,0001,0625,1497,28.0,34.0,309.0,213.0,97.0,23.0,9.0,277.0,502.0,272.0,62.0,0901500010625
09,015,Cuauhtémoc,0001,063A,4292,135.0,192.0,599.0,389.0,209.0,32.0,50.0,1383.0,1489.0,687.0,327.0,090150001063A
09,015,Cuauhtémoc,0001,0644,8279,281.0,316.0,1366.0,961.0,623.0,78.0,104.0,3424.0,2731.0,1254.0,597.0,0901500010644
09,015,Cuauhtémoc,0001,0659,4180,133.0,148.0,653.0,444.0,264.0,45.0,44.0,1950.0,1231.0,594.0,281.0,0901500010659
09,015,Cuauhtémoc,0001,0663,1838,53.0,79.0,330.0,229.0,162.0,15.0,29.0,827.0,552.0,265.0,132.0,0901500010663
09,015,Cuauhtémoc,0001,0678,9903,211.0,285.0,1725.0,1195.0,378.0,61.0,82.0,1772.0,3875.0,1682.0,496.0,0901500010678
09,015,Cuauhtémoc,0001,0682,5682,133.0,136.0,990.0,668.0,263.0,34.0,27.0,1155.0,2326.0,988.0,269.0,0901500010682
09,015,Cuauhtémoc,0001,0697,6982,152.0,178.0,1203.0,809.0,277.0,58.0,32.0,1504.0,2723.0,1257.0,330.0,0901500010697
09,015,Cuauhtémoc,0001,070A,1542,25.0,41.0,324.0,212.0,81.0,12.0,19.0,539.0,614.0,276.0,66.0,090150001070A
09,015,Cuauhtémoc,0001,0714,2769,54.0,71.0,530.0,363.0,148.0,15.0,16.0,805.0,1105.0,486.0,125.0,0901500010714
09,015,Cuauhtémoc,0001,0729,359,5.0,5.0,38.0,23.0,7.0,,,61.0,194.0,71.0,10.0,0901500010729
09,015,Cuauhtémoc,0001,0733,369,7.0,5.0,46.0,31.0,12.0,8.0,,77.0,146.0,73.0,12.0,0901500010733
09,015,Cuauhtémoc,0001,0748,4753,135.0,146.0,605.0,333.0,133.0,22.0,35.0,908.0,1028.0,442.0,281.0,0901500010748
09,015,Cuauhtémoc,0001,0752,1708,54.0,53.0,261.0,167.0,93.0,11.0,20.0,701.0,581.0,243.0,107.0,0901500010752
09,015,Cuauhtémoc,0001,0767,260,5.0,8.0,64.0,55.0,28.0,,3.0,77.0,94.0,28.0,13.0,0901500010767
09,015,Cuauhtémoc,0001,0771,947,33.0,47.0,106.0,78.0,98.0,13.0,19.0,386.0,269.0,121.0,80.0,0901500010771
09,015,Cuauhtémoc,0001,0786,2006,73.0,84.0,243.0,135.0,133.0,41.0,29.0,924.0,545.0,219.0,157.0,0901500010786
09,015,Cuauhtémoc,0001,0790,2984,55.0,67.0,437.0,293.0,109.0,18.0,15.0,475.0,1492.0,572.0,122.0,0901500010790
09,015,Cuauhtémoc,0001,0803,974,30.0,13.0,126.0,69.0,21.0,3.0,3.0,240.0,524.0,196.0,43.0,0901500010803
09,015,Cuauhtémoc,0001,0818,172,,5.0,32.0,22.0,15.0,,0.0,59.0,77.0,36.0,,0901500010818
09,015,Cuauhtémoc,0001,0822,4209,103.0,94.0,680.0,467.0,109.0,19.0,19.0,691.0,1984.0,819.0,197.0,0901500010822
09,015,Cuauhtémoc,0001,0837,732,8.0,17.0,91.0,66.0,14.0,5.0,,103.0,410.0,178.0,25.0,0901500010837
09,015,Cuauhtémoc,0001,0841,1803,47.0,29.0,283.0,201.0,70.0,10.0,6.0,405.0,929.0,382.0,76.0,0901500010841
09,015,Cuauhtémoc,0001,0856,2963,76.0,79.0,435.0,308.0,71.0,16.0,28.0,618.0,1285.0,523.0,155.0,0901500010856
09,015,Cuauhtémoc,0001,0860,1788,33.0,43.0,284.0,199.0,89.0,14.0,10.0,561.0,715.0,285.0,76.0,0901500010860
09,015,Cuauhtémoc,0001,0875,7970,261.0,266.0,1164.0,793.0,505.0,57.0,79.0,2538.0,2707.0,1231.0,527.0,0901500010875
09,015,Cuauhtémoc,0001,088A,2011,37.0,71.0,458.0,347.0,218.0,22.0,15.0,808.0,626.0,313.0,108.0,090150001088A
09,015,Cuauhtémoc,0001,0894,2048,69.0,59.0,357.0,268.0,75.0,12.0,37.0,855.0,687.0,363.0,128.0,0901500010894
09,015,Cuauhtémoc,0001,0907,2642,107.0,99.0,314.0,203.0,154.0,20.0,36.0,1380.0,719.0,297.0,206.0,0901500010907
09,015,Cuauhtémoc,0001,0911,4562,187.0,211.0,480.0,315.0,228.0,35.0,84.0,2702.0,1167.0,541.0,398.0,0901500010911
09,015,Cuauhtémoc,0001,0926,3007,70.0,42.0,501.0,373.0,92.0,17.0,6.0,503.0,1541.0,610.0,112.0,0901500010926
09,015,Cuauhtémoc,0001,0930,626,12.0,13.0,118.0,85.0,27.0,3.0,,103.0,301.0,116.0,25.0,0901500010930
09,015,Cuauhtémoc,0001,0945,1082,12.0,18.0,152.0,99.0,27.0,5.0,4.0,267.0,526.0,206.0,30.0,0901500010945
09,015,Cuauhtémoc,0001,095A,738,19.0,11.0,85.0,54.0,28.0,7.0,,264.0,376.0,172.0,30.0,090150001095A
09,015,Cuauhtémoc,0001,0964,3794,118.0,149.0,551.0,366.0,332.0,63.0,43.0,1295.0,1304.0,656.0,267.0,0901500010964
09,015,Cuauhtémoc,0001,0979,2385,104.0,110.0,322.0,222.0,134.0,23.0,33.0,1094.0,734.0,345.0,214.0,0901500010979
09,015,Cuauhtémoc,0001,0983,982,11.0,14.0,180.0,121.0,35.0,6.0,,252.0,490.0,212.0,25.0,0901500010983
09,015,Cuauhtémoc,0001,0998,2370,56.0,59.0,307.0,211.0,71.0,9.0,21.0,681.0,1088.0,447.0,115.0,0901500010998
09,015,Cuauhtémoc,0001,1002,2701,40.0,52.0,477.0,337.0,87.0,19.0,11.0,506.0,1216.0,458.0,92.0,0901500011002
09,015,Cuauhtémoc,0001,1017,4538,89.0,103.0,852.0,595.0,341.0,42.0,23.0,1067.0,1826.0,848.0,192.0,0901500011017
09,015,Cuauhtémoc,0001,1036,6722,210.0,219.0,1104.0,729.0,437.0,62.0,56.0,1659.0,2307.0,1016.0,429.0,0901500011036
09,015,Cuauhtémoc,0001,1040,5119,153.0,194.0,801.0,543.0,312.0,56.0,56.0,1609.0,1747.0,785.0,347.0,0901500011040
09,015,Cuauhtémoc,0001,1055,2373,58.0,58.0,404.0,266.0,104.0,19.0,14.0,888.0,865.0,364.0,116.0,0901500011055
09,015,Cuauhtémoc,0001,106A,6265,198.0,235.0,761.0,486.0,344.0,61.0,58.0,1996.0,2045.0,900.0,433.0,090150001106A
09,015,Cuauhtémoc,0001,1074,7648,232.0,319.0,1012.0,680.0,336.0,46.0,100.0,2703.0,2444.0,1134.0,551.0,0901500011074
09,015,Cuauhtémoc,0001,1089,2004,41.0,45.0,264.0,192.0,48.0,10.0,7.0,382.0,951.0,406.0,86.0,0901500011089
09,015,Cuauhtémoc,0001,1093,901,20.0,10.0,141.0,89.0,31.0,9.0,,182.0,432.0,184.0,30.0,0901500011093
09,015,Cuauhtémoc,0001,1106,1552,37.0,44.0,269.0,189.0,58.0,27.0,22.0,343.0,744.0,317.0,81.0,0901500011106
09,015,Cuauhtémoc,0001,1110,6307,113.0,137.0,1121.0,779.0,298.0,45.0,33.0,1640.0,2631.0,1207.0,250.0,0901500011110
09,015,Cuauhtémoc,0001,1125,8637,213.0,226.0,1544.0,1069.0,368.0,72.0,53.0,2200.0,3264.0,1621.0,439.0,0901500011125
09,015,Cuauhtémoc,0001,113A,9074,234.0,292.0,1504.0,1001.0,561.0,65.0,86.0,2446.0,3327.0,1629.0,526.0,090150001113A
09,015,Cuauhtémoc,0001,1144,7972,168.0,250.0,1533.0,1089.0,474.0,84.0,59.0,2478.0,2694.0,1231.0,418.0,0901500011144
09,015,Cuauhtémoc,0001,1159,4258,116.0,134.0,754.0,528.0,258.0,30.0,29.0,1321.0,1417.0,680.0,250.0,0901500011159
09,015,Cuauhtémoc,0001,1163,2805,72.0,91.0,476.0,328.0,92.0,29.0,29.0,829.0,960.0,401.0,163.0,0901500011163
09,015,Cuauhtémoc,0001,1178,3010,73.0,62.0,602.0,455.0,93.0,19.0,10.0,524.0,1378.0,598.0,135.0,0901500011178
09,015,Cuauhtémoc,0001,1182,3062,69.0,87.0,589.0,445.0,109.0,22.0,18.0,750.0,1394.0,585.0,156.0,0901500011182
09,015,Cuauhtémoc,0001,1197,1206,32.0,26.0,191.0,125.0,24.0,4.0,3.0,225.0,607.0,237.0,58.0,0901500011197
09,015,Cuauhtémoc,0001,120A,1876,45.0,38.0,299.0,184.0,69.0,14.0,12.0,311.0,898.0,273.0,83.0,090150001120A
09,015,Cuauhtémoc,0001,1214,2761,37.0,66.0,503.0,368.0,120.0,36.0,18.0,530.0,1290.0,537.0,103.0,0901500011214
09,015,Cuauhtémoc,0001,1229,840,45.0,26.0,129.0,89.0,43.0,4.0,8.0,214.0,201.0,101.0,71.0,0901500011229
09,015,Cuauhtémoc,0001,1233,9393,265.0,299.0,1487.0,968.0,628.0,87.0,101.0,2950.0,3142.0,1449.0,564.0,0901500011233
09,015,Cuauhtémoc,0001,1248,6418,158.0,192.0,1254.0,890.0,300.0,65.0,57.0,2209.0,2193.0,950.0,350.0,0901500011248
09,015,Cuauhtémoc,0001,1252,5261,148.0,156.0,1094.0,767.0,453.0,87.0,32.0,1640.0,1742.0,864.0,304.0,0901500011252
09,015,Cuauhtémoc,0001,1267,3280,66.0,100.0,686.0,473.0,146.0,20.0,39.0,1002.0,1148.0,626.0,166.0,0901500011267
09,015,Cuauhtémoc,0001,1271,1636,34.0,37.0,385.0,259.0,42.0,11.0,7.0,438.0,576.0,278.0,71.0,0901500011271
09,015,Cuauhtémoc,0001,1286,1346,30.0,37.0,337.0,243.0,90.0,12.0,15.0,353.0,432.0,188.0,67.0,0901500011286
09,015,Cuauhtémoc,0001,1290,4939,119.0,148.0,985.0,642.0,243.0,38.0,42.0,1314.0,1484.0,721.0,267.0,0901500011290
09,015,Cuauhtémoc,0001,1303,2006,43.0,35.0,439.0,339.0,62.0,19.0,6.0,381.0,843.0,395.0,78.0,0901500011303
09,015,Cuauhtémoc,0001,1318,2378,51.0,48.0,530.0,382.0,80.0,19.0,3.0,390.0,1084.0,472.0,99.0,0901500011318
09,015,Cuauhtémoc,0001,1322,1252,18.0,19.0,228.0,164.0,29.0,9.0,5.0,217.0,553.0,190.0,37.0,0901500011322
09,015,Cuauhtémoc,0001,1337,1967,53.0,40.0,364.0,250.0,60.0,12.0,9.0,361.0,918.0,372.0,93.0,0901500011337
09,015,Cuauhtémoc,0001,1341,3497,85.0,91.0,563.0,388.0,86.0,19.0,11.0,735.0,1606.0,669.0,176.0,0901500011341
09,015,Cuauhtémoc,0001,1356,3309,40.0,67.0,711.0,533.0,151.0,25.0,17.0,860.0,1420.0,678.0,107.0,0901500011356
09,015,Cuauhtémoc,0001,1360,1780,32.0,28.0,355.0,242.0,56.0,13.0,12.0,395.0,770.0,361.0,60.0,0901500011360
09,015,Cuauhtémoc,0001,1375,3238,62.0,65.0,717.0,505.0,176.0,32.0,14.0,963.0,1309.0,557.0,127.0,0901500011375
09,015,Cuauhtémoc,0001,138A,584,10.0,10.0,149.0,114.0,43.0,5.0,,109.0,256.0,125.0,20.0,090150001138A
09,015,Cuauhtémoc,0001,1394,5232,147.0,171.0,690.0,464.0,199.0,19.0,31.0,1446.0,1841.0,818.0,318.0,0901500011394
09,015,Cuauhtémoc,0001,1407,2280,63.0,68.0,477.0,348.0,101.0,17.0,18.0,677.0,804.0,399.0,131.0,0901500011407
09,015,Cuauhtémoc,0001,1411,2636,49.0,55.0,446.0,317.0,76.0,24.0,13.0,505.0,1159.0,461.0,104.0,0901500011411
09,015,Cuauhtémoc,0001,1426,1401,19.0,31.0,256.0,187.0,40.0,8.0,5.0,267.0,629.0,267.0,50.0,0901500011426
09,015,Cuauhtémoc,0001,1430,1325,17.0,29.0,209.0,133.0,32.0,5.0,3.0,318.0,629.0,283.0,46.0,0901500011430
09,015,Cuauhtémoc,0001,1445,1674,31.0,38.0,299.0,210.0,52.0,11.0,6.0,321.0,735.0,328.0,69.0,0901500011445
09,015,Cuauhtémoc,0001,145A,3506,62.0,76.0,731.0,529.0,119.0,26.0,18.0,811.0,1506.0,631.0,138.0,090150001145A
09,015,Cuauhtémoc,0001,1464,3031,58.0,84.0,548.0,380.0,79.0,21.0,19.0,650.0,1301.0,627.0,142.0,0901500011464
09,015,Cuauhtémoc,0001,1479,3131,28.0,69.0,705.0,510.0,151.0,27.0,12.0,761.0,1235.0,576.0,97.0,0901500011479
09,015,Cuauhtémoc,0001,1483,7382,229.0,269.0,895.0,572.0,311.0,41.0,67.0,2638.0,2519.0,1074.0,498.0,0901500011483
09,015,Cuauhtémoc,0001,1498,6019,143.0,129.0,1110.0,780.0,233.0,51.0,35.0,1615.0,2338.0,1046.0,272.0,0901500011498
09,015,Cuauhtémoc,0001,1500,3145,52.0,87.0,686.0,478.0,130.0,34.0,21.0,715.0,1169.0,504.0,139.0,0901500011500
09,015,Cuauhtémoc,0001,1515,3624,72.0,113.0,809.0,578.0,173.0,29.0,35.0,817.0,1160.0,503.0,185.0,0901500011515
09,015,Cuauhtémoc,0001,152A,3565,94.0,121.0,601.0,411.0,152.0,36.0,28.0,1016.0,1174.0,511.0,215.0,090150001152A
09,015,Cuauhtémoc,0001,1534,3133,64.0,77.0,569.0,393.0,223.0,25.0,14.0,904.0,1128.0,569.0,141.0,0901500011534
09,015,Cuauhtémoc,0001,1549,4833,104.0,106.0,1007.0,669.0,232.0,39.0,15.0,1313.0,1831.0,884.0,210.0,0901500011549
09,016,Miguel Hidalgo,0001,0016,7,,,,,,,,,,,,0901600010016
09,016,Miguel Hidalgo,0001,0020,2880,90.0,97.0,294.0,183.0,121.0,19.0,17.0,705.0,1017.0,382.0,187.0,0901600010020
09,016,Miguel Hidalgo,0001,0035,2,,,,,,,,,,,,0901600010035
09,016,Miguel Hidalgo,0001,004A,7185,233.0,261.0,1195.0,817.0,385.0,39.0,64.0,1580.0,2408.0,1004.0,494.0,090160001004A
09,016,Miguel Hidalgo,0001,0054,4315,107.0,123.0,763.0,524.0,231.0,32.0,25.0,1069.0,1626.0,691.0,230.0,0901600010054
09,016,Miguel Hidalgo,0001,0069,4680,103.0,119.0,956.0,682.0,259.0,53.0,13.0,909.0,1735.0,755.0,222.0,0901600010069
09,016,Miguel Hidalgo,0001,0073,1201,25.0,36.0,303.0,215.0,69.0,18.0,8.0,242.0,458.0,236.0,61.0,0901600010073
09,016,Miguel Hidalgo,0001,0088,89,0.0,,27.0,17.0,5.0,,0.0,16.0,50.0,28.0,,0901600010088
09,016,Miguel Hidalgo,0001,0092,8058,191.0,208.0,535.0,300.0,154.0,17.0,24.0,1108.0,3318.0,1445.0,399.0,0901600010092
09,016,Miguel Hidalgo,0001,0105,5129,122.0,153.0,1058.0,754.0,281.0,67.0,43.0,1225.0,1612.0,700.0,275.0,0901600010105
09,016,Miguel Hidalgo,0001,011A,5077,113.0,186.0,953.0,704.0,256.0,54.0,38.0,1261.0,1533.0,632.0,299.0,090160001011A
09,016,Miguel Hidalgo,0001,0124,4285,111.0,140.0,777.0,545.0,262.0,44.0,49.0,848.0,1341.0,589.0,251.0,0901600010124
09,016,Miguel Hidalgo,0001,0139,5001,159.0,155.0,813.0,570.0,256.0,47.0,29.0,1060.0,1597.0,695.0,314.0,0901600010139
09,016,Miguel Hidalgo,0001,0143,6897,216.0,265.0,921.0,618.0,374.0,73.0,67.0,1538.0,2306.0,949.0,481.0,0901600010143
09,016,Miguel Hidalgo,0001,0158,4030,127.0,153.0,543.0,369.0,170.0,26.0,39.0,849.0,1367.0,547.0,280.0,0901600010158
09,016,Miguel Hidalgo,0001,0162,4905,128.0,180.0,790.0,545.0,204.0,44.0,39.0,1062.0,1734.0,721.0,308.0,0901600010162
09,016,Miguel Hidalgo,0001,0177,7071,183.0,221.0,1150.0,793.0,326.0,54.0,45.0,1497.0,2645.0,1103.0,404.0,0901600010177
09,016,Miguel Hidalgo,0001,0181,9026,195.0,236.0,1614.0,1106.0,430.0,68.0,39.0,1512.0,3182.0,1325.0,431.0,0901600010181
09,016,Miguel Hidalgo,0001,0196,0,0.0,0.0,0.0,0.0,0.0,0.0,0.0,0.0,0.0,0.0,0.0,0901600010196
09,016,Miguel Hidalgo,0001,0209,1289,21.0,25.0,306.0,211.0,48.0,10.0,,210.0,530.0,240.0,46.0,0901600010209
09,016,Miguel Hidalgo,0001,0213,7545,176.0,208.0,1396.0,962.0,434.0,76.0,51.0,1657.0,2655.0,1202.0,384.0,0901600010213
09,016,Miguel Hidalgo,0001,0228,2,,,,,,,,,,,,0901600010228
09,016,Miguel Hidalgo,0001,0232,28,,0.0,6.0,3.0,0.0,0.0,0.0,11.0,7.0,4.0,,0901600010232
09,016,Miguel Hidalgo,0001,0247,10020,269.0,368.0,1541.0,1048.0,627.0,92.0,108.0,2338.0,2985.0,1216.0,637.0,0901600010247
09,016,Miguel Hidalgo,0001,0251,8170,205.0,298.0,1301.0,867.0,480.0,99.0,53.0,1932.0,2523.0,1008.0,503.0,0901600010251
09,016,Miguel Hidalgo,0001,0270,7375,206.0,254.0,1263.0,858.0,337.0,50.0,62.0,1573.0,2454.0,970.0,460.0,0901600010270
09,016,Miguel Hidalgo,0001,0285,7645,195.0,257.0,1181.0,806.0,382.0,60.0,38.0,1623.0,2634.0,1096.0,452.0,0901600010285
09,016,Miguel Hidalgo,0001,029A,9287,211.0,285.0,1403.0,913.0,339.0,76.0,50.0,1491.0,3425.0,1446.0,496.0,090160001029A
09,016,Miguel Hidalgo,0001,0302,0,0.0,0.0,0.0,0.0,0.0,0.0,0.0,0.0,0.0,0.0,0.0,0901600010302
09,016,Miguel Hidalgo,0001,0317,1962,26.0,36.0,499.0,375.0,121.0,27.0,6.0,314.0,836.0,419.0,62.0,0901600010317
09,016,Miguel Hidalgo,0001,0321,2123,39.0,44.0,467.0,359.0,103.0,14.0,8.0,388.0,840.0,370.0,83.0,0901600010321
09,016,Miguel Hidalgo,0001,0336,1100,24.0,32.0,294.0,232.0,104.0,16.0,,249.0,412.0,223.0,56.0,0901600010336
09,016,Miguel Hidalgo,0001,0340,1041,28.0,26.0,230.0,176.0,72.0,11.0,5.0,273.0,375.0,188.0,54.0,0901600010340
09,016,Miguel Hidalgo,0001,036A,3263,89.0,113.0,595.0,413.0,149.0,41.0,31.0,822.0,1031.0,442.0,202.0,090160001036A
09,016,Miguel Hidalgo,0001,0374,5805,142.0,225.0,972.0,662.0,424.0,64.0,50.0,1494.0,1689.0,741.0,367.0,0901600010374
09,016,Miguel Hidalgo,0001,0389,4656,151.0,181.0,697.0,441.0,218.0,35.0,45.0,1141.0,1436.0,656.0,332.0,0901600010389
09,016,Miguel Hidalgo,0001,0393,10717,275.0,365.0,1764.0,1237.0,505.0,85.0,65.0,2091.0,3695.0,1553.0,640.0,0901600010393
09,016,Miguel Hidalgo,0001,0410,1560,26.0,35.0,403.0,298.0,93.0,17.0,3.0,267.0,604.0,250.0,61.0,0901600010410
09,016,Miguel Hidalgo,0001,0425,2723,55.0,56.0,584.0,450.0,157.0,26.0,6.0,515.0,1123.0,525.0,111.0,0901600010425
09,016,Miguel Hidalgo,0001,043A,1613,29.0,48.0,408.0,307.0,78.0,18.0,13.0,347.0,661.0,322.0,77.0,090160001043A
09,016,Miguel Hidalgo,0001,0444,18174,709.0,796.0,2069.0,1440.0,352.0,82.0,126.0,2097.0,7377.0,2220.0,1505.0,0901600010444
09,016,Miguel Hidalgo,0001,0459,3824,101.0,141.0,568.0,423.0,197.0,44.0,34.0,889.0,1369.0,562.0,242.0,0901600010459
09,016,Miguel Hidalgo,0001,0463,4077,108.0,141.0,615.0,384.0,156.0,26.0,47.0,1099.0,1293.0,460.0,249.0,0901600010463
09,016,Miguel Hidalgo,0001,0478,6255,227.0,200.0,517.0,339.0,107.0,11.0,27.0,833.0,2645.0,1004.0,427.0,0901600010478
09,016,Miguel Hidalgo,0001,0482,9902,316.0,362.0,1083.0,739.0,381.0,60.0,47.0,1522.0,3843.0,1503.0,678.0,0901600010482
09,016,Miguel Hidalgo,0001,0497,8511,273.0,319.0,1255.0,873.0,384.0,83.0,79.0,1889.0,2801.0,1209.0,592.0,0901600010497
09,016,Miguel Hidalgo,0001,050A,4753,133.0,153.0,809.0,519.0,325.0,69.0,36.0,1110.0,1743.0,783.0,286.0,090160001050A
09,016,Miguel Hidalgo,0001,0514,303,5.0,13.0,23.0,13.0,3.0,,,11.0,91.0,19.0,18.0,0901600010514
09,016,Miguel Hidalgo,0001,0529,0,0.0,0.0,0.0,0.0,0.0,0.0,0.0,0.0,0.0,0.0,0.0,0901600010529
09,016,Miguel Hidalgo,0001,0533,7,,,,,,,,,,,,0901600010533
09,016,Miguel Hidalgo,0001,0548,2003,35.0,37.0,503.0,353.0,52.0,11.0,8.0,325.0,850.0,316.0,72.0,0901600010548
09,016,Miguel Hidalgo,0001,0552,1276,39.0,42.0,288.0,237.0,122.0,59.0,9.0,258.0,439.0,158.0,81.0,0901600010552
09,016,Miguel Hidalgo,0001,0571,3127,81.0,75.0,421.0,272.0,103.0,8.0,9.0,404.0,1396.0,598.0,156.0,0901600010571
09,016,Miguel Hidalgo,0001,0586,43,,,4.0,4.0,,0.0,0.0,4.0,14.0,4.0,,0901600010586
09,016,Miguel Hidalgo,0001,0590,782,19.0,27.0,134.0,94.0,34.0,6.0,,161.0,320.0,118.0,46.0,0901600010590
09,016,Miguel Hidalgo,0001,0603,2645,72.0,66.0,531.0,378.0,123.0,26.0,7.0,534.0,1066.0,459.0,138.0,0901600010603
09,016,Miguel Hidalgo,0001,0618,591,0.0,0.0,9.0,6.0,5.0,3.0,0.0,12.0,,0.0,0.0,0901600010618
09,016,Miguel Hidalgo,0001,0622,4721,210.0,222.0,969.0,759.0,120.0,47.0,29.0,690.0,1662.0,575.0,432.0,0901600010622
09,016,Miguel Hidalgo,0001,0637,3488,122.0,177.0,601.0,450.0,92.0,40.0,41.0,416.0,1284.0,382.0,299.0,0901600010637
09,016,Miguel Hidalgo,0001,0641,2207,75.0,74.0,360.0,248.0,55.0,11.0,15.0,199.0,968.0,298.0,149.0,0901600010641
09,016,Miguel Hidalgo,0001,0656,3967,127.0,141.0,668.0,457.0,82.0,18.0,17.0,434.0,1707.0,591.0,268.0,0901600010656
09,016,Miguel Hidalgo,0001,0660,4042,129.0,135.0,812.0,583.0,104.0,19.0,14.0,499.0,1742.0,692.0,264.0,0901600010660
09,016,Miguel Hidalgo,0001,0675,2612,84.0,80.0,487.0,345.0,77.0,17.0,15.0,228.0,1190.0,470.0,164.0,0901600010675
09,016,Miguel Hidalgo,0001,068A,2198,81.0,79.0,490.0,369.0,77.0,19.0,14.0,365.0,1016.0,430.0,160.0,090160001068A
09,016,Miguel Hidalgo,0001,0694,906,26.0,29.0,187.0,138.0,22.0,3.0,3.0,137.0,365.0,152.0,55.0,0901600010694
09,016,Miguel Hidalgo,0001,0707,1745,29.0,30.0,346.0,244.0,42.0,14.0,5.0,244.0,757.0,307.0,59.0,0901600010707
09,016,Miguel Hidalgo,0001,0711,2471,74.0,69.0,491.0,360.0,83.0,15.0,12.0,457.0,1150.0,502.0,143.0,0901600010711
09,016,Miguel Hidalgo,0001,0730,4046,131.0,174.0,702.0,542.0,109.0,20.0,7.0,648.0,1590.0,585.0,305.0,0901600010730
09,016,Miguel Hidalgo,0001,0745,2741,102.0,128.0,596.0,446.0,109.0,64.0,38.0,475.0,1060.0,444.0,230.0,0901600010745
09,016,Miguel Hidalgo,0001,075A,665,21.0,21.0,169.0,125.0,17.0,8.0,5.0,53.0,299.0,131.0,42.0,090160001075A
09,016,Miguel Hidalgo,0001,0764,349,6.0,18.0,47.0,29.0,8.0,,4.0,51.0,183.0,77.0,24.0,0901600010764
09,016,Miguel Hidalgo,0001,0779,1328,40.0,44.0,245.0,167.0,17.0,,6.0,145.0,642.0,216.0,84.0,0901600010779
09,016,Miguel Hidalgo,0001,0783,3448,115.0,122.0,747.0,545.0,66.0,33.0,30.0,355.0,1469.0,502.0,237.0,0901600010783
09,016,Miguel Hidalgo,0001,0798,309,6.0,3.0,77.0,55.0,22.0,,,66.0,138.0,82.0,9.0,0901600010798
09,016,Miguel Hidalgo,0001,0800,1473,40.0,54.0,60.0,37.0,41.0,6.0,11.0,107.0,388.0,56.0,94.0,0901600010800
09,016,Miguel Hidalgo,0001,0815,2767,105.0,97.0,570.0,419.0,147.0,33.0,12.0,671.0,808.0,336.0,202.0,0901600010815
09,016,Miguel Hidalgo,0001,082A,2213,48.0,60.0,508.0,360.0,104.0,21.0,6.0,639.0,612.0,244.0,108.0,090160001082A
09,016,Miguel Hidalgo,0001,0834,555,19.0,24.0,88.0,60.0,21.0,6.0,3.0,106.0,184.0,77.0,43.0,0901600010834
09,016,Miguel Hidalgo,0001,0849,831,21.0,18.0,223.0,166.0,35.0,7.0,6.0,132.0,308.0,115.0,39.0,0901600010849
09,016,Miguel Hidalgo,0001,0853,2446,87.0,82.0,766.0,609.0,124.0,36.0,9.0,350.0,939.0,387.0,169.0,0901600010853
09,016,Miguel Hidalgo,0001,0868,1152,49.0,32.0,334.0,243.0,25.0,6.0,,123.0,424.0,147.0,81.0,0901600010868
09,016,Miguel Hidalgo,0001,0872,1363,18.0,14.0,176.0,142.0,16.0,4.0,0.0,79.0,446.0,190.0,32.0,0901600010872
09,016,Miguel Hidalgo,0001,0887,185,6.0,,55.0,51.0,5.0,0.0,0.0,27.0,66.0,28.0,,0901600010887
09,016,Miguel Hidalgo,0001,0891,2076,39.0,52.0,417.0,301.0,80.0,17.0,18.0,505.0,959.0,400.0,91.0,0901600010891
09,016,Miguel Hidalgo,0001,0904,1535,37.0,50.0,318.0,234.0,29.0,4.0,11.0,179.0,425.0,152.0,87.0,0901600010904
09,016,Miguel Hidalgo,0001,0919,722,16.0,15.0,201.0,154.0,30.0,8.0,4.0,97.0,228.0,74.0,31.0,0901600010919
09,016,Miguel Hidalgo,0001,0923,1521,20.0,51.0,338.0,252.0,36.0,6.0,8.0,187.0,436.0,133.0,71.0,0901600010923
09,016,Miguel Hidalgo,0001,0942,862,24.0,30.0,261.0,207.0,35.0,16.0,,165.0,224.0,87.0,54.0,0901600010942
09,016,Miguel Hidalgo,0001,0957,83,0.0,5.0,17.0,13.0,3.0,0.0,,18.0,22.0,9.0,5.0,0901600010957
09,016,Miguel Hidalgo,0001,0961,877,28.0,40.0,185.0,131.0,32.0,7.0,5.0,150.0,221.0,60.0,68.0,0901600010961
09,016,Miguel Hidalgo,0001,0976,78,0.0,,26.0,20.0,,0.0,0.0,10.0,27.0,8.0,,0901600010976
09,016,Miguel Hidalgo,0001,0980,805,21.0,34.0,195.0,141.0,16.0,4.0,0.0,95.0,233.0,93.0,55.0,0901600010980
09,016,Miguel Hidalgo,0001,0995,1836,36.0,39.0,463.0,370.0,104.0,14.0,,414.0,627.0,256.0,75.0,0901600010995
09,016,Miguel Hidalgo,0001,100A,13,,0.0,3.0,,0.0,0.0,0.0,,3.0,0.0,,090160001100A
09,016,Miguel Hidalgo,0001,1014,265,11.0,10.0,65.0,54.0,8.0,,,50.0,93.0,32.0,21.0,0901600011014
09,016,Miguel Hidalgo,0001,1029,2458,39.0,54.0,554.0,430.0,98.0,37.0,17.0,493.0,1046.0,435.0,93.0,0901600011029
09,016,Miguel Hidalgo,0001,1033,1059,19.0,14.0,179.0,141.0,31.0,7.0,3.0,114.0,318.0,128.0,33.0,0901600011033
09,016,Miguel Hidalgo,0001,1048,1082,16.0,16.0,184.0,138.0,12.0,6.0,4.0,105.0,310.0,113.0,32.0,0901600011048
09,016,Miguel Hidalgo,0001,1052,848,16.0,28.0,257.0,204.0,25.0,9.0,0.0,85.0,256.0,79.0,44.0,0901600011052
09,016,Miguel Hidalgo,0001,1067,639,6.0,9.0,106.0,75.0,3.0,0.0,0.0,45.0,214.0,92.0,15.0,0901600011067
09,016,Miguel Hidalgo,0001,1071,2,,,,,,,,,,,,0901600011071
09,016,Miguel Hidalgo,0001,1086,0,0.0,0.0,0.0,0.0,0.0,0.0,0.0,0.0,0.0,0.0,0.0,0901600011086
09,016,Miguel Hidalgo,0001,1090,4044,85.0,143.0,755.0,515.0,273.0,44.0,25.0,1017.0,1149.0,499.0,228.0,0901600011090
09,016,Miguel Hidalgo,0001,1103,3137,102.0,123.0,596.0,409.0,114.0,24.0,37.0,862.0,991.0,398.0,225.0,0901600011103
09,016,Miguel Hidalgo,0001,1118,6098,166.0,206.0,1154.0,774.0,315.0,68.0,54.0,1477.0,1802.0,816.0,372.0,0901600011118
09,016,Miguel Hidalgo,0001,1122,2020,53.0,69.0,357.0,242.0,171.0,18.0,19.0,587.0,607.0,244.0,122.0,0901600011122
09,016,Miguel Hidalgo,0001,1137,3762,84.0,95.0,833.0,607.0,161.0,27.0,14.0,598.0,1241.0,513.0,179.0,0901600011137
09,016,Miguel Hidalgo,0001,1141,3492,96.0,105.0,745.0,521.0,200.0,41.0,11.0,888.0,1168.0,590.0,201.0,0901600011141
09,016,Miguel Hidalgo,0001,1156,8675,262.0,314.0,1364.0,967.0,371.0,91.0,86.0,1766.0,2933.0,1256.0,576.0,0901600011156
09,016,Miguel Hidalgo,0001,1160,7005,136.0,174.0,1606.0,1169.0,386.0,81.0,41.0,1621.0,2665.0,1281.0,310.0,0901600011160
09,016,Miguel Hidalgo,0001,1175,1823,27.0,51.0,419.0,323.0,86.0,25.0,12.0,552.0,665.0,294.0,78.0,0901600011175
09,016,Miguel Hidalgo,0001,118A,7942,166.0,192.0,1452.0,1036.0,313.0,68.0,20.0,1615.0,3222.0,1515.0,358.0,090160001118A
09,016,Miguel Hidalgo,0001,1194,1448,24.0,55.0,276.0,193.0,79.0,13.0,4.0,389.0,503.0,255.0,79.0,0901600011194
09,016,Miguel Hidalgo,0001,1207,8322,178.0,238.0,1458.0,1033.0,332.0,53.0,60.0,1736.0,3169.0,1432.0,416.0,0901600011207
09,016,Miguel Hidalgo,0001,1211,5224,95.0,126.0,1001.0,702.0,257.0,39.0,34.0,1244.0,1919.0,941.0,221.0,0901600011211
09,016,Miguel Hidalgo,0001,1226,5300,102.0,96.0,977.0,698.0,238.0,54.0,14.0,994.0,2269.0,1000.0,198.0,0901600011226
09,016,Miguel Hidalgo,0001,1230,682,24.0,29.0,149.0,119.0,16.0,6.0,0.0,91.0,192.0,54.0,53.0,0901600011230
09,016,Miguel Hidalgo,0001,1245,0,0.0,0.0,0.0,0.0,0.0,0.0,0.0,0.0,0.0,0.0,0.0,0901600011245
09,016,Miguel Hidalgo,0001,125A,1264,33.0,51.0,336.0,284.0,27.0,6.0,9.0,229.0,347.0,84.0,84.0,090160001125A
09,016,Miguel Hidalgo,0001,1264,1029,12.0,20.0,224.0,167.0,18.0,4.0,0.0,131.0,299.0,115.0,32.0,0901600011264
09,016,Miguel Hidalgo,0001,1279,1997,44.0,38.0,369.0,283.0,45.0,16.0,7.0,233.0,656.0,293.0,82.0,0901600011279
09,016,Miguel Hidalgo,0001,1283,1905,27.0,31.0,245.0,188.0,19.0,6.0,4.0,142.0,608.0,256.0,58.0,0901600011283
09,016,Miguel Hidalgo,0001,1298,1559,35.0,49.0,434.0,326.0,11.0,3.0,10.0,202.0,449.0,110.0,84.0,0901600011298
09,016,Miguel Hidalgo,0001,1300,6096,160.0,141.0,806.0,555.0,56.0,21.0,12.0,704.0,1715.0,710.0,301.0,0901600011300
09,016,Miguel Hidalgo,0001,1315,1526,37.0,51.0,360.0,271.0,132.0,43.0,16.0,299.0,567.0,249.0,88.0,0901600011315
09,016,Miguel Hidalgo,0001,132A,2889,82.0,102.0,543.0,369.0,195.0,28.0,19.0,767.0,964.0,435.0,184.0,090160001132A
09,016,Miguel Hidalgo,0001,1334,3168,109.0,107.0,509.0,324.0,207.0,23.0,22.0,803.0,1009.0,426.0,216.0,0901600011334
09,016,Miguel Hidalgo,0001,1349,15549,456.0,558.0,2703.0,1825.0,746.0,142.0,151.0,3927.0,4733.0,2099.0,1014.0,0901600011349
09,016,Miguel Hidalgo,0001,1353,1597,67.0,100.0,24.0,18.0,15.0,3.0,5.0,15.0,419.0,42.0,167.0,0901600011353
09,016,Miguel Hidalgo,0001,1368,1893,29.0,40.0,38.0,11.0,23.0,5.0,6.0,38.0,361.0,33.0,69.0,0901600011368
09,017,Venustiano Carranza,0001,0013,5152,167.0,213.0,770.0,531.0,336.0,50.0,56.0,1368.0,1550.0,707.0,380.0,0901700010013
09,017,Venustiano Carranza,0001,0028,4855,152.0,173.0,862.0,577.0,410.0,62.0,34.0,1133.0,1489.0,587.0,325.0,0901700010028
09,017,Venustiano Carranza,0001,0032,10277,331.0,412.0,1178.0,750.0,587.0,92.0,83.0,2473.0,3480.0,1351.0,743.0,0901700010032
09,017,Venustiano Carranza,0001,0047,3850,104.0,151.0,705.0,484.0,183.0,28.0,44.0,1160.0,1146.0,489.0,255.0,0901700010047
09,017,Venustiano Carranza,0001,0051,3587,103.0,121.0,712.0,492.0,201.0,39.0,32.0,1103.0,1048.0,490.0,224.0,0901700010051
09,017,Venustiano Carranza,0001,0066,2976,75.0,100.0,617.0,428.0,149.0,33.0,24.0,712.0,918.0,388.0,175.0,0901700010066
09,017,Venustiano Carranza,0001,0070,3664,102.0,128.0,661.0,459.0,217.0,29.0,32.0,1038.0,1032.0,526.0,230.0,0901700010070
09,017,Venustiano Carranza,0001,0085,2912,94.0,113.0,555.0,392.0,203.0,41.0,30.0,811.0,854.0,385.0,207.0,0901700010085
09,017,Venustiano Carranza,0001,009A,4499,149.0,169.0,796.0,554.0,229.0,32.0,43.0,1087.0,1342.0,490.0,318.0,090170001009A
09,017,Venustiano Carranza,0001,0102,2899,93.0,104.0,491.0,322.0,237.0,35.0,21.0,771.0,825.0,327.0,197.0,0901700010102
09,017,Venustiano Carranza,0001,0117,3305,86.0,111.0,604.0,385.0,132.0,36.0,23.0,898.0,991.0,386.0,197.0,0901700010117
09,017,Venustiano Carranza,0001,0121,5176,139.0,182.0,974.0,680.0,362.0,61.0,52.0,1449.0,1447.0,613.0,321.0,0901700010121
09,017,Venustiano Carranza,0001,0136,0,0.0,0.0,0.0,0.0,0.0,0.0,0.0,0.0,0.0,0.0,0.0,0901700010136
09,017,Venustiano Carranza,0001,0140,0,0.0,0.0,0.0,0.0,0.0,0.0,0.0,0.0,0.0,0.0,0.0,0901700010140
09,017,Venustiano Carranza,0001,0155,2974,82.0,92.0,595.0,421.0,255.0,44.0,26.0,1032.0,890.0,438.0,174.0,0901700010155
09,017,Venustiano Carranza,0001,016A,1827,76.0,69.0,359.0,248.0,100.0,11.0,24.0,560.0,547.0,220.0,145.0,090170001016A
09,017,Venustiano Carranza,0001,0174,2235,63.0,74.0,444.0,294.0,175.0,28.0,21.0,685.0,675.0,304.0,137.0,0901700010174
09,017,Venustiano Carranza,0001,0189,1652,62.0,52.0,336.0,236.0,128.0,21.0,13.0,432.0,473.0,188.0,114.0,0901700010189
09,017,Venustiano Carranza,0001,0193,1487,29.0,40.0,314.0,220.0,71.0,4.0,11.0,384.0,461.0,212.0,69.0,0901700010193
09,017,Venustiano Carranza,0001,0206,2629,75.0,102.0,502.0,340.0,207.0,29.0,16.0,711.0,755.0,340.0,177.0,0901700010206
09,017,Venustiano Carranza,0001,0210,13581,525.0,636.0,1939.0,1271.0,697.0,106.0,208.0,4713.0,3907.0,1618.0,1161.0,0901700010210
09,017,Venustiano Carranza,0001,0225,7677,291.0,354.0,1079.0,733.0,643.0,63.0,92.0,2616.0,2230.0,1025.0,645.0,0901700010225
09,017,Venustiano Carranza,0001,023A,1910,50.0,68.0,370.0,253.0,120.0,28.0,32.0,645.0,565.0,238.0,118.0,090170001023A
09,017,Venustiano Carranza,0001,0244,2421,68.0,74.0,476.0,331.0,148.0,31.0,17.0,627.0,635.0,264.0,142.0,0901700010244
09,017,Venustiano Carranza,0001,0259,1596,39.0,52.0,334.0,239.0,106.0,22.0,20.0,471.0,441.0,193.0,91.0,0901700010259
09,017,Venustiano Carranza,0001,0263,1799,45.0,60.0,366.0,264.0,145.0,26.0,9.0,551.0,495.0,241.0,105.0,0901700010263
09,017,Venustiano Carranza,0001,0278,2185,69.0,74.0,419.0,291.0,109.0,18.0,17.0,582.0,611.0,254.0,143.0,0901700010278
09,017,Venustiano Carranza,0001,0282,3381,90.0,123.0,618.0,427.0,125.0,34.0,44.0,792.0,972.0,382.0,213.0,0901700010282
09,017,Venustiano Carranza,0001,0297,3631,122.0,155.0,605.0,417.0,214.0,34.0,45.0,1108.0,1055.0,399.0,277.0,0901700010297
09,017,Venustiano Carranza,0001,030A,3513,89.0,140.0,661.0,455.0,203.0,38.0,28.0,1007.0,1091.0,430.0,229.0,090170001030A
09,017,Venustiano Carranza,0001,0314,3467,86.0,126.0,563.0,367.0,79.0,15.0,24.0,772.0,1084.0,451.0,212.0,0901700010314
09,017,Venustiano Carranza,0001,0329,3668,111.0,132.0,670.0,465.0,266.0,54.0,32.0,908.0,1168.0,456.0,243.0,0901700010329
09,017,Venustiano Carranza,0001,0333,3022,99.0,115.0,565.0,394.0,202.0,37.0,26.0,761.0,849.0,351.0,214.0,0901700010333
09,017,Venustiano Carranza,0001,0348,2881,100.0,133.0,428.0,279.0,150.0,34.0,38.0,771.0,730.0,300.0,233.0,0901700010348
09,017,Venustiano Carranza,0001,0352,3400,101.0,154.0,556.0,362.0,157.0,32.0,34.0,816.0,804.0,348.0,255.0,0901700010352
09,017,Venustiano Carranza,0001,0367,5702,220.0,258.0,851.0,563.0,373.0,42.0,76.0,2003.0,1643.0,724.0,478.0,0901700010367
09,017,Venustiano Carranza,0001,0371,7102,265.0,288.0,1091.0,734.0,353.0,62.0,83.0,2478.0,2167.0,862.0,553.0,0901700010371
09,017,Venustiano Carranza,0001,0386,1928,51.0,65.0,396.0,281.0,119.0,21.0,19.0,492.0,548.0,250.0,116.0,0901700010386
09,017,Venustiano Carranza,0001,0390,6818,244.0,302.0,941.0,585.0,410.0,38.0,93.0,2247.0,2065.0,880.0,546.0,0901700010390
09,017,Venustiano Carranza,0001,0403,2343,72.0,72.0,455.0,341.0,208.0,45.0,17.0,531.0,642.0,252.0,144.0,0901700010403
09,017,Venustiano Carranza,0001,0418,2531,78.0,89.0,464.0,326.0,187.0,23.0,16.0,588.0,679.0,275.0,167.0,0901700010418
09,017,Venustiano Carranza,0001,0422,6439,214.0,263.0,1039.0,696.0,320.0,46.0,66.0,1582.0,1971.0,847.0,477.0,0901700010422
09,017,Venustiano Carranza,0001,0437,3905,104.0,155.0,670.0,437.0,215.0,39.0,41.0,950.0,1158.0,507.0,259.0,0901700010437
09,017,Venustiano Carranza,0001,0441,5328,177.0,229.0,398.0,237.0,149.0,20.0,44.0,1216.0,1868.0,744.0,406.0,0901700010441
09,017,Venustiano Carranza,0001,0456,2635,51.0,109.0,559.0,372.0,262.0,51.0,20.0,667.0,834.0,392.0,160.0,0901700010456
09,017,Venustiano Carranza,0001,0460,4897,126.0,191.0,964.0,688.0,219.0,34.0,53.0,1432.0,1481.0,596.0,317.0,0901700010460
09,017,Venustiano Carranza,0001,0475,1419,37.0,63.0,220.0,164.0,86.0,13.0,19.0,416.0,406.0,182.0,100.0,0901700010475
09,017,Venustiano Carranza,0001,048A,4890,191.0,196.0,767.0,499.0,391.0,50.0,51.0,1905.0,1403.0,655.0,387.0,090170001048A
09,017,Venustiano Carranza,0001,0494,4947,155.0,182.0,840.0,583.0,278.0,53.0,42.0,1560.0,1511.0,695.0,337.0,0901700010494
09,017,Venustiano Carranza,0001,0507,2189,54.0,88.0,393.0,261.0,99.0,17.0,34.0,734.0,683.0,340.0,142.0,0901700010507
09,017,Venustiano Carranza,0001,0511,20,0.0,0.0,4.0,1.0,0.0,0.0,0.0,0.0,0.0,0.0,0.0,0901700010511
09,017,Venustiano Carranza,0001,0526,4882,148.0,169.0,762.0,534.0,272.0,42.0,25.0,1330.0,1602.0,699.0,317.0,0901700010526
09,017,Venustiano Carranza,0001,0530,1856,57.0,55.0,380.0,271.0,91.0,19.0,11.0,503.0,632.0,266.0,112.0,0901700010530
09,017,Venustiano Carranza,0001,0545,3543,96.0,115.0,695.0,481.0,244.0,58.0,27.0,974.0,1183.0,545.0,211.0,0901700010545
09,017,Venustiano Carranza,0001,055A,5390,145.0,191.0,1050.0,722.0,346.0,82.0,24.0,1344.0,1681.0,751.0,336.0,090170001055A
09,017,Venustiano Carranza,0001,0564,3597,95.0,121.0,764.0,495.0,185.0,37.0,25.0,1071.0,1181.0,507.0,216.0,0901700010564
09,017,Venustiano Carranza,0001,0579,2007,94.0,116.0,206.0,135.0,72.0,13.0,40.0,1083.0,545.0,211.0,210.0,0901700010579
09,017,Venustiano Carranza,0001,0583,3123,119.0,117.0,506.0,366.0,101.0,17.0,39.0,1052.0,884.0,379.0,236.0,0901700010583
09,017,Venustiano Carranza,0001,0598,4,,,,,,,,,,,,0901700010598
09,017,Venustiano Carranza,0001,0600,1428,35.0,31.0,331.0,229.0,74.0,12.0,5.0,427.0,520.0,252.0,66.0,0901700010600
09,017,Venustiano Carranza,0001,0615,1474,30.0,29.0,401.0,292.0,82.0,16.0,5.0,453.0,530.0,266.0,59.0,0901700010615
09,017,Venustiano Carranza,0001,062A,2021,59.0,48.0,403.0,286.0,127.0,18.0,6.0,547.0,654.0,281.0,107.0,090170001062A
09,017,Venustiano Carranza,0001,0634,3946,104.0,136.0,771.0,544.0,246.0,43.0,24.0,1117.0,1267.0,561.0,240.0,0901700010634
09,017,Venustiano Carranza,0001,0649,5209,146.0,186.0,994.0,729.0,342.0,52.0,41.0,1514.0,1530.0,716.0,332.0,0901700010649
09,017,Venustiano Carranza,0001,0653,4238,96.0,131.0,831.0,576.0,206.0,50.0,23.0,1217.0,1378.0,656.0,227.0,0901700010653
09,017,Venustiano Carranza,0001,0668,3103,78.0,107.0,545.0,367.0,199.0,33.0,21.0,987.0,939.0,398.0,185.0,0901700010668
09,017,Venustiano Carranza,0001,0672,3902,106.0,118.0,825.0,599.0,192.0,46.0,27.0,1004.0,1224.0,524.0,224.0,0901700010672
09,017,Venustiano Carranza,0001,0687,368,15.0,22.0,57.0,44.0,12.0,,7.0,199.0,97.0,40.0,37.0,0901700010687
09,017,Venustiano Carranza,0001,0691,1989,55.0,92.0,313.0,202.0,82.0,7.0,28.0,967.0,536.0,224.0,147.0,0901700010691
09,017,Venustiano Carranza,0001,0704,40,,6.0,3.0,,0.0,0.0,4.0,11.0,9.0,3.0,,0901700010704
09,017,Venustiano Carranza,0001,0719,2109,33.0,61.0,428.0,289.0,97.0,23.0,22.0,456.0,827.0,367.0,94.0,0901700010719
09,017,Venustiano Carranza,0001,0723,815,17.0,11.0,187.0,143.0,34.0,15.0,0.0,190.0,291.0,158.0,28.0,0901700010723
09,017,Venustiano Carranza,0001,0738,961,14.0,22.0,258.0,184.0,33.0,7.0,,165.0,376.0,132.0,36.0,0901700010738
09,017,Venustiano Carranza,0001,0742,1718,38.0,53.0,377.0,276.0,72.0,8.0,11.0,257.0,690.0,321.0,91.0,0901700010742
09,017,Venustiano Carranza,0001,0757,643,16.0,13.0,194.0,133.0,23.0,7.0,,159.0,257.0,135.0,29.0,0901700010757
09,017,Venustiano Carranza,0001,0761,1213,19.0,40.0,321.0,229.0,53.0,10.0,12.0,369.0,434.0,234.0,59.0,0901700010761
09,017,Venustiano Carranza,0001,0776,2153,40.0,51.0,563.0,421.0,100.0,19.0,14.0,579.0,755.0,350.0,91.0,0901700010776
09,017,Venustiano Carranza,0001,0780,4389,87.0,139.0,957.0,685.0,282.0,44.0,26.0,1140.0,1392.0,659.0,226.0,0901700010780
09,017,Venustiano Carranza,0001,0795,201,7.0,7.0,39.0,29.0,14.0,4.0,0.0,54.0,73.0,24.0,14.0,0901700010795
09,017,Venustiano Carranza,0001,0808,3529,94.0,133.0,629.0,425.0,302.0,41.0,33.0,937.0,953.0,355.0,227.0,0901700010808
09,017,Venustiano Carranza,0001,0812,3791,107.0,138.0,653.0,460.0,184.0,38.0,40.0,1213.0,1188.0,494.0,245.0,0901700010812
09,017,Venustiano Carranza,0001,0827,4011,134.0,168.0,594.0,427.0,364.0,49.0,53.0,1149.0,1036.0,399.0,302.0,0901700010827
09,017,Venustiano Carranza,0001,0831,5009,153.0,167.0,839.0,581.0,437.0,67.0,44.0,1200.0,1349.0,604.0,320.0,0901700010831
09,017,Venustiano Carranza,0001,0846,3052,76.0,112.0,593.0,400.0,212.0,31.0,25.0,921.0,918.0,401.0,188.0,0901700010846
09,017,Venustiano Carranza,0001,0865,4462,152.0,193.0,669.0,476.0,329.0,51.0,54.0,1143.0,1182.0,448.0,345.0,0901700010865
09,017,Venustiano Carranza,0001,087A,4441,123.0,148.0,837.0,591.0,252.0,48.0,27.0,1224.0,1177.0,467.0,271.0,090170001087A
09,017,Venustiano Carranza,0001,0884,8393,306.0,324.0,1119.0,732.0,396.0,53.0,77.0,2174.0,2470.0,1037.0,630.0,0901700010884
09,017,Venustiano Carranza,0001,0899,3055,106.0,151.0,339.0,220.0,65.0,11.0,63.0,956.0,866.0,354.0,257.0,0901700010899
09,017,Venustiano Carranza,0001,0901,1384,28.0,55.0,292.0,221.0,45.0,10.0,16.0,483.0,420.0,177.0,83.0,0901700010901
09,017,Venustiano Carranza,0001,0916,1426,24.0,36.0,395.0,287.0,68.0,18.0,8.0,344.0,477.0,194.0,60.0,0901700010916
09,017,Venustiano Carranza,0001,0920,170,6.0,12.0,55.0,43.0,16.0,4.0,0.0,59.0,44.0,20.0,18.0,0901700010920
09,017,Venustiano Carranza,0001,0935,3159,85.0,74.0,752.0,525.0,178.0,29.0,26.0,822.0,1163.0,591.0,159.0,0901700010935
09,017,Venustiano Carranza,0001,094A,1135,24.0,32.0,261.0,200.0,47.0,8.0,11.0,261.0,427.0,223.0,56.0,090170001094A
09,017,Venustiano Carranza,0001,0954,860,21.0,27.0,247.0,178.0,39.0,11.0,7.0,248.0,294.0,145.0,48.0,0901700010954
09,017,Venustiano Carranza,0001,0969,486,6.0,7.0,136.0,96.0,36.0,8.0,0.0,129.0,168.0,59.0,13.0,0901700010969
09,017,Venustiano Carranza,0001,0973,996,18.0,16.0,270.0,184.0,61.0,14.0,4.0,268.0,334.0,109.0,34.0,0901700010973
09,017,Venustiano Carranza,0001,0988,1288,24.0,29.0,351.0,237.0,72.0,15.0,5.0,336.0,430.0,208.0,53.0,0901700010988
09,017,Venustiano Carranza,0001,0992,965,11.0,31.0,250.0,188.0,59.0,10.0,3.0,189.0,321.0,146.0,42.0,0901700010992
09,017,Venustiano Carranza,0001,1007,2306,73.0,75.0,324.0,218.0,156.0,19.0,8.0,640.0,712.0,320.0,148.0,0901700011007
09,017,Venustiano Carranza,0001,1011,3456,94.0,116.0,653.0,465.0,196.0,30.0,25.0,905.0,1144.0,458.0,210.0,0901700011011
09,017,Venustiano Carranza,0001,1026,2822,70.0,74.0,577.0,415.0,200.0,37.0,8.0,707.0,915.0,410.0,144.0,0901700011026
09,017,Venustiano Carranza,0001,1030,3171,81.0,108.0,575.0,410.0,103.0,21.0,24.0,784.0,815.0,336.0,189.0,0901700011030
09,017,Venustiano Carranza,0001,1045,4132,120.0,178.0,377.0,222.0,75.0,11.0,52.0,969.0,1471.0,588.0,298.0,0901700011045
09,017,Venustiano Carranza,0001,105A,4115,90.0,119.0,866.0,625.0,224.0,44.0,35.0,1245.0,1368.0,572.0,209.0,090170001105A
09,017,Venustiano Carranza,0001,1064,1702,41.0,45.0,433.0,303.0,82.0,24.0,12.0,364.0,562.0,267.0,86.0,0901700011064
09,017,Venustiano Carranza,0001,1079,2580,48.0,53.0,608.0,469.0,160.0,37.0,8.0,728.0,853.0,408.0,101.0,0901700011079
09,017,Venustiano Carranza,0001,1083,1213,18.0,25.0,317.0,227.0,98.0,19.0,,359.0,363.0,187.0,43.0,0901700011083
09,017,Venustiano Carranza,0001,1098,807,22.0,27.0,191.0,122.0,39.0,7.0,5.0,182.0,258.0,116.0,49.0,0901700011098
09,017,Venustiano Carranza,0001,1100,1312,19.0,20.0,388.0,273.0,72.0,19.0,3.0,472.0,370.0,145.0,39.0,0901700011100
09,017,Venustiano Carranza,0001,1115,1753,24.0,37.0,470.0,344.0,78.0,14.0,6.0,540.0,572.0,290.0,61.0,0901700011115
09,017,Venustiano Carranza,0001,112A,366,,6.0,106.0,78.0,20.0,5.0,,112.0,114.0,45.0,,090170001112A
09,017,Venustiano Carranza,0001,1134,1331,26.0,29.0,331.0,215.0,90.0,18.0,,367.0,491.0,241.0,55.0,0901700011134
09,017,Venustiano Carranza,0001,1149,1182,25.0,33.0,324.0,236.0,66.0,19.0,7.0,344.0,398.0,158.0,58.0,0901700011149
09,017,Venustiano Carranza,0001,1153,885,22.0,22.0,119.0,89.0,28.0,6.0,5.0,201.0,342.0,136.0,44.0,0901700011153
09,017,Venustiano Carranza,0001,1168,2078,27.0,53.0,445.0,299.0,148.0,18.0,6.0,577.0,585.0,226.0,80.0,0901700011168
09,017,Venustiano Carranza,0001,1172,2458,52.0,68.0,536.0,380.0,128.0,22.0,14.0,699.0,739.0,319.0,120.0,0901700011172
09,017,Venustiano Carranza,0001,1187,2452,60.0,87.0,532.0,368.0,145.0,20.0,21.0,734.0,787.0,368.0,147.0,0901700011187
09,017,Venustiano Carranza,0001,1191,2663,73.0,78.0,555.0,387.0,155.0,14.0,14.0,865.0,786.0,333.0,151.0,0901700011191
09,017,Venustiano Carranza,0001,1204,3016,71.0,103.0,567.0,372.0,204.0,37.0,18.0,889.0,967.0,395.0,174.0,0901700011204
09,017,Venustiano Carranza,0001,1219,2419,59.0,93.0,502.0,333.0,155.0,26.0,18.0,698.0,719.0,302.0,152.0,0901700011219
09,017,Venustiano Carranza,0001,1223,3613,98.0,122.0,717.0,507.0,234.0,34.0,28.0,1064.0,1125.0,429.0,220.0,0901700011223
09,017,Venustiano Carranza,0001,1238,3484,90.0,112.0,677.0,479.0,193.0,31.0,33.0,953.0,1125.0,500.0,202.0,0901700011238
09,017,Venustiano Carranza,0001,1242,4012,118.0,143.0,761.0,531.0,228.0,26.0,31.0,1231.0,1271.0,522.0,261.0,0901700011242
09,017,Venustiano Carranza,0001,1257,2583,63.0,86.0,538.0,357.0,113.0,20.0,9.0,560.0,914.0,423.0,149.0,0901700011257
09,017,Venustiano Carranza,0001,1261,3703,83.0,115.0,676.0,449.0,248.0,28.0,39.0,1188.0,1214.0,564.0,198.0,0901700011261
09,017,Venustiano Carranza,0001,1276,2438,64.0,65.0,492.0,348.0,169.0,22.0,14.0,804.0,748.0,306.0,129.0,0901700011276
09,017,Venustiano Carranza,0001,1280,3707,115.0,136.0,633.0,422.0,223.0,30.0,34.0,1156.0,1125.0,503.0,251.0,0901700011280
09,017,Venustiano Carranza,0001,1295,4277,134.0,146.0,710.0,493.0,157.0,34.0,50.0,1325.0,1406.0,599.0,280.0,0901700011295
09,017,Venustiano Carranza,0001,1308,2791,69.0,85.0,523.0,356.0,202.0,24.0,18.0,885.0,862.0,380.0,154.0,0901700011308
09,017,Venustiano Carranza,0001,1312,10188,297.0,403.0,1183.0,750.0,491.0,49.0,91.0,2410.0,2958.0,1158.0,700.0,0901700011312
09,017,Venustiano Carranza,0001,1327,2763,58.0,75.0,623.0,449.0,184.0,32.0,18.0,834.0,907.0,367.0,133.0,0901700011327
09,017,Venustiano Carranza,0001,1331,3109,64.0,78.0,744.0,544.0,165.0,31.0,15.0,796.0,854.0,383.0,142.0,0901700011331
09,017,Venustiano Carranza,0001,1346,1274,20.0,31.0,294.0,201.0,44.0,7.0,8.0,344.0,444.0,202.0,51.0,0901700011346
09,017,Venustiano Carranza,0001,1350,1222,18.0,34.0,317.0,226.0,29.0,4.0,5.0,358.0,414.0,183.0,52.0,0901700011350
09,017,Venustiano Carranza,0001,1365,1058,15.0,25.0,292.0,208.0,49.0,12.0,0.0,248.0,393.0,213.0,40.0,0901700011365
09,017,Venustiano Carranza,0001,137A,1940,43.0,52.0,482.0,352.0,122.0,27.0,13.0,532.0,646.0,297.0,95.0,090170001137A
09,017,Venustiano Carranza,0001,1384,1299,18.0,36.0,333.0,234.0,67.0,18.0,6.0,321.0,473.0,205.0,54.0,0901700011384
09,017,Venustiano Carranza,0001,1399,4440,131.0,182.0,523.0,335.0,220.0,25.0,33.0,1158.0,1551.0,624.0,313.0,0901700011399
09,017,Venustiano Carranza,0001,1401,4497,128.0,191.0,705.0,468.0,252.0,46.0,61.0,1218.0,1179.0,553.0,319.0,0901700011401
09,017,Venustiano Carranza,0001,1416,6791,214.0,269.0,1064.0,685.0,285.0,63.0,84.0,2050.0,1863.0,855.0,483.0,0901700011416
09,017,Venustiano Carranza,0001,1420,547,11.0,25.0,107.0,86.0,41.0,6.0,7.0,150.0,128.0,46.0,36.0,0901700011420
09,017,Venustiano Carranza,0001,1435,0,0.0,0.0,0.0,0.0,0.0,0.0,0.0,0.0,0.0,0.0,0.0,0901700011435
09,017,Venustiano Carranza,0001,144A,5519,120.0,154.0,989.0,705.0,272.0,27.0,24.0,1352.0,2020.0,933.0,274.0,090170001144A
09,017,Venustiano Carranza,0001,1454,1543,37.0,38.0,386.0,274.0,82.0,9.0,4.0,327.0,551.0,275.0,75.0,0901700011454
09,017,Venustiano Carranza,0001,1469,1356,57.0,61.0,147.0,77.0,91.0,10.0,21.0,267.0,361.0,162.0,118.0,0901700011469
09,017,Venustiano Carranza,0001,1473,1181,48.0,50.0,109.0,60.0,93.0,11.0,16.0,284.0,311.0,118.0,98.0,0901700011473
09,017,Venustiano Carranza,0001,1488,1079,46.0,61.0,115.0,60.0,47.0,5.0,16.0,346.0,284.0,120.0,107.0,0901700011488
09,017,Venustiano Carranza,0001,1492,900,36.0,48.0,94.0,54.0,22.0,6.0,32.0,434.0,242.0,130.0,84.0,0901700011492
09,017,Venustiano Carranza,0001,1505,2513,83.0,99.0,299.0,160.0,161.0,27.0,22.0,461.0,823.0,366.0,182.0,0901700011505
09,017,Venustiano Carranza,0001,151A,2248,82.0,76.0,311.0,168.0,105.0,20.0,13.0,379.0,717.0,315.0,158.0,090170001151A
09,017,Venustiano Carranza,0001,1524,4295,117.0,158.0,706.0,483.0,305.0,48.0,35.0,1373.0,1204.0,466.0,275.0,0901700011524
