id,nom_estab,codigo_act,nombre_act,grupo,tipo,sector,per_ocu,cve_mun,municipio,CVEGEO_AGEB,lat,lon,fecha_alta
12325415,,624411,Guarderías del sector privado,Infancia,Guardería,Privado,0 a 5 personas,014,Benito Juárez,0901400010350,19.39122667,-99.18152264,2026-04
6806202,ADVENIO ABC,624411,Guarderías del sector privado,Infancia,Guardería,Privado,11 a 30 personas,010,Álvaro Obregón,0901000010031,19.39939293,-99.20422735,2026-04
6806199,ADVENIO INSURGENTES SUR,624411,Guarderías del sector privado,Infancia,Guardería,Privado,11 a 30 personas,014,Benito Juárez,0901400010717,19.36879008,-99.18037911,2026-04
6806198,ADVENIO PARQUES POLANCO,624411,Guarderías del sector privado,Infancia,Guardería,Privado,11 a 30 personas,016,Miguel Hidalgo,0901600010478,19.43991325,-99.18478515,2026-04
6806200,ADVENIO SANTA FE,624411,Guarderías del sector privado,Infancia,Guardería,Privado,11 a 30 personas,010,Álvaro Obregón,0901000011542,19.36610831,-99.2653225,2026-04
6806201,ADVENIO TECNOPARQUE,624411,Guarderías del sector privado,Infancia,Guardería,Privado,11 a 30 personas,002,Azcapotzalco,0900200010932,19.50437651,-99.17682928,2026-04
870866,ALBERGUE ALABAMA,623312,Asilos y otras residencias del sector público para el cuidado de ancianos,Personas mayores,Residencia / asilo,Público,11 a 30 personas,014,Benito Juárez,0901400010384,19.39133917,-99.17411254,2010-07
8612402,ALBERGUE BALSAMO DE AMOR,623991,Orfanatos y otras residencias de asistencia social del sector privado,Asistencia social,Orfanato / residencia asistencial,Privado,6 a 10 personas,007,Iztapalapa,0900700011443,19.34980498,-99.06336765,2019-11
748947,ALBERGUE CASA MADRE TERESA,624211,Servicios de alimentación comunitarios prestados por el sector privado,Apoyo comunitario,Comedor comunitario,Privado,6 a 10 personas,005,Gustavo A. Madero,0900500010760,19.4895589,-99.1165527,2010-07
1009495,ALBERGUE DE VOLUNTARIAS DEL INSTITUTO NACIONAL DE CANCEROLOGIA REYNA SOFIA,623111,"Residencias del sector privado con cuidados de enfermeras para enfermos convalecientes, en rehabilitación, incurables y terminales",Salud y discapacidad,Residencia con enfermería,Privado,6 a 10 personas,003,Coyoacán,0900300011124,19.30067519,-99.15141837,2010-07
747870,ALBERGUE DEL DIF DF PARA NIÑAS NIÑOS Y ADOLECESENTES DE LA CENTRAL DE ABASTOS,623992,Orfanatos y otras residencias de asistencia social del sector público,Asistencia social,Orfanato / residencia asistencial,Público,11 a 30 personas,007,Iztapalapa,0900700012475,19.37345642,-99.08624132,2010-07
858948,ALBERGUE ESPACIO DE DESARROLLO DE LA MUJER,623992,Orfanatos y otras residencias de asistencia social del sector público,Asistencia social,Orfanato / residencia asistencial,Público,0 a 5 personas,012,Tlalpan,0901200010943,19.28745761,-99.17175348,2010-07
989049,ALBERGUE GEMELOS,623312,Asilos y otras residencias del sector público para el cuidado de ancianos,Personas mayores,Residencia / asilo,Público,11 a 30 personas,003,Coyoacán,0900300010094,19.35799098,-99.12887004,2010-07
898781,ALBERGUE GUADALUPANO IAP,623991,Orfanatos y otras residencias de asistencia social del sector privado,Asistencia social,Orfanato / residencia asistencial,Privado,0 a 5 personas,015,Cuauhtémoc,0901500011360,19.41129591,-99.16295437,2014-12
692089,ALBERGUE INFANTIL INES MARIA GASCA,623991,Orfanatos y otras residencias de asistencia social del sector privado,Asistencia social,Orfanato / residencia asistencial,Privado,0 a 5 personas,016,Miguel Hidalgo,0901600011160,19.40996995,-99.18713405,2014-12
955951,ALBERGUE MORAS INAPAM,623992,Orfanatos y otras residencias de asistencia social del sector público,Asistencia social,Orfanato / residencia asistencial,Público,11 a 30 personas,014,Benito Juárez,0901400010933,19.36514838,-99.17593509,2010-07
869108,ALBERGUE NEBRASKA,623312,Asilos y otras residencias del sector público para el cuidado de ancianos,Personas mayores,Residencia / asilo,Público,11 a 30 personas,014,Benito Juárez,0901400010204,19.39538862,-99.17697498,2010-07
6309651,ALBERGUE RAMON ARBIDE,623991,Orfanatos y otras residencias de asistencia social del sector privado,Asistencia social,Orfanato / residencia asistencial,Privado,11 a 30 personas,016,Miguel Hidalgo,0901600011156,19.40048723,-99.18883282,2010-07
9220803,ALBERGUE SAN JOSE,623111,"Residencias del sector privado con cuidados de enfermeras para enfermos convalecientes, en rehabilitación, incurables y terminales",Salud y discapacidad,Residencia con enfermería,Privado,6 a 10 personas,005,Gustavo A. Madero,0900500010972,19.49386179,-99.11412406,2019-11
10954753,ALBERGUE SAN SEBASTIAN,623991,Orfanatos y otras residencias de asistencia social del sector privado,Asistencia social,Orfanato / residencia asistencial,Privado,6 a 10 personas,014,Benito Juárez,0901400010505,19.3802254,-99.14303122,2024-11
6777310,ALDEAS INFANTILES SOS MEXICO,623991,Orfanatos y otras residencias de asistencia social del sector privado,Asistencia social,Orfanato / residencia asistencial,Privado,51 a 100 personas,005,Gustavo A. Madero,0900500010760,19.49129141,-99.11609907,2017-03
10746513,ALMASANA HEALTH CLUB,623311,Asilos y otras residencias del sector privado para el cuidado de ancianos,Personas mayores,Residencia / asilo,Privado,0 a 5 personas,016,Miguel Hidalgo,0901600010603,19.43494731,-99.17509454,2024-11
7729420,ALZHEIMER MEXICO,624121,Centros del sector privado dedicados a la atención y cuidado diurno de ancianos y discapacitados,Personas mayores y discapacidad,Centro de día,Privado,11 a 30 personas,012,Tlalpan,090120001038A,19.28984752,-99.16973867,2019-11
6304443,APAC ASOCIACION PRO PERSONAS CON PARALISIS CEREBRAL,623211,Residencias del sector privado para el cuidado de personas con problemas de retardo mental,Salud y discapacidad,Residencia discapacidad intelectual,Privado,11 a 30 personas,015,Cuauhtémoc,0901500011233,19.41391357,-99.14925341,2010-07
6305650,APAC IAP ASOCIACION PRO PERSONAS CON PARALISIS CEREBRAL,623211,Residencias del sector privado para el cuidado de personas con problemas de retardo mental,Salud y discapacidad,Residencia discapacidad intelectual,Privado,11 a 30 personas,015,Cuauhtémoc,0901500011233,19.41403082,-99.14917249,2010-07
10471020,APAC IAP ASOCIACION PRO PERSONAS CON PARALISIS CEREBRAL,623211,Residencias del sector privado para el cuidado de personas con problemas de retardo mental,Salud y discapacidad,Residencia discapacidad intelectual,Privado,11 a 30 personas,015,Cuauhtémoc,0901500011233,19.41361592,-99.14964819,2024-11
6773749,APAC IAP ASOCIACION PRO PERSONAS CON PARALISIS CEREBRAL,623211,Residencias del sector privado para el cuidado de personas con problemas de retardo mental,Salud y discapacidad,Residencia discapacidad intelectual,Privado,0 a 5 personas,015,Cuauhtémoc,0901500011233,19.41360448,-99.14950514,2016-10
8441818,APOYANDO A ANGELITOS CON AUTISMO,623211,Residencias del sector privado para el cuidado de personas con problemas de retardo mental,Salud y discapacidad,Residencia discapacidad intelectual,Privado,11 a 30 personas,014,Benito Juárez,0901400010543,19.38336362,-99.18952638,2019-11
668746,ARBOL DE LA VIDA ENFERMOS EN SUPERACION,623991,Orfanatos y otras residencias de asistencia social del sector privado,Asistencia social,Orfanato / residencia asistencial,Privado,6 a 10 personas,002,Azcapotzalco,0900200010792,19.46536841,-99.18465951,2010-07
6806197,ARBOR CONDESA,624411,Guarderías del sector privado,Infancia,Guardería,Privado,11 a 30 personas,015,Cuauhtémoc,0901500011341,19.40859707,-99.1700568,2026-04
829449,AREA VERDA RECREACION Y ESPARCIMIENTO REUNION DE ADULTOS MAYORES COLIBRI,624121,Centros del sector privado dedicados a la atención y cuidado diurno de ancianos y discapacitados,Personas mayores y discapacidad,Centro de día,Privado,0 a 5 personas,007,Iztapalapa,0900700014965,19.32672243,-99.09317816,2010-07
8539687,ASILO CASA DE LAS LUNAS VALLE,623311,Asilos y otras residencias del sector privado para el cuidado de ancianos,Personas mayores,Residencia / asilo,Privado,11 a 30 personas,014,Benito Juárez,0901400010632,19.37523172,-99.1497922,2019-11
11105586,ASILO CASA MADRE TERESA,623311,Asilos y otras residencias del sector privado para el cuidado de ancianos,Personas mayores,Residencia / asilo,Privado,6 a 10 personas,007,Iztapalapa,0900700013539,19.29456971,-99.07888995,2024-11
782882,ASILO CENTRO DE ATENCION PARA ADULTOS MAYORES AC,623311,Asilos y otras residencias del sector privado para el cuidado de ancianos,Personas mayores,Residencia / asilo,Privado,11 a 30 personas,005,Gustavo A. Madero,0900500011754,19.46784997,-99.13008651,2010-07
11842793,ASILO DE ANCIANOS EL ULTIMO AMOR MADRE TERESA DE CALCUTA AC,623311,Asilos y otras residencias del sector privado para el cuidado de ancianos,Personas mayores,Residencia / asilo,Privado,6 a 10 personas,012,Tlalpan,0901200011458,19.27671988,-99.21840057,2025-04
11435201,ASILO DE ANCIANOS SAN JOSE,623311,Asilos y otras residencias del sector privado para el cuidado de ancianos,Personas mayores,Residencia / asilo,Privado,0 a 5 personas,007,Iztapalapa,0900700011462,19.34574961,-99.05823382,2024-11
11171641,ASILO FRANCISCO DIAZ DE LEON IAP INSTITUCIONAL DE ASISTENCIA PRIVADA,623311,Asilos y otras residencias del sector privado para el cuidado de ancianos,Personas mayores,Residencia / asilo,Privado,11 a 30 personas,016,Miguel Hidalgo,0901600011245,19.40539996,-99.23917348,2024-11
899038,ASILO LA LUZ DE LA TERCERA EDAD,623311,Asilos y otras residencias del sector privado para el cuidado de ancianos,Personas mayores,Residencia / asilo,Privado,6 a 10 personas,015,Cuauhtémoc,0901500011464,19.40540365,-99.16204527,2014-12
11033617,ASILO MI AMIGO EL ABUELO,623311,Asilos y otras residencias del sector privado para el cuidado de ancianos,Personas mayores,Residencia / asilo,Privado,11 a 30 personas,013,Xochimilco,0901300010033,19.2763328,-99.12940294,2024-11
867297,ASILO PRIMAVERA,623991,Orfanatos y otras residencias de asistencia social del sector privado,Asistencia social,Orfanato / residencia asistencial,Privado,11 a 30 personas,015,Cuauhtémoc,0901500011411,19.40628492,-99.17735919,2010-07
7729182,ASILO RESIDENCIA PARIS,623311,Asilos y otras residencias del sector privado para el cuidado de ancianos,Personas mayores,Residencia / asilo,Privado,6 a 10 personas,012,Tlalpan,0901200010642,19.2899468,-99.22101311,2019-11
6258601,ASILO RESIDENCIA REINA SOFIA,623311,Asilos y otras residencias del sector privado para el cuidado de ancianos,Personas mayores,Residencia / asilo,Privado,11 a 30 personas,013,Xochimilco,0901300010917,19.2647622,-99.13638875,2010-07
8602100,ASILO RESIDENCIAL CEREZOS,623311,Asilos y otras residencias del sector privado para el cuidado de ancianos,Personas mayores,Residencia / asilo,Privado,0 a 5 personas,012,Tlalpan,0901200010981,19.28657209,-99.14779373,2019-11
9675637,ASILO RESIDENCIALES PASEOS,623311,Asilos y otras residencias del sector privado para el cuidado de ancianos,Personas mayores,Residencia / asilo,Privado,6 a 10 personas,003,Coyoacán,0900300010179,19.34865781,-99.13321441,2024-11
8137728,ASILO SU SANTIDAD JUAN PABLO II,623311,Asilos y otras residencias del sector privado para el cuidado de ancianos,Personas mayores,Residencia / asilo,Privado,0 a 5 personas,007,Iztapalapa,0900700010784,19.36441903,-99.01697305,2019-11
6317942,ASOCIACION DE AYUDA SOCIAL DE LA COMUNIDAD ALEMANA,623311,Asilos y otras residencias del sector privado para el cuidado de ancianos,Personas mayores,Residencia / asilo,Privado,31 a 50 personas,013,Xochimilco,0901300010014,19.27612779,-99.13375969,2010-07
871791,ASOCIACION MEXICANA PRO-REHABILITACION INTEGRAL,624121,Centros del sector privado dedicados a la atención y cuidado diurno de ancianos y discapacitados,Personas mayores y discapacidad,Centro de día,Privado,0 a 5 personas,014,Benito Juárez,0901400010350,19.39088764,-99.18401505,2010-07
6324660,ASOCIACION PARA AYUDA DE ANCIANOS,623311,Asilos y otras residencias del sector privado para el cuidado de ancianos,Personas mayores,Residencia / asilo,Privado,31 a 50 personas,013,Xochimilco,0901300010160,19.26151206,-99.11463312,2010-07
11072218,ASOCIACION PARA AYUDA DE ANCIANOS IAP,623311,Asilos y otras residencias del sector privado para el cuidado de ancianos,Personas mayores,Residencia / asilo,Privado,11 a 30 personas,013,Xochimilco,0901300010160,19.2618401,-99.11527177,2024-11
1021344,ASOCIACION PARA LA INTEGRACION PERSONAS CON DISCAPACIDAD,624121,Centros del sector privado dedicados a la atención y cuidado diurno de ancianos y discapacitados,Personas mayores y discapacidad,Centro de día,Privado,0 a 5 personas,008,La Magdalena Contreras,0900800010283,19.31502274,-99.22650785,2010-07
957960,ASOCIACION VOLUNTARIADO DE PADRES UNIDOS,623991,Orfanatos y otras residencias de asistencia social del sector privado,Asistencia social,Orfanato / residencia asistencial,Privado,0 a 5 personas,015,Cuauhtémoc,0901500011479,19.40717571,-99.15702558,2010-07
8507684,ATENCION A PERSONAS CON DISCAPACIDAD,624122,Centros del sector público dedicados a la atención y cuidado diurno de ancianos y discapacitados,Personas mayores y discapacidad,Centro de día,Público,0 a 5 personas,008,La Magdalena Contreras,0900800010283,19.315191,-99.22631332,2019-11
712619,ATENCION INTEGRAL A LA SENECTUD LUZ AZTECA,623311,Asilos y otras residencias del sector privado para el cuidado de ancianos,Personas mayores,Residencia / asilo,Privado,0 a 5 personas,007,Iztapalapa,0900700010534,19.37038569,-99.10939611,2014-12
940415,ATENCION PARA ADULTOS MAYORES,624122,Centros del sector público dedicados a la atención y cuidado diurno de ancianos y discapacitados,Personas mayores y discapacidad,Centro de día,Público,11 a 30 personas,013,Xochimilco,0901300010122,19.26502476,-99.10399781,2014-12
6325384,AYUDA Y SOLIDARIDAD CON LAS NIÑAS DE LA CALLE,623991,Orfanatos y otras residencias de asistencia social del sector privado,Asistencia social,Orfanato / residencia asistencial,Privado,31 a 50 personas,015,Cuauhtémoc,0901500010061,19.46306115,-99.1465556,2010-07
857545,BABI SAIN MARY,624411,Guarderías del sector privado,Infancia,Guardería,Privado,6 a 10 personas,015,Cuauhtémoc,0901500010466,19.45049013,-99.15849638,2010-07
926680,BABY CARE HOUSE,624411,Guarderías del sector privado,Infancia,Guardería,Privado,0 a 5 personas,010,Álvaro Obregón,0901000011059,19.35786902,-99.18661972,2012-06
8001085,BABY TIME,624411,Guarderías del sector privado,Infancia,Guardería,Privado,6 a 10 personas,002,Azcapotzalco,090020001067A,19.47160346,-99.18317822,2019-11
963411,BABYHILLS,624411,Guarderías del sector privado,Infancia,Guardería,Privado,11 a 30 personas,014,Benito Juárez,090140001012A,19.3933864,-99.14572409,2010-07
681598,BABYS KIDS ZONE,624411,Guarderías del sector privado,Infancia,Guardería,Privado,11 a 30 personas,002,Azcapotzalco,0900200010966,19.50209043,-99.21005733,2014-12
751305,BAMBINELLO,624412,Guarderías del sector público,Infancia,Guardería,Público,11 a 30 personas,007,Iztapalapa,0900700010981,19.36303216,-99.0894522,2010-07
11538714,BANCO DE TAPITAS,623111,"Residencias del sector privado con cuidados de enfermeras para enfermos convalecientes, en rehabilitación, incurables y terminales",Salud y discapacidad,Residencia con enfermería,Privado,0 a 5 personas,006,Iztacalco,0900600010876,19.38197991,-99.13386724,2024-11
6811031,BELMONT VILLAGE,623311,Asilos y otras residencias del sector privado para el cuidado de ancianos,Personas mayores,Residencia / asilo,Privado,101 a 250 personas,004,Cuajimalpa de Morelos,0900400010369,19.35642644,-99.2837717,2017-11
11349621,BENELI SERVICIOS EDUCATIVOS,624411,Guarderías del sector privado,Infancia,Guardería,Privado,11 a 30 personas,004,Cuajimalpa de Morelos,0900400010049,19.36418781,-99.28070721,2024-11
696134,BENITA GALEANA 09NDI0601B,624412,Guarderías del sector público,Infancia,Guardería,Público,11 a 30 personas,017,Venustiano Carranza,0901700011488,19.42891325,-99.06039826,2014-12
926269,BEYOUD SALONES,623991,Orfanatos y otras residencias de asistencia social del sector privado,Asistencia social,Orfanato / residencia asistencial,Privado,0 a 5 personas,010,Álvaro Obregón,0901000010968,19.3614362,-99.19958389,2014-12
655091,BIBLIOTECA SAN JUANICO NEXTIPAC,624122,Centros del sector público dedicados a la atención y cuidado diurno de ancianos y discapacitados,Personas mayores y discapacidad,Centro de día,Público,0 a 5 personas,007,Iztapalapa,0900700013647,19.37352985,-99.11739863,2010-07
1011421,BIENESTAR SOCIAL GRUPO CEDRO,624211,Servicios de alimentación comunitarios prestados por el sector privado,Apoyo comunitario,Comedor comunitario,Privado,0 a 5 personas,015,Cuauhtémoc,0901500010593,19.44357115,-99.16360365,2014-12
10484855,BUBU CENTRO DE DESARROLLO INFANTIL,624411,Guarderías del sector privado,Infancia,Guardería,Privado,0 a 5 personas,004,Cuajimalpa de Morelos,0900400010180,19.39042819,-99.25955511,2024-11
999762,BUCKINGHAM JARDIN DE NIÑOS,624411,Guarderías del sector privado,Infancia,Guardería,Privado,11 a 30 personas,003,Coyoacán,0900300010643,19.32006055,-99.15267742,2010-07
673658,C0MEDOR COMUNITARIO,624212,Servicios de alimentación comunitarios prestados por el sector público,Apoyo comunitario,Comedor comunitario,Público,0 a 5 personas,005,Gustavo A. Madero,0900500011557,19.4762398,-99.14239768,2014-12
644609,CACDI 3,624412,Guarderías del sector público,Infancia,Guardería,Público,11 a 30 personas,002,Azcapotzalco,0900200011023,19.48238708,-99.19102172,2010-07
10599807,CACDI ALVARO OBREGON,624412,Guarderías del sector público,Infancia,Guardería,Público,11 a 30 personas,005,Gustavo A. Madero,0900500011701,19.47901955,-99.07006176,2024-11
998264,CACDI CENTRO ASISTENCIAL DE CUIDADO Y DESARROLLO INFANTIL JOSE MARIA MORELOS Y PAVON,624412,Guarderías del sector público,Infancia,Guardería,Público,11 a 30 personas,004,Cuajimalpa de Morelos,090040001002A,19.37555005,-99.28810947,2010-07
7958743,CACDI CENTRO ASISTENCIAL SOCIAL DE CUIDADO Y DESARROLLO INFANTIL,624412,Guarderías del sector público,Infancia,Guardería,Público,11 a 30 personas,007,Iztapalapa,0900700010144,19.38685307,-99.05002742,2019-11
8522841,CACDI IZTAPALAPA CENTRO DE ATENCION CUIDADO Y DESARROLLO INFANTIL,624412,Guarderías del sector público,Infancia,Guardería,Público,11 a 30 personas,007,Iztapalapa,0900700014999,19.34398383,-99.03053279,2019-11
973195,CACI,624412,Guarderías del sector público,Infancia,Guardería,Público,11 a 30 personas,003,Coyoacán,0900300010516,19.33628708,-99.12306345,2014-12
980428,CACI AVANTE,624412,Guarderías del sector público,Infancia,Guardería,Público,6 a 10 personas,003,Coyoacán,0900300010728,19.3261179,-99.13542149,2010-07
1024912,CACI MARIA GUADALUPE DE GARCIA RUIZ,624412,Guarderías del sector público,Infancia,Guardería,Público,6 a 10 personas,010,Álvaro Obregón,090100001014A,19.38932682,-99.21139743,2010-07
1059621,CADI 15 JUAN DUQUE DE ESTRADA,624412,Guarderías del sector público,Infancia,Guardería,Público,11 a 30 personas,015,Cuauhtémoc,0901500010108,19.45830086,-99.13320382,2010-07
788199,CAI 6 GENOVEVA CORTES,624412,Guarderías del sector público,Infancia,Guardería,Público,31 a 50 personas,005,Gustavo A. Madero,0900500011792,19.47370614,-99.11969226,2010-07
984605,CAI NUMERO 14 GIBRAN JALIL GIBRAN,624412,Guarderías del sector público,Infancia,Guardería,Público,31 a 50 personas,013,Xochimilco,0901300010137,19.26502801,-99.10115368,2014-12
672406,CARACOL AMARILLO,624411,Guarderías del sector privado,Infancia,Guardería,Privado,0 a 5 personas,005,Gustavo A. Madero,090050001039A,19.52312084,-99.14956164,2014-12
687139,CARITAS EMERGENCIAS,623991,Orfanatos y otras residencias de asistencia social del sector privado,Asistencia social,Orfanato / residencia asistencial,Privado,6 a 10 personas,016,Miguel Hidalgo,0901600010603,19.43499558,-99.17647186,2014-12
876268,CARITAS MEXICANA,624211,Servicios de alimentación comunitarios prestados por el sector privado,Apoyo comunitario,Comedor comunitario,Privado,31 a 50 personas,014,Benito Juárez,0901400010562,19.38347422,-99.18246308,2014-12
687119,CARITAS QUIDIOCESIS DE MEXICO,624211,Servicios de alimentación comunitarios prestados por el sector privado,Apoyo comunitario,Comedor comunitario,Privado,0 a 5 personas,016,Miguel Hidalgo,0901600010603,19.43499558,-99.17647186,2014-12
1031432,CASA ADULTO MAYOR SAN LORENZO ATEMOAYA,624122,Centros del sector público dedicados a la atención y cuidado diurno de ancianos y discapacitados,Personas mayores y discapacidad,Centro de día,Público,0 a 5 personas,013,Xochimilco,0901300010442,19.24492463,-99.1014443,2010-07
9622809,CASA CARMELITA,623311,Asilos y otras residencias del sector privado para el cuidado de ancianos,Personas mayores,Residencia / asilo,Privado,11 a 30 personas,017,Venustiano Carranza,0901700011242,19.41334986,-99.08826188,2024-11
6317070,CASA CUNA LA PAZ,623991,Orfanatos y otras residencias de asistencia social del sector privado,Asistencia social,Orfanato / residencia asistencial,Privado,0 a 5 personas,015,Cuauhtémoc,0901500011178,19.41772204,-99.17734616,2010-07
855528,CASA CUNA OASIS DEL NIÑO,623991,Orfanatos y otras residencias de asistencia social del sector privado,Asistencia social,Orfanato / residencia asistencial,Privado,6 a 10 personas,012,Tlalpan,0901200010939,19.28134908,-99.17808047,2010-07
859889,CASA DE ADULTO MAYOR LOS VERGELES,624122,Centros del sector público dedicados a la atención y cuidado diurno de ancianos y discapacitados,Personas mayores y discapacidad,Centro de día,Público,0 a 5 personas,012,Tlalpan,0901200010214,19.30123476,-99.13800062,2010-07
9857713,CASA DE ASISTENCIA AL ADULTO MAYOR GOLD CARE SENIORS,623311,Asilos y otras residencias del sector privado para el cuidado de ancianos,Personas mayores,Residencia / asilo,Privado,0 a 5 personas,012,Tlalpan,0901200011458,19.27560147,-99.2161054,2024-11
997325,CASA DE CUIDADO DE NIÑOS MARI PI,624411,Guarderías del sector privado,Infancia,Guardería,Privado,0 a 5 personas,003,Coyoacán,0900300010639,19.32551467,-99.16341191,2010-07
1040045,CASA DE CUIDADO DIARIO CASTILLO MAGICO,624411,Guarderías del sector privado,Infancia,Guardería,Privado,6 a 10 personas,010,Álvaro Obregón,090100001167A,19.32707343,-99.25954727,2014-12
9764487,CASA DE DIA BALBUENA 1,624122,Centros del sector público dedicados a la atención y cuidado diurno de ancianos y discapacitados,Personas mayores y discapacidad,Centro de día,Público,6 a 10 personas,017,Venustiano Carranza,0901700011454,19.41126036,-99.10142706,2024-11
8695022,CASA DE DIA DEL ADULTO MAYOR EL ROSAL,624122,Centros del sector público dedicados a la atención y cuidado diurno de ancianos y discapacitados,Personas mayores y discapacidad,Centro de día,Público,6 a 10 personas,008,La Magdalena Contreras,0900800010300,19.30532008,-99.24851304,2019-11
711067,CASA DE DIA DEL ADULTO MAYOR ELENA PONIATOWSKA AMOR,624122,Centros del sector público dedicados a la atención y cuidado diurno de ancianos y discapacitados,Personas mayores y discapacidad,Centro de día,Público,11 a 30 personas,006,Iztacalco,090060001001A,19.41541313,-99.06843621,2014-12
7444623,CASA DE DIA PARA EL ADULTO MAYOR,623312,Asilos y otras residencias del sector público para el cuidado de ancianos,Personas mayores,Residencia / asilo,Público,11 a 30 personas,016,Miguel Hidalgo,0901600010694,19.43253059,-99.17883085,2019-11
8387277,CASA DE JUBILADOS PEDRO ROMERO DE TERREROS,624122,Centros del sector público dedicados a la atención y cuidado diurno de ancianos y discapacitados,Personas mayores y discapacidad,Centro de día,Público,6 a 10 personas,003,Coyoacán,0900300010272,19.34371588,-99.1733059,2019-11
911302,CASA DE LA LUNA COMEDOR COMUNITARIO,624212,Servicios de alimentación comunitarios prestados por el sector público,Apoyo comunitario,Comedor comunitario,Público,0 a 5 personas,003,Coyoacán,0900300010997,19.31156156,-99.15513472,2014-12
1047557,CASA DE LA TERCERA EDAD CAPULLITOS DE ALGODON,624122,Centros del sector público dedicados a la atención y cuidado diurno de ancianos y discapacitados,Personas mayores y discapacidad,Centro de día,Público,0 a 5 personas,011,Tláhuac,0901100010096,19.29143562,-99.04860349,2010-07
632907,CASA DE LA TERCERA EDAD DE ARBOLEDAS,624122,Centros del sector público dedicados a la atención y cuidado diurno de ancianos y discapacitados,Personas mayores y discapacidad,Centro de día,Público,0 a 5 personas,005,Gustavo A. Madero,0900500012606,19.56083597,-99.12448092,2010-07
729494,CASA DE LA TERCERA EDAD PARAISO,624122,Centros del sector público dedicados a la atención y cuidado diurno de ancianos y discapacitados,Personas mayores y discapacidad,Centro de día,Público,0 a 5 personas,007,Iztapalapa,0900700012441,19.37430293,-99.03415339,2014-12
942609,CASA DE LA TERCERA EDAD SAN ANDRES AHUAYUCAN,624122,Centros del sector público dedicados a la atención y cuidado diurno de ancianos y discapacitados,Personas mayores y discapacidad,Centro de día,Público,0 a 5 personas,013,Xochimilco,0901300010601,19.22449972,-99.10834483,2014-12
7747722,CASA DE LA TERCERA EDAD SANTA CECILIA,624121,Centros del sector privado dedicados a la atención y cuidado diurno de ancianos y discapacitados,Personas mayores y discapacidad,Centro de día,Privado,0 a 5 personas,007,Iztapalapa,0900700010801,19.35964856,-99.13458365,2019-11
10060874,CASA DE LAS LUNAS,623311,Asilos y otras residencias del sector privado para el cuidado de ancianos,Personas mayores,Residencia / asilo,Privado,11 a 30 personas,005,Gustavo A. Madero,0900500012907,19.48590939,-99.09527613,2024-11
6258687,CASA DE LAS MERCEDES IAP,623992,Orfanatos y otras residencias de asistencia social del sector público,Asistencia social,Orfanato / residencia asistencial,Público,31 a 50 personas,015,Cuauhtémoc,0901500010697,19.4403383,-99.15988822,2010-07
6786221,CASA DE LAS MERCEDES IAP,623991,Orfanatos y otras residencias de asistencia social del sector privado,Asistencia social,Orfanato / residencia asistencial,Privado,11 a 30 personas,017,Venustiano Carranza,0901700010367,19.44079295,-99.12283768,2017-03
862407,CASA DE LAS PERSONAS MAYORES,624122,Centros del sector público dedicados a la atención y cuidado diurno de ancianos y discapacitados,Personas mayores y discapacidad,Centro de día,Público,0 a 5 personas,012,Tlalpan,0901200010746,19.28700606,-99.12684043,2010-07
6325011,CASA DE LOS AMIGOS,623991,Orfanatos y otras residencias de asistencia social del sector privado,Asistencia social,Orfanato / residencia asistencial,Privado,0 a 5 personas,015,Cuauhtémoc,090150001070A,19.43797654,-99.15415904,2010-07
677209,CASA DE MADRES MAYORES RELIGIOSAS,623311,Asilos y otras residencias del sector privado para el cuidado de ancianos,Personas mayores,Residencia / asilo,Privado,6 a 10 personas,005,Gustavo A. Madero,0900500011449,19.47844303,-99.11584485,2014-12
901605,CASA DE REPOSO,623311,Asilos y otras residencias del sector privado para el cuidado de ancianos,Personas mayores,Residencia / asilo,Privado,6 a 10 personas,014,Benito Juárez,0901400010312,19.39042064,-99.13397687,2014-12
7924101,CASA DE REPOSO FARO MEXICO,623311,Asilos y otras residencias del sector privado para el cuidado de ancianos,Personas mayores,Residencia / asilo,Privado,0 a 5 personas,003,Coyoacán,0900300010713,19.33207299,-99.1367814,2019-11
7672936,CASA DE REPOSO LA PAZ,623311,Asilos y otras residencias del sector privado para el cuidado de ancianos,Personas mayores,Residencia / asilo,Privado,0 a 5 personas,010,Álvaro Obregón,0901000011186,19.34218511,-99.20852709,2019-11
6314487,CASA DE REPOSO MATEOS PORTILLO,623311,Asilos y otras residencias del sector privado para el cuidado de ancianos,Personas mayores,Residencia / asilo,Privado,11 a 30 personas,012,Tlalpan,0901200010958,19.2860076,-99.16440151,2010-07
6316603,CASA DE REPOSO PARA ANCIANOS,623311,Asilos y otras residencias del sector privado para el cuidado de ancianos,Personas mayores,Residencia / asilo,Privado,31 a 50 personas,003,Coyoacán,0900300010130,19.35108956,-99.16797307,2010-07
972412,CASA DE REPOSO PARA PERSONAS DE LA TERCERA EL PARAISO DEL ABUELO,623311,Asilos y otras residencias del sector privado para el cuidado de ancianos,Personas mayores,Residencia / asilo,Privado,6 a 10 personas,003,Coyoacán,0900300010499,19.33613661,-99.1367473,2010-07
908480,CASA DE REPOSO PARA UNA VEJES SEGURA,623991,Orfanatos y otras residencias de asistencia social del sector privado,Asistencia social,Orfanato / residencia asistencial,Privado,6 a 10 personas,003,Coyoacán,0900300010183,19.34550446,-99.1326596,2014-12
10899778,CASA DE REPOSO SAN ISIDRO,623311,Asilos y otras residencias del sector privado para el cuidado de ancianos,Personas mayores,Residencia / asilo,Privado,0 a 5 personas,012,Tlalpan,0901200010233,19.29672004,-99.1255545,2024-11
859775,CASA DE REPOSO VILLA GUADALUPE,623311,Asilos y otras residencias del sector privado para el cuidado de ancianos,Personas mayores,Residencia / asilo,Privado,0 a 5 personas,012,Tlalpan,0901200010445,19.3002031,-99.14762962,2010-07
11087320,CASA DE RETIRO,623311,Asilos y otras residencias del sector privado para el cuidado de ancianos,Personas mayores,Residencia / asilo,Privado,6 a 10 personas,012,Tlalpan,0901200010708,19.2944503,-99.13046979,2024-11
912574,CASA DE RETIRO PARA MADRES ADULTAS MAYORES,624121,Centros del sector privado dedicados a la atención y cuidado diurno de ancianos y discapacitados,Personas mayores y discapacidad,Centro de día,Privado,0 a 5 personas,012,Tlalpan,090120001038A,19.29056218,-99.16592545,2014-12
8629493,CASA DEL ABUELITO SAROME,623311,Asilos y otras residencias del sector privado para el cuidado de ancianos,Personas mayores,Residencia / asilo,Privado,6 a 10 personas,007,Iztapalapa,0900700010939,19.36096933,-99.11827852,2019-11
954093,CASA DEL ACTOR IAP MARIO MORENO,623312,Asilos y otras residencias del sector público para el cuidado de ancianos,Personas mayores,Residencia / asilo,Público,31 a 50 personas,014,Benito Juárez,0901400010685,19.37380192,-99.19044921,2010-07
940042,CASA DEL ADULTO,624122,Centros del sector público dedicados a la atención y cuidado diurno de ancianos y discapacitados,Personas mayores y discapacidad,Centro de día,Público,0 a 5 personas,013,Xochimilco,090130001064A,19.21575823,-99.0994031,2014-12
941661,CASA DEL ADULTO MALLOR DE SAN LUCAS,624122,Centros del sector público dedicados a la atención y cuidado diurno de ancianos y discapacitados,Personas mayores y discapacidad,Centro de día,Público,6 a 10 personas,013,Xochimilco,0901300010419,19.24533571,-99.11408478,2014-12
972919,CASA DEL ADULTO MAYOR,623312,Asilos y otras residencias del sector público para el cuidado de ancianos,Personas mayores,Residencia / asilo,Público,0 a 5 personas,013,Xochimilco,0901300011332,19.26260666,-99.12991057,2010-07
1027268,CASA DEL ADULTO MAYOR,624122,Centros del sector público dedicados a la atención y cuidado diurno de ancianos y discapacitados,Personas mayores y discapacidad,Centro de día,Público,11 a 30 personas,010,Álvaro Obregón,0901000011773,19.39041568,-99.19710527,2010-07
7261971,CASA DEL ADULTO MAYOR,623312,Asilos y otras residencias del sector público para el cuidado de ancianos,Personas mayores,Residencia / asilo,Público,0 a 5 personas,004,Cuajimalpa de Morelos,0900400010195,19.38615568,-99.24931783,2019-11
7338231,CASA DEL ADULTO MAYOR,624121,Centros del sector privado dedicados a la atención y cuidado diurno de ancianos y discapacitados,Personas mayores y discapacidad,Centro de día,Privado,0 a 5 personas,007,Iztapalapa,0900700010375,19.37949096,-99.10559942,2019-11
7672767,CASA DEL ADULTO MAYOR,624122,Centros del sector público dedicados a la atención y cuidado diurno de ancianos y discapacitados,Personas mayores y discapacidad,Centro de día,Público,0 a 5 personas,010,Álvaro Obregón,0901000011646,19.35549974,-99.23855772,2019-11
10379838,CASA DEL ADULTO MAYOR,624122,Centros del sector público dedicados a la atención y cuidado diurno de ancianos y discapacitados,Personas mayores y discapacidad,Centro de día,Público,6 a 10 personas,010,Álvaro Obregón,090100001167A,19.32561062,-99.25989396,2024-11
10745354,CASA DEL ADULTO MAYOR,624122,Centros del sector público dedicados a la atención y cuidado diurno de ancianos y discapacitados,Personas mayores y discapacidad,Centro de día,Público,0 a 5 personas,003,Coyoacán,0900300010978,19.30907311,-99.16065195,2024-11
8652779,CASA DEL ADULTO MAYOR,623312,Asilos y otras residencias del sector público para el cuidado de ancianos,Personas mayores,Residencia / asilo,Público,6 a 10 personas,006,Iztacalco,090060001001A,19.41347788,-99.06779089,2019-11
909172,CASA DEL ADULTO MAYOR,623311,Asilos y otras residencias del sector privado para el cuidado de ancianos,Personas mayores,Residencia / asilo,Privado,0 a 5 personas,003,Coyoacán,0900300011478,19.31748132,-99.10384169,2014-12
8629531,CASA DEL ADULTO MAYOR,624122,Centros del sector público dedicados a la atención y cuidado diurno de ancianos y discapacitados,Personas mayores y discapacidad,Centro de día,Público,0 a 5 personas,006,Iztacalco,0900600010880,19.38103957,-99.1283101,2019-11
942533,CASA DEL ADULTO MAYOR,624122,Centros del sector público dedicados a la atención y cuidado diurno de ancianos y discapacitados,Personas mayores y discapacidad,Centro de día,Público,0 a 5 personas,013,Xochimilco,0901300010669,19.19617608,-99.12233566,2014-12
713592,CASA DEL ADULTO MAYOR ACULCO,624122,Centros del sector público dedicados a la atención y cuidado diurno de ancianos y discapacitados,Personas mayores y discapacidad,Centro de día,Público,6 a 10 personas,007,Iztapalapa,0900700010680,19.36787203,-99.11820125,2014-12
7672938,CASA DEL ADULTO MAYOR AHUEHUETES,624122,Centros del sector público dedicados a la atención y cuidado diurno de ancianos y discapacitados,Personas mayores y discapacidad,Centro de día,Público,0 a 5 personas,010,Álvaro Obregón,0901000010811,19.36816824,-99.19259966,2019-11
9072976,CASA DEL ADULTO MAYOR ANGELES DE LOS REYES,624122,Centros del sector público dedicados a la atención y cuidado diurno de ancianos y discapacitados,Personas mayores y discapacidad,Centro de día,Público,0 a 5 personas,003,Coyoacán,0900300010450,19.33678356,-99.15356946,2019-11
7904615,CASA DEL ADULTO MAYOR ANGELES DIVINOS,624122,Centros del sector público dedicados a la atención y cuidado diurno de ancianos y discapacitados,Personas mayores y discapacidad,Centro de día,Público,6 a 10 personas,007,Iztapalapa,0900700011443,19.34852517,-99.06107613,2019-11
825471,CASA DEL ADULTO MAYOR BENITA GALEANA TURNO MATUTINO,624122,Centros del sector público dedicados a la atención y cuidado diurno de ancianos y discapacitados,Personas mayores y discapacidad,Centro de día,Público,6 a 10 personas,007,Iztapalapa,0900700011091,19.35580881,-99.03156177,2010-07
8522336,CASA DEL ADULTO MAYOR BENITA GALEANA TURNO VESPERTINO,623312,Asilos y otras residencias del sector público para el cuidado de ancianos,Personas mayores,Residencia / asilo,Público,0 a 5 personas,007,Iztapalapa,0900700011091,19.35583438,-99.03171472,2019-11
703615,CASA DEL ADULTO MAYOR BENITO JUAREZ,624122,Centros del sector público dedicados a la atención y cuidado diurno de ancianos y discapacitados,Personas mayores y discapacidad,Centro de día,Público,11 a 30 personas,017,Venustiano Carranza,0901700010719,19.42088863,-99.11663246,2014-12
745690,CASA DEL ADULTO MAYOR BENITO JUAREZ,624122,Centros del sector público dedicados a la atención y cuidado diurno de ancianos y discapacitados,Personas mayores y discapacidad,Centro de día,Público,11 a 30 personas,017,Venustiano Carranza,0901700010719,19.42089756,-99.11663121,2010-07
730156,CASA DEL ADULTO MAYOR CABEZA DE JUAREZ,624122,Centros del sector público dedicados a la atención y cuidado diurno de ancianos y discapacitados,Personas mayores y discapacidad,Centro de día,Público,11 a 30 personas,007,Iztapalapa,0900700013581,19.38334609,-99.04391866,2014-12
10151939,CASA DEL ADULTO MAYOR CALHUEHUETEQUIPANOYAN,624122,Centros del sector público dedicados a la atención y cuidado diurno de ancianos y discapacitados,Personas mayores y discapacidad,Centro de día,Público,0 a 5 personas,009,Milpa Alta,0900900010026,19.19211999,-99.02158935,2024-11
841654,CASA DEL ADULTO MAYOR CANO T MATUTINO,624122,Centros del sector público dedicados a la atención y cuidado diurno de ancianos y discapacitados,Personas mayores y discapacidad,Centro de día,Público,0 a 5 personas,007,Iztapalapa,090070001433A,19.29547192,-99.07121986,2010-07
731513,CASA DEL ADULTO MAYOR COLONIAL,624122,Centros del sector público dedicados a la atención y cuidado diurno de ancianos y discapacitados,Personas mayores y discapacidad,Centro de día,Público,6 a 10 personas,007,Iztapalapa,0900700011299,19.34748231,-99.0532142,2014-12
9941752,CASA DEL ADULTO MAYOR COVE,624122,Centros del sector público dedicados a la atención y cuidado diurno de ancianos y discapacitados,Personas mayores y discapacidad,Centro de día,Público,0 a 5 personas,010,Álvaro Obregón,0901000010046,19.39959134,-99.20013673,2024-11
1060496,CASA DEL ADULTO MAYOR DE COYOACAN,624122,Centros del sector público dedicados a la atención y cuidado diurno de ancianos y discapacitados,Personas mayores y discapacidad,Centro de día,Público,6 a 10 personas,003,Coyoacán,0900300010037,19.35301881,-99.16292728,2010-07
939152,CASA DEL ADULTO MAYOR DE SANTIAGO TULYEHUALCO,624122,Centros del sector público dedicados a la atención y cuidado diurno de ancianos y discapacitados,Personas mayores y discapacidad,Centro de día,Público,11 a 30 personas,013,Xochimilco,0901300011313,19.25525416,-99.01717391,2014-12
1052356,CASA DEL ADULTO MAYOR EMMA GODOY,624122,Centros del sector público dedicados a la atención y cuidado diurno de ancianos y discapacitados,Personas mayores y discapacidad,Centro de día,Público,0 a 5 personas,010,Álvaro Obregón,0901000010811,19.36678421,-99.19565437,2010-07
707695,CASA DEL ADULTO MAYOR EX LAGO,624122,Centros del sector público dedicados a la atención y cuidado diurno de ancianos y discapacitados,Personas mayores y discapacidad,Centro de día,Público,0 a 5 personas,006,Iztacalco,0900600010946,19.3817013,-99.10254285,2014-12
906810,CASA DEL ADULTO MAYOR HUAYAMILPAS,624122,Centros del sector público dedicados a la atención y cuidado diurno de ancianos y discapacitados,Personas mayores y discapacidad,Centro de día,Público,0 a 5 personas,003,Coyoacán,0900300010662,19.32397962,-99.14814757,2014-12
878373,CASA DEL ADULTO MAYOR INAPAM XOLALPA CHIMALPA,624122,Centros del sector público dedicados a la atención y cuidado diurno de ancianos y discapacitados,Personas mayores y discapacidad,Centro de día,Público,0 a 5 personas,004,Cuajimalpa de Morelos,0900400010227,19.35334616,-99.31719075,2010-07
841602,CASA DEL ADULTO MAYOR JARDINES DE SAN LORENZO TURNO VESPERTINO,624122,Centros del sector público dedicados a la atención y cuidado diurno de ancianos y discapacitados,Personas mayores y discapacidad,Centro de día,Público,0 a 5 personas,007,Iztapalapa,090070001433A,19.29547824,-99.07125697,2010-07
803399,CASA DEL ADULTO MAYOR LA CABAÑITA DE CONSTITUCION,624122,Centros del sector público dedicados a la atención y cuidado diurno de ancianos y discapacitados,Personas mayores y discapacidad,Centro de día,Público,0 a 5 personas,007,Iztapalapa,0900700011439,19.34953505,-99.06497767,2010-07
761827,CASA DEL ADULTO MAYOR LEYES DE REFORMA,624122,Centros del sector público dedicados a la atención y cuidado diurno de ancianos y discapacitados,Personas mayores y discapacidad,Centro de día,Público,6 a 10 personas,007,Iztapalapa,090070001547A,19.37683893,-99.06153778,2010-07
6472186,CASA DEL ADULTO MAYOR MARTHA REYNA,624122,Centros del sector público dedicados a la atención y cuidado diurno de ancianos y discapacitados,Personas mayores y discapacidad,Centro de día,Público,6 a 10 personas,007,Iztapalapa,0900700013079,19.32737796,-99.04270682,2016-01
936258,CASA DEL ADULTO MAYOR MUYUGUARDA,624122,Centros del sector público dedicados a la atención y cuidado diurno de ancianos y discapacitados,Personas mayores y discapacidad,Centro de día,Público,6 a 10 personas,013,Xochimilco,0901300011385,19.27621016,-99.11857167,2014-12
8583374,CASA DEL ADULTO MAYOR PRADO CHURUBUSCO,624122,Centros del sector público dedicados a la atención y cuidado diurno de ancianos y discapacitados,Personas mayores y discapacidad,Centro de día,Público,11 a 30 personas,003,Coyoacán,0900300010107,19.35165453,-99.12530423,2019-11
11798738,CASA DEL ADULTO MAYOR SAN LORENZO,624122,Centros del sector público dedicados a la atención y cuidado diurno de ancianos y discapacitados,Personas mayores y discapacidad,Centro de día,Público,0 a 5 personas,009,Milpa Alta,0900901520613,19.1769178,-99.02991998,2025-04
7642982,CASA DEL ADULTO MAYOR SAN PEDRO ATOCPAN,624122,Centros del sector público dedicados a la atención y cuidado diurno de ancianos y discapacitados,Personas mayores y discapacidad,Centro de día,Público,0 a 5 personas,009,Milpa Alta,090090029044A,19.20232677,-99.05232926,2019-11
7674557,CASA DEL ADULTO MAYOR TIZAPAN,624122,Centros del sector público dedicados a la atención y cuidado diurno de ancianos y discapacitados,Personas mayores y discapacidad,Centro de día,Público,0 a 5 personas,010,Álvaro Obregón,0901000011237,19.3379097,-99.20414317,2019-11
820628,CASA DEL ADULTO MAYOR YOLOXOCHITL,624122,Centros del sector público dedicados a la atención y cuidado diurno de ancianos y discapacitados,Personas mayores y discapacidad,Centro de día,Público,6 a 10 personas,007,Iztapalapa,090070001159A,19.34172304,-99.07184687,2010-07
643223,CASA DEL BIENESTAR,623991,Orfanatos y otras residencias de asistencia social del sector privado,Asistencia social,Orfanato / residencia asistencial,Privado,6 a 10 personas,002,Azcapotzalco,0900200010434,19.48570778,-99.20038753,2010-07
11609193,CASA DEL HOSPITAL INFANTIL DE MEXICO FEDERICO GOMEZ AMANC,623992,Orfanatos y otras residencias de asistencia social del sector público,Asistencia social,Orfanato / residencia asistencial,Público,0 a 5 personas,015,Cuauhtémoc,0901500011394,19.40805339,-99.15071053,2024-11
912511,CASA DEL PARQUE TLALPAN,623311,Asilos y otras residencias del sector privado para el cuidado de ancianos,Personas mayores,Residencia / asilo,Privado,51 a 100 personas,012,Tlalpan,0901200010407,19.29340607,-99.16468079,2014-12
963073,CASA HOGAR,623991,Orfanatos y otras residencias de asistencia social del sector privado,Asistencia social,Orfanato / residencia asistencial,Privado,11 a 30 personas,015,Cuauhtémoc,0901500010540,19.4428322,-99.13160245,2010-07
1015339,CASA HOGAR AMPARO,623991,Orfanatos y otras residencias de asistencia social del sector privado,Asistencia social,Orfanato / residencia asistencial,Privado,0 a 5 personas,003,Coyoacán,0900300010037,19.35639484,-99.16281402,2010-07
954990,CASA HOGAR CENTRO DE ATENCION GERIATRICA,623311,Asilos y otras residencias del sector privado para el cuidado de ancianos,Personas mayores,Residencia / asilo,Privado,11 a 30 personas,014,Benito Juárez,0901400010897,19.36862773,-99.18357633,2010-07
937651,CASA HOGAR CENTRO ITARI,623991,Orfanatos y otras residencias de asistencia social del sector privado,Asistencia social,Orfanato / residencia asistencial,Privado,11 a 30 personas,013,Xochimilco,090130001025A,19.25692679,-99.10222179,2014-12
1006380,CASA HOGAR DE LA SANTISIMA TRINIDAD,623992,Orfanatos y otras residencias de asistencia social del sector público,Asistencia social,Orfanato / residencia asistencial,Público,6 a 10 personas,012,Tlalpan,0901200011015,19.28386604,-99.17192344,2010-07
1048025,CASA HOGAR DE LAS NIÑAS DE TLAHUAC,623991,Orfanatos y otras residencias de asistencia social del sector privado,Asistencia social,Orfanato / residencia asistencial,Privado,11 a 30 personas,011,Tláhuac,0901100011287,19.29276368,-99.061583,2010-07
785822,CASA HOGAR DE NUESTRA SEÑORA DE LA PAZ,623991,Orfanatos y otras residencias de asistencia social del sector privado,Asistencia social,Orfanato / residencia asistencial,Privado,11 a 30 personas,005,Gustavo A. Madero,0900500011275,19.48174227,-99.11963792,2010-07
11755028,CASA HOGAR DE NUESTRA SEÑORA DE LOS ANGELES,624121,Centros del sector privado dedicados a la atención y cuidado diurno de ancianos y discapacitados,Personas mayores y discapacidad,Centro de día,Privado,11 a 30 personas,007,Iztapalapa,0900700012988,19.33293375,-99.09835057,2025-04
657163,CASA HOGAR EUGENIO OLAEZ,623991,Orfanatos y otras residencias de asistencia social del sector privado,Asistencia social,Orfanato / residencia asistencial,Privado,6 a 10 personas,007,Iztapalapa,0900700010727,19.36324009,-99.10725775,2014-12
10081661,CASA HOGAR GUARDERIA UNIDOS POR UNA NUEVA GENERACION SAN JUAN BOSCO,624411,Guarderías del sector privado,Infancia,Guardería,Privado,6 a 10 personas,010,Álvaro Obregón,0901000010309,19.38131665,-99.2428083,2024-11
9453656,CASA HOGAR LAS MARGARITAS,623311,Asilos y otras residencias del sector privado para el cuidado de ancianos,Personas mayores,Residencia / asilo,Privado,31 a 50 personas,013,Xochimilco,0901300010917,19.26446071,-99.13532967,2023-11
858418,CASA HOGAR LAS NIEVES,623991,Orfanatos y otras residencias de asistencia social del sector privado,Asistencia social,Orfanato / residencia asistencial,Privado,6 a 10 personas,012,Tlalpan,0901200010407,19.29665399,-99.16275182,2010-07
1052312,CASA HOGAR MARGARITA,623991,Orfanatos y otras residencias de asistencia social del sector privado,Asistencia social,Orfanato / residencia asistencial,Privado,6 a 10 personas,010,Álvaro Obregón,0901000010633,19.37161252,-99.19731089,2010-07
8631744,CASA HOGAR MONTE HALAC,623991,Orfanatos y otras residencias de asistencia social del sector privado,Asistencia social,Orfanato / residencia asistencial,Privado,0 a 5 personas,011,Tláhuac,0901100010927,19.28891959,-99.03734335,2019-11
660880,CASA HOGAR NUESTRA MADRE SANTISIMA DE LA LUZ,623311,Asilos y otras residencias del sector privado para el cuidado de ancianos,Personas mayores,Residencia / asilo,Privado,0 a 5 personas,007,Iztapalapa,0900700010958,19.36231974,-99.11350888,2010-07
10041257,CASA HOGAR NUESTRA SEÑORA DE GUADALUPE,623991,Orfanatos y otras residencias de asistencia social del sector privado,Asistencia social,Orfanato / residencia asistencial,Privado,0 a 5 personas,015,Cuauhtémoc,0901500010536,19.44270571,-99.13769957,2024-11
11628129,CASA HOGAR NUESTRA SEÑORA DEL CAMINO,623311,Asilos y otras residencias del sector privado para el cuidado de ancianos,Personas mayores,Residencia / asilo,Privado,11 a 30 personas,010,Álvaro Obregón,090100001110A,19.34517592,-99.20176983,2024-11
859131,CASA HOGAR PARA ANCIANOS DAUVERRE,623311,Asilos y otras residencias del sector privado para el cuidado de ancianos,Personas mayores,Residencia / asilo,Privado,11 a 30 personas,012,Tlalpan,0901200010958,19.28606214,-99.16769789,2010-07
858417,CASA HOGAR PARA MADRES SOLTERAS,623991,Orfanatos y otras residencias de asistencia social del sector privado,Asistencia social,Orfanato / residencia asistencial,Privado,6 a 10 personas,012,Tlalpan,0901200010407,19.29399385,-99.1634778,2010-07
996194,CASA HOGAR PARA NIÑAS GRACIELA ZUBIRAN VILLARREAL,623992,Orfanatos y otras residencias de asistencia social del sector público,Asistencia social,Orfanato / residencia asistencial,Público,11 a 30 personas,003,Coyoacán,0900300011529,19.30810904,-99.18649094,2010-07
960838,CASA HOGAR PARA NIÑAS INVIDENTES,623991,Orfanatos y otras residencias de asistencia social del sector privado,Asistencia social,Orfanato / residencia asistencial,Privado,0 a 5 personas,014,Benito Juárez,0901400010401,19.38557032,-99.16757724,2010-07
991184,CASA HOGAR PARA PERSONAS DE LA 3 EDAD,623311,Asilos y otras residencias del sector privado para el cuidado de ancianos,Personas mayores,Residencia / asilo,Privado,0 a 5 personas,015,Cuauhtémoc,0901500010767,19.43515342,-99.13911489,2010-07
789241,CASA HOGAR ROSAS DE LA INFANCIA,623991,Orfanatos y otras residencias de asistencia social del sector privado,Asistencia social,Orfanato / residencia asistencial,Privado,6 a 10 personas,005,Gustavo A. Madero,0900500011449,19.47845131,-99.11584175,2010-07
987298,CASA HOGAR SANTA INES,623991,Orfanatos y otras residencias de asistencia social del sector privado,Asistencia social,Orfanato / residencia asistencial,Privado,6 a 10 personas,003,Coyoacán,090030001015A,19.34876097,-99.15400794,2010-07
859083,CASA HOGAR UN GRANITO DE ARENA A. C,623311,Asilos y otras residencias del sector privado para el cuidado de ancianos,Personas mayores,Residencia / asilo,Privado,6 a 10 personas,012,Tlalpan,0901200010958,19.28925508,-99.17402408,2010-07
959818,CASA HOGAR UNGRANITO DE ARENA,623311,Asilos y otras residencias del sector privado para el cuidado de ancianos,Personas mayores,Residencia / asilo,Privado,11 a 30 personas,014,Benito Juárez,0901400010257,19.39365026,-99.16118262,2010-07
683216,CASA HOGAR VICENTE GARCIA TORRES,623312,Asilos y otras residencias del sector público para el cuidado de ancianos,Personas mayores,Residencia / asilo,Público,11 a 30 personas,002,Azcapotzalco,0900200010792,19.46116995,-99.18835276,2014-12
10112195,CASA HOGAR Y CENTRO DE DIA ARCELIA NUTO DE VILLAMICHEL,623312,Asilos y otras residencias del sector público para el cuidado de ancianos,Personas mayores,Residencia / asilo,Público,31 a 50 personas,017,Venustiano Carranza,0901700010920,19.41734435,-99.1143074,2024-11
966992,CASA NACIONAL DEL ESTUDIANTE,623991,Orfanatos y otras residencias de asistencia social del sector privado,Asistencia social,Orfanato / residencia asistencial,Privado,0 a 5 personas,015,Cuauhtémoc,0901500010659,19.44014176,-99.12838257,2010-07
7628491,CASA PARA PERSONAS MAYORES SANTA CRUZ XOCHITEPEC,624122,Centros del sector público dedicados a la atención y cuidado diurno de ancianos y discapacitados,Personas mayores y discapacidad,Centro de día,Público,0 a 5 personas,013,Xochimilco,0901300010372,19.25387732,-99.12995766,2019-11
902840,CASA PAS,623991,Orfanatos y otras residencias de asistencia social del sector privado,Asistencia social,Orfanato / residencia asistencial,Privado,6 a 10 personas,014,Benito Juárez,0901400010420,19.38593829,-99.15633587,2014-12
10001156,CASA RAICES,624121,Centros del sector privado dedicados a la atención y cuidado diurno de ancianos y discapacitados,Personas mayores y discapacidad,Centro de día,Privado,0 a 5 personas,005,Gustavo A. Madero,0900500011260,19.48533564,-99.12321612,2024-11
8602821,CASA RAMA,623211,Residencias del sector privado para el cuidado de personas con problemas de retardo mental,Salud y discapacidad,Residencia discapacidad intelectual,Privado,0 a 5 personas,012,Tlalpan,0901200010229,19.29722779,-99.1340335,2019-11
965348,CASA SALESIANA DE LOS EXALUMNOS DE DON BOSCO,624211,Servicios de alimentación comunitarios prestados por el sector privado,Apoyo comunitario,Comedor comunitario,Privado,0 a 5 personas,014,Benito Juárez,0901400010308,19.38655826,-99.13954608,2010-07
886522,CASA XOCHIQUETZAL,623991,Orfanatos y otras residencias de asistencia social del sector privado,Asistencia social,Orfanato / residencia asistencial,Privado,0 a 5 personas,015,Cuauhtémoc,0901500010659,19.43933325,-99.12725936,2014-12
920286,CASA YEKKAN,624121,Centros del sector privado dedicados a la atención y cuidado diurno de ancianos y discapacitados,Personas mayores y discapacidad,Centro de día,Privado,6 a 10 personas,004,Cuajimalpa de Morelos,0900400010354,19.36640689,-99.28201091,2014-12
11787748,CASI CENTRO DE ATENCION AL CUIDADO INFANTIL,624412,Guarderías del sector público,Infancia,Guardería,Público,6 a 10 personas,010,Álvaro Obregón,0901000012343,19.37143475,-99.23964897,2025-04
813940,CDC CENTRO DE DESARROLLO COMUNITARIO ALVARO OBREGON,624412,Guarderías del sector público,Infancia,Guardería,Público,11 a 30 personas,005,Gustavo A. Madero,0900500011701,19.47897822,-99.07010369,2010-07
11589742,CEI TLALPAN VI,624411,Guarderías del sector privado,Infancia,Guardería,Privado,0 a 5 personas,012,Tlalpan,0901200011513,19.27079569,-99.22377515,2024-11
744550,CENDI,624412,Guarderías del sector público,Infancia,Guardería,Público,6 a 10 personas,002,Azcapotzalco,0900200010773,19.46646107,-99.15068037,2010-07
1029950,CENDI 2 CETRO DE DESARROLLO INFANTIL,624412,Guarderías del sector público,Infancia,Guardería,Público,31 a 50 personas,015,Cuauhtémoc,0901500011534,19.42273565,-99.1508026,2010-07
662868,CENDI 20 DE ABRIL,624412,Guarderías del sector público,Infancia,Guardería,Público,11 a 30 personas,017,Venustiano Carranza,0901700010780,19.42736445,-99.09775044,2010-07
668016,CENDI 25 JOSE VASCONCELOS,624412,Guarderías del sector público,Infancia,Guardería,Público,31 a 50 personas,002,Azcapotzalco,090020001067A,19.47188268,-99.18836205,2010-07
752465,CENDI 29 JAMAICA,624412,Guarderías del sector público,Infancia,Guardería,Público,11 a 30 personas,017,Venustiano Carranza,0901700011399,19.4089847,-99.12197509,2010-07
765238,CENDI ANAHUAC,624412,Guarderías del sector público,Infancia,Guardería,Público,6 a 10 personas,016,Miguel Hidalgo,090160001050A,19.44139686,-99.16944691,2010-07
897389,CENDI ARTICULO 123 CONSTITUCIONAL,624412,Guarderías del sector público,Infancia,Guardería,Público,31 a 50 personas,015,Cuauhtémoc,0901500011055,19.42313055,-99.13692686,2014-12
981910,CENDI ASOCIACION LEGITIMA CIVICA COMERCIAL,624411,Guarderías del sector privado,Infancia,Guardería,Privado,11 a 30 personas,015,Cuauhtémoc,0901500010644,19.4393491,-99.13256382,2010-07
6318118,CENDI BABY BEE,624411,Guarderías del sector privado,Infancia,Guardería,Privado,31 a 50 personas,010,Álvaro Obregón,0901000011059,19.35684776,-99.1861025,2010-07
839572,CENDI BENITO JUAREZ,624412,Guarderías del sector público,Infancia,Guardería,Público,6 a 10 personas,007,Iztapalapa,0900700012155,19.30269668,-99.07206774,2010-07
877769,CENDI BENITO JUAREZ,624412,Guarderías del sector público,Infancia,Guardería,Público,31 a 50 personas,009,Milpa Alta,0900900010026,19.19189198,-99.02276641,2010-07
951215,CENDI CALLI IN YULILICE,624412,Guarderías del sector público,Infancia,Guardería,Público,11 a 30 personas,009,Milpa Alta,0900900290469,19.19953742,-99.05704021,2014-12
8386584,CENDI CENTRO DE ATENCION Y CUIDADO INFANTIL MELCHOR MUZQUIZ,624412,Guarderías del sector público,Infancia,Guardería,Público,6 a 10 personas,010,Álvaro Obregón,0901000011203,19.34281496,-99.1907021,2019-11
1026462,CENDI CENTRO DE DESARROLLO INFANTIL,624412,Guarderías del sector público,Infancia,Guardería,Público,11 a 30 personas,008,La Magdalena Contreras,0900800010546,19.31537622,-99.24885827,2010-07
8027250,CENDI CENTRO DE DESARROLLO INFANTIL TACUBA,624412,Guarderías del sector público,Infancia,Guardería,Público,11 a 30 personas,016,Miguel Hidalgo,0901600010158,19.45877947,-99.18642778,2019-11
663703,CENDI CIPACTLI 09NDI0610J,624412,Guarderías del sector público,Infancia,Guardería,Público,11 a 30 personas,017,Venustiano Carranza,0901700010827,19.43239025,-99.06161574,2010-07
958516,CENDI DE VALLE,624412,Guarderías del sector público,Infancia,Guardería,Público,11 a 30 personas,014,Benito Juárez,0901400010242,19.3954103,-99.16660538,2010-07
747486,CENDI ESTEFANIA CASTAÑEDA,624412,Guarderías del sector público,Infancia,Guardería,Público,11 a 30 personas,017,Venustiano Carranza,0901700011276,19.41054584,-99.08301707,2010-07
883792,CENDI FRANCISCO GONZALEZ BOCANEGRA,624412,Guarderías del sector público,Infancia,Guardería,Público,6 a 10 personas,015,Cuauhtémoc,0901500010540,19.44607214,-99.13331966,2014-12
878371,CENDI GDF CHIMALPA,624412,Guarderías del sector público,Infancia,Guardería,Público,0 a 5 personas,004,Cuajimalpa de Morelos,0900400010227,19.3530653,-99.31773077,2010-07
785698,CENDI GDF LA CRUZ,624412,Guarderías del sector público,Infancia,Guardería,Público,11 a 30 personas,006,Iztacalco,0900600010274,19.40214705,-99.11769076,2010-07
643644,CENDI GENERAL FELIPE ANGELES,624412,Guarderías del sector público,Infancia,Guardería,Público,11 a 30 personas,017,Venustiano Carranza,0901700010047,19.45265753,-99.11429323,2010-07
8947722,CENDI HOSPITAL GENERAL MANUEL GEA GONZALEZ,624412,Guarderías del sector público,Infancia,Guardería,Público,31 a 50 personas,012,Tlalpan,0901200010426,19.29063728,-99.16148151,2019-11
10538518,CENDI INTEGRA,624412,Guarderías del sector público,Infancia,Guardería,Público,11 a 30 personas,014,Benito Juárez,090140001076A,19.37086836,-99.15964107,2024-11
774166,CENDI ISSS STE EBDI 55,624412,Guarderías del sector público,Infancia,Guardería,Público,31 a 50 personas,016,Miguel Hidalgo,0901600011160,19.40888094,-99.18529257,2010-07
7904821,CENDI IZTAPALAPA,624412,Guarderías del sector público,Infancia,Guardería,Público,51 a 100 personas,007,Iztapalapa,0900700014734,19.35150607,-99.04721957,2019-11
758873,CENDI JUAN DE LA BARRERA,624412,Guarderías del sector público,Infancia,Guardería,Público,6 a 10 personas,007,Iztapalapa,0900700010089,19.39240317,-99.04367951,2010-07
1010336,CENDI LA MAGDALENA,624412,Guarderías del sector público,Infancia,Guardería,Público,11 a 30 personas,008,La Magdalena Contreras,090080001032A,19.30532469,-99.23996878,2010-07
981303,CENDI LAGUNILLA VARIOS GOBIERNO DEL DISTRITO FEDERAL,624412,Guarderías del sector público,Infancia,Guardería,Público,11 a 30 personas,015,Cuauhtémoc,0901500010536,19.44159512,-99.13711618,2010-07
709514,CENDI LEANDRO VALLE,624412,Guarderías del sector público,Infancia,Guardería,Público,6 a 10 personas,006,Iztacalco,0900600010541,19.3883225,-99.0667582,2014-12
688691,CENDI LEGARIA CENTRO DE DESARROLLO INFANTIL,624412,Guarderías del sector público,Infancia,Guardería,Público,11 a 30 personas,016,Miguel Hidalgo,0901600010247,19.44961459,-99.20416855,2014-12
645052,CENDI LUZ OLIVEROS SARMINA,624412,Guarderías del sector público,Infancia,Guardería,Público,6 a 10 personas,017,Venustiano Carranza,0901700010047,19.45096307,-99.10993329,2010-07
692981,CENDI MARGARITA MAZA DE JUAREZ,624412,Guarderías del sector público,Infancia,Guardería,Público,11 a 30 personas,016,Miguel Hidalgo,0901600011194,19.39870805,-99.18781938,2014-12
10667063,CENDI MERCADO PRO HOGAR,624412,Guarderías del sector público,Infancia,Guardería,Público,6 a 10 personas,002,Azcapotzalco,0900200010400,19.4758776,-99.15394677,2024-11
777290,CENDI MI PEQUEÑO MUNDO,624411,Guarderías del sector privado,Infancia,Guardería,Privado,31 a 50 personas,016,Miguel Hidalgo,0901600011226,19.40339679,-99.17339276,2010-07
1048630,CENDI MIGUEL HIDALGO,624412,Guarderías del sector público,Infancia,Guardería,Público,11 a 30 personas,011,Tláhuac,0901100010202,19.28735307,-99.04664166,2010-07
855400,CENDI MIGUEL HIDALGO,624412,Guarderías del sector público,Infancia,Guardería,Público,11 a 30 personas,012,Tlalpan,090120001091A,19.28706099,-99.18517532,2010-07
1046715,CENDI NOPALERA,624412,Guarderías del sector público,Infancia,Guardería,Público,11 a 30 personas,011,Tláhuac,0901100010077,19.29719982,-99.05452819,2010-07
919749,CENDI NUEVO LEON,624412,Guarderías del sector público,Infancia,Guardería,Público,6 a 10 personas,004,Cuajimalpa de Morelos,0900400010301,19.36821333,-99.29325847,2014-12
1030289,CENDI PUGIBET,624412,Guarderías del sector público,Infancia,Guardería,Público,11 a 30 personas,015,Cuauhtémoc,0901500010875,19.4297037,-99.14438187,2010-07
689489,CENDI REFORMA SOCIAL,624412,Guarderías del sector público,Infancia,Guardería,Público,6 a 10 personas,016,Miguel Hidalgo,0901600010815,19.42987457,-99.221692,2014-12
648132,CENDI REYNOSA,624412,Guarderías del sector público,Infancia,Guardería,Público,6 a 10 personas,002,Azcapotzalco,0900200010203,19.49237386,-99.18384171,2010-07
636310,CENDI ROSA VILLANUEVA RAMOS,624412,Guarderías del sector público,Infancia,Guardería,Público,11 a 30 personas,017,Venustiano Carranza,0901700010371,19.44076136,-99.11553043,2010-07
739874,CENDI ROSAURA ZAPATA,624412,Guarderías del sector público,Infancia,Guardería,Público,6 a 10 personas,017,Venustiano Carranza,0901700011280,19.41430617,-99.07735906,2010-07
838392,CENDI SAN LORENZO TEZONCO,624412,Guarderías del sector público,Infancia,Guardería,Público,11 a 30 personas,007,Iztapalapa,090070001209A,19.31066709,-99.07136869,2010-07
800219,CENDI SANTA CRUZ MEYEHUALCO,624412,Guarderías del sector público,Infancia,Guardería,Público,11 a 30 personas,007,Iztapalapa,0900700011496,19.34606733,-99.04429407,2010-07
807096,CENDI SANTA ROSA,624411,Guarderías del sector privado,Infancia,Guardería,Privado,11 a 30 personas,007,Iztapalapa,0900700012649,19.35290985,-98.99250151,2010-07
894037,CENDI SE ROSARIO CASTELLANOS SRE,624412,Guarderías del sector público,Infancia,Guardería,Público,31 a 50 personas,015,Cuauhtémoc,0901500010521,19.44932651,-99.13748234,2014-12
656223,CENDI SECTOR POPULAR,624412,Guarderías del sector público,Infancia,Guardería,Público,6 a 10 personas,007,Iztapalapa,0900700010676,19.36885202,-99.1191912,2010-07
11790034,CENDI SOR JUANA INES DE LA CRUZ,624412,Guarderías del sector público,Infancia,Guardería,Público,11 a 30 personas,004,Cuajimalpa de Morelos,0900400010301,19.36870587,-99.29317832,2025-04
787494,CENDI TLACOTAL,624412,Guarderías del sector público,Infancia,Guardería,Público,6 a 10 personas,006,Iztacalco,0900600010452,19.39574199,-99.10265699,2010-07
740805,CENDI VICTORIA DE LAS DEMOCRACIAS,624412,Guarderías del sector público,Infancia,Guardería,Público,0 a 5 personas,002,Azcapotzalco,0900200010542,19.46710577,-99.16297919,2010-07
970341,CENDI XOTEPINGO,624412,Guarderías del sector público,Infancia,Guardería,Público,6 a 10 personas,003,Coyoacán,0900300010304,19.33782779,-99.14448729,2010-07
655465,CENDI ZONA 8,624412,Guarderías del sector público,Infancia,Guardería,Público,11 a 30 personas,005,Gustavo A. Madero,0900500010313,19.52417961,-99.14228653,2010-07
767435,CENDIS SAN LORENZO XICOTENCATL,624412,Guarderías del sector público,Infancia,Guardería,Público,6 a 10 personas,007,Iztapalapa,0900700010271,19.38319224,-99.02697771,2010-07
11564254,CENTRAL DE ENFERMERAS ACOLHUACAN,623111,"Residencias del sector privado con cuidados de enfermeras para enfermos convalecientes, en rehabilitación, incurables y terminales",Salud y discapacidad,Residencia con enfermería,Privado,0 a 5 personas,017,Venustiano Carranza,0901700010865,19.42701237,-99.05680393,2024-11
9404770,CENTRO AMANECER PARA NIÑOS,623992,Orfanatos y otras residencias de asistencia social del sector público,Asistencia social,Orfanato / residencia asistencial,Público,0 a 5 personas,003,Coyoacán,0900300010111,19.34943251,-99.17893871,2026-04
996395,CENTRO AMANECER PARA NIÑOS DIF,623992,Orfanatos y otras residencias de asistencia social del sector público,Asistencia social,Orfanato / residencia asistencial,Público,51 a 100 personas,003,Coyoacán,0900300010111,19.35148583,-99.17745993,2010-07
9553130,CENTRO ANDAMI,624411,Guarderías del sector privado,Infancia,Guardería,Privado,0 a 5 personas,005,Gustavo A. Madero,0900500011839,19.4718073,-99.11376582,2024-11
1052226,CENTRO ASISTENCIAL DE DESARROLLO INFANTIL,624412,Guarderías del sector público,Infancia,Guardería,Público,11 a 30 personas,010,Álvaro Obregón,0901000011237,19.33381845,-99.20108976,2010-07
884328,CENTRO ASISTENCIAL DE DESARROLLO INFANTIL TLAZOCIHUALPILLI,624412,Guarderías del sector público,Infancia,Guardería,Público,11 a 30 personas,011,Tláhuac,0901100011484,19.25569908,-99.00911007,2010-07
918576,CENTRO COMUNITARIO ALIZU AC,624411,Guarderías del sector privado,Infancia,Guardería,Privado,0 a 5 personas,012,Tlalpan,0901200272422,19.21183431,-99.16224957,2014-12
7904155,CENTRO COMUNITARIO CITLALTEPET,624212,Servicios de alimentación comunitarios prestados por el sector público,Apoyo comunitario,Comedor comunitario,Público,0 a 5 personas,007,Iztapalapa,0900700013789,19.34997624,-99.1009492,2019-11
978296,CENTRO COMUNITARIO DE ATENCION INTEGRAL AL ADULTO MAYOR Y SU FAMILIA,624121,Centros del sector privado dedicados a la atención y cuidado diurno de ancianos y discapacitados,Personas mayores y discapacidad,Centro de día,Privado,0 a 5 personas,003,Coyoacán,0900300011336,19.32273325,-99.10932765,2014-12
10321219,CENTRO COMUNITARIO DE DESARROLLO INFANTIL,624411,Guarderías del sector privado,Infancia,Guardería,Privado,6 a 10 personas,012,Tlalpan,090120027230A,19.20886556,-99.15639037,2024-11
1018634,CENTRO COMUNITARIO DE DESARROLLO INFANTIL ARMI,624411,Guarderías del sector privado,Infancia,Guardería,Privado,6 a 10 personas,012,Tlalpan,0901200011640,19.24920984,-99.15667369,2010-07
998434,CENTRO COMUNITARIO DE DESARROLLO INFANTIL EL MUNDO DE ANDY,624412,Guarderías del sector público,Infancia,Guardería,Público,6 a 10 personas,003,Coyoacán,0900300010643,19.32427395,-99.16182846,2010-07
883125,CENTRO COMUNITARIO EL MUNDO DE LOS NIÑOS,624411,Guarderías del sector privado,Infancia,Guardería,Privado,0 a 5 personas,011,Tláhuac,0901100211003,19.23627073,-98.99629566,2010-07
814385,CENTRO COMUNITARIO EL QUIOSKO,624411,Guarderías del sector privado,Infancia,Guardería,Privado,0 a 5 personas,005,Gustavo A. Madero,0900500011913,19.47733121,-99.08281581,2010-07
1008880,CENTRO COMUNITARIO FORTALECIENDO A LA NIÑEZ LOLITA,624411,Guarderías del sector privado,Infancia,Guardería,Privado,6 a 10 personas,012,Tlalpan,0901200011157,19.27348369,-99.16618883,2010-07
848533,CENTRO COMUNITARIO JADHAI,624411,Guarderías del sector privado,Infancia,Guardería,Privado,0 a 5 personas,012,Tlalpan,0901200011369,19.30153392,-99.22390602,2010-07
848551,CENTRO COMUNITARIO SAN VICENTE IAP,624211,Servicios de alimentación comunitarios prestados por el sector privado,Apoyo comunitario,Comedor comunitario,Privado,0 a 5 personas,012,Tlalpan,0901200010322,19.29822238,-99.22613135,2010-07
11293164,CENTRO CONSTITUCION DE 1917 ALBERGUE PARA INMIGRANTES SIN NOMBRE,624211,Servicios de alimentación comunitarios prestados por el sector privado,Apoyo comunitario,Comedor comunitario,Privado,0 a 5 personas,007,Iztapalapa,0900700011458,19.34717591,-99.06400627,2024-11
9546168,CENTRO CULTURAL BALBUENA 1,624122,Centros del sector público dedicados a la atención y cuidado diurno de ancianos y discapacitados,Personas mayores y discapacidad,Centro de día,Público,0 a 5 personas,017,Venustiano Carranza,0901700011454,19.41126036,-99.10142706,2024-11
964118,CENTRO CULTURAL DE DESARROLLO INTEGRAL INFANTIL MELANIE KLEINE,624411,Guarderías del sector privado,Infancia,Guardería,Privado,11 a 30 personas,014,Benito Juárez,0901400010261,19.39051308,-99.15289251,2010-07
982646,CENTRO CULTURAL DE LA TERCERA EDAD ALHAMBRA,624122,Centros del sector público dedicados a la atención y cuidado diurno de ancianos y discapacitados,Personas mayores y discapacidad,Centro de día,Público,6 a 10 personas,014,Benito Juárez,090140001101A,19.35881814,-99.14529304,2010-07
880824,CENTRO CULTURAL JUVENTINO ROSAS,624412,Guarderías del sector público,Infancia,Guardería,Público,6 a 10 personas,015,Cuauhtémoc,0901500010343,19.44873725,-99.12841047,2010-07
11678361,CENTRO DE ACOPIO ITACATE X299 PASILLO 4,624212,Servicios de alimentación comunitarios prestados por el sector público,Apoyo comunitario,Comedor comunitario,Público,0 a 5 personas,007,Iztapalapa,0900700012475,19.3688397,-99.0949017,2024-11
1019468,CENTRO DE ACTIVIDAD SOCIAL INFANTIL,624412,Guarderías del sector público,Infancia,Guardería,Público,6 a 10 personas,008,La Magdalena Contreras,0900800010245,19.31510737,-99.24302788,2010-07
7718719,CENTRO DE ANTENCION CUIDADO Y DESARROLLO INFANTIL,624412,Guarderías del sector público,Infancia,Guardería,Público,11 a 30 personas,003,Coyoacán,0900300010643,19.32309448,-99.1576103,2019-11
10698896,CENTRO DE APRENDIZAJE INFANTIL KOKO,624411,Guarderías del sector privado,Infancia,Guardería,Privado,0 a 5 personas,007,Iztapalapa,0900700010445,19.37608397,-99.03472409,2024-11
877225,CENTRO DE ASISTENCIA DE DESARROLLO INFANTIL 19,624412,Guarderías del sector público,Infancia,Guardería,Público,11 a 30 personas,015,Cuauhtémoc,0901500010555,19.44797564,-99.1612169,2010-07
909800,CENTRO DE ASISTENCIA E INTEGRACION SOCIAL ATLAMPA,623992,Orfanatos y otras residencias de asistencia social del sector público,Asistencia social,Orfanato / residencia asistencial,Público,11 a 30 personas,003,Coyoacán,0900300011092,19.30161264,-99.10082483,2010-07
681002,CENTRO DE ASISTENCIA E INTEGRACION SOCIAL AZCAPOTZALCO,623992,Orfanatos y otras residencias de asistencia social del sector público,Asistencia social,Orfanato / residencia asistencial,Público,31 a 50 personas,002,Azcapotzalco,0900200010186,19.49891135,-99.19499283,2014-12
633215,CENTRO DE ASISTENCIA E INTEGRACION SOCIAL CUAUTEPEC,623312,Asilos y otras residencias del sector público para el cuidado de ancianos,Personas mayores,Residencia / asilo,Público,11 a 30 personas,005,Gustavo A. Madero,0900500013267,19.56003082,-99.14170747,2010-07
673367,CENTRO DE ASISTENCIA E INTEGRACION SOCIAL VILLA MUJERES,623992,Orfanatos y otras residencias de asistencia social del sector público,Asistencia social,Orfanato / residencia asistencial,Público,31 a 50 personas,005,Gustavo A. Madero,0900500010506,19.50690675,-99.15530986,2014-12
907299,CENTRO DE ASISTENCIA PARA EL DESARROLLO INFANTIL ADOLFO RUIZ CORTINEZ,624412,Guarderías del sector público,Infancia,Guardería,Público,11 a 30 personas,003,Coyoacán,090030001079A,19.3187891,-99.16996598,2014-12
10135773,CENTRO DE ATENCION ABEJITAS,624411,Guarderías del sector privado,Infancia,Guardería,Privado,0 a 5 personas,007,Iztapalapa,0900700012901,19.33468885,-99.02892923,2024-11
9637150,CENTRO DE ATENCION AL NIÑO Y FAMILIA REHABILITACION INTEGRAL,623991,Orfanatos y otras residencias de asistencia social del sector privado,Asistencia social,Orfanato / residencia asistencial,Privado,11 a 30 personas,010,Álvaro Obregón,0901000011133,19.34876709,-99.18037805,2024-11
988888,CENTRO DE ATENCION CUIDADO INFANTIL,624412,Guarderías del sector público,Infancia,Guardería,Público,6 a 10 personas,003,Coyoacán,0900300010060,19.34942818,-99.14723007,2010-07
9889733,CENTRO DE ATENCION CUIDADO Y DESARROLLO INFANTIL CACDI 10,624412,Guarderías del sector público,Infancia,Guardería,Público,11 a 30 personas,005,Gustavo A. Madero,0900500010826,19.50353092,-99.09362073,2024-11
9650785,CENTRO DE ATENCION CUIDADO Y DESARROLLO INFANTIL CADI,624412,Guarderías del sector público,Infancia,Guardería,Público,11 a 30 personas,017,Venustiano Carranza,0901700011030,19.42106898,-99.07180438,2024-11
7152959,CENTRO DE ATENCION E INTEGRACION AL ADULTO MAYOR CASA IGNACIO LOPEZ TARSO,624122,Centros del sector público dedicados a la atención y cuidado diurno de ancianos y discapacitados,Personas mayores y discapacidad,Centro de día,Público,0 a 5 personas,017,Venustiano Carranza,0901700010831,19.43025086,-99.05861853,2019-11
8616662,CENTRO DE ATENCION ESPECIAL NUEVA LUZ,623211,Residencias del sector privado para el cuidado de personas con problemas de retardo mental,Salud y discapacidad,Residencia discapacidad intelectual,Privado,6 a 10 personas,003,Coyoacán,0900300010107,19.35156848,-99.1227767,2019-11
944133,CENTRO DE ATENCION INFANTIL COMUNITARIO MI PEQUEÑO ANGELITO,624411,Guarderías del sector privado,Infancia,Guardería,Privado,6 a 10 personas,011,Tláhuac,0901100010575,19.28752268,-98.99782095,2014-12
794066,CENTRO DE ATENCION INFANTIL CONSTITUCION DE 1917,624412,Guarderías del sector público,Infancia,Guardería,Público,11 a 30 personas,007,Iztapalapa,090070001127A,19.3484377,-99.05968359,2010-07
1049314,CENTRO DE ATENCION INFANTIL ZIPIPENI,624412,Guarderías del sector público,Infancia,Guardería,Público,6 a 10 personas,011,Tláhuac,0901100011361,19.30868071,-99.04895605,2014-12
678184,CENTRO DE ATENCION SOCIAL A LA SALUD DE LAS Y LOS ADULTOS MAYORES,623312,Asilos y otras residencias del sector público para el cuidado de ancianos,Personas mayores,Residencia / asilo,Público,11 a 30 personas,005,Gustavo A. Madero,0900500011650,19.47830478,-99.09681577,2014-12
907591,CENTRO DE ATENCION Y CUIDADO AL DESARROLLO INFANTIL CADI DIF FAMILIA JUAREZ MAZA,624412,Guarderías del sector público,Infancia,Guardería,Público,11 a 30 personas,003,Coyoacán,090030001061A,19.33149561,-99.17115855,2014-12
1023414,CENTRO DE ATENCION Y CUIDADO INFANTIL,624412,Guarderías del sector público,Infancia,Guardería,Público,11 a 30 personas,010,Álvaro Obregón,0901000010116,19.39778268,-99.19779723,2010-07
923731,CENTRO DE ATENCION Y CUIDADO INFANTIL CACCI DESARROLLO URBANO,624412,Guarderías del sector público,Infancia,Guardería,Público,6 a 10 personas,010,Álvaro Obregón,0901000011951,19.38131629,-99.21997117,2014-12
970101,CENTRO DE ATENCION Y CUIDADO INFANTIL CACI LOS REYES CLAVE 09NDI0466N,624412,Guarderías del sector público,Infancia,Guardería,Público,6 a 10 personas,003,Coyoacán,0900300010450,19.33686474,-99.153557,2010-07
797905,CENTRO DE ATENCION Y CUIDADO INFANTIL CARMEN SERDAN CACI,624412,Guarderías del sector público,Infancia,Guardería,Público,51 a 100 personas,006,Iztacalco,0900600010467,19.39610386,-99.09525569,2010-07
9982827,CENTRO DE ATENCION Y CUIDADO INFANTIL HAPPY KIDS,624411,Guarderías del sector privado,Infancia,Guardería,Privado,0 a 5 personas,007,Iztapalapa,0900700015446,19.36317326,-99.11128893,2024-11
877474,CENTRO DE ATENCION Y DESARROLLO AL ADULTO MAYOR CADAM,624122,Centros del sector público dedicados a la atención y cuidado diurno de ancianos y discapacitados,Personas mayores y discapacidad,Centro de día,Público,31 a 50 personas,015,Cuauhtémoc,090150001049A,19.44388573,-99.15116271,2010-07
10326899,CENTRO DE CUIDADO Y ATENCION A LA INFANCIA CACI,624412,Guarderías del sector público,Infancia,Guardería,Público,6 a 10 personas,010,Álvaro Obregón,0901000010578,19.37220561,-99.21368426,2024-11
9656200,CENTRO DE CUIDADOS PARA EL ADULTO MAYOR,623311,Asilos y otras residencias del sector privado para el cuidado de ancianos,Personas mayores,Residencia / asilo,Privado,0 a 5 personas,003,Coyoacán,0900300010817,19.31595606,-99.16011593,2024-11
11325339,CENTRO DE DESAROLLO Y APRENDIZAJE NATELI,624411,Guarderías del sector privado,Infancia,Guardería,Privado,6 a 10 personas,014,Benito Juárez,0901400010609,19.38158876,-99.16845295,2024-11
757158,CENTRO DE DESARROLLO COMUNITARIO VENUSTIANO CARRANZA DIF DF,624412,Guarderías del sector público,Infancia,Guardería,Público,11 a 30 personas,017,Venustiano Carranza,0901700010920,19.41869216,-99.11502679,2010-07
9411165,CENTRO DE DESARROLLO INFANTIL,624412,Guarderías del sector público,Infancia,Guardería,Público,0 a 5 personas,014,Benito Juárez,0901400010844,19.36620311,-99.15883124,2026-04
10108580,CENTRO DE DESARROLLO INFANTIL,624412,Guarderías del sector público,Infancia,Guardería,Público,51 a 100 personas,007,Iztapalapa,0900700010750,19.36212233,-99.08390544,2024-11
805299,CENTRO DE DESARROLLO INFANTIL 12 JESUS REYES HEROLES,624412,Guarderías del sector público,Infancia,Guardería,Público,51 a 100 personas,005,Gustavo A. Madero,0900500012235,19.46039696,-99.0943604,2010-07
956400,CENTRO DE DESARROLLO INFANTIL 13 RABINDRANATH TAGORE,624412,Guarderías del sector público,Infancia,Guardería,Público,31 a 50 personas,014,Benito Juárez,090140001005A,19.39943943,-99.16508976,2010-07
1052963,CENTRO DE DESARROLLO INFANTIL AMSTERDAM,624411,Guarderías del sector privado,Infancia,Guardería,Privado,31 a 50 personas,010,Álvaro Obregón,0901000010243,19.38942865,-99.20149894,2010-07
749447,CENTRO DE DESARROLLO INFANTIL AQUA KIDS,624411,Guarderías del sector privado,Infancia,Guardería,Privado,11 a 30 personas,005,Gustavo A. Madero,0900500010968,19.49086269,-99.12686214,2010-07
991535,CENTRO DE DESARROLLO INFANTIL AQUILES SERDAN,624412,Guarderías del sector público,Infancia,Guardería,Público,11 a 30 personas,003,Coyoacán,0900300010357,19.33948854,-99.11661491,2014-12
633612,CENTRO DE DESARROLLO INFANTIL BABY POOH,624411,Guarderías del sector privado,Infancia,Guardería,Privado,0 a 5 personas,002,Azcapotzalco,0900200010966,19.50213838,-99.21099141,2010-07
979813,CENTRO DE DESARROLLO INFANTIL CARAMELO,624411,Guarderías del sector privado,Infancia,Guardería,Privado,6 a 10 personas,014,Benito Juárez,0901400010990,19.36320652,-99.15307028,2010-07
7137199,CENTRO DE DESARROLLO INFANTIL CENDI ANTONIA NAVA DE CATALAN,624412,Guarderías del sector público,Infancia,Guardería,Público,51 a 100 personas,017,Venustiano Carranza,0901700010598,19.43063895,-99.11895491,2019-11
7747033,CENTRO DE DESARROLLO INFANTIL CENDI ING EDUARDO MOLINA,624412,Guarderías del sector público,Infancia,Guardería,Público,11 a 30 personas,017,Venustiano Carranza,0901700010244,19.44349654,-99.11535361,2019-11
1044943,CENTRO DE DESARROLLO INFANTIL CENDI LOS OLIVOS,624412,Guarderías del sector público,Infancia,Guardería,Público,11 a 30 personas,011,Tláhuac,0901100011249,19.29852665,-99.05964858,2010-07
811106,CENTRO DE DESARROLLO INFANTIL DANZA MAGICA CENDI,624412,Guarderías del sector público,Infancia,Guardería,Público,11 a 30 personas,006,Iztacalco,0900600010325,19.39926815,-99.07233697,2010-07
962135,CENTRO DE DESARROLLO INFANTIL ERIK ERIKSON,624411,Guarderías del sector privado,Infancia,Guardería,Privado,11 a 30 personas,014,Benito Juárez,0901400010098,19.40100767,-99.14571049,2010-07
872840,CENTRO DE DESARROLLO INFANTIL GABINO BARRERA,624412,Guarderías del sector público,Infancia,Guardería,Público,31 a 50 personas,014,Benito Juárez,0901400010543,19.38094823,-99.19037501,2010-07
959841,CENTRO DE DESARROLLO INFANTIL GORATONY,624411,Guarderías del sector privado,Infancia,Guardería,Privado,31 a 50 personas,014,Benito Juárez,0901400010257,19.39451821,-99.16046166,2010-07
1013494,CENTRO DE DESARROLLO INFANTIL MARGARITA MEZA DE JUAREZ,624412,Guarderías del sector público,Infancia,Guardería,Público,31 a 50 personas,015,Cuauhtémoc,0901500010610,19.44120022,-99.14689987,2010-07
864158,CENTRO DE DESARROLLO INFANTIL MELCHOR OCAMPO CENDI,624412,Guarderías del sector público,Infancia,Guardería,Público,6 a 10 personas,015,Cuauhtémoc,0901500011360,19.41002604,-99.16405911,2010-07
661594,CENTRO DE DESARROLLO INFANTIL MOCTEZUMA,624411,Guarderías del sector privado,Infancia,Guardería,Privado,0 a 5 personas,017,Venustiano Carranza,0901700010460,19.43777376,-99.09228027,2010-07
860384,CENTRO DE DESARROLLO INFANTIL NO 2,624412,Guarderías del sector público,Infancia,Guardería,Público,31 a 50 personas,012,Tlalpan,0901200010553,19.28699705,-99.13478918,2010-07
915505,CENTRO DE DESARROLLO INFANTIL PEDREGAL,624411,Guarderías del sector privado,Infancia,Guardería,Privado,31 a 50 personas,012,Tlalpan,0901200010074,19.29974026,-99.19702316,2014-12
845963,CENTRO DE DESARROLLO INFANTIL SAN MIGUEL CHAPULTEPEC,624412,Guarderías del sector público,Infancia,Guardería,Público,11 a 30 personas,016,Miguel Hidalgo,0901600011071,19.3971661,-99.22049792,2010-07
805298,CENTRO DE DESARROLLO INFANTIL SERAFIN,624412,Guarderías del sector público,Infancia,Guardería,Público,11 a 30 personas,005,Gustavo A. Madero,0900500012235,19.46227995,-99.09423977,2014-12
9989624,CENTRO DE DESARROLLO NEUROLOGICO,623111,"Residencias del sector privado con cuidados de enfermeras para enfermos convalecientes, en rehabilitación, incurables y terminales",Salud y discapacidad,Residencia con enfermería,Privado,6 a 10 personas,008,La Magdalena Contreras,0900800010194,19.31955921,-99.22557495,2024-11
11223296,CENTRO DE DESARROLLO PARA EL ENVEJECIMIENTO,624122,Centros del sector público dedicados a la atención y cuidado diurno de ancianos y discapacitados,Personas mayores y discapacidad,Centro de día,Público,11 a 30 personas,005,Gustavo A. Madero,0900500011970,19.47232403,-99.07494055,2024-11
10896978,CENTRO DE DESARROLLO Y APRENDIZAJE INFANTIL CHIQUITZIN YOLIZTLI,624411,Guarderías del sector privado,Infancia,Guardería,Privado,0 a 5 personas,006,Iztacalco,0900600010344,19.39319267,-99.07311018,2024-11
1047491,CENTRO DE DESARROLLO Y APRENDIZAJE Y ESTIMULACION MALINALLI,624412,Guarderías del sector público,Infancia,Guardería,Público,0 a 5 personas,011,Tláhuac,0901100010096,19.29845062,-99.0481059,2010-07
799236,CENTRO DE DESARROLO INFANTIL CENDI BRAMADERO,624412,Guarderías del sector público,Infancia,Guardería,Público,11 a 30 personas,006,Iztacalco,0900600010715,19.39105152,-99.09451512,2010-07
1026075,CENTRO DE DIA,624122,Centros del sector público dedicados a la atención y cuidado diurno de ancianos y discapacitados,Personas mayores y discapacidad,Centro de día,Público,11 a 30 personas,010,Álvaro Obregón,0901000010239,19.38770506,-99.20489301,2010-07
739148,CENTRO DE DIA NUEVA SANTA MARIA,624122,Centros del sector público dedicados a la atención y cuidado diurno de ancianos y discapacitados,Personas mayores y discapacidad,Centro de día,Público,11 a 30 personas,002,Azcapotzalco,0900200010843,19.46137512,-99.16535415,2010-07
680683,CENTRO DE EDUCACION INICIAL I I I REGULAR AZCAPOTZALCO,624412,Guarderías del sector público,Infancia,Guardería,Público,0 a 5 personas,002,Azcapotzalco,0900200010097,19.50691022,-99.20503263,2014-12
10342708,CENTRO DE EDUCACION XOCHIMILCO V ANAYANZIN,624411,Guarderías del sector privado,Infancia,Guardería,Privado,6 a 10 personas,013,Xochimilco,0901300010353,19.25560827,-99.06028011,2024-11
911299,CENTRO DE ENSEÑANZA GREMIS,624412,Guarderías del sector público,Infancia,Guardería,Público,6 a 10 personas,003,Coyoacán,0900300010997,19.30963236,-99.15131993,2014-12
11514951,CENTRO DE ESTIMULACION TEMPRANA,624411,Guarderías del sector privado,Infancia,Guardería,Privado,0 a 5 personas,006,Iztacalco,0900600010359,19.39121747,-99.0686047,2024-11
7714995,CENTRO DE ESTIMULACION TEMPRANA DIDACTIK,624412,Guarderías del sector público,Infancia,Guardería,Público,0 a 5 personas,005,Gustavo A. Madero,0900500011932,19.47489086,-99.07005891,2019-11
8182780,CENTRO DE ESTIMULACION TEMPRANA LITTLE BABYS,624411,Guarderías del sector privado,Infancia,Guardería,Privado,0 a 5 personas,005,Gustavo A. Madero,0900500012752,19.5487862,-99.1301698,2019-11
9526567,CENTRO DE ESTIMULACION TEMPRANA MI PEQUEÑO MUNDO FELIZ,624411,Guarderías del sector privado,Infancia,Guardería,Privado,0 a 5 personas,004,Cuajimalpa de Morelos,0900400010301,19.36215598,-99.29366054,2024-11
10233382,CENTRO DE ESTIMULACION TEMPRANA NOMOS,624411,Guarderías del sector privado,Infancia,Guardería,Privado,0 a 5 personas,011,Tláhuac,0901100011361,19.30231951,-99.05173659,2024-11
787087,CENTRO DE ESTIMULACION TEMPRANA PARACHICOS,624412,Guarderías del sector público,Infancia,Guardería,Público,0 a 5 personas,006,Iztacalco,0900600010293,19.40038624,-99.10673377,2010-07
9681253,CENTRO DE ESTIMULACION TEMPRANA Y APRENDIZAJE CACHITOS,624411,Guarderías del sector privado,Infancia,Guardería,Privado,0 a 5 personas,007,Iztapalapa,0900700013539,19.29463739,-99.07646552,2024-11
782747,CENTRO DE ESTIMULACION TEMPRANA Y APRENDIZAJE MIGUELITO,624411,Guarderías del sector privado,Infancia,Guardería,Privado,0 a 5 personas,005,Gustavo A. Madero,0900500011769,19.46358659,-99.12691457,2010-07
907786,CENTRO DE ESTIMULACION Y DESARROLLO MONIK,624411,Guarderías del sector privado,Infancia,Guardería,Privado,0 a 5 personas,003,Coyoacán,0900300010520,19.33335303,-99.12363153,2014-12
11785002,CENTRO DE EVANGELIZACION PADRE JOSEPH LANGFORD MC,624211,Servicios de alimentación comunitarios prestados por el sector privado,Apoyo comunitario,Comedor comunitario,Privado,0 a 5 personas,005,Gustavo A. Madero,0900500011129,19.48644084,-99.11938384,2025-04
909317,CENTRO DE MEDIO DIA PARA EL ADULTO MAYOR INDEPENDIENTE,624122,Centros del sector público dedicados a la atención y cuidado diurno de ancianos y discapacitados,Personas mayores y discapacidad,Centro de día,Público,6 a 10 personas,003,Coyoacán,0900300010728,19.32657898,-99.13505115,2014-12
9913506,CENTRO DE PREVENCION Y ATENCION AL DESARROLLO INFANTIL XILOTL,624412,Guarderías del sector público,Infancia,Guardería,Público,11 a 30 personas,012,Tlalpan,0901200011922,19.29797509,-99.12028423,2024-11
641843,CENTRO DE PROYECTOS EDUCATIVOS COMUNITARIOS CAIC 123,624411,Guarderías del sector privado,Infancia,Guardería,Privado,0 a 5 personas,005,Gustavo A. Madero,0900500010262,19.52848197,-99.14002491,2010-07
8257915,CENTRO DE RECREACION LA CASADE LOS ABUELOS Y ABUELAS,623311,Asilos y otras residencias del sector privado para el cuidado de ancianos,Personas mayores,Residencia / asilo,Privado,0 a 5 personas,007,Iztapalapa,0900700014768,19.33220806,-99.05253536,2019-11
8392102,CENTRO DE REHABILITACION Y EDUCACION,623211,Residencias del sector privado para el cuidado de personas con problemas de retardo mental,Salud y discapacidad,Residencia discapacidad intelectual,Privado,0 a 5 personas,014,Benito Juárez,0901400010632,19.37517399,-99.15155728,2019-11
7262235,CENTRO DE SEGURIDAD SOCIAL SANTA FE IMSS,623312,Asilos y otras residencias del sector público para el cuidado de ancianos,Personas mayores,Residencia / asilo,Público,11 a 30 personas,010,Álvaro Obregón,0901000010239,19.38744763,-99.20470942,2019-11
1005002,CENTRO DE TRABAJO SANTA URSULA C.A.C.I,624412,Guarderías del sector público,Infancia,Guardería,Público,11 a 30 personas,003,Coyoacán,0900300010978,19.31100043,-99.15742277,2010-07
679406,CENTRO DEL ADULTO MAYOR FLOR DE JUVENTUD,624122,Centros del sector público dedicados a la atención y cuidado diurno de ancianos y discapacitados,Personas mayores y discapacidad,Centro de día,Público,0 a 5 personas,005,Gustavo A. Madero,090050001103A,19.49559086,-99.08095369,2014-12
799793,CENTRO DEPORTIVO AQUILES SERDAN,624122,Centros del sector público dedicados a la atención y cuidado diurno de ancianos y discapacitados,Personas mayores y discapacidad,Centro de día,Público,11 a 30 personas,005,Gustavo A. Madero,0900500011909,19.47730588,-99.08678639,2010-07
858939,CENTRO ECOLOGICO DE DASARROLLO INFANTIL,624411,Guarderías del sector privado,Infancia,Guardería,Privado,31 a 50 personas,012,Tlalpan,0901200010943,19.28833419,-99.17371673,2014-12
927517,CENTRO ECOLOGICO DE DESARROLLO INFANTIL,624411,Guarderías del sector privado,Infancia,Guardería,Privado,31 a 50 personas,010,Álvaro Obregón,090100001103A,19.35456899,-99.2026215,2010-07
9459062,CENTRO EDUCATIVO ACTYGYM,624411,Guarderías del sector privado,Infancia,Guardería,Privado,11 a 30 personas,014,Benito Juárez,0901400010933,19.36496369,-99.17454631,2023-11
11223463,CENTRO EDUCATIVO INFANTIL JULIETA GOSSMAN,624411,Guarderías del sector privado,Infancia,Guardería,Privado,0 a 5 personas,009,Milpa Alta,0900900360238,19.17585097,-99.00093378,2024-11
1031664,CENTRO EDUCATIVO LA CASITA DEL CAMPO,624412,Guarderías del sector público,Infancia,Guardería,Público,0 a 5 personas,013,Xochimilco,0901300010669,19.19584149,-99.12236182,2014-12
988889,CENTRO EL RECOBRO,623991,Orfanatos y otras residencias de asistencia social del sector privado,Asistencia social,Orfanato / residencia asistencial,Privado,6 a 10 personas,003,Coyoacán,0900300010060,19.35025163,-99.14941526,2010-07
10154558,CENTRO ENSAMBLE LUNA NISSAN HARARI,624411,Guarderías del sector privado,Infancia,Guardería,Privado,6 a 10 personas,016,Miguel Hidalgo,0901600010730,19.43269182,-99.21032549,2024-11
666760,CENTRO FLAYMA,623991,Orfanatos y otras residencias de asistencia social del sector privado,Asistencia social,Orfanato / residencia asistencial,Privado,11 a 30 personas,002,Azcapotzalco,0900200010326,19.48285059,-99.18125696,2010-07
8565170,CENTRO GERIATRICO VILLA JACARNDAS,623311,Asilos y otras residencias del sector privado para el cuidado de ancianos,Personas mayores,Residencia / asilo,Privado,6 a 10 personas,010,Álvaro Obregón,0901000011133,19.35082371,-99.18373863,2019-11
741584,CENTRO GERONTOLOGICOLA CASA DE MIS ABUELOS,623311,Asilos y otras residencias del sector privado para el cuidado de ancianos,Personas mayores,Residencia / asilo,Privado,0 a 5 personas,005,Gustavo A. Madero,090050001060A,19.5057397,-99.12831504,2010-07
855481,CENTRO HOLISTICO FESTUM,624411,Guarderías del sector privado,Infancia,Guardería,Privado,6 a 10 personas,012,Tlalpan,0901200010924,19.28592017,-99.18495245,2010-07
855436,CENTRO INFANTIL COMUNITARIO FANTASIA A.C,624411,Guarderías del sector privado,Infancia,Guardería,Privado,0 a 5 personas,012,Tlalpan,090120001091A,19.28566072,-99.1863386,2010-07
972706,CENTRO INFANTIL EL GRILLITO,624411,Guarderías del sector privado,Infancia,Guardería,Privado,6 a 10 personas,013,Xochimilco,0901300011065,19.27670652,-99.12839283,2010-07
916165,CENTRO INFANTIL LOS BURUNDIS CRECEMOS JUNTOS AC,624411,Guarderías del sector privado,Infancia,Guardería,Privado,11 a 30 personas,012,Tlalpan,0901200011123,19.272896,-99.16939259,2014-12
959310,CENTRO INFANTIL MARIA TERESA,624411,Guarderías del sector privado,Infancia,Guardería,Privado,31 a 50 personas,004,Cuajimalpa de Morelos,0900400010091,19.35333916,-99.29775816,2010-07
984795,CENTRO INFANTIL MONTESSORI,624411,Guarderías del sector privado,Infancia,Guardería,Privado,0 a 5 personas,013,Xochimilco,0901300011101,19.2650281,-99.09674617,2010-07
1001864,CENTRO INFANTIL SIMBA,624411,Guarderías del sector privado,Infancia,Guardería,Privado,6 a 10 personas,012,Tlalpan,090120001223A,19.27153746,-99.18779013,2010-07
675321,CENTRO INTEGRADOR DE EDUCACION ESPECIAL CINE,624411,Guarderías del sector privado,Infancia,Guardería,Privado,0 a 5 personas,005,Gustavo A. Madero,0900500011595,19.47031211,-99.1270099,2014-12
818990,CENTRO INTERACTIVO INFANTIL JUANA DE ASBAJE,624411,Guarderías del sector privado,Infancia,Guardería,Privado,0 a 5 personas,005,Gustavo A. Madero,0900500012381,19.45059836,-99.07527009,2010-07
653624,CENTRO JEROME,623211,Residencias del sector privado para el cuidado de personas con problemas de retardo mental,Salud y discapacidad,Residencia discapacidad intelectual,Privado,11 a 30 personas,007,Iztapalapa,0900700010820,19.36361577,-99.12302516,2010-07
752864,CENTRO LABORAL MEXICO IAP,624121,Centros del sector privado dedicados a la atención y cuidado diurno de ancianos y discapacitados,Personas mayores y discapacidad,Centro de día,Privado,11 a 30 personas,016,Miguel Hidalgo,0901600010124,19.45423089,-99.20016695,2010-07
797858,CENTRO LUDICO INFANTIL ESPERANDO A MAMA,624412,Guarderías del sector público,Infancia,Guardería,Público,0 a 5 personas,006,Iztacalco,0900600010467,19.39467471,-99.09599479,2010-07
9393969,CENTRO NACIONAL MODELO DE ATENCION INVESTIGACION Y CAPACITACION CASA CUNA TLALPAN Y ANEXO,623992,Orfanatos y otras residencias de asistencia social del sector público,Asistencia social,Orfanato / residencia asistencial,Público,0 a 5 personas,003,Coyoacán,0900300010060,19.35648195,-99.14436213,2026-04
996396,CENTRO NACIONAL MODELO DE ATENCION INVESTIGACION Y CAPACITACION CASA HOGAR VARONES,623992,Orfanatos y otras residencias de asistencia social del sector público,Asistencia social,Orfanato / residencia asistencial,Público,11 a 30 personas,003,Coyoacán,0900300010111,19.35083163,-99.1781545,2010-07
9447333,CENTRO NACIONAL MODELOS DE ATENCION INVESTIGACION Y CAPACITACION CASA CUNA COYOACAN,623992,Orfanatos y otras residencias de asistencia social del sector público,Asistencia social,Orfanato / residencia asistencial,Público,0 a 5 personas,003,Coyoacán,0900300010145,19.35111897,-99.15793323,2026-04
9393569,CENTRO NACIONAL MODELOS DE ATENCION INVESTIGACION Y CAPACITACION CASA HOGAR PARA NIÑAS,623992,Orfanatos y otras residencias de asistencia social del sector público,Asistencia social,Orfanato / residencia asistencial,Público,0 a 5 personas,003,Coyoacán,0900300011529,19.30838769,-99.18652949,2026-04
9404769,CENTRO NACIONAL MODELOS DE ATENCION INVESTIGACION Y CAPACITACION GERONTOLOGICA VICENTE GARCIA TORRES,624122,Centros del sector público dedicados a la atención y cuidado diurno de ancianos y discapacitados,Personas mayores y discapacidad,Centro de día,Público,0 a 5 personas,002,Azcapotzalco,0900200010792,19.46180911,-99.18825233,2026-04
9396634,CENTRO NACIONALMODELOS DE ATENCION INVESTIGACION Y CAPACITACION GERONTOLOGICA ARTURO MUNDET,624122,Centros del sector público dedicados a la atención y cuidado diurno de ancianos y discapacitados,Personas mayores y discapacidad,Centro de día,Público,0 a 5 personas,010,Álvaro Obregón,0901000011044,19.35468424,-99.19023951,2026-04
8386723,CENTRO PEDAGOGICO DE DESARROLLO INFANTIL DE LA PROCURADURIA GENERAL DE JUSTICIA,624412,Guarderías del sector público,Infancia,Guardería,Público,11 a 30 personas,014,Benito Juárez,0901400010257,19.38873881,-99.16230495,2019-11
962852,CENTRO PEDAGOGICO HAPPY BABY,624411,Guarderías del sector privado,Infancia,Guardería,Privado,0 a 5 personas,014,Benito Juárez,0901400010083,19.39594457,-99.15114352,2010-07
10399513,CENTRO PSICOPEDAGOGICO CAMAXTLI,624411,Guarderías del sector privado,Infancia,Guardería,Privado,6 a 10 personas,011,Tláhuac,0901100010128,19.29586054,-99.02952899,2024-11
7153479,CENTRO PSICOPEDAGOGICO DE APRENDIZAJE PERMANENTE,623211,Residencias del sector privado para el cuidado de personas con problemas de retardo mental,Salud y discapacidad,Residencia discapacidad intelectual,Privado,0 a 5 personas,005,Gustavo A. Madero,0900500012288,19.45160396,-99.10272075,2019-11
824212,CENTRO PSICOPEDAGOGICO DE ATENCION,624411,Guarderías del sector privado,Infancia,Guardería,Privado,0 a 5 personas,007,Iztapalapa,0900700010854,19.36271457,-99.00896644,2010-07
12325477,CENTRO PSICOPEDAGOGICO DEL VALLE BABY CENTER,624411,Guarderías del sector privado,Infancia,Guardería,Privado,0 a 5 personas,014,Benito Juárez,090140001005A,19.40086569,-99.16128931,2026-04
11506185,CENTRO PSICOPEDAGOGICO SALEM,624411,Guarderías del sector privado,Infancia,Guardería,Privado,0 a 5 personas,008,La Magdalena Contreras,0900800010512,19.31699062,-99.25645525,2024-11
6313444,CENTRO SANTA LUISA,623991,Orfanatos y otras residencias de asistencia social del sector privado,Asistencia social,Orfanato / residencia asistencial,Privado,51 a 100 personas,003,Coyoacán,0900300010111,19.34955269,-99.17660083,2010-07
730252,CENTRO SOCIAL EJERCITO CONSTITUCIONALISTA 1 CASA DEL PUEBLO 1,624122,Centros del sector público dedicados a la atención y cuidado diurno de ancianos y discapacitados,Personas mayores y discapacidad,Centro de día,Público,0 a 5 personas,007,Iztapalapa,0900700010248,19.38245227,-99.0521497,2014-12
653613,CENTRO SOCIAL UNIDAD MODELO,624122,Centros del sector público dedicados a la atención y cuidado diurno de ancianos y discapacitados,Personas mayores y discapacidad,Centro de día,Público,11 a 30 personas,007,Iztapalapa,0900700010816,19.36256331,-99.12580991,2010-07
751648,CENTRO SOCIAL UNIVERSIDAD DE VIDA DE PERSONAS MAYORES,624122,Centros del sector público dedicados a la atención y cuidado diurno de ancianos y discapacitados,Personas mayores y discapacidad,Centro de día,Público,11 a 30 personas,016,Miguel Hidalgo,0901600010247,19.4500583,-99.20353583,2010-07
11013524,CENTRO TECNOLOGICO LA CABAÑA,624122,Centros del sector público dedicados a la atención y cuidado diurno de ancianos y discapacitados,Personas mayores y discapacidad,Centro de día,Público,11 a 30 personas,014,Benito Juárez,0901400010613,19.37789195,-99.16169385,2024-11
760138,CENTRO TERAPEUTICO INTEGRAL LA BRINKA DE TELI,624411,Guarderías del sector privado,Infancia,Guardería,Privado,6 a 10 personas,005,Gustavo A. Madero,0900500011006,19.4963928,-99.09287391,2014-12
11610963,CENTRO TERAPEUTICO VENTIUNO X TRES,623211,Residencias del sector privado para el cuidado de personas con problemas de retardo mental,Salud y discapacidad,Residencia discapacidad intelectual,Privado,0 a 5 personas,003,Coyoacán,0900300010094,19.35524051,-99.1314704,2024-11
8368248,CENTRON EDUCATIVO OHANA,624411,Guarderías del sector privado,Infancia,Guardería,Privado,0 a 5 personas,015,Cuauhtémoc,0901500011500,19.40333211,-99.13224366,2019-11
10404278,CENTROS DE ATENCION Y CUIDADO INFANTIL CACI,624412,Guarderías del sector público,Infancia,Guardería,Público,0 a 5 personas,010,Álvaro Obregón,0901000011788,19.38934569,-99.20084451,2024-11
821816,CENTROS DEL SECTOR PRIVADO DEDICADOS A LA ATENCIÓN Y CUIDADO DIURNO DE ANCIANOS Y PERSONAS CON DISCAPACIDAD SIN NOMBRE,624121,Centros del sector privado dedicados a la atención y cuidado diurno de ancianos y discapacitados,Personas mayores y discapacidad,Centro de día,Privado,6 a 10 personas,007,Iztapalapa,090070001294A,19.34370289,-98.99068885,2010-07
1002467,CIRCULO INFANTIL PRISMA,624411,Guarderías del sector privado,Infancia,Guardería,Privado,0 a 5 personas,003,Coyoacán,0900300010817,19.31971808,-99.16347635,2010-07
6380648,CLINICA DE SALUD MENTAL,623991,Orfanatos y otras residencias de asistencia social del sector privado,Asistencia social,Orfanato / residencia asistencial,Privado,0 a 5 personas,017,Venustiano Carranza,0901700010225,19.44304464,-99.11840684,2014-12
688947,CLINICA INFANTIL 155,624412,Guarderías del sector público,Infancia,Guardería,Público,31 a 50 personas,016,Miguel Hidalgo,0901600010340,19.44582922,-99.20856278,2014-12
947299,CLUB DE ADULTOS MAYORES ESPERANZA DE VIDA,624122,Centros del sector público dedicados a la atención y cuidado diurno de ancianos y discapacitados,Personas mayores y discapacidad,Centro de día,Público,0 a 5 personas,011,Tláhuac,090110026097A,19.30876852,-98.96792613,2014-12
7768939,CLUB DE ADULTOS MAYORES LA PASTORA,623312,Asilos y otras residencias del sector público para el cuidado de ancianos,Personas mayores,Residencia / asilo,Público,0 a 5 personas,005,Gustavo A. Madero,0900500010332,19.52378498,-99.13781743,2019-11
1045043,CLUB DE ADULTOS MAYORES MAR DE LUZ,624122,Centros del sector público dedicados a la atención y cuidado diurno de ancianos y discapacitados,Personas mayores y discapacidad,Centro de día,Público,0 a 5 personas,011,Tláhuac,0901100010058,19.29817388,-99.06314664,2010-07
7721294,CLUB DE ADULTOS MAYORES MIEL FLORES Y AGUA VIVERO YOGA,624122,Centros del sector público dedicados a la atención y cuidado diurno de ancianos y discapacitados,Personas mayores y discapacidad,Centro de día,Público,0 a 5 personas,011,Tláhuac,0901100010217,19.29029102,-99.04302543,2019-11
945393,CLUB DE ADULTOS MAYORES NO TE CANSES DE VIVIR,624122,Centros del sector público dedicados a la atención y cuidado diurno de ancianos y discapacitados,Personas mayores y discapacidad,Centro de día,Público,0 a 5 personas,011,Tláhuac,0901100010113,19.29577818,-99.03548333,2014-12
670495,CLUB DE LA TERCERA EDAD,624122,Centros del sector público dedicados a la atención y cuidado diurno de ancianos y discapacitados,Personas mayores y discapacidad,Centro de día,Público,0 a 5 personas,005,Gustavo A. Madero,0900500010101,19.55450502,-99.14766731,2014-12
745782,CLUB DE LA TERCERA EDAD ARCELIA NUTO DE VILLAMICHEL,624122,Centros del sector público dedicados a la atención y cuidado diurno de ancianos y discapacitados,Personas mayores y discapacidad,Centro de día,Público,6 a 10 personas,017,Venustiano Carranza,0901700010916,19.41877892,-99.11881438,2014-12
1048461,CLUB DE LA TERCERA EDAD BRILLO DE LUNA,624122,Centros del sector público dedicados a la atención y cuidado diurno de ancianos y discapacitados,Personas mayores y discapacidad,Centro de día,Público,0 a 5 personas,011,Tláhuac,0901100010664,19.28943486,-99.05290859,2010-07
1050057,CLUB DE LA TERCERA EDAD LUCES DEL PORVENIR,623312,Asilos y otras residencias del sector público para el cuidado de ancianos,Personas mayores,Residencia / asilo,Público,0 a 5 personas,011,Tláhuac,0901100010607,19.3128552,-99.03816736,2010-07
791603,CLUB DE LA TERCERA EDAD SAN CALLETANO,624122,Centros del sector público dedicados a la atención y cuidado diurno de ancianos y discapacitados,Personas mayores y discapacidad,Centro de día,Público,0 a 5 personas,005,Gustavo A. Madero,0900500012201,19.46197723,-99.11120981,2010-07
10796115,CLUB DE PERSONAS ADULTAS MAYORES ETERNA PRIMAVERA,624122,Centros del sector público dedicados a la atención y cuidado diurno de ancianos y discapacitados,Personas mayores y discapacidad,Centro de día,Público,0 a 5 personas,009,Milpa Alta,0900903000632,19.21163617,-98.97295286,2024-11
10567938,CLUB DE PERSONAS ADULTAS MAYORES NUESTROS MAYORES,624122,Centros del sector público dedicados a la atención y cuidado diurno de ancianos y discapacitados,Personas mayores y discapacidad,Centro de día,Público,0 a 5 personas,007,Iztapalapa,0900700010958,19.35851089,-99.11126834,2024-11
883263,CLUB DE PERSONAS DE LA TERCERA EDAD ANHELO DE VIVIR,623312,Asilos y otras residencias del sector público para el cuidado de ancianos,Personas mayores,Residencia / asilo,Público,0 a 5 personas,011,Tláhuac,0901100211018,19.24234108,-98.99637128,2010-07
10284621,CLUB DEL ADULTO MAYOR ALBORADA OTOÑAL,624122,Centros del sector público dedicados a la atención y cuidado diurno de ancianos y discapacitados,Personas mayores y discapacidad,Centro de día,Público,0 a 5 personas,011,Tláhuac,090110011072A,19.22304795,-98.96593953,2024-11
634030,CLUB ECOLOGICO DE ADULTOS MAYORES DE LA 3A EDAD LOMA LA PALMA,624122,Centros del sector público dedicados a la atención y cuidado diurno de ancianos y discapacitados,Personas mayores y discapacidad,Centro de día,Público,6 a 10 personas,005,Gustavo A. Madero,0900500010084,19.55977914,-99.14036278,2010-07
679851,CLUB ECOLOGICO DE ADULTOS MAYORES JOSE VASCONCELOS,624122,Centros del sector público dedicados a la atención y cuidado diurno de ancianos y discapacitados,Personas mayores y discapacidad,Centro de día,Público,0 a 5 personas,005,Gustavo A. Madero,0900500011909,19.48080905,-99.08889338,2014-12
778929,CLUB ECOLOGICO DE ADULTOS MAYORES PABLO NERUDA,623312,Asilos y otras residencias del sector público para el cuidado de ancianos,Personas mayores,Residencia / asilo,Público,0 a 5 personas,005,Gustavo A. Madero,0900500011383,19.47864993,-99.1447733,2010-07
818011,CLUB ECOLOGICO DE LA TERCERA EDAD ARAGON,624122,Centros del sector público dedicados a la atención y cuidado diurno de ancianos y discapacitados,Personas mayores y discapacidad,Centro de día,Público,6 a 10 personas,005,Gustavo A. Madero,0900500012165,19.45281684,-99.08176307,2010-07
819512,CLUB EL TULE DE LA TERCERA EDAD,624122,Centros del sector público dedicados a la atención y cuidado diurno de ancianos y discapacitados,Personas mayores y discapacidad,Centro de día,Público,0 a 5 personas,005,Gustavo A. Madero,0900500012451,19.45278219,-99.05561939,2010-07
9096847,CLUB INTEGRACION INAPAN,624122,Centros del sector público dedicados a la atención y cuidado diurno de ancianos y discapacitados,Personas mayores y discapacidad,Centro de día,Público,0 a 5 personas,003,Coyoacán,0900300010412,19.33880275,-99.17913047,2019-11
1001800,COCINA POPULAR HORNOS,624212,Servicios de alimentación comunitarios prestados por el sector público,Apoyo comunitario,Comedor comunitario,Público,0 a 5 personas,012,Tlalpan,0901200012225,19.27350793,-99.18250006,2010-07
9281080,COLEGIO BILINGUE RICHARDSON TERCERO,624411,Guarderías del sector privado,Infancia,Guardería,Privado,51 a 100 personas,007,Iztapalapa,0900700011566,19.33730624,-99.11074867,2020-11
960783,COLEGIO PEDAGOGICO DE LA CIUDAD DE MEXICO,624411,Guarderías del sector privado,Infancia,Guardería,Privado,6 a 10 personas,014,Benito Juárez,0901400010416,19.38302937,-99.16429829,2010-07
875357,COLEGIO PEDREGAL CCT 09PJN5387B TURNO MATUTINO,624411,Guarderías del sector privado,Infancia,Guardería,Privado,11 a 30 personas,012,Tlalpan,0901200010021,19.30445321,-99.22336386,2012-06
792529,COLORES DE INFANCIA CENTRO PEDAGOJICO COMUNITARIO,624411,Guarderías del sector privado,Infancia,Guardería,Privado,0 a 5 personas,006,Iztacalco,0900600011041,19.38648135,-99.11520431,2010-07
11501590,COME MOVIL LA RAZA,624212,Servicios de alimentación comunitarios prestados por el sector público,Apoyo comunitario,Comedor comunitario,Público,0 a 5 personas,002,Azcapotzalco,0900200010788,19.46739722,-99.14618965,2024-11
924004,COMEDOR,624212,Servicios de alimentación comunitarios prestados por el sector público,Apoyo comunitario,Comedor comunitario,Público,0 a 5 personas,010,Álvaro Obregón,0901000010474,19.37851255,-99.20651064,2014-12
10192686,COMEDOR ADULTO MAYOR,624212,Servicios de alimentación comunitarios prestados por el sector público,Apoyo comunitario,Comedor comunitario,Público,0 a 5 personas,003,Coyoacán,0900300011336,19.32264287,-99.10933303,2024-11
10083684,COMEDOR ASISTENCIAL,624212,Servicios de alimentación comunitarios prestados por el sector público,Apoyo comunitario,Comedor comunitario,Público,6 a 10 personas,015,Cuauhtémoc,0901500010339,19.45160771,-99.13132992,2024-11
10624801,COMEDOR CACI CEHUAYO,624212,Servicios de alimentación comunitarios prestados por el sector público,Apoyo comunitario,Comedor comunitario,Público,0 a 5 personas,010,Álvaro Obregón,0901000012235,19.35763419,-99.24389511,2024-11
10628974,COMEDOR CMUNITARIO,624212,Servicios de alimentación comunitarios prestados por el sector público,Apoyo comunitario,Comedor comunitario,Público,0 a 5 personas,012,Tlalpan,0901200010676,19.29050414,-99.18272005,2024-11
669560,COMEDOR COMINITARIO,624211,Servicios de alimentación comunitarios prestados por el sector privado,Apoyo comunitario,Comedor comunitario,Privado,0 a 5 personas,005,Gustavo A. Madero,0900500010084,19.55615903,-99.14022152,2014-12
11575264,COMEDOR COMUINTARIO MAMA ALE,624212,Servicios de alimentación comunitarios prestados por el sector público,Apoyo comunitario,Comedor comunitario,Público,0 a 5 personas,012,Tlalpan,0901200011299,19.27674956,-99.22955716,2024-11
8612908,COMEDOR COMUNITARI0 NUMERO 640,624212,Servicios de alimentación comunitarios prestados por el sector público,Apoyo comunitario,Comedor comunitario,Público,0 a 5 personas,007,Iztapalapa,090070001159A,19.33891546,-99.07321623,2019-11
8322336,COMEDOR COMUNITARIO,624212,Servicios de alimentación comunitarios prestados por el sector público,Apoyo comunitario,Comedor comunitario,Público,0 a 5 personas,007,Iztapalapa,0900700014594,19.37330365,-99.05591575,2019-11
923636,COMEDOR COMUNITARIO,624212,Servicios de alimentación comunitarios prestados por el sector público,Apoyo comunitario,Comedor comunitario,Público,0 a 5 personas,010,Álvaro Obregón,0901000011951,19.380966,-99.22268027,2014-12
9733906,COMEDOR COMUNITARIO,624212,Servicios de alimentación comunitarios prestados por el sector público,Apoyo comunitario,Comedor comunitario,Público,0 a 5 personas,011,Tláhuac,0901100011431,19.26413283,-99.01861048,2024-11
7643013,COMEDOR COMUNITARIO,624212,Servicios de alimentación comunitarios prestados por el sector público,Apoyo comunitario,Comedor comunitario,Público,0 a 5 personas,009,Milpa Alta,0900900290469,19.19913449,-99.05276996,2019-11
7721292,COMEDOR COMUNITARIO,624212,Servicios de alimentación comunitarios prestados por el sector público,Apoyo comunitario,Comedor comunitario,Público,0 a 5 personas,011,Tláhuac,0901100010217,19.29071027,-99.04547948,2019-11
725280,COMEDOR COMUNITARIO,624212,Servicios de alimentación comunitarios prestados por el sector público,Apoyo comunitario,Comedor comunitario,Público,0 a 5 personas,007,Iztapalapa,0900700015535,19.32830245,-99.06966136,2014-12
8604745,COMEDOR COMUNITARIO,624212,Servicios de alimentación comunitarios prestados por el sector público,Apoyo comunitario,Comedor comunitario,Público,0 a 5 personas,007,Iztapalapa,0900700015516,19.31539108,-99.03926607,2019-11
10356548,COMEDOR COMUNITARIO,624211,Servicios de alimentación comunitarios prestados por el sector privado,Apoyo comunitario,Comedor comunitario,Privado,0 a 5 personas,012,Tlalpan,0901200192475,19.13661209,-99.17343762,2024-11
919503,COMEDOR COMUNITARIO,624212,Servicios de alimentación comunitarios prestados por el sector público,Apoyo comunitario,Comedor comunitario,Público,0 a 5 personas,004,Cuajimalpa de Morelos,090040001002A,19.37513136,-99.2826074,2014-12
692545,COMEDOR COMUNITARIO,624212,Servicios de alimentación comunitarios prestados por el sector público,Apoyo comunitario,Comedor comunitario,Público,0 a 5 personas,016,Miguel Hidalgo,0901600011118,19.40717286,-99.19987462,2014-12
875352,COMEDOR COMUNITARIO,624212,Servicios de alimentación comunitarios prestados por el sector público,Apoyo comunitario,Comedor comunitario,Público,0 a 5 personas,012,Tlalpan,0901200010943,19.28392554,-99.17182727,2012-06
738643,COMEDOR COMUNITARIO,624212,Servicios de alimentación comunitarios prestados por el sector público,Apoyo comunitario,Comedor comunitario,Público,0 a 5 personas,002,Azcapotzalco,090020001081A,19.46017635,-99.18380852,2014-12
10370744,COMEDOR COMUNITARIO,624211,Servicios de alimentación comunitarios prestados por el sector privado,Apoyo comunitario,Comedor comunitario,Privado,6 a 10 personas,003,Coyoacán,0900300010060,19.35345085,-99.1497525,2024-11
931428,COMEDOR COMUNITARIO,624212,Servicios de alimentación comunitarios prestados por el sector público,Apoyo comunitario,Comedor comunitario,Público,0 a 5 personas,008,La Magdalena Contreras,0900800010353,19.30404672,-99.23251432,2014-12
733470,COMEDOR COMUNITARIO,624212,Servicios de alimentación comunitarios prestados por el sector público,Apoyo comunitario,Comedor comunitario,Público,0 a 5 personas,007,Iztapalapa,0900700014876,19.33517332,-98.99654038,2014-12
9572160,COMEDOR COMUNITARIO,624212,Servicios de alimentación comunitarios prestados por el sector público,Apoyo comunitario,Comedor comunitario,Público,0 a 5 personas,007,Iztapalapa,0900700011049,19.36271327,-99.05643446,2024-11
10503122,COMEDOR COMUNITARIO,624212,Servicios de alimentación comunitarios prestados por el sector público,Apoyo comunitario,Comedor comunitario,Público,0 a 5 personas,012,Tlalpan,0901200010515,19.29088733,-99.23529118,2024-11
726686,COMEDOR COMUNITARIO,624212,Servicios de alimentación comunitarios prestados por el sector público,Apoyo comunitario,Comedor comunitario,Público,0 a 5 personas,007,Iztapalapa,090070001337A,19.32276644,-99.06266304,2014-12
11723311,COMEDOR COMUNITARIO,624211,Servicios de alimentación comunitarios prestados por el sector privado,Apoyo comunitario,Comedor comunitario,Privado,0 a 5 personas,017,Venustiano Carranza,090170001144A,19.40819502,-99.11218854,2025-04
1027227,COMEDOR COMUNITARIO,624211,Servicios de alimentación comunitarios prestados por el sector privado,Apoyo comunitario,Comedor comunitario,Privado,0 a 5 personas,010,Álvaro Obregón,0901000011788,19.38746366,-99.19666364,2010-07
670854,COMEDOR COMUNITARIO,624211,Servicios de alimentación comunitarios prestados por el sector privado,Apoyo comunitario,Comedor comunitario,Privado,0 a 5 personas,005,Gustavo A. Madero,0900500013093,19.54718063,-99.14133029,2014-12
10777366,COMEDOR COMUNITARIO,624212,Servicios de alimentación comunitarios prestados por el sector público,Apoyo comunitario,Comedor comunitario,Público,0 a 5 personas,012,Tlalpan,0901200012206,19.26815851,-99.24271526,2024-11
721603,COMEDOR COMUNITARIO,624212,Servicios de alimentación comunitarios prestados por el sector público,Apoyo comunitario,Comedor comunitario,Público,6 a 10 personas,007,Iztapalapa,0900700010981,19.36244784,-99.0867869,2014-12
8782471,COMEDOR COMUNITARIO,624212,Servicios de alimentación comunitarios prestados por el sector público,Apoyo comunitario,Comedor comunitario,Público,6 a 10 personas,007,Iztapalapa,0900700011104,19.35666157,-99.02641603,2019-11
11701582,COMEDOR COMUNITARIO,624211,Servicios de alimentación comunitarios prestados por el sector privado,Apoyo comunitario,Comedor comunitario,Privado,0 a 5 personas,016,Miguel Hidalgo,0901600010393,19.44494201,-99.18508311,2024-11
8564017,COMEDOR COMUNITARIO,624212,Servicios de alimentación comunitarios prestados por el sector público,Apoyo comunitario,Comedor comunitario,Público,0 a 5 personas,010,Álvaro Obregón,0901000012292,19.35913272,-99.21986116,2019-11
10482831,COMEDOR COMUNITARIO,624212,Servicios de alimentación comunitarios prestados por el sector público,Apoyo comunitario,Comedor comunitario,Público,0 a 5 personas,012,Tlalpan,0901200010708,19.28669776,-99.13159654,2024-11
11515538,COMEDOR COMUNITARIO,624212,Servicios de alimentación comunitarios prestados por el sector público,Apoyo comunitario,Comedor comunitario,Público,0 a 5 personas,016,Miguel Hidalgo,0901600010124,19.45769,-99.1971404,2024-11
7748187,COMEDOR COMUNITARIO,624212,Servicios de alimentación comunitarios prestados por el sector público,Apoyo comunitario,Comedor comunitario,Público,0 a 5 personas,006,Iztacalco,0900600010185,19.40215733,-99.07886226,2019-11
8612363,COMEDOR COMUNITARIO,624212,Servicios de alimentación comunitarios prestados por el sector público,Apoyo comunitario,Comedor comunitario,Público,11 a 30 personas,007,Iztapalapa,0900700011706,19.35101257,-99.03011117,2019-11
8622879,COMEDOR COMUNITARIO,624211,Servicios de alimentación comunitarios prestados por el sector privado,Apoyo comunitario,Comedor comunitario,Privado,0 a 5 personas,007,Iztapalapa,0900700011759,19.33748976,-99.04377862,2019-11
7743913,COMEDOR COMUNITARIO,624211,Servicios de alimentación comunitarios prestados por el sector privado,Apoyo comunitario,Comedor comunitario,Privado,6 a 10 personas,015,Cuauhtémoc,0901500010470,19.45515727,-99.16026058,2019-11
7232368,COMEDOR COMUNITARIO,624212,Servicios de alimentación comunitarios prestados por el sector público,Apoyo comunitario,Comedor comunitario,Público,0 a 5 personas,003,Coyoacán,0900300010060,19.35337367,-99.14966689,2019-11
8623315,COMEDOR COMUNITARIO,624212,Servicios de alimentación comunitarios prestados por el sector público,Apoyo comunitario,Comedor comunitario,Público,0 a 5 personas,007,Iztapalapa,0900700010623,19.37735597,-99.01434646,2019-11
951096,COMEDOR COMUNITARIO,624211,Servicios de alimentación comunitarios prestados por el sector privado,Apoyo comunitario,Comedor comunitario,Privado,0 a 5 personas,009,Milpa Alta,0900900290454,19.20372242,-99.04771982,2014-12
7832423,COMEDOR COMUNITARIO,624212,Servicios de alimentación comunitarios prestados por el sector público,Apoyo comunitario,Comedor comunitario,Público,0 a 5 personas,006,Iztacalco,090060001115A,19.38055834,-99.09784819,2019-11
727786,COMEDOR COMUNITARIO,624212,Servicios de alimentación comunitarios prestados por el sector público,Apoyo comunitario,Comedor comunitario,Público,0 a 5 personas,007,Iztapalapa,0900700013492,19.30403106,-99.08514308,2014-12
670030,COMEDOR COMUNITARIO,624211,Servicios de alimentación comunitarios prestados por el sector privado,Apoyo comunitario,Comedor comunitario,Privado,0 a 5 personas,005,Gustavo A. Madero,0900500013229,19.54827044,-99.12213904,2014-12
10012384,COMEDOR COMUNITARIO,624212,Servicios de alimentación comunitarios prestados por el sector público,Apoyo comunitario,Comedor comunitario,Público,0 a 5 personas,005,Gustavo A. Madero,0900500012979,19.56290516,-99.14217775,2024-11
728820,COMEDOR COMUNITARIO,624212,Servicios de alimentación comunitarios prestados por el sector público,Apoyo comunitario,Comedor comunitario,Público,0 a 5 personas,007,Iztapalapa,0900700010892,19.36557743,-98.99500228,2014-12
1018409,COMEDOR COMUNITARIO,624211,Servicios de alimentación comunitarios prestados por el sector privado,Apoyo comunitario,Comedor comunitario,Privado,0 a 5 personas,012,Tlalpan,0901200012456,19.24617755,-99.14338299,2010-07
707134,COMEDOR COMUNITARIO,624212,Servicios de alimentación comunitarios prestados por el sector público,Apoyo comunitario,Comedor comunitario,Público,0 a 5 personas,006,Iztacalco,090060001058A,19.39097401,-99.11459875,2014-12
834686,COMEDOR COMUNITARIO,624212,Servicios de alimentación comunitarios prestados por el sector público,Apoyo comunitario,Comedor comunitario,Público,0 a 5 personas,007,Iztapalapa,090070001337A,19.31599866,-99.06336202,2010-07
729499,COMEDOR COMUNITARIO,624212,Servicios de alimentación comunitarios prestados por el sector público,Apoyo comunitario,Comedor comunitario,Público,0 a 5 personas,007,Iztapalapa,0900700012441,19.37469139,-99.03363547,2014-12
8508271,COMEDOR COMUNITARIO,624211,Servicios de alimentación comunitarios prestados por el sector privado,Apoyo comunitario,Comedor comunitario,Privado,0 a 5 personas,010,Álvaro Obregón,0901000011171,19.34523247,-99.21033662,2019-11
756459,COMEDOR COMUNITARIO,624212,Servicios de alimentación comunitarios prestados por el sector público,Apoyo comunitario,Comedor comunitario,Público,0 a 5 personas,007,Iztapalapa,090070001006A,19.38622484,-99.05729364,2010-07
10576148,COMEDOR COMUNITARIO,624212,Servicios de alimentación comunitarios prestados por el sector público,Apoyo comunitario,Comedor comunitario,Público,0 a 5 personas,014,Benito Juárez,0901400010774,19.37028586,-99.15602637,2024-11
7714606,COMEDOR COMUNITARIO,624212,Servicios de alimentación comunitarios prestados por el sector público,Apoyo comunitario,Comedor comunitario,Público,0 a 5 personas,005,Gustavo A. Madero,0900500013159,19.49495169,-99.06755164,2019-11
7643405,COMEDOR COMUNITARIO,624212,Servicios de alimentación comunitarios prestados por el sector público,Apoyo comunitario,Comedor comunitario,Público,0 a 5 personas,009,Milpa Alta,0900900330488,19.20102944,-99.0995285,2019-11
9366100,COMEDOR COMUNITARIO,624211,Servicios de alimentación comunitarios prestados por el sector privado,Apoyo comunitario,Comedor comunitario,Privado,0 a 5 personas,005,Gustavo A. Madero,0900500012220,19.45601449,-99.10434472,2021-05
10025158,COMEDOR COMUNITARIO,624211,Servicios de alimentación comunitarios prestados por el sector privado,Apoyo comunitario,Comedor comunitario,Privado,0 a 5 personas,002,Azcapotzalco,0900200010114,19.50125538,-99.18990725,2024-11
8561700,COMEDOR COMUNITARIO,624212,Servicios de alimentación comunitarios prestados por el sector público,Apoyo comunitario,Comedor comunitario,Público,0 a 5 personas,004,Cuajimalpa de Morelos,0900400010104,19.35535912,-99.29504113,2019-11
7804730,COMEDOR COMUNITARIO,624212,Servicios de alimentación comunitarios prestados por el sector público,Apoyo comunitario,Comedor comunitario,Público,0 a 5 personas,010,Álvaro Obregón,0901000010385,19.38383685,-99.21730823,2019-11
674566,COMEDOR COMUNITARIO,624212,Servicios de alimentación comunitarios prestados por el sector público,Apoyo comunitario,Comedor comunitario,Público,0 a 5 personas,005,Gustavo A. Madero,0900500010830,19.50199249,-99.08903742,2014-12
11695501,COMEDOR COMUNITARIO,624211,Servicios de alimentación comunitarios prestados por el sector privado,Apoyo comunitario,Comedor comunitario,Privado,0 a 5 personas,011,Tláhuac,0901100211003,19.23515371,-99.00273652,2024-11
11686160,COMEDOR COMUNITARIO,624211,Servicios de alimentación comunitarios prestados por el sector privado,Apoyo comunitario,Comedor comunitario,Privado,0 a 5 personas,008,La Magdalena Contreras,0900800010476,19.27242784,-99.24635176,2024-11
10912421,COMEDOR COMUNITARIO,624212,Servicios de alimentación comunitarios prestados por el sector público,Apoyo comunitario,Comedor comunitario,Público,0 a 5 personas,017,Venustiano Carranza,0901700010422,19.43949238,-99.1030695,2024-11
8197490,COMEDOR COMUNITARIO,624211,Servicios de alimentación comunitarios prestados por el sector privado,Apoyo comunitario,Comedor comunitario,Privado,0 a 5 personas,007,Iztapalapa,0900700014096,19.32810851,-99.02750106,2019-11
8695173,COMEDOR COMUNITARIO,624212,Servicios de alimentación comunitarios prestados por el sector público,Apoyo comunitario,Comedor comunitario,Público,0 a 5 personas,008,La Magdalena Contreras,0900800010584,19.30287261,-99.26904835,2019-11
8183872,COMEDOR COMUNITARIO,624212,Servicios de alimentación comunitarios prestados por el sector público,Apoyo comunitario,Comedor comunitario,Público,0 a 5 personas,005,Gustavo A. Madero,0900500010205,19.53854302,-99.13794585,2019-11
10402185,COMEDOR COMUNITARIO,624212,Servicios de alimentación comunitarios prestados por el sector público,Apoyo comunitario,Comedor comunitario,Público,0 a 5 personas,012,Tlalpan,090120027230A,19.20870608,-99.1632507,2024-11
8197600,COMEDOR COMUNITARIO,624212,Servicios de alimentación comunitarios prestados por el sector público,Apoyo comunitario,Comedor comunitario,Público,0 a 5 personas,007,Iztapalapa,0900700015499,19.32238187,-99.03801689,2019-11
10568655,COMEDOR COMUNITARIO,624211,Servicios de alimentación comunitarios prestados por el sector privado,Apoyo comunitario,Comedor comunitario,Privado,0 a 5 personas,007,Iztapalapa,0900700011369,19.34395856,-99.10865798,2024-11
1027843,COMEDOR COMUNITARIO,624212,Servicios de alimentación comunitarios prestados por el sector público,Apoyo comunitario,Comedor comunitario,Público,6 a 10 personas,013,Xochimilco,0901300011440,19.22517717,-99.08847478,2010-07
7630610,COMEDOR COMUNITARIO,624212,Servicios de alimentación comunitarios prestados por el sector público,Apoyo comunitario,Comedor comunitario,Público,0 a 5 personas,011,Tláhuac,0901100010452,19.26985136,-99.00161747,2019-11
8116986,COMEDOR COMUNITARIO,624212,Servicios de alimentación comunitarios prestados por el sector público,Apoyo comunitario,Comedor comunitario,Público,0 a 5 personas,002,Azcapotzalco,0900200010364,19.47352586,-99.16376522,2019-11
7261570,COMEDOR COMUNITARIO,624212,Servicios de alimentación comunitarios prestados por el sector público,Apoyo comunitario,Comedor comunitario,Público,0 a 5 personas,010,Álvaro Obregón,0901000010065,19.39782066,-99.19282438,2019-11
7643107,COMEDOR COMUNITARIO,624212,Servicios de alimentación comunitarios prestados por el sector público,Apoyo comunitario,Comedor comunitario,Público,0 a 5 personas,009,Milpa Alta,0900900330350,19.19290792,-99.09475402,2019-11
8539189,COMEDOR COMUNITARIO,624212,Servicios de alimentación comunitarios prestados por el sector público,Apoyo comunitario,Comedor comunitario,Público,0 a 5 personas,014,Benito Juárez,090140001083A,19.36883099,-99.16265953,2019-11
8564862,COMEDOR COMUNITARIO,624212,Servicios de alimentación comunitarios prestados por el sector público,Apoyo comunitario,Comedor comunitario,Público,0 a 5 personas,008,La Magdalena Contreras,0900800010404,19.3106923,-99.2619731,2019-11
923893,COMEDOR COMUNITARIO,624212,Servicios de alimentación comunitarios prestados por el sector público,Apoyo comunitario,Comedor comunitario,Público,0 a 5 personas,010,Álvaro Obregón,0901000011523,19.37912067,-99.21279107,2014-12
8540029,COMEDOR COMUNITARIO,624212,Servicios de alimentación comunitarios prestados por el sector público,Apoyo comunitario,Comedor comunitario,Público,0 a 5 personas,004,Cuajimalpa de Morelos,0900400010373,19.34481091,-99.26989025,2019-11
7023195,COMEDOR COMUNITARIO,624212,Servicios de alimentación comunitarios prestados por el sector público,Apoyo comunitario,Comedor comunitario,Público,0 a 5 personas,005,Gustavo A. Madero,0900500011684,19.4814431,-99.07122752,2019-11
907012,COMEDOR COMUNITARIO,624211,Servicios de alimentación comunitarios prestados por el sector privado,Apoyo comunitario,Comedor comunitario,Privado,6 a 10 personas,003,Coyoacán,0900300010639,19.32593868,-99.16488312,2014-12
670208,COMEDOR COMUNITARIO 116,624212,Servicios de alimentación comunitarios prestados por el sector público,Apoyo comunitario,Comedor comunitario,Público,0 a 5 personas,005,Gustavo A. Madero,0900500010169,19.54734931,-99.13503554,2014-12
9689530,COMEDOR COMUNITARIO 118 MESA LOS HORNOS,624212,Servicios de alimentación comunitarios prestados por el sector público,Apoyo comunitario,Comedor comunitario,Público,0 a 5 personas,012,Tlalpan,0901200011424,19.27310101,-99.18184405,2024-11
10085760,COMEDOR COMUNITARIO 139 TLATUANI,624211,Servicios de alimentación comunitarios prestados por el sector privado,Apoyo comunitario,Comedor comunitario,Privado,0 a 5 personas,007,Iztapalapa,0900700013100,19.33753707,-99.01019944,2024-11
9546071,COMEDOR COMUNITARIO 189 LA CONSENTIDA,624212,Servicios de alimentación comunitarios prestados por el sector público,Apoyo comunitario,Comedor comunitario,Público,0 a 5 personas,005,Gustavo A. Madero,0900500010050,19.55508573,-99.13521718,2024-11
8695087,COMEDOR COMUNITARIO 19 DE MAYO,624212,Servicios de alimentación comunitarios prestados por el sector público,Apoyo comunitario,Comedor comunitario,Público,0 a 5 personas,010,Álvaro Obregón,0901000012324,19.36275045,-99.25321241,2019-11
8038448,COMEDOR COMUNITARIO 194,624212,Servicios de alimentación comunitarios prestados por el sector público,Apoyo comunitario,Comedor comunitario,Público,0 a 5 personas,012,Tlalpan,0901200011570,19.26544368,-99.20882376,2019-11
7255754,COMEDOR COMUNITARIO 269,624212,Servicios de alimentación comunitarios prestados por el sector público,Apoyo comunitario,Comedor comunitario,Público,0 a 5 personas,014,Benito Juárez,0901400010952,19.36092034,-99.16627828,2019-11
914510,COMEDOR COMUNITARIO 272,624212,Servicios de alimentación comunitarios prestados por el sector público,Apoyo comunitario,Comedor comunitario,Público,0 a 5 personas,012,Tlalpan,0901200011496,19.27630291,-99.24073998,2014-12
942806,COMEDOR COMUNITARIO 279 TIA LOLA,624212,Servicios de alimentación comunitarios prestados por el sector público,Apoyo comunitario,Comedor comunitario,Público,0 a 5 personas,011,Tláhuac,0901100010607,19.31033889,-99.03933546,2014-12
846392,COMEDOR COMUNITARIO 285 SAN ANTONIO,624211,Servicios de alimentación comunitarios prestados por el sector privado,Apoyo comunitario,Comedor comunitario,Privado,0 a 5 personas,007,Iztapalapa,0900700011566,19.33971059,-99.10953863,2010-07
8443509,COMEDOR COMUNITARIO 297,624212,Servicios de alimentación comunitarios prestados por el sector público,Apoyo comunitario,Comedor comunitario,Público,0 a 5 personas,012,Tlalpan,0901200010125,19.29953358,-99.17710646,2019-11
706742,COMEDOR COMUNITARIO 31 LA PANZA ES PRIMERO,624212,Servicios de alimentación comunitarios prestados por el sector público,Apoyo comunitario,Comedor comunitario,Público,0 a 5 personas,006,Iztacalco,0900600010452,19.39500914,-99.10194625,2014-12
8604213,COMEDOR COMUNITARIO 372 FRESNOS,624212,Servicios de alimentación comunitarios prestados por el sector público,Apoyo comunitario,Comedor comunitario,Público,6 a 10 personas,007,Iztapalapa,0900700011852,19.32688297,-99.10320437,2019-11
8484973,COMEDOR COMUNITARIO 378 LAS DELICIAS,624212,Servicios de alimentación comunitarios prestados por el sector público,Apoyo comunitario,Comedor comunitario,Público,6 a 10 personas,015,Cuauhtémoc,0901500010080,19.46144988,-99.13995241,2019-11
7233073,COMEDOR COMUNITARIO 416,624211,Servicios de alimentación comunitarios prestados por el sector privado,Apoyo comunitario,Comedor comunitario,Privado,0 a 5 personas,004,Cuajimalpa de Morelos,0900400200246,19.33149172,-99.32551499,2019-11
7831967,COMEDOR COMUNITARIO 484,624212,Servicios de alimentación comunitarios prestados por el sector público,Apoyo comunitario,Comedor comunitario,Público,0 a 5 personas,007,Iztapalapa,0900700010271,19.38598728,-99.02657809,2019-11
8561681,COMEDOR COMUNITARIO 502 LA PILA,624212,Servicios de alimentación comunitarios prestados por el sector público,Apoyo comunitario,Comedor comunitario,Público,0 a 5 personas,004,Cuajimalpa de Morelos,0900400200316,19.30657192,-99.33409803,2019-11
10363414,COMEDOR COMUNITARIO 523,624212,Servicios de alimentación comunitarios prestados por el sector público,Apoyo comunitario,Comedor comunitario,Público,0 a 5 personas,005,Gustavo A. Madero,0900500011881,19.46810308,-99.09768688,2024-11
11556293,COMEDOR COMUNITARIO 528,624212,Servicios de alimentación comunitarios prestados por el sector público,Apoyo comunitario,Comedor comunitario,Público,0 a 5 personas,013,Xochimilco,0901300011050,19.26944136,-99.11226164,2024-11
11602558,COMEDOR COMUNITARIO 530 LA NOPALERA,624211,Servicios de alimentación comunitarios prestados por el sector privado,Apoyo comunitario,Comedor comunitario,Privado,0 a 5 personas,011,Tláhuac,0901100010077,19.30021047,-99.05214009,2024-11
7715091,COMEDOR COMUNITARIO 537,624212,Servicios de alimentación comunitarios prestados por el sector público,Apoyo comunitario,Comedor comunitario,Público,0 a 5 personas,005,Gustavo A. Madero,0900500012930,19.48287799,-99.08375238,2019-11
10029756,COMEDOR COMUNITARIO 582 ESTE ARROZ YA SE COCIO,624212,Servicios de alimentación comunitarios prestados por el sector público,Apoyo comunitario,Comedor comunitario,Público,0 a 5 personas,009,Milpa Alta,090090015012A,19.20715739,-99.06938263,2024-11
8401730,COMEDOR COMUNITARIO 636,624212,Servicios de alimentación comunitarios prestados por el sector público,Apoyo comunitario,Comedor comunitario,Público,0 a 5 personas,011,Tláhuac,0901100011361,19.30677545,-99.04964,2019-11
7714939,COMEDOR COMUNITARIO 642 SAN MARTIN,624212,Servicios de alimentación comunitarios prestados por el sector público,Apoyo comunitario,Comedor comunitario,Público,0 a 5 personas,005,Gustavo A. Madero,0900500011932,19.47483925,-99.06649532,2019-11
8540280,COMEDOR COMUNITARIO 645 CASA PAULITA,624212,Servicios de alimentación comunitarios prestados por el sector público,Apoyo comunitario,Comedor comunitario,Público,0 a 5 personas,004,Cuajimalpa de Morelos,0900400010119,19.34684327,-99.29914208,2019-11
970117,COMEDOR COMUNITARIO 662,624211,Servicios de alimentación comunitarios prestados por el sector privado,Apoyo comunitario,Comedor comunitario,Privado,0 a 5 personas,003,Coyoacán,0900300010450,19.33241109,-99.14976357,2010-07
8613080,COMEDOR COMUNITARIO 668 CONDESA IZTAPALAPA,624212,Servicios de alimentación comunitarios prestados por el sector público,Apoyo comunitario,Comedor comunitario,Público,0 a 5 personas,007,Iztapalapa,0900700014734,19.35550275,-99.0514264,2019-11
949546,COMEDOR COMUNITARIO 67,624212,Servicios de alimentación comunitarios prestados por el sector público,Apoyo comunitario,Comedor comunitario,Público,0 a 5 personas,009,Milpa Alta,0900900010327,19.19470315,-99.02026853,2014-12
9255191,COMEDOR COMUNITARIO 689,624211,Servicios de alimentación comunitarios prestados por el sector privado,Apoyo comunitario,Comedor comunitario,Privado,0 a 5 personas,005,Gustavo A. Madero,0900500011218,19.49171377,-99.0712323,2020-11
10154196,COMEDOR COMUNITARIO A LA ORILLA DEL CAMINO,624212,Servicios de alimentación comunitarios prestados por el sector público,Apoyo comunitario,Comedor comunitario,Público,0 a 5 personas,009,Milpa Alta,0900900170365,19.19846285,-99.00973039,2024-11
7699218,COMEDOR COMUNITARIO A SU SERVICIO,624212,Servicios de alimentación comunitarios prestados por el sector público,Apoyo comunitario,Comedor comunitario,Público,0 a 5 personas,009,Milpa Alta,0900900240191,19.1899264,-99.06572032,2019-11
10514734,COMEDOR COMUNITARIO ALEGRIA,624212,Servicios de alimentación comunitarios prestados por el sector público,Apoyo comunitario,Comedor comunitario,Público,0 a 5 personas,017,Venustiano Carranza,0901700010117,19.44646801,-99.08954646,2024-11
7642474,COMEDOR COMUNITARIO AMISTAD,624211,Servicios de alimentación comunitarios prestados por el sector privado,Apoyo comunitario,Comedor comunitario,Privado,0 a 5 personas,013,Xochimilco,0901300010692,19.25174784,-99.03924889,2019-11
8305793,COMEDOR COMUNITARIO AMOR Y CARIÑO,624212,Servicios de alimentación comunitarios prestados por el sector público,Apoyo comunitario,Comedor comunitario,Público,0 a 5 personas,007,Iztapalapa,090070001440A,19.28895142,-99.06587165,2019-11
11104451,COMEDOR COMUNITARIO APOLOS,624212,Servicios de alimentación comunitarios prestados por el sector público,Apoyo comunitario,Comedor comunitario,Público,6 a 10 personas,002,Azcapotzalco,0900200010330,19.48385937,-99.17836317,2024-11
10489402,COMEDOR COMUNITARIO AVE FENIX,624211,Servicios de alimentación comunitarios prestados por el sector privado,Apoyo comunitario,Comedor comunitario,Privado,0 a 5 personas,012,Tlalpan,0901200012121,19.27179665,-99.15465392,2024-11
7612948,COMEDOR COMUNITARIO AXEL NO. 389,624212,Servicios de alimentación comunitarios prestados por el sector público,Apoyo comunitario,Comedor comunitario,Público,0 a 5 personas,011,Tláhuac,0901100011111,19.30881037,-99.03663174,2019-11
8623464,COMEDOR COMUNITARIO AZUCENA,624212,Servicios de alimentación comunitarios prestados por el sector público,Apoyo comunitario,Comedor comunitario,Público,0 a 5 personas,007,Iztapalapa,090070001141A,19.34745512,-99.07564363,2019-11
7262169,COMEDOR COMUNITARIO BONANZA,624211,Servicios de alimentación comunitarios prestados por el sector privado,Apoyo comunitario,Comedor comunitario,Privado,6 a 10 personas,010,Álvaro Obregón,0901000010173,19.38644959,-99.2163712,2019-11
7721527,COMEDOR COMUNITARIO BRANDON,624212,Servicios de alimentación comunitarios prestados por el sector público,Apoyo comunitario,Comedor comunitario,Público,0 a 5 personas,011,Tláhuac,0901100010664,19.29039033,-99.05151624,2019-11
8197432,COMEDOR COMUNITARIO BUENAVISTA,624211,Servicios de alimentación comunitarios prestados por el sector privado,Apoyo comunitario,Comedor comunitario,Privado,0 a 5 personas,007,Iztapalapa,0900700013223,19.33009573,-99.03235382,2019-11
9010942,COMEDOR COMUNITARIO CANA DE AMOR,624212,Servicios de alimentación comunitarios prestados por el sector público,Apoyo comunitario,Comedor comunitario,Público,0 a 5 personas,011,Tláhuac,0901100011499,19.24891703,-99.00675969,2019-11
1016686,COMEDOR COMUNITARIO CASA DE LA MUJER,624211,Servicios de alimentación comunitarios prestados por el sector privado,Apoyo comunitario,Comedor comunitario,Privado,0 a 5 personas,010,Álvaro Obregón,0901000012061,19.38479807,-99.22821299,2010-07
11233580,COMEDOR COMUNITARIO CASTILLO MAYA,624212,Servicios de alimentación comunitarios prestados por el sector público,Apoyo comunitario,Comedor comunitario,Público,0 a 5 personas,009,Milpa Alta,0900900110401,19.21694967,-99.00187528,2024-11
7232962,COMEDOR COMUNITARIO CASUELAS DOÑA PAZ,624212,Servicios de alimentación comunitarios prestados por el sector público,Apoyo comunitario,Comedor comunitario,Público,0 a 5 personas,004,Cuajimalpa de Morelos,0900400010138,19.34299722,-99.28173423,2019-11
942299,COMEDOR COMUNITARIO CC53,624212,Servicios de alimentación comunitarios prestados por el sector público,Apoyo comunitario,Comedor comunitario,Público,0 a 5 personas,013,Xochimilco,0901300010851,19.20539823,-99.12971392,2014-12
8782850,COMEDOR COMUNITARIO CC95,624212,Servicios de alimentación comunitarios prestados por el sector público,Apoyo comunitario,Comedor comunitario,Público,0 a 5 personas,007,Iztapalapa,0900700015319,19.33855332,-98.99286357,2019-11
10130383,COMEDOR COMUNITARIO CCB577 MI ANGEL,624211,Servicios de alimentación comunitarios prestados por el sector privado,Apoyo comunitario,Comedor comunitario,Privado,0 a 5 personas,013,Xochimilco,0901300010368,19.2503374,-99.04923033,2024-11
10321228,COMEDOR COMUNITARIO CCB720 XIPALTLAN,624212,Servicios de alimentación comunitarios prestados por el sector público,Apoyo comunitario,Comedor comunitario,Público,0 a 5 personas,002,Azcapotzalco,0900200010218,19.49163615,-99.18586828,2024-11
937840,COMEDOR COMUNITARIO CCS7,624211,Servicios de alimentación comunitarios prestados por el sector privado,Apoyo comunitario,Comedor comunitario,Privado,0 a 5 personas,013,Xochimilco,0901300011366,19.2551674,-99.07457485,2014-12
7338448,COMEDOR COMUNITARIO CDMX,624212,Servicios de alimentación comunitarios prestados por el sector público,Apoyo comunitario,Comedor comunitario,Público,0 a 5 personas,007,Iztapalapa,0900700010534,19.3725847,-99.11681542,2019-11
10078212,COMEDOR COMUNITARIO CDMX,624212,Servicios de alimentación comunitarios prestados por el sector público,Apoyo comunitario,Comedor comunitario,Público,0 a 5 personas,014,Benito Juárez,0901400010647,19.37674816,-99.1451456,2024-11
8848821,COMEDOR COMUNITARIO CDMX SAN JUDAS,624212,Servicios de alimentación comunitarios prestados por el sector público,Apoyo comunitario,Comedor comunitario,Público,0 a 5 personas,009,Milpa Alta,0900903000632,19.20947076,-98.97117802,2019-11
8736169,COMEDOR COMUNITARIO CERVANTES,624212,Servicios de alimentación comunitarios prestados por el sector público,Apoyo comunitario,Comedor comunitario,Público,0 a 5 personas,012,Tlalpan,0901200271797,19.1876851,-99.14461983,2019-11
7614113,COMEDOR COMUNITARIO CHATITA,624212,Servicios de alimentación comunitarios prestados por el sector público,Apoyo comunitario,Comedor comunitario,Público,0 a 5 personas,011,Tláhuac,0901100261164,19.31670621,-98.96383983,2019-11
9162961,COMEDOR COMUNITARIO CIUDAD DE MEXICO,624212,Servicios de alimentación comunitarios prestados por el sector público,Apoyo comunitario,Comedor comunitario,Público,6 a 10 personas,006,Iztacalco,0900600010151,19.39454404,-99.08770496,2019-11
11376229,COMEDOR COMUNITARIO CLAVEL,624212,Servicios de alimentación comunitarios prestados por el sector público,Apoyo comunitario,Comedor comunitario,Público,0 a 5 personas,013,Xochimilco,0901300011436,19.23055209,-99.09571723,2024-11
9948133,COMEDOR COMUNITARIO COCINA DOÑA BERTHA,624211,Servicios de alimentación comunitarios prestados por el sector privado,Apoyo comunitario,Comedor comunitario,Privado,0 a 5 personas,010,Álvaro Obregón,090100001174A,19.31838834,-99.26762211,2024-11
10488932,COMEDOR COMUNITARIO COLIBRI,624212,Servicios de alimentación comunitarios prestados por el sector público,Apoyo comunitario,Comedor comunitario,Público,0 a 5 personas,010,Álvaro Obregón,0901000011171,19.3416676,-99.21968797,2024-11
8564258,COMEDOR COMUNITARIO COMEDOR SANTA MARIA OBSERVATORIO,624212,Servicios de alimentación comunitarios prestados por el sector público,Apoyo comunitario,Comedor comunitario,Público,6 a 10 personas,010,Álvaro Obregón,0901000010116,19.39728294,-99.19740101,2019-11
967938,COMEDOR COMUNITARIO COYOLXAUHQUI,624212,Servicios de alimentación comunitarios prestados por el sector público,Apoyo comunitario,Comedor comunitario,Público,0 a 5 personas,015,Cuauhtémoc,0901500010659,19.43937104,-99.13119894,2010-07
8612919,COMEDOR COMUNITARIO CUISINE QUINTA,624212,Servicios de alimentación comunitarios prestados por el sector público,Apoyo comunitario,Comedor comunitario,Público,0 a 5 personas,007,Iztapalapa,0900700010638,19.3758251,-99.00934716,2019-11
8435517,COMEDOR COMUNITARIO CULHUACAN,624211,Servicios de alimentación comunitarios prestados por el sector privado,Apoyo comunitario,Comedor comunitario,Privado,0 a 5 personas,007,Iztapalapa,0900700011778,19.33730286,-99.10786818,2019-11
7643194,COMEDOR COMUNITARIO DANI,624212,Servicios de alimentación comunitarios prestados por el sector público,Apoyo comunitario,Comedor comunitario,Público,0 a 5 personas,009,Milpa Alta,0900900010308,19.19507841,-99.02713782,2019-11
11443873,COMEDOR COMUNITARIO DE LA CIUDAD DE MEXICO,624212,Servicios de alimentación comunitarios prestados por el sector público,Apoyo comunitario,Comedor comunitario,Público,0 a 5 personas,005,Gustavo A. Madero,0900500013267,19.55959011,-99.14189249,2024-11
8706513,COMEDOR COMUNITARIO DE PASADITA,624212,Servicios de alimentación comunitarios prestados por el sector público,Apoyo comunitario,Comedor comunitario,Público,0 a 5 personas,009,Milpa Alta,090090015012A,19.21244924,-99.06553496,2019-11
8508404,COMEDOR COMUNITARIO DEL BIENESTAR,624211,Servicios de alimentación comunitarios prestados por el sector privado,Apoyo comunitario,Comedor comunitario,Privado,0 a 5 personas,013,Xochimilco,0901300010508,19.23727634,-99.10554862,2019-11
9637559,COMEDOR COMUNITARIO DEL BIENESTAR PRIMAVERA SANTA FE,624212,Servicios de alimentación comunitarios prestados por el sector público,Apoyo comunitario,Comedor comunitario,Público,0 a 5 personas,010,Álvaro Obregón,0901000010296,19.38215523,-99.24157158,2024-11
8613460,COMEDOR COMUNITARIO DEL D.F. 248,624211,Servicios de alimentación comunitarios prestados por el sector privado,Apoyo comunitario,Comedor comunitario,Privado,0 a 5 personas,007,Iztapalapa,0900700014857,19.32294171,-99.02742908,2019-11
8376785,COMEDOR COMUNITARIO DEL GCDMX,624212,Servicios de alimentación comunitarios prestados por el sector público,Apoyo comunitario,Comedor comunitario,Público,0 a 5 personas,007,Iztapalapa,0900700015268,19.37264011,-99.02969482,2019-11
11212729,COMEDOR COMUNITARIO DEL GOBIERNO DE LA CIUDAD DE MEXICO,624212,Servicios de alimentación comunitarios prestados por el sector público,Apoyo comunitario,Comedor comunitario,Público,0 a 5 personas,010,Álvaro Obregón,0901000011631,19.35522764,-99.24171626,2024-11
8604640,COMEDOR COMUNITARIO DOÑA PATY,624212,Servicios de alimentación comunitarios prestados por el sector público,Apoyo comunitario,Comedor comunitario,Público,0 a 5 personas,007,Iztapalapa,0900700015520,19.31746493,-99.04017478,2019-11
9771165,COMEDOR COMUNITARIO DOÑA VIKY,624212,Servicios de alimentación comunitarios prestados por el sector público,Apoyo comunitario,Comedor comunitario,Público,0 a 5 personas,016,Miguel Hidalgo,0901600010389,19.44766081,-99.19563914,2024-11
8737223,COMEDOR COMUNITARIO EDEN,624212,Servicios de alimentación comunitarios prestados por el sector público,Apoyo comunitario,Comedor comunitario,Público,6 a 10 personas,011,Tláhuac,0901100240734,19.21498963,-98.97439957,2019-11
9076758,COMEDOR COMUNITARIO EL ENCANTO,624211,Servicios de alimentación comunitarios prestados por el sector privado,Apoyo comunitario,Comedor comunitario,Privado,0 a 5 personas,009,Milpa Alta,0900900010312,19.18848325,-99.03122488,2019-11
640125,COMEDOR COMUNITARIO EL GRAN PARO,624212,Servicios de alimentación comunitarios prestados por el sector público,Apoyo comunitario,Comedor comunitario,Público,0 a 5 personas,017,Venustiano Carranza,0901700010371,19.44197984,-99.11749165,2010-07
8736997,COMEDOR COMUNITARIO EL MILAGRO,624212,Servicios de alimentación comunitarios prestados por el sector público,Apoyo comunitario,Comedor comunitario,Público,0 a 5 personas,013,Xochimilco,090130001089A,19.21914906,-99.09432694,2019-11
8165656,COMEDOR COMUNITARIO EL MIRADOR,624212,Servicios de alimentación comunitarios prestados por el sector público,Apoyo comunitario,Comedor comunitario,Público,0 a 5 personas,013,Xochimilco,0901300011332,19.26301657,-99.13028434,2019-11
8027005,COMEDOR COMUNITARIO EL QUINTO SOL,624212,Servicios de alimentación comunitarios prestados por el sector público,Apoyo comunitario,Comedor comunitario,Público,0 a 5 personas,002,Azcapotzalco,0900200010665,19.47242445,-99.19609324,2019-11
7721447,COMEDOR COMUNITARIO EL REFUGIO,624211,Servicios de alimentación comunitarios prestados por el sector privado,Apoyo comunitario,Comedor comunitario,Privado,0 a 5 personas,011,Tláhuac,0901100010058,19.30117155,-99.06138017,2019-11
7664954,COMEDOR COMUNITARIO EL REGALITO,624212,Servicios de alimentación comunitarios prestados por el sector público,Apoyo comunitario,Comedor comunitario,Público,0 a 5 personas,009,Milpa Alta,090090017037A,19.19565098,-99.00377482,2019-11
7769315,COMEDOR COMUNITARIO EL RINCON DE LOS SABORES,624212,Servicios de alimentación comunitarios prestados por el sector público,Apoyo comunitario,Comedor comunitario,Público,0 a 5 personas,005,Gustavo A. Madero,0900500013318,19.57394213,-99.13130568,2019-11
7769199,COMEDOR COMUNITARIO EL RINCON DE LOS SABORES,624212,Servicios de alimentación comunitarios prestados por el sector público,Apoyo comunitario,Comedor comunitario,Público,0 a 5 personas,005,Gustavo A. Madero,0900500012593,19.5721129,-99.13477244,2019-11
9102992,COMEDOR COMUNITARIO EL RINCON DEL COYOTE,624212,Servicios de alimentación comunitarios prestados por el sector público,Apoyo comunitario,Comedor comunitario,Público,0 a 5 personas,011,Tláhuac,0901100010679,19.28849339,-99.03109325,2019-11
7671055,COMEDOR COMUNITARIO EL ROSARIO,624212,Servicios de alimentación comunitarios prestados por el sector público,Apoyo comunitario,Comedor comunitario,Público,6 a 10 personas,011,Tláhuac,0901100211003,19.23993727,-99.00577548,2019-11
674990,COMEDOR COMUNITARIO EL SAPITO,624212,Servicios de alimentación comunitarios prestados por el sector público,Apoyo comunitario,Comedor comunitario,Público,0 a 5 personas,005,Gustavo A. Madero,0900500012682,19.50675434,-99.08933389,2014-12
7674462,COMEDOR COMUNITARIO EL SASON DE MAGALY,624211,Servicios de alimentación comunitarios prestados por el sector privado,Apoyo comunitario,Comedor comunitario,Privado,0 a 5 personas,008,La Magdalena Contreras,0900800010423,19.30131368,-99.25543304,2019-11
10731091,COMEDOR COMUNITARIO EL SAZON DE ELENA,624211,Servicios de alimentación comunitarios prestados por el sector privado,Apoyo comunitario,Comedor comunitario,Privado,0 a 5 personas,014,Benito Juárez,0901400010539,19.37756292,-99.13794004,2024-11
11093665,COMEDOR COMUNITARIO EL SAZON DE MAMA,624211,Servicios de alimentación comunitarios prestados por el sector privado,Apoyo comunitario,Comedor comunitario,Privado,0 a 5 personas,016,Miguel Hidalgo,0901600010143,19.45406612,-99.19325231,2024-11
8736628,COMEDOR COMUNITARIO EL SAZON DE MAMA ELSA,624212,Servicios de alimentación comunitarios prestados por el sector público,Apoyo comunitario,Comedor comunitario,Público,0 a 5 personas,013,Xochimilco,0901300011027,19.24752704,-99.08693935,2019-11
7736761,COMEDOR COMUNITARIO EL SAZON DE MARIA,624212,Servicios de alimentación comunitarios prestados por el sector público,Apoyo comunitario,Comedor comunitario,Público,6 a 10 personas,006,Iztacalco,0900600010537,19.38901725,-99.06803838,2019-11
12315634,COMEDOR COMUNITARIO EL TRIUNFO CCB70,624212,Servicios de alimentación comunitarios prestados por el sector público,Apoyo comunitario,Comedor comunitario,Público,0 a 5 personas,005,Gustavo A. Madero,0900500011218,19.49210498,-99.07484204,2026-04
8764679,COMEDOR COMUNITARIO EL ZACATON NUM 633,624212,Servicios de alimentación comunitarios prestados por el sector público,Apoyo comunitario,Comedor comunitario,Público,0 a 5 personas,012,Tlalpan,0901200012206,19.26803236,-99.24379599,2019-11
9993224,COMEDOR COMUNITARIO ELENA,624212,Servicios de alimentación comunitarios prestados por el sector público,Apoyo comunitario,Comedor comunitario,Público,0 a 5 personas,005,Gustavo A. Madero,0900500011928,19.4796077,-99.07732099,2024-11
8612809,COMEDOR COMUNITARIO ERMITA ZARAGOZA,624212,Servicios de alimentación comunitarios prestados por el sector público,Apoyo comunitario,Comedor comunitario,Público,0 a 5 personas,007,Iztapalapa,0900700012507,19.36385415,-99.00289788,2019-11
8779384,COMEDOR COMUNITARIO FLORES,624212,Servicios de alimentación comunitarios prestados por el sector público,Apoyo comunitario,Comedor comunitario,Público,0 a 5 personas,013,Xochimilco,0901300011154,19.24473799,-99.06773303,2019-11
632708,COMEDOR COMUNITARIO FORESTAL II,624212,Servicios de alimentación comunitarios prestados por el sector público,Apoyo comunitario,Comedor comunitario,Público,0 a 5 personas,005,Gustavo A. Madero,0900500013248,19.56821978,-99.1266432,2010-07
9180637,COMEDOR COMUNITARIO FRIDA KALO,624212,Servicios de alimentación comunitarios prestados por el sector público,Apoyo comunitario,Comedor comunitario,Público,0 a 5 personas,015,Cuauhtémoc,0901500011159,19.41815861,-99.13695457,2019-11
843871,COMEDOR COMUNITARIO GUADALUPITA,624212,Servicios de alimentación comunitarios prestados por el sector público,Apoyo comunitario,Comedor comunitario,Público,0 a 5 personas,007,Iztapalapa,0900700014236,19.31949754,-99.04477501,2010-07
7613329,COMEDOR COMUNITARIO HERRANTE,624211,Servicios de alimentación comunitarios prestados por el sector privado,Apoyo comunitario,Comedor comunitario,Privado,0 a 5 personas,011,Tláhuac,0901100010594,19.31000686,-99.04128761,2019-11
8584200,COMEDOR COMUNITARIO IAN,624211,Servicios de alimentación comunitarios prestados por el sector privado,Apoyo comunitario,Comedor comunitario,Privado,0 a 5 personas,003,Coyoacán,0900300010427,19.34161288,-99.16671149,2019-11
10564774,COMEDOR COMUNITARIO IEMS AZCAPOTZALCO,624212,Servicios de alimentación comunitarios prestados por el sector público,Apoyo comunitario,Comedor comunitario,Público,0 a 5 personas,002,Azcapotzalco,0900200010129,19.49535565,-99.17628282,2024-11
732821,COMEDOR COMUNITARIO IXCALLI,624212,Servicios de alimentación comunitarios prestados por el sector público,Apoyo comunitario,Comedor comunitario,Público,0 a 5 personas,007,Iztapalapa,090070001134A,19.35655797,-98.99781613,2014-12
8896440,COMEDOR COMUNITARIO JAIME TORRES BODET,624212,Servicios de alimentación comunitarios prestados por el sector público,Apoyo comunitario,Comedor comunitario,Público,0 a 5 personas,011,Tláhuac,090110021115A,19.23180219,-98.99675174,2019-11
9971367,COMEDOR COMUNITARIO JUQUILITA,624212,Servicios de alimentación comunitarios prestados por el sector público,Apoyo comunitario,Comedor comunitario,Público,0 a 5 personas,013,Xochimilco,0901300011559,19.24300181,-99.02803967,2024-11
854017,COMEDOR COMUNITARIO KEYLA,624212,Servicios de alimentación comunitarios prestados por el sector público,Apoyo comunitario,Comedor comunitario,Público,0 a 5 personas,012,Tlalpan,0901200011481,19.27047879,-99.22277135,2010-07
8848374,COMEDOR COMUNITARIO LA CASA DE LOS ABUELOS,624212,Servicios de alimentación comunitarios prestados por el sector público,Apoyo comunitario,Comedor comunitario,Público,0 a 5 personas,009,Milpa Alta,0900900170384,19.18705807,-98.99839844,2019-11
11251477,COMEDOR COMUNITARIO LA CASA DE LUPIT,624211,Servicios de alimentación comunitarios prestados por el sector privado,Apoyo comunitario,Comedor comunitario,Privado,0 a 5 personas,012,Tlalpan,0901202821246,19.21066511,-99.16898599,2024-11
7958782,COMEDOR COMUNITARIO LA CASA DEL PUEBLO,624212,Servicios de alimentación comunitarios prestados por el sector público,Apoyo comunitario,Comedor comunitario,Público,0 a 5 personas,007,Iztapalapa,0900700011759,19.3397865,-99.0408862,2019-11
9010610,COMEDOR COMUNITARIO LA CHOCOLATERA,624212,Servicios de alimentación comunitarios prestados por el sector público,Apoyo comunitario,Comedor comunitario,Público,0 a 5 personas,017,Venustiano Carranza,0901700010390,19.43979663,-99.12111146,2019-11
9451533,COMEDOR COMUNITARIO LA ESPERANZA,624211,Servicios de alimentación comunitarios prestados por el sector privado,Apoyo comunitario,Comedor comunitario,Privado,6 a 10 personas,005,Gustavo A. Madero,0900500010563,19.51805398,-99.12810773,2023-11
11115772,COMEDOR COMUNITARIO LA FLOR DE JAMAICA,624212,Servicios de alimentación comunitarios prestados por el sector público,Apoyo comunitario,Comedor comunitario,Público,0 a 5 personas,017,Venustiano Carranza,0901700011327,19.41019799,-99.12299796,2024-11
881371,COMEDOR COMUNITARIO LA FRANCIA,624212,Servicios de alimentación comunitarios prestados por el sector público,Apoyo comunitario,Comedor comunitario,Público,0 a 5 personas,011,Tláhuac,090110011072A,19.22390984,-98.9678104,2010-07
7631565,COMEDOR COMUNITARIO LA GRANJA,624212,Servicios de alimentación comunitarios prestados por el sector público,Apoyo comunitario,Comedor comunitario,Público,6 a 10 personas,011,Tláhuac,090110021115A,19.22874913,-99.00556565,2019-11
10791699,COMEDOR COMUNITARIO LA JOYA DEL BARRIO,624212,Servicios de alimentación comunitarios prestados por el sector público,Apoyo comunitario,Comedor comunitario,Público,0 a 5 personas,013,Xochimilco,0901300011296,19.23339719,-99.09240294,2024-11
979355,COMEDOR COMUNITARIO LA LUPITA,624212,Servicios de alimentación comunitarios prestados por el sector público,Apoyo comunitario,Comedor comunitario,Público,0 a 5 personas,004,Cuajimalpa de Morelos,0900400010299,19.36699721,-99.29863869,2014-12
8706575,COMEDOR COMUNITARIO LA LUZ,624211,Servicios de alimentación comunitarios prestados por el sector privado,Apoyo comunitario,Comedor comunitario,Privado,0 a 5 personas,009,Milpa Alta,0900900010312,19.18759313,-99.02603438,2019-11
10131188,COMEDOR COMUNITARIO LA SOLEDAD,624212,Servicios de alimentación comunitarios prestados por el sector público,Apoyo comunitario,Comedor comunitario,Público,0 a 5 personas,011,Tláhuac,0901100211018,19.23815537,-98.99421144,2024-11
727374,COMEDOR COMUNITARIO LA TURBA,624211,Servicios de alimentación comunitarios prestados por el sector privado,Apoyo comunitario,Comedor comunitario,Privado,0 a 5 personas,007,Iztapalapa,0900700014363,19.295156,-99.06367476,2014-12
7802074,COMEDOR COMUNITARIO LA VERONICA,624212,Servicios de alimentación comunitarios prestados por el sector público,Apoyo comunitario,Comedor comunitario,Público,0 a 5 personas,005,Gustavo A. Madero,0900500013445,19.57463578,-99.1273278,2019-11
7748306,COMEDOR COMUNITARIO LA VIKINGA,624212,Servicios de alimentación comunitarios prestados por el sector público,Apoyo comunitario,Comedor comunitario,Público,0 a 5 personas,017,Venustiano Carranza,0901700011172,19.41496785,-99.09483311,2019-11
8530097,COMEDOR COMUNITARIO LA WERA,624212,Servicios de alimentación comunitarios prestados por el sector público,Apoyo comunitario,Comedor comunitario,Público,0 a 5 personas,010,Álvaro Obregón,0901000010347,19.38092897,-99.23016958,2019-11
7642165,COMEDOR COMUNITARIO LAS CABAÑAS,624212,Servicios de alimentación comunitarios prestados por el sector público,Apoyo comunitario,Comedor comunitario,Público,0 a 5 personas,013,Xochimilco,0901300010353,19.25438156,-99.0591466,2019-11
9351365,COMEDOR COMUNITARIO LAS CAZUELITAS DE ALCANFORES,624212,Servicios de alimentación comunitarios prestados por el sector público,Apoyo comunitario,Comedor comunitario,Público,0 a 5 personas,010,Álvaro Obregón,0901000011716,19.32530413,-99.25888224,2021-05
897305,COMEDOR COMUNITARIO LAS CHIQUITAS,624212,Servicios de alimentación comunitarios prestados por el sector público,Apoyo comunitario,Comedor comunitario,Público,0 a 5 personas,015,Cuauhtémoc,090150001113A,19.41565805,-99.14944765,2014-12
929997,COMEDOR COMUNITARIO LAS CRUCES,624212,Servicios de alimentación comunitarios prestados por el sector público,Apoyo comunitario,Comedor comunitario,Público,0 a 5 personas,008,La Magdalena Contreras,0900800010550,19.31256697,-99.25957571,2014-12
9212043,COMEDOR COMUNITARIO LAS FLORES,624212,Servicios de alimentación comunitarios prestados por el sector público,Apoyo comunitario,Comedor comunitario,Público,0 a 5 personas,008,La Magdalena Contreras,090080001057A,19.30244207,-99.26376001,2019-11
8922086,COMEDOR COMUNITARIO LAS FLORES 482,624211,Servicios de alimentación comunitarios prestados por el sector privado,Apoyo comunitario,Comedor comunitario,Privado,0 a 5 personas,011,Tláhuac,090110001147A,19.30828493,-99.04511626,2019-11
8521273,COMEDOR COMUNITARIO LAS GUERAS,624212,Servicios de alimentación comunitarios prestados por el sector público,Apoyo comunitario,Comedor comunitario,Público,0 a 5 personas,017,Venustiano Carranza,090170001087A,19.42403475,-99.07100474,2019-11
7767939,COMEDOR COMUNITARIO LAS JARDINERAS,624212,Servicios de alimentación comunitarios prestados por el sector público,Apoyo comunitario,Comedor comunitario,Público,0 a 5 personas,002,Azcapotzalco,0900200010557,19.47141502,-99.15602325,2019-11
11770953,COMEDOR COMUNITARIO LAS MADRINAS,624211,Servicios de alimentación comunitarios prestados por el sector privado,Apoyo comunitario,Comedor comunitario,Privado,0 a 5 personas,013,Xochimilco,0901300011417,19.25702209,-99.07950948,2025-04
8210460,COMEDOR COMUNITARIO LAS MARGARITAS,624212,Servicios de alimentación comunitarios prestados por el sector público,Apoyo comunitario,Comedor comunitario,Público,0 a 5 personas,005,Gustavo A. Madero,0900500010597,19.50721138,-99.12242771,2019-11
10808713,COMEDOR COMUNITARIO LEONARDOS,624211,Servicios de alimentación comunitarios prestados por el sector privado,Apoyo comunitario,Comedor comunitario,Privado,0 a 5 personas,003,Coyoacán,0900300011406,19.31595869,-99.10900044,2024-11
8540050,COMEDOR COMUNITARIO LOMA DEL PADRE,624212,Servicios de alimentación comunitarios prestados por el sector público,Apoyo comunitario,Comedor comunitario,Público,0 a 5 personas,004,Cuajimalpa de Morelos,0900400010231,19.34800533,-99.30946489,2019-11
8602862,COMEDOR COMUNITARIO LOMAS DE PADIERNA CC-69,624212,Servicios de alimentación comunitarios prestados por el sector público,Apoyo comunitario,Comedor comunitario,Público,0 a 5 personas,012,Tlalpan,0901200010322,19.29281007,-99.22444128,2019-11
7642974,COMEDOR COMUNITARIO LOS ANGELES,624211,Servicios de alimentación comunitarios prestados por el sector privado,Apoyo comunitario,Comedor comunitario,Privado,0 a 5 personas,009,Milpa Alta,0900900010026,19.18584295,-99.0225639,2019-11
7648838,COMEDOR COMUNITARIO LOS CLAVELES,624211,Servicios de alimentación comunitarios prestados por el sector privado,Apoyo comunitario,Comedor comunitario,Privado,0 a 5 personas,009,Milpa Alta,090090011051A,19.20651284,-98.98362437,2019-11
8646423,COMEDOR COMUNITARIO LOS CUATES DE DON VIC,624212,Servicios de alimentación comunitarios prestados por el sector público,Apoyo comunitario,Comedor comunitario,Público,0 a 5 personas,002,Azcapotzalco,0900200010627,19.4747284,-99.21729668,2019-11
9121710,COMEDOR COMUNITARIO LOS ENCINOS,624212,Servicios de alimentación comunitarios prestados por el sector público,Apoyo comunitario,Comedor comunitario,Público,0 a 5 personas,013,Xochimilco,0901300010601,19.22413816,-99.10733714,2019-11
733915,COMEDOR COMUNITARIO LOS PERICOS,624212,Servicios de alimentación comunitarios prestados por el sector público,Apoyo comunitario,Comedor comunitario,Público,0 a 5 personas,007,Iztapalapa,0900700015037,19.33982784,-98.98023989,2014-12
9996851,COMEDOR COMUNITARIO LOS TRES HUASTECOS,624212,Servicios de alimentación comunitarios prestados por el sector público,Apoyo comunitario,Comedor comunitario,Público,0 a 5 personas,008,La Magdalena Contreras,090080001057A,19.29705067,-99.26240303,2024-11
8736513,COMEDOR COMUNITARIO LUPITA,624212,Servicios de alimentación comunitarios prestados por el sector público,Apoyo comunitario,Comedor comunitario,Público,0 a 5 personas,013,Xochimilco,0901300010283,19.25395262,-99.1305161,2019-11
11356091,COMEDOR COMUNITARIO LUPITA XOLCO NO 630,624211,Servicios de alimentación comunitarios prestados por el sector privado,Apoyo comunitario,Comedor comunitario,Privado,0 a 5 personas,009,Milpa Alta,0900900360238,19.18095985,-99.00797274,2024-11
8706975,COMEDOR COMUNITARIO MALINTZIN,624211,Servicios de alimentación comunitarios prestados por el sector privado,Apoyo comunitario,Comedor comunitario,Privado,0 a 5 personas,009,Milpa Alta,090090017037A,19.19319006,-99.00424332,2019-11
7337598,COMEDOR COMUNITARIO MAMA LAURA,624211,Servicios de alimentación comunitarios prestados por el sector privado,Apoyo comunitario,Comedor comunitario,Privado,6 a 10 personas,006,Iztacalco,0900600010378,19.3914116,-99.13098699,2019-11
9189466,COMEDOR COMUNITARIO MAMA MAGUITOS,624212,Servicios de alimentación comunitarios prestados por el sector público,Apoyo comunitario,Comedor comunitario,Público,0 a 5 personas,012,Tlalpan,0901200010816,19.27976138,-99.22745466,2019-11
7337255,COMEDOR COMUNITARIO MAMA RUTH,624212,Servicios de alimentación comunitarios prestados por el sector público,Apoyo comunitario,Comedor comunitario,Público,0 a 5 personas,006,Iztacalco,0900600010132,19.3984215,-99.10277104,2019-11
10842026,COMEDOR COMUNITARIO MANOS A LA OLLA,624212,Servicios de alimentación comunitarios prestados por el sector público,Apoyo comunitario,Comedor comunitario,Público,0 a 5 personas,016,Miguel Hidalgo,0901600011207,19.39952106,-99.17618104,2024-11
11767623,COMEDOR COMUNITARIO MANOS A LA OLLA KAI E IAN,624211,Servicios de alimentación comunitarios prestados por el sector privado,Apoyo comunitario,Comedor comunitario,Privado,0 a 5 personas,016,Miguel Hidalgo,0901600011349,19.44874309,-99.19306423,2025-04
780611,COMEDOR COMUNITARIO MAXIMINO 284,624212,Servicios de alimentación comunitarios prestados por el sector público,Apoyo comunitario,Comedor comunitario,Público,0 a 5 personas,005,Gustavo A. Madero,0900500011398,19.47920896,-99.13647878,2010-07
8714584,COMEDOR COMUNITARIO MI HOGAR,624212,Servicios de alimentación comunitarios prestados por el sector público,Apoyo comunitario,Comedor comunitario,Público,0 a 5 personas,012,Tlalpan,0901200261689,19.22646261,-99.20346399,2019-11
9037298,COMEDOR COMUNITARIO MI PUEBLO,624212,Servicios de alimentación comunitarios prestados por el sector público,Apoyo comunitario,Comedor comunitario,Público,0 a 5 personas,007,Iztapalapa,0900700012530,19.35534421,-99.01943452,2019-11
11348377,COMEDOR COMUNITARIO MIGUEL HIDALGO,624212,Servicios de alimentación comunitarios prestados por el sector público,Apoyo comunitario,Comedor comunitario,Público,0 a 5 personas,016,Miguel Hidalgo,0901600010139,19.45901334,-99.19065916,2024-11
947595,COMEDOR COMUNITARIO MONARCAS,624212,Servicios de alimentación comunitarios prestados por el sector público,Apoyo comunitario,Comedor comunitario,Público,6 a 10 personas,011,Tláhuac,0901100011484,19.25723753,-99.0076364,2014-12
729627,COMEDOR COMUNITARIO MORELOS,624212,Servicios de alimentación comunitarios prestados por el sector público,Apoyo comunitario,Comedor comunitario,Público,0 a 5 personas,007,Iztapalapa,0900700010464,19.37457704,-99.02564709,2014-12
948696,COMEDOR COMUNITARIO MUJERES EN ACCION,624212,Servicios de alimentación comunitarios prestados por el sector público,Apoyo comunitario,Comedor comunitario,Público,0 a 5 personas,011,Tláhuac,0901100111041,19.22695822,-98.96222563,2014-12
736146,COMEDOR COMUNITARIO MUJERES LIBRES Y SOBERANAS,624212,Servicios de alimentación comunitarios prestados por el sector público,Apoyo comunitario,Comedor comunitario,Público,0 a 5 personas,007,Iztapalapa,0900700013079,19.32698771,-99.04389967,2014-12
938256,COMEDOR COMUNITARIO N.138,624211,Servicios de alimentación comunitarios prestados por el sector privado,Apoyo comunitario,Comedor comunitario,Privado,0 a 5 personas,013,Xochimilco,0901300010368,19.25302285,-99.04957187,2014-12
8779438,COMEDOR COMUNITARIO NICOLEE,624211,Servicios de alimentación comunitarios prestados por el sector privado,Apoyo comunitario,Comedor comunitario,Privado,0 a 5 personas,013,Xochimilco,0901300011154,19.24558437,-99.07824534,2019-11
10212022,COMEDOR COMUNITARIO NUESTRO PAN,624212,Servicios de alimentación comunitarios prestados por el sector público,Apoyo comunitario,Comedor comunitario,Público,0 a 5 personas,015,Cuauhtémoc,0901500011163,19.41586639,-99.13033114,2024-11
8896590,COMEDOR COMUNITARIO NUM. 610,624212,Servicios de alimentación comunitarios prestados por el sector público,Apoyo comunitario,Comedor comunitario,Público,0 a 5 personas,012,Tlalpan,0901200011513,19.26737754,-99.22656438,2019-11
697797,COMEDOR COMUNITARIO NUMERO 182 MAMA NES,624212,Servicios de alimentación comunitarios prestados por el sector público,Apoyo comunitario,Comedor comunitario,Público,0 a 5 personas,017,Venustiano Carranza,0901700011187,19.41529109,-99.09397192,2014-12
710868,COMEDOR COMUNITARIO NUMERO 245,624212,Servicios de alimentación comunitarios prestados por el sector público,Apoyo comunitario,Comedor comunitario,Público,6 a 10 personas,006,Iztacalco,0900600010024,19.42016777,-99.05990233,2014-12
680382,COMEDOR COMUNITARIO NUMERO 300 MATEO OLLIMEZTLI,624212,Servicios de alimentación comunitarios prestados por el sector público,Apoyo comunitario,Comedor comunitario,Público,0 a 5 personas,005,Gustavo A. Madero,0900500011701,19.47937057,-99.06863816,2014-12
9134744,COMEDOR COMUNITARIO NUMERO 347 MUJERES EN LUCHA,624212,Servicios de alimentación comunitarios prestados por el sector público,Apoyo comunitario,Comedor comunitario,Público,0 a 5 personas,007,Iztapalapa,0900700012653,19.34759915,-98.99089246,2019-11
858258,COMEDOR COMUNITARIO NUMERO 625,624211,Servicios de alimentación comunitarios prestados por el sector privado,Apoyo comunitario,Comedor comunitario,Privado,0 a 5 personas,012,Tlalpan,0901200010182,19.29843844,-99.16458894,2014-12
8617021,COMEDOR COMUNITARIO OBRERA,624212,Servicios de alimentación comunitarios prestados por el sector público,Apoyo comunitario,Comedor comunitario,Público,0 a 5 personas,015,Cuauhtémoc,0901500011159,19.41498348,-99.13490432,2019-11
8635906,COMEDOR COMUNITARIO OJA,624212,Servicios de alimentación comunitarios prestados por el sector público,Apoyo comunitario,Comedor comunitario,Público,0 a 5 personas,007,Iztapalapa,0900700013134,19.33669113,-98.98963494,2019-11
8521153,COMEDOR COMUNITARIO OLGUIN,624211,Servicios de alimentación comunitarios prestados por el sector privado,Apoyo comunitario,Comedor comunitario,Privado,0 a 5 personas,005,Gustavo A. Madero,0900500013286,19.55669775,-99.1470884,2019-11
829600,COMEDOR COMUNITARIO PARA EL BIENESTAR,624211,Servicios de alimentación comunitarios prestados por el sector privado,Apoyo comunitario,Comedor comunitario,Privado,0 a 5 personas,007,Iztapalapa,090070001426A,19.33207771,-98.97682355,2010-07
11793246,COMEDOR COMUNITARIO PARA EL BIENESTAR,624211,Servicios de alimentación comunitarios prestados por el sector privado,Apoyo comunitario,Comedor comunitario,Privado,0 a 5 personas,010,Álvaro Obregón,0901000010421,19.37824647,-99.20051885,2025-04
10572863,COMEDOR COMUNITARIO PARA EL BIENESTAR,624212,Servicios de alimentación comunitarios prestados por el sector público,Apoyo comunitario,Comedor comunitario,Público,0 a 5 personas,006,Iztacalco,0900600011179,19.41160082,-99.06673527,2024-11
10528746,COMEDOR COMUNITARIO PARA EL BIENESTAR,624212,Servicios de alimentación comunitarios prestados por el sector público,Apoyo comunitario,Comedor comunitario,Público,0 a 5 personas,005,Gustavo A. Madero,0900500013089,19.55098018,-99.13620037,2024-11
946692,COMEDOR COMUNITARIO PARA EL BIENESTAR SAMBORCITO CCB 162,624212,Servicios de alimentación comunitarios prestados por el sector público,Apoyo comunitario,Comedor comunitario,Público,0 a 5 personas,011,Tláhuac,0901100010325,19.28316787,-99.05740015,2014-12
839340,COMEDOR COMUNITARIO PATY,624212,Servicios de alimentación comunitarios prestados por el sector público,Apoyo comunitario,Comedor comunitario,Público,0 a 5 personas,007,Iztapalapa,0900700012140,19.30575212,-99.07633272,2014-12
1038016,COMEDOR COMUNITARIO PIRITAS NUMERO 247,624211,Servicios de alimentación comunitarios prestados por el sector privado,Apoyo comunitario,Comedor comunitario,Privado,0 a 5 personas,010,Álvaro Obregón,0901000011650,19.35582576,-99.23135508,2010-07
9955765,COMEDOR COMUNITARIO PLATA,624212,Servicios de alimentación comunitarios prestados por el sector público,Apoyo comunitario,Comedor comunitario,Público,0 a 5 personas,016,Miguel Hidalgo,0901600011156,19.39687163,-99.18752873,2024-11
7958875,COMEDOR COMUNITARIO POR EL BIENESTAR NUMERO488 GUENDALIZA,624212,Servicios de alimentación comunitarios prestados por el sector público,Apoyo comunitario,Comedor comunitario,Público,0 a 5 personas,017,Venustiano Carranza,0901700010884,19.42303264,-99.06756118,2019-11
7793312,COMEDOR COMUNITARIO RAYITO DE SOL,624211,Servicios de alimentación comunitarios prestados por el sector privado,Apoyo comunitario,Comedor comunitario,Privado,11 a 30 personas,007,Iztapalapa,0900700010962,19.35839606,-99.1021361,2019-11
11119393,COMEDOR COMUNITARIO RECREO,624212,Servicios de alimentación comunitarios prestados por el sector público,Apoyo comunitario,Comedor comunitario,Público,0 a 5 personas,006,Iztacalco,0900600010791,19.38775766,-99.11700052,2024-11
8260363,COMEDOR COMUNITARIO ROSY,624212,Servicios de alimentación comunitarios prestados por el sector público,Apoyo comunitario,Comedor comunitario,Público,0 a 5 personas,005,Gustavo A. Madero,0900500012042,19.46491555,-99.06262222,2019-11
7715218,COMEDOR COMUNITARIO RUTH,624212,Servicios de alimentación comunitarios prestados por el sector público,Apoyo comunitario,Comedor comunitario,Público,0 a 5 personas,017,Venustiano Carranza,0901700010865,19.42909038,-99.05776752,2019-11
8698738,COMEDOR COMUNITARIO SABROSANO,624212,Servicios de alimentación comunitarios prestados por el sector público,Apoyo comunitario,Comedor comunitario,Público,0 a 5 personas,006,Iztacalco,0900600011037,19.38686697,-99.09363133,2019-11
980819,COMEDOR COMUNITARIO SAGRADA FAMILIA,624212,Servicios de alimentación comunitarios prestados por el sector público,Apoyo comunitario,Comedor comunitario,Público,0 a 5 personas,015,Cuauhtémoc,0901500010536,19.44270571,-99.13769957,2010-07
7648733,COMEDOR COMUNITARIO SAN AGUSTIN,624212,Servicios de alimentación comunitarios prestados por el sector público,Apoyo comunitario,Comedor comunitario,Público,0 a 5 personas,009,Milpa Alta,0900900010331,19.18876318,-99.01769582,2019-11
12315629,COMEDOR COMUNITARIO SAN ANDRES,624212,Servicios de alimentación comunitarios prestados por el sector público,Apoyo comunitario,Comedor comunitario,Público,0 a 5 personas,011,Tláhuac,090110011072A,19.22277405,-98.95954228,2026-04
11028434,COMEDOR COMUNITARIO SAN FRANCISCO,624212,Servicios de alimentación comunitarios prestados por el sector público,Apoyo comunitario,Comedor comunitario,Público,0 a 5 personas,013,Xochimilco,0901300010669,19.19771406,-99.12276329,2024-11
10336797,COMEDOR COMUNITARIO SAN GABRIEL,624212,Servicios de alimentación comunitarios prestados por el sector público,Apoyo comunitario,Comedor comunitario,Público,6 a 10 personas,011,Tláhuac,0901101631179,19.22217415,-98.97752635,2024-11
8402128,COMEDOR COMUNITARIO SAN ISIDRO,624211,Servicios de alimentación comunitarios prestados por el sector privado,Apoyo comunitario,Comedor comunitario,Privado,0 a 5 personas,013,Xochimilco,0901300011474,19.19897863,-99.10560748,2019-11
10363352,COMEDOR COMUNITARIO SAN JOSE EL MIRADOR,624212,Servicios de alimentación comunitarios prestados por el sector público,Apoyo comunitario,Comedor comunitario,Público,0 a 5 personas,013,Xochimilco,0901300011192,19.24498826,-99.01679564,2024-11
9055579,COMEDOR COMUNITARIO SAN NICOLAS,624212,Servicios de alimentación comunitarios prestados por el sector público,Apoyo comunitario,Comedor comunitario,Público,0 a 5 personas,008,La Magdalena Contreras,0900800010349,19.29790157,-99.24380262,2019-11
7233305,COMEDOR COMUNITARIO SAN PABLO CHIMALPA,624212,Servicios de alimentación comunitarios prestados por el sector público,Apoyo comunitario,Comedor comunitario,Público,0 a 5 personas,004,Cuajimalpa de Morelos,0900400010227,19.35364901,-99.31799925,2019-11
9519844,COMEDOR COMUNITARIO SANTA MARIA AMALACACHICO 2,624212,Servicios de alimentación comunitarios prestados por el sector público,Apoyo comunitario,Comedor comunitario,Público,0 a 5 personas,013,Xochimilco,0901300010090,19.2751899,-99.11739448,2024-11
10135111,COMEDOR COMUNITARIO SANTA MARTHA,624211,Servicios de alimentación comunitarios prestados por el sector privado,Apoyo comunitario,Comedor comunitario,Privado,0 a 5 personas,009,Milpa Alta,0900900010026,19.19465721,-99.02437831,2024-11
7719088,COMEDOR COMUNITARIO SANTISIMA TRINIDAD,624212,Servicios de alimentación comunitarios prestados por el sector público,Apoyo comunitario,Comedor comunitario,Público,0 a 5 personas,003,Coyoacán,0900300011425,19.30549379,-99.14086169,2019-11
924664,COMEDOR COMUNITARIO SANTO DOMINGO,624212,Servicios de alimentación comunitarios prestados por el sector público,Apoyo comunitario,Comedor comunitario,Público,0 a 5 personas,010,Álvaro Obregón,0901000010084,19.39382035,-99.20892792,2010-07
971774,COMEDOR COMUNITARIO SAZON DE TEPEPAN,624212,Servicios de alimentación comunitarios prestados por el sector público,Apoyo comunitario,Comedor comunitario,Público,0 a 5 personas,013,Xochimilco,0901300010067,19.27217153,-99.135367,2014-12
9665092,COMEDOR COMUNITARIO SIN NOMBRE,624211,Servicios de alimentación comunitarios prestados por el sector privado,Apoyo comunitario,Comedor comunitario,Privado,0 a 5 personas,007,Iztapalapa,0900700015380,19.31557624,-99.04096436,2024-11
9944100,COMEDOR COMUNITARIO SIN NOMBRE,624212,Servicios de alimentación comunitarios prestados por el sector público,Apoyo comunitario,Comedor comunitario,Público,6 a 10 personas,006,Iztacalco,0900600010310,19.39385593,-99.07886087,2024-11
8509013,COMEDOR COMUNITARIO SIN NOMBRE,624211,Servicios de alimentación comunitarios prestados por el sector privado,Apoyo comunitario,Comedor comunitario,Privado,0 a 5 personas,013,Xochimilco,0901300010813,19.23559429,-99.14446505,2019-11
8695177,COMEDOR COMUNITARIO SIN NOMBRE,624212,Servicios de alimentación comunitarios prestados por el sector público,Apoyo comunitario,Comedor comunitario,Público,0 a 5 personas,008,La Magdalena Contreras,0900800010438,19.30817396,-99.26928699,2019-11
10826512,COMEDOR COMUNITARIO SIN NOMBRE,624212,Servicios de alimentación comunitarios prestados por el sector público,Apoyo comunitario,Comedor comunitario,Público,0 a 5 personas,007,Iztapalapa,0900700010144,19.38648733,-99.0501434,2024-11
10659865,COMEDOR COMUNITARIO SIN NOMBRE,624212,Servicios de alimentación comunitarios prestados por el sector público,Apoyo comunitario,Comedor comunitario,Público,0 a 5 personas,009,Milpa Alta,0900900240204,19.1850635,-99.07356139,2024-11
942981,COMEDOR COMUNITARIO SSB173 LAS JIMENEZ,624212,Servicios de alimentación comunitarios prestados por el sector público,Apoyo comunitario,Comedor comunitario,Público,0 a 5 personas,011,Tláhuac,0901100011111,19.30790252,-99.03868889,2014-12
7233094,COMEDOR COMUNITARIO TAMBORCITO 412,624212,Servicios de alimentación comunitarios prestados por el sector público,Apoyo comunitario,Comedor comunitario,Público,0 a 5 personas,004,Cuajimalpa de Morelos,0900400010091,19.3584973,-99.30230121,2019-11
756413,COMEDOR COMUNITARIO TEPALCATES,624211,Servicios de alimentación comunitarios prestados por el sector privado,Apoyo comunitario,Comedor comunitario,Privado,0 a 5 personas,007,Iztapalapa,0900700010021,19.39176199,-99.0559142,2010-07
7714865,COMEDOR COMUNITARIO TEPETZINGO,624212,Servicios de alimentación comunitarios prestados por el sector público,Apoyo comunitario,Comedor comunitario,Público,0 a 5 personas,017,Venustiano Carranza,0901700010348,19.44010995,-99.08169776,2019-11
9544437,COMEDOR COMUNITARIO TEPITO,624212,Servicios de alimentación comunitarios prestados por el sector público,Apoyo comunitario,Comedor comunitario,Público,0 a 5 personas,015,Cuauhtémoc,0901500010343,19.448933,-99.12954249,2024-11
1041047,COMEDOR COMUNITARIO TONACAYO,624212,Servicios de alimentación comunitarios prestados por el sector público,Apoyo comunitario,Comedor comunitario,Público,0 a 5 personas,010,Álvaro Obregón,0901000011364,19.31536906,-99.266189,2010-07
8402389,COMEDOR COMUNITARIO TONALLI,624212,Servicios de alimentación comunitarios prestados por el sector público,Apoyo comunitario,Comedor comunitario,Público,0 a 5 personas,011,Tláhuac,0901100010378,19.27949957,-99.00048871,2019-11
8126388,COMEDOR COMUNITARIO VICTORIA,624212,Servicios de alimentación comunitarios prestados por el sector público,Apoyo comunitario,Comedor comunitario,Público,0 a 5 personas,016,Miguel Hidalgo,0901600011118,19.40717507,-99.19981748,2019-11
7903670,COMEDOR COMUNITARIO VICTORIA IZTAPALAPA,624212,Servicios de alimentación comunitarios prestados por el sector público,Apoyo comunitario,Comedor comunitario,Público,0 a 5 personas,007,Iztapalapa,090070001255A,19.34840087,-99.08240469,2019-11
10532801,COMEDOR COMUNITARIO VILLA CASUELA,624212,Servicios de alimentación comunitarios prestados por el sector público,Apoyo comunitario,Comedor comunitario,Público,0 a 5 personas,011,Tláhuac,0901100241183,19.21943551,-98.96999734,2024-11
7619638,COMEDOR COMUNITARIO XALPA,624211,Servicios de alimentación comunitarios prestados por el sector privado,Apoyo comunitario,Comedor comunitario,Privado,0 a 5 personas,013,Xochimilco,0901300011188,19.2340297,-99.11893575,2019-11
7643028,COMEDOR COMUNITARIO XOCHITL,624212,Servicios de alimentación comunitarios prestados por el sector público,Apoyo comunitario,Comedor comunitario,Público,0 a 5 personas,009,Milpa Alta,0900901520613,19.17703727,-99.03423561,2019-11
950066,COMEDOR COMUNITARIO ZIHUALTEQUITE,624211,Servicios de alimentación comunitarios prestados por el sector privado,Apoyo comunitario,Comedor comunitario,Privado,0 a 5 personas,009,Milpa Alta,0900900010331,19.18802646,-99.01935255,2014-12
942608,COMEDOR COMUNITARIOA SAN ANDRES AHUAYUCAN,624212,Servicios de alimentación comunitarios prestados por el sector público,Apoyo comunitario,Comedor comunitario,Público,0 a 5 personas,013,Xochimilco,0901300010601,19.22483182,-99.10820365,2014-12
7632078,COMEDOR COMUNITARION 589 SAN JUAN IXTAYOPAN,624212,Servicios de alimentación comunitarios prestados por el sector público,Apoyo comunitario,Comedor comunitario,Público,0 a 5 personas,011,Tláhuac,0901100211018,19.23658297,-98.99475705,2019-11
7648583,COMEDOR COMUNITARO EL SOL DE ORO,624212,Servicios de alimentación comunitarios prestados por el sector público,Apoyo comunitario,Comedor comunitario,Público,0 a 5 personas,009,Milpa Alta,0900901680100,19.21767531,-99.01009731,2019-11
9924883,COMEDOR COMUNITRIO,624212,Servicios de alimentación comunitarios prestados por el sector público,Apoyo comunitario,Comedor comunitario,Público,0 a 5 personas,012,Tlalpan,0901200011316,19.27881862,-99.20317194,2024-11
916535,COMEDOR COMUNTARIO,624212,Servicios de alimentación comunitarios prestados por el sector público,Apoyo comunitario,Comedor comunitario,Público,6 a 10 personas,012,Tlalpan,090120001223A,19.27177273,-99.18970363,2014-12
821839,COMEDOR COMUNTARIO PALMITAS,624211,Servicios de alimentación comunitarios prestados por el sector privado,Apoyo comunitario,Comedor comunitario,Privado,0 a 5 personas,007,Iztapalapa,0900700012920,19.34468328,-98.99541479,2010-07
11240654,COMEDOR CONSOLIDADO CDMX,624212,Servicios de alimentación comunitarios prestados por el sector público,Apoyo comunitario,Comedor comunitario,Público,11 a 30 personas,007,Iztapalapa,0900700012475,19.37214841,-99.09494917,2024-11
689384,COMEDOR DE LA CRUZ ROJA POLANCO,624211,Servicios de alimentación comunitarios prestados por el sector privado,Apoyo comunitario,Comedor comunitario,Privado,6 a 10 personas,016,Miguel Hidalgo,0901600010622,19.43842807,-99.20858435,2014-12
11689537,COMEDOR DE TRAUMATOLOGIA,624212,Servicios de alimentación comunitarios prestados por el sector público,Apoyo comunitario,Comedor comunitario,Público,31 a 50 personas,005,Gustavo A. Madero,0900500011256,19.48514537,-99.13671966,2024-11
8528798,COMEDOR DEL BIENESTAR MI NEGRITO,624212,Servicios de alimentación comunitarios prestados por el sector público,Apoyo comunitario,Comedor comunitario,Público,0 a 5 personas,010,Álvaro Obregón,0901000010455,19.37524493,-99.2310299,2019-11
703742,COMEDOR DEL JARDIN DE NIÑOS VICENTE GUERRERO,624212,Servicios de alimentación comunitarios prestados por el sector público,Apoyo comunitario,Comedor comunitario,Público,0 a 5 personas,017,Venustiano Carranza,0901700011064,19.41491997,-99.11796978,2014-12
851610,COMEDOR DEL PEDREGAL,624212,Servicios de alimentación comunitarios prestados por el sector público,Apoyo comunitario,Comedor comunitario,Público,0 a 5 personas,012,Tlalpan,0901200011496,19.27624125,-99.23909044,2010-07
10184784,COMEDOR ESCOLAR,624212,Servicios de alimentación comunitarios prestados por el sector público,Apoyo comunitario,Comedor comunitario,Público,6 a 10 personas,007,Iztapalapa,0900700011246,19.35423782,-99.07353375,2024-11
7904944,COMEDOR ESCOLAR,624212,Servicios de alimentación comunitarios prestados por el sector público,Apoyo comunitario,Comedor comunitario,Público,6 a 10 personas,007,Iztapalapa,090070001127A,19.34817101,-99.0584479,2019-11
11530982,COMEDOR ESCOLAR,624212,Servicios de alimentación comunitarios prestados por el sector público,Apoyo comunitario,Comedor comunitario,Público,0 a 5 personas,007,Iztapalapa,0900700011246,19.35423782,-99.07353375,2024-11
9121803,COMEDOR ESCOLAR EN LA ESCUELA PRIMARIA PDTE PASCUAL ORTIZ RUBIO,624212,Servicios de alimentación comunitarios prestados por el sector público,Apoyo comunitario,Comedor comunitario,Público,6 a 10 personas,005,Gustavo A. Madero,0900500010756,19.49686826,-99.1232531,2019-11
11808677,COMEDOR ESCOLAR ESCUELA MIGUEL HIDALGO TURNO COMPLETO,624212,Servicios de alimentación comunitarios prestados por el sector público,Apoyo comunitario,Comedor comunitario,Público,6 a 10 personas,005,Gustavo A. Madero,0900500011805,19.4688518,-99.1093416,2025-04
8277218,COMEDOR ESCOLAR ESCUELA PRIMARIA QUINTIL GOMEZ ALVAREZ,624212,Servicios de alimentación comunitarios prestados por el sector público,Apoyo comunitario,Comedor comunitario,Público,0 a 5 personas,005,Gustavo A. Madero,090050001167A,19.47837689,-99.08206606,2019-11
10331464,COMEDOR ESCOLAR GENERAL GERTRUDIS SANCHEZ,624212,Servicios de alimentación comunitarios prestados por el sector público,Apoyo comunitario,Comedor comunitario,Público,0 a 5 personas,005,Gustavo A. Madero,0900500012080,19.46477386,-99.10041016,2024-11
8646600,COMEDOR ESCOLAR HERCED,624212,Servicios de alimentación comunitarios prestados por el sector público,Apoyo comunitario,Comedor comunitario,Público,6 a 10 personas,005,Gustavo A. Madero,0900500010332,19.52366986,-99.13867185,2019-11
8254335,COMEDOR ESCOLAR MARY,624212,Servicios de alimentación comunitarios prestados por el sector público,Apoyo comunitario,Comedor comunitario,Público,6 a 10 personas,007,Iztapalapa,0900700015319,19.34022886,-98.99347976,2019-11
6956434,COMEDOR ESCOLAR OHANA,624212,Servicios de alimentación comunitarios prestados por el sector público,Apoyo comunitario,Comedor comunitario,Público,6 a 10 personas,005,Gustavo A. Madero,0900500011716,19.47952817,-99.06675301,2019-11
11058943,COMEDOR ESCOLAR PRIMARIA MANUEL AVILA CAMACHO,624212,Servicios de alimentación comunitarios prestados por el sector público,Apoyo comunitario,Comedor comunitario,Público,6 a 10 personas,005,Gustavo A. Madero,0900500012080,19.46493279,-99.10121426,2024-11
10629133,COMEDOR ESCOLAR QUALITY EXPRESS,624212,Servicios de alimentación comunitarios prestados por el sector público,Apoyo comunitario,Comedor comunitario,Público,6 a 10 personas,005,Gustavo A. Madero,0900500011699,19.47676902,-99.07113052,2024-11
6956602,COMEDOR ESCOLAR SECUNDARIA 326,624212,Servicios de alimentación comunitarios prestados por el sector público,Apoyo comunitario,Comedor comunitario,Público,6 a 10 personas,005,Gustavo A. Madero,0900500011932,19.47377237,-99.06840243,2019-11
10978163,COMEDOR JOSE GUADALUPE PASADA,624212,Servicios de alimentación comunitarios prestados por el sector público,Apoyo comunitario,Comedor comunitario,Público,0 a 5 personas,007,Iztapalapa,0900700015304,19.34258514,-99.00510136,2024-11
8679827,COMEDOR LA CASILDA CUATEPEC 2,624212,Servicios de alimentación comunitarios prestados por el sector público,Apoyo comunitario,Comedor comunitario,Público,0 a 5 personas,005,Gustavo A. Madero,0900500012625,19.555941,-99.12634751,2019-11
8896557,COMEDOR LA ESPERANZA CCB 426,624211,Servicios de alimentación comunitarios prestados por el sector privado,Apoyo comunitario,Comedor comunitario,Privado,0 a 5 personas,012,Tlalpan,0901200011123,19.272953,-99.16941235,2019-11
703411,COMEDOR NUEVO SOL,624212,Servicios de alimentación comunitarios prestados por el sector público,Apoyo comunitario,Comedor comunitario,Público,11 a 30 personas,017,Venustiano Carranza,0901700011045,19.41815102,-99.12513697,2014-12
8629648,COMEDOR PARA EL BIENESTAR,624212,Servicios de alimentación comunitarios prestados por el sector público,Apoyo comunitario,Comedor comunitario,Público,0 a 5 personas,007,Iztapalapa,0900700010360,19.37640153,-99.10873443,2019-11
816261,COMEDOR PODER AUTONOMO DE MEXICO,624212,Servicios de alimentación comunitarios prestados por el sector público,Apoyo comunitario,Comedor comunitario,Público,0 a 5 personas,005,Gustavo A. Madero,0900500011932,19.47607704,-99.06990189,2010-07
8038457,COMEDOR POLPULAR COLECTIVO MUSAS,624212,Servicios de alimentación comunitarios prestados por el sector público,Apoyo comunitario,Comedor comunitario,Público,0 a 5 personas,012,Tlalpan,0901200012013,19.25648936,-99.17093559,2019-11
927576,COMEDOR POPULAR,624212,Servicios de alimentación comunitarios prestados por el sector público,Apoyo comunitario,Comedor comunitario,Público,0 a 5 personas,010,Álvaro Obregón,0901000011839,19.34994207,-99.22049919,2014-12
9598226,COMEDOR POPULAR,624212,Servicios de alimentación comunitarios prestados por el sector público,Apoyo comunitario,Comedor comunitario,Público,0 a 5 personas,004,Cuajimalpa de Morelos,0900400010227,19.34638694,-99.31788396,2024-11
720399,COMEDOR POPULAR,624212,Servicios de alimentación comunitarios prestados por el sector público,Apoyo comunitario,Comedor comunitario,Público,0 a 5 personas,007,Iztapalapa,0900700010411,19.37689011,-99.06882408,2014-12
8629783,COMEDOR POPULAR,624212,Servicios de alimentación comunitarios prestados por el sector público,Apoyo comunitario,Comedor comunitario,Público,0 a 5 personas,007,Iztapalapa,0900700011053,19.35661674,-99.05419849,2019-11
7714843,COMEDOR POPULAR,624212,Servicios de alimentación comunitarios prestados por el sector público,Apoyo comunitario,Comedor comunitario,Público,0 a 5 personas,005,Gustavo A. Madero,0900500012485,19.44816777,-99.05545746,2019-11
9572475,COMEDOR POPULAR,624211,Servicios de alimentación comunitarios prestados por el sector privado,Apoyo comunitario,Comedor comunitario,Privado,0 a 5 personas,007,Iztapalapa,0900700013115,19.34117554,-99.0007711,2024-11
8305737,COMEDOR POPULAR,624212,Servicios de alimentación comunitarios prestados por el sector público,Apoyo comunitario,Comedor comunitario,Público,0 a 5 personas,007,Iztapalapa,0900700013539,19.29553041,-99.07667767,2019-11
8604496,COMEDOR POPULAR 5 PANES,624212,Servicios de alimentación comunitarios prestados por el sector público,Apoyo comunitario,Comedor comunitario,Público,0 a 5 personas,007,Iztapalapa,0900700014397,19.28917157,-99.06496008,2019-11
7832099,COMEDOR POPULAR ALVARO OBREGON,624212,Servicios de alimentación comunitarios prestados por el sector público,Apoyo comunitario,Comedor comunitario,Público,0 a 5 personas,007,Iztapalapa,0900700012437,19.37443759,-99.03651724,2019-11
7643473,COMEDOR POPULAR ANTORCHA DEL CARMEN,624212,Servicios de alimentación comunitarios prestados por el sector público,Apoyo comunitario,Comedor comunitario,Público,0 a 5 personas,009,Milpa Alta,0900900240204,19.18625848,-99.07335712,2019-11
948368,COMEDOR POPULAR AYAQUEMETL,624212,Servicios de alimentación comunitarios prestados por el sector público,Apoyo comunitario,Comedor comunitario,Público,0 a 5 personas,009,Milpa Alta,0900903000632,19.21091904,-98.9733043,2014-12
7816780,COMEDOR POPULAR BERACA,624212,Servicios de alimentación comunitarios prestados por el sector público,Apoyo comunitario,Comedor comunitario,Público,0 a 5 personas,007,Iztapalapa,090070001426A,19.32938324,-98.97647032,2019-11
8027563,COMEDOR POPULAR BRIGITTE,624211,Servicios de alimentación comunitarios prestados por el sector privado,Apoyo comunitario,Comedor comunitario,Privado,0 a 5 personas,016,Miguel Hidalgo,0901600010020,19.46801855,-99.20908283,2019-11
9032352,COMEDOR POPULAR CRUZITA,624211,Servicios de alimentación comunitarios prestados por el sector privado,Apoyo comunitario,Comedor comunitario,Privado,0 a 5 personas,013,Xochimilco,0901300010298,19.25981433,-99.12862618,2019-11
8714481,COMEDOR POPULAR CUATLI,624212,Servicios de alimentación comunitarios prestados por el sector público,Apoyo comunitario,Comedor comunitario,Público,0 a 5 personas,012,Tlalpan,0901201351227,19.24112836,-99.23301852,2019-11
710358,COMEDOR POPULAR CUAUTEMOC,624212,Servicios de alimentación comunitarios prestados por el sector público,Apoyo comunitario,Comedor comunitario,Público,0 a 5 personas,006,Iztacalco,0900600010202,19.39651599,-99.06500373,2014-12
949722,COMEDOR POPULAR DEL DIF-CDMX COMEDOR SEMATUR,624212,Servicios de alimentación comunitarios prestados por el sector público,Apoyo comunitario,Comedor comunitario,Público,0 a 5 personas,009,Milpa Alta,0900900170365,19.20219831,-99.01580025,2014-12
925791,COMEDOR POPULAR DIGNA OCHOA,624212,Servicios de alimentación comunitarios prestados por el sector público,Apoyo comunitario,Comedor comunitario,Público,0 a 5 personas,010,Álvaro Obregón,0901000011646,19.3532926,-99.23711162,2014-12
7613441,COMEDOR POPULAR DON COMELON,624212,Servicios de alimentación comunitarios prestados por el sector público,Apoyo comunitario,Comedor comunitario,Público,0 a 5 personas,011,Tláhuac,0901100010240,19.29128123,-99.01015296,2019-11
8030604,COMEDOR POPULAR DON PANCHO,624212,Servicios de alimentación comunitarios prestados por el sector público,Apoyo comunitario,Comedor comunitario,Público,0 a 5 personas,016,Miguel Hidalgo,0901600010105,19.45705106,-99.20510555,2019-11
878388,COMEDOR POPULAR DOÑA ANGELA,624212,Servicios de alimentación comunitarios prestados por el sector público,Apoyo comunitario,Comedor comunitario,Público,0 a 5 personas,004,Cuajimalpa de Morelos,0900400010231,19.35377046,-99.30880039,2014-12
953272,COMEDOR POPULAR DURAN,624212,Servicios de alimentación comunitarios prestados por el sector público,Apoyo comunitario,Comedor comunitario,Público,0 a 5 personas,015,Cuauhtémoc,0901500011233,19.41189918,-99.14484178,2010-07
7736967,COMEDOR POPULAR EBENEZER,624212,Servicios de alimentación comunitarios prestados por el sector público,Apoyo comunitario,Comedor comunitario,Público,0 a 5 personas,007,Iztapalapa,0900700010426,19.37566152,-99.07371809,2019-11
709567,COMEDOR POPULAR EL BUEN SAZON,624212,Servicios de alimentación comunitarios prestados por el sector público,Apoyo comunitario,Comedor comunitario,Público,11 a 30 personas,006,Iztacalco,0900600010537,19.3906393,-99.06827377,2014-12
919708,COMEDOR POPULAR EL CAMBIO,624212,Servicios de alimentación comunitarios prestados por el sector público,Apoyo comunitario,Comedor comunitario,Público,0 a 5 personas,004,Cuajimalpa de Morelos,090040001041A,19.36976327,-99.28071273,2014-12
8694599,COMEDOR POPULAR EL RINCON,624211,Servicios de alimentación comunitarios prestados por el sector privado,Apoyo comunitario,Comedor comunitario,Privado,0 a 5 personas,008,La Magdalena Contreras,0900800010461,19.29114625,-99.24966886,2019-11
817696,COMEDOR POPULAR EL RINCONCITO DEL BUEN SASON,624211,Servicios de alimentación comunitarios prestados por el sector privado,Apoyo comunitario,Comedor comunitario,Privado,0 a 5 personas,007,Iztapalapa,0900700015304,19.34218281,-99.00447114,2010-07
827789,COMEDOR POPULAR GRANADA,624212,Servicios de alimentación comunitarios prestados por el sector público,Apoyo comunitario,Comedor comunitario,Público,0 a 5 personas,007,Iztapalapa,0900700012776,19.34218427,-99.02425881,2010-07
8305775,COMEDOR POPULAR HARO,624212,Servicios de alimentación comunitarios prestados por el sector público,Apoyo comunitario,Comedor comunitario,Público,0 a 5 personas,007,Iztapalapa,090070001216A,19.30160842,-99.06964278,2019-11
727903,COMEDOR POPULAR JATLY,624212,Servicios de alimentación comunitarios prestados por el sector público,Apoyo comunitario,Comedor comunitario,Público,0 a 5 personas,007,Iztapalapa,0900700013539,19.29415935,-99.07424341,2014-12
6487473,COMEDOR POPULAR JUST,624212,Servicios de alimentación comunitarios prestados por el sector público,Apoyo comunitario,Comedor comunitario,Público,0 a 5 personas,007,Iztapalapa,0900700015554,19.34101985,-99.02265073,2016-01
944494,COMEDOR POPULAR LA CABAÑA DEL TIO,624212,Servicios de alimentación comunitarios prestados por el sector público,Apoyo comunitario,Comedor comunitario,Público,0 a 5 personas,011,Tláhuac,0901100010378,19.2783548,-98.99837898,2014-12
8306041,COMEDOR POPULAR LA CAMELIA,624211,Servicios de alimentación comunitarios prestados por el sector privado,Apoyo comunitario,Comedor comunitario,Privado,0 a 5 personas,007,Iztapalapa,0900700014170,19.31967841,-99.06187457,2019-11
8038451,COMEDOR POPULAR LA CAZUELITA,624212,Servicios de alimentación comunitarios prestados por el sector público,Apoyo comunitario,Comedor comunitario,Público,0 a 5 personas,012,Tlalpan,090120001159A,19.2434832,-99.1812796,2019-11
948231,COMEDOR POPULAR LA MAGDALENA,624211,Servicios de alimentación comunitarios prestados por el sector privado,Apoyo comunitario,Comedor comunitario,Privado,0 a 5 personas,011,Tláhuac,0901100210791,19.23935431,-98.99291169,2014-12
732600,COMEDOR POPULAR LAS AMIGAS,624212,Servicios de alimentación comunitarios prestados por el sector público,Apoyo comunitario,Comedor comunitario,Público,0 a 5 personas,007,Iztapalapa,0900700012757,19.33892389,-99.01646902,2014-12
946986,COMEDOR POPULAR LAS MARTINEZ,624212,Servicios de alimentación comunitarios prestados por el sector público,Apoyo comunitario,Comedor comunitario,Público,0 a 5 personas,011,Tláhuac,0901100011094,19.2862064,-99.06759063,2014-12
8632076,COMEDOR POPULAR LAS RANITAS,624212,Servicios de alimentación comunitarios prestados por el sector público,Apoyo comunitario,Comedor comunitario,Público,0 a 5 personas,011,Tláhuac,0901100010946,19.26305743,-99.00378813,2019-11
8257747,COMEDOR POPULAR LOS OSOS,624212,Servicios de alimentación comunitarios prestados por el sector público,Apoyo comunitario,Comedor comunitario,Público,0 a 5 personas,007,Iztapalapa,0900700014039,19.33492622,-99.05433343,2019-11
9067315,COMEDOR POPULAR MINAS,624212,Servicios de alimentación comunitarios prestados por el sector público,Apoyo comunitario,Comedor comunitario,Público,0 a 5 personas,007,Iztapalapa,0900700012653,19.35124864,-98.99056214,2019-11
842640,COMEDOR POPULAR NUESTRAS RAICES,624212,Servicios de alimentación comunitarios prestados por el sector público,Apoyo comunitario,Comedor comunitario,Público,0 a 5 personas,007,Iztapalapa,0900700015412,19.28962925,-99.06986381,2010-07
675157,COMEDOR POPULAR ORGANIZACION POLITICA,624212,Servicios de alimentación comunitarios prestados por el sector público,Apoyo comunitario,Comedor comunitario,Público,6 a 10 personas,005,Gustavo A. Madero,0900500011754,19.46835424,-99.12892106,2014-12
8376875,COMEDOR POPULAR PARA EL BIENESTAR,624212,Servicios de alimentación comunitarios prestados por el sector público,Apoyo comunitario,Comedor comunitario,Público,0 a 5 personas,007,Iztapalapa,0900700010943,19.36206342,-99.1153142,2019-11
11069142,COMEDOR POPULAR PARA EL BIENESTAR,624212,Servicios de alimentación comunitarios prestados por el sector público,Apoyo comunitario,Comedor comunitario,Público,0 a 5 personas,006,Iztacalco,0900600010310,19.3936755,-99.07782338,2024-11
11081065,COMEDOR POPULAR PARA EL BIENESTAR DEL DIF,624212,Servicios de alimentación comunitarios prestados por el sector público,Apoyo comunitario,Comedor comunitario,Público,0 a 5 personas,008,La Magdalena Contreras,0900800010512,19.32684592,-99.25400586,2024-11
921591,COMEDOR POPULAR PARA EL BIENESTAR DIF LA COCINA DE DOÑA GUILLE,624212,Servicios de alimentación comunitarios prestados por el sector público,Apoyo comunitario,Comedor comunitario,Público,0 a 5 personas,004,Cuajimalpa de Morelos,0900400010320,19.34207928,-99.28917629,2014-12
948655,COMEDOR POPULAR PUERTO VALLARTA,624212,Servicios de alimentación comunitarios prestados por el sector público,Apoyo comunitario,Comedor comunitario,Público,0 a 5 personas,011,Tláhuac,0901101031198,19.22060252,-98.9637701,2014-12
8387330,COMEDOR POPULAR REINA DEL SUR,624211,Servicios de alimentación comunitarios prestados por el sector privado,Apoyo comunitario,Comedor comunitario,Privado,0 a 5 personas,003,Coyoacán,090030001061A,19.32688999,-99.17150183,2019-11
11502671,COMEDOR POPULAR SIN NOMBRE,624211,Servicios de alimentación comunitarios prestados por el sector privado,Apoyo comunitario,Comedor comunitario,Privado,0 a 5 personas,007,Iztapalapa,0900700015380,19.31466902,-99.04258233,2024-11
7934353,COMEDOR POPULAR SOTO ZURYTH,624212,Servicios de alimentación comunitarios prestados por el sector público,Apoyo comunitario,Comedor comunitario,Público,11 a 30 personas,007,Iztapalapa,0900700011890,19.32521116,-99.07756082,2019-11
11234356,COMEDOR POPULAR SOYALTEPEC,624212,Servicios de alimentación comunitarios prestados por el sector público,Apoyo comunitario,Comedor comunitario,Público,0 a 5 personas,007,Iztapalapa,0900700014876,19.33763521,-98.99654367,2024-11
949208,COMEDOR POPULAR SUSY,624211,Servicios de alimentación comunitarios prestados por el sector privado,Apoyo comunitario,Comedor comunitario,Privado,0 a 5 personas,009,Milpa Alta,0900900110435,19.21098007,-98.99275199,2014-12
7718246,COMEDOR POPULAR TEOTIHUACANOS,624212,Servicios de alimentación comunitarios prestados por el sector público,Apoyo comunitario,Comedor comunitario,Público,0 a 5 personas,003,Coyoacán,0900300010817,19.31993657,-99.15872796,2019-11
7665019,COMEDOR POPULAR TEQUIMILPA,624212,Servicios de alimentación comunitarios prestados por el sector público,Apoyo comunitario,Comedor comunitario,Público,0 a 5 personas,009,Milpa Alta,090090017037A,19.19573797,-99.00571654,2019-11
945864,COMEDOR POPULAR TERE,624212,Servicios de alimentación comunitarios prestados por el sector público,Apoyo comunitario,Comedor comunitario,Público,0 a 5 personas,011,Tláhuac,0901100010664,19.29139556,-99.05505783,2014-12
8698583,COMEDOR POPULAR VIDA DIGNA,624212,Servicios de alimentación comunitarios prestados por el sector público,Apoyo comunitario,Comedor comunitario,Público,6 a 10 personas,006,Iztacalco,0900600010414,19.39712221,-99.11012567,2019-11
9185529,COMEDOR POPULAR XILOT,624212,Servicios de alimentación comunitarios prestados por el sector público,Apoyo comunitario,Comedor comunitario,Público,0 a 5 personas,009,Milpa Alta,0900900170399,19.18758909,-98.99467247,2019-11
7299422,COMEDOR POPULAR ZAPATA,624212,Servicios de alimentación comunitarios prestados por el sector público,Apoyo comunitario,Comedor comunitario,Público,0 a 5 personas,010,Álvaro Obregón,090100001174A,19.32056198,-99.2648996,2019-11
1019669,COMEDOR PUBLICO,624212,Servicios de alimentación comunitarios prestados por el sector público,Apoyo comunitario,Comedor comunitario,Público,0 a 5 personas,012,Tlalpan,0901200011212,19.23330977,-99.16406181,2010-07
7673828,COMEDOR PUBLICO,624212,Servicios de alimentación comunitarios prestados por el sector público,Apoyo comunitario,Comedor comunitario,Público,0 a 5 personas,008,La Magdalena Contreras,0900800010315,19.30107931,-99.24562797,2019-11
9595523,COMEDOR PUBLICO,624212,Servicios de alimentación comunitarios prestados por el sector público,Apoyo comunitario,Comedor comunitario,Público,0 a 5 personas,013,Xochimilco,0901300010442,19.24531239,-99.10133254,2024-11
11725962,COMEDOR PUBLICO,624212,Servicios de alimentación comunitarios prestados por el sector público,Apoyo comunitario,Comedor comunitario,Público,0 a 5 personas,013,Xochimilco,0901300011313,19.2552705,-99.01723877,2025-04
9010159,COMEDOR PUBLICO,624212,Servicios de alimentación comunitarios prestados por el sector público,Apoyo comunitario,Comedor comunitario,Público,0 a 5 personas,007,Iztapalapa,0900700010515,19.37415155,-99.12548639,2019-11
10974485,COMEDOR PUBLICO CPB33 PILARES RATON MACIAS,624212,Servicios de alimentación comunitarios prestados por el sector público,Apoyo comunitario,Comedor comunitario,Público,0 a 5 personas,015,Cuauhtémoc,0901500011483,19.40612128,-99.14828678,2024-11
10469777,COMEDOR PUBLICO CPB43 SECOI CANTARITOS,624212,Servicios de alimentación comunitarios prestados por el sector público,Apoyo comunitario,Comedor comunitario,Público,0 a 5 personas,013,Xochimilco,0901300011347,19.26399533,-99.12795217,2024-11
10551449,COMEDOR PUBLICO DEL BIENESTAR CPB 10 SANTA BARBARA,624212,Servicios de alimentación comunitarios prestados por el sector público,Apoyo comunitario,Comedor comunitario,Público,0 a 5 personas,002,Azcapotzalco,0900200010129,19.49965005,-99.17681385,2024-11
8228205,COMEDOR PUBLICO MEXICO NUEVO,624212,Servicios de alimentación comunitarios prestados por el sector público,Apoyo comunitario,Comedor comunitario,Público,0 a 5 personas,016,Miguel Hidalgo,0901600010247,19.45205887,-99.2027882,2019-11
8922726,COMEDOR PUBLICO MUYUGUARDA 42,624212,Servicios de alimentación comunitarios prestados por el sector público,Apoyo comunitario,Comedor comunitario,Público,0 a 5 personas,013,Xochimilco,0901300011385,19.27617272,-99.11858737,2019-11
11765150,COMEDOR PUBLICO SAN PABLO OZTOTEPEC,624212,Servicios de alimentación comunitarios prestados por el sector público,Apoyo comunitario,Comedor comunitario,Público,0 a 5 personas,009,Milpa Alta,0900901170539,19.17389336,-99.06929509,2025-04
1015240,COMEDOR PUERTO ESCONDIDO,624211,Servicios de alimentación comunitarios prestados por el sector privado,Apoyo comunitario,Comedor comunitario,Privado,0 a 5 personas,003,Coyoacán,0900300010037,19.35244245,-99.16121129,2010-07
6201754,COMEDOR SANTA MARIA,624211,Servicios de alimentación comunitarios prestados por el sector privado,Apoyo comunitario,Comedor comunitario,Privado,6 a 10 personas,010,Álvaro Obregón,0901000011519,19.38263346,-99.21622106,2010-07
7262094,COMEDOR SANTA MARIA,624212,Servicios de alimentación comunitarios prestados por el sector público,Apoyo comunitario,Comedor comunitario,Público,6 a 10 personas,010,Álvaro Obregón,0901000011472,19.37666478,-99.24552301,2019-11
8539946,COMEDOR SANTA MARIA,624211,Servicios de alimentación comunitarios prestados por el sector privado,Apoyo comunitario,Comedor comunitario,Privado,11 a 30 personas,010,Álvaro Obregón,0901000011379,19.37280628,-99.2652844,2019-11
9055542,COMEDOR SANTA MARIA,624212,Servicios de alimentación comunitarios prestados por el sector público,Apoyo comunitario,Comedor comunitario,Público,6 a 10 personas,003,Coyoacán,0900300010982,19.3127664,-99.14885562,2019-11
1001896,COMEDOR SANTA MARIA,624211,Servicios de alimentación comunitarios prestados por el sector privado,Apoyo comunitario,Comedor comunitario,Privado,6 a 10 personas,012,Tlalpan,090120001223A,19.27216157,-99.18631338,2010-07
8653870,COMEDOR SANTA MARIA,624212,Servicios de alimentación comunitarios prestados por el sector público,Apoyo comunitario,Comedor comunitario,Público,0 a 5 personas,012,Tlalpan,0901200011316,19.28049788,-99.20272709,2019-11
1037369,COMEDOR SANTA MARIA,624211,Servicios de alimentación comunitarios prestados por el sector privado,Apoyo comunitario,Comedor comunitario,Privado,6 a 10 personas,010,Álvaro Obregón,0901000011595,19.36687803,-99.24707468,2010-07
8564267,COMEDOR SANTA MARIA ARAÑA,624212,Servicios de alimentación comunitarios prestados por el sector público,Apoyo comunitario,Comedor comunitario,Público,6 a 10 personas,010,Álvaro Obregón,0901000012023,19.36148912,-99.24006283,2019-11
11764672,COMEDOR SAZON DE CERRILLOS,624211,Servicios de alimentación comunitarios prestados por el sector privado,Apoyo comunitario,Comedor comunitario,Privado,0 a 5 personas,013,Xochimilco,0901300011328,19.24844017,-99.02764402,2025-04
9844387,COMEDOR SOCIAL,624212,Servicios de alimentación comunitarios prestados por el sector público,Apoyo comunitario,Comedor comunitario,Público,0 a 5 personas,015,Cuauhtémoc,0901500011106,19.41576142,-99.16214153,2024-11
8260476,COMEDOR SOCIAL,624212,Servicios de alimentación comunitarios prestados por el sector público,Apoyo comunitario,Comedor comunitario,Público,0 a 5 personas,005,Gustavo A. Madero,090050001199A,19.46932547,-99.07001061,2019-11
7802114,COMEDOR SOCIAL 443 EL CALLEJON DEL SABOR,624211,Servicios de alimentación comunitarios prestados por el sector privado,Apoyo comunitario,Comedor comunitario,Privado,0 a 5 personas,005,Gustavo A. Madero,0900500012729,19.56535404,-99.13403464,2019-11
679071,COMEDOR SOCIAL AUTOPIA SALUDABLE,624212,Servicios de alimentación comunitarios prestados por el sector público,Apoyo comunitario,Comedor comunitario,Público,6 a 10 personas,005,Gustavo A. Madero,0900500012358,19.45622437,-99.06888726,2014-12
8635654,COMEDOR SOCIAL COMUNITARIO LAS GAVILANAS,624212,Servicios de alimentación comunitarios prestados por el sector público,Apoyo comunitario,Comedor comunitario,Público,6 a 10 personas,007,Iztapalapa,0900700014931,19.34895493,-99.01145815,2019-11
10225089,COMEDOR SOCIAL DE ASISTENCIA COMUNITARIA,624212,Servicios de alimentación comunitarios prestados por el sector público,Apoyo comunitario,Comedor comunitario,Público,0 a 5 personas,004,Cuajimalpa de Morelos,0900400010320,19.34662733,-99.28444901,2024-11
680389,COMEDOR SOCIAL LA PRADERA,624212,Servicios de alimentación comunitarios prestados por el sector público,Apoyo comunitario,Comedor comunitario,Público,0 a 5 personas,005,Gustavo A. Madero,0900500011932,19.47447753,-99.06916287,2014-12
10757462,COMEDOR SOCIAL PARA EL BIENESTAR,624212,Servicios de alimentación comunitarios prestados por el sector público,Apoyo comunitario,Comedor comunitario,Público,0 a 5 personas,005,Gustavo A. Madero,0900500010258,19.53389828,-99.13788301,2024-11
1001507,COMEDOR VICENTINO,624211,Servicios de alimentación comunitarios prestados por el sector privado,Apoyo comunitario,Comedor comunitario,Privado,0 a 5 personas,015,Cuauhtémoc,0901500010644,19.43931811,-99.13945737,2010-07
7787860,COMEDORES HARAZA KIDS,624212,Servicios de alimentación comunitarios prestados por el sector público,Apoyo comunitario,Comedor comunitario,Público,6 a 10 personas,006,Iztacalco,0900600010255,19.40384346,-99.12322203,2019-11
935828,COMUNIDAD CON CORAZON FAUSTO,624121,Centros del sector privado dedicados a la atención y cuidado diurno de ancianos y discapacitados,Personas mayores y discapacidad,Centro de día,Privado,0 a 5 personas,013,Xochimilco,0901300010029,19.28080002,-99.13285844,2014-12
7595626,COMUNIDAD EMAUS,624121,Centros del sector privado dedicados a la atención y cuidado diurno de ancianos y discapacitados,Personas mayores y discapacidad,Centro de día,Privado,11 a 30 personas,012,Tlalpan,0901200271782,19.20581284,-99.13191432,2019-11
1049830,COMUNIDAD ESPECIAL DE DESARROLLO E INTEGRACION,624121,Centros del sector privado dedicados a la atención y cuidado diurno de ancianos y discapacitados,Personas mayores y discapacidad,Centro de día,Privado,11 a 30 personas,010,Álvaro Obregón,0901000011218,19.33621123,-99.21882209,2010-07
8582836,CON ESMERO Y CARIÑO,623311,Asilos y otras residencias del sector privado para el cuidado de ancianos,Personas mayores,Residencia / asilo,Privado,6 a 10 personas,003,Coyoacán,0900300010501,19.33673152,-99.13253727,2019-11
850834,CON GANAS DE VIVIR,623111,"Residencias del sector privado con cuidados de enfermeras para enfermos convalecientes, en rehabilitación, incurables y terminales",Salud y discapacidad,Residencia con enfermería,Privado,0 a 5 personas,015,Cuauhtémoc,0901500010127,19.45813883,-99.12552324,2010-07
7733339,CONSTRUYENDO UN ESPACIO PARA EL ESPARCIMIENTO DEL ADULTO MAYOR,624122,Centros del sector público dedicados a la atención y cuidado diurno de ancianos y discapacitados,Personas mayores y discapacidad,Centro de día,Público,6 a 10 personas,015,Cuauhtémoc,0901500011515,19.40699595,-99.12889637,2019-11
10354385,CONSULTORIO DE CUIDADOS PAULATIVOS,623111,"Residencias del sector privado con cuidados de enfermeras para enfermos convalecientes, en rehabilitación, incurables y terminales",Salud y discapacidad,Residencia con enfermería,Privado,0 a 5 personas,005,Gustavo A. Madero,0900500010953,19.49139908,-99.13176172,2024-11
1041569,CONSULTORIO DE TERAPIA OCUPACIONAL LA CARITA FELIZ,624411,Guarderías del sector privado,Infancia,Guardería,Privado,0 a 5 personas,013,Xochimilco,0901300010550,19.25620182,-99.01477604,2010-07
11147834,COOPERATIVA ESCOLAR,624212,Servicios de alimentación comunitarios prestados por el sector público,Apoyo comunitario,Comedor comunitario,Público,0 a 5 personas,002,Azcapotzalco,0900200010379,19.47331813,-99.16083824,2024-11
706673,COOPERATIVA ESCOLAR ESCUELA PRIMARIA CARLOS ZAPATA VELA TUTNO MATUTINO,624212,Servicios de alimentación comunitarios prestados por el sector público,Apoyo comunitario,Comedor comunitario,Público,6 a 10 personas,006,Iztacalco,0900600010433,19.39459825,-99.10524031,2014-12
655330,COOPERATIVA ESCOLAR MEXICO 68,624212,Servicios de alimentación comunitarios prestados por el sector público,Apoyo comunitario,Comedor comunitario,Público,0 a 5 personas,017,Venustiano Carranza,090170001030A,19.44233616,-99.09962827,2010-07
845275,COOPERATIVA ESCUELA SECUNDARIA 191 TURNO MATUTINO,624212,Servicios de alimentación comunitarios prestados por el sector público,Apoyo comunitario,Comedor comunitario,Público,0 a 5 personas,005,Gustavo A. Madero,0900500012038,19.46668468,-99.05930867,2010-07
824670,COOPERATIVA GENERAL LUCIO BLANCO TM,624212,Servicios de alimentación comunitarios prestados por el sector público,Apoyo comunitario,Comedor comunitario,Público,6 a 10 personas,007,Iztapalapa,0900700010835,19.36364262,-99.01834031,2010-07
845280,COOPERATIVA IMPERIO AZTECA DE LA ESCUELA PRIMARIA PROFESORA BEATRIZ DE GORTARI PEREZ TURNO VESPERTINO,624212,Servicios de alimentación comunitarios prestados por el sector público,Apoyo comunitario,Comedor comunitario,Público,0 a 5 personas,005,Gustavo A. Madero,0900500012038,19.46802028,-99.06100757,2010-07
8603233,CRECE CENTRO,624411,Guarderías del sector privado,Infancia,Guardería,Privado,11 a 30 personas,012,Tlalpan,0901200010074,19.30010951,-99.19277898,2019-11
9180258,CUBA MEXICO POR LA VIDA,623211,Residencias del sector privado para el cuidado de personas con problemas de retardo mental,Salud y discapacidad,Residencia discapacidad intelectual,Privado,11 a 30 personas,014,Benito Juárez,090140001076A,19.37460872,-99.16096807,2019-11
6306189,CUERPO NO 1,623991,Orfanatos y otras residencias de asistencia social del sector privado,Asistencia social,Orfanato / residencia asistencial,Privado,0 a 5 personas,017,Venustiano Carranza,0901700010225,19.44272617,-99.11837435,2010-07
6306483,CUERPO NO 3,623991,Orfanatos y otras residencias de asistencia social del sector privado,Asistencia social,Orfanato / residencia asistencial,Privado,0 a 5 personas,005,Gustavo A. Madero,0900500012216,19.4603022,-99.11007446,2010-07
7729335,CUIDADOS INFANTILES,624411,Guarderías del sector privado,Infancia,Guardería,Privado,6 a 10 personas,012,Tlalpan,0901200010905,19.28335107,-99.19151051,2019-11
902257,CUROPRAXIA,624121,Centros del sector privado dedicados a la atención y cuidado diurno de ancianos y discapacitados,Personas mayores y discapacidad,Centro de día,Privado,0 a 5 personas,014,Benito Juárez,090140001005A,19.40192627,-99.16225906,2014-12
783032,DASHEEN GUARDERIA,624411,Guarderías del sector privado,Infancia,Guardería,Privado,31 a 50 personas,005,Gustavo A. Madero,0900500011580,19.46931959,-99.12871973,2010-07
791821,DESARROLLO INTEGRAL DE LA FAMILIA,624212,Servicios de alimentación comunitarios prestados por el sector público,Apoyo comunitario,Comedor comunitario,Público,11 a 30 personas,006,Iztacalco,0900600010607,19.39236187,-99.11275447,2010-07
11585663,DESAYUNADOR,624212,Servicios de alimentación comunitarios prestados por el sector público,Apoyo comunitario,Comedor comunitario,Público,0 a 5 personas,017,Venustiano Carranza,0901700010244,19.44574595,-99.11429563,2024-11
988698,DIF CASA DE CUNA TLALPAN,623992,Orfanatos y otras residencias de asistencia social del sector público,Asistencia social,Orfanato / residencia asistencial,Público,31 a 50 personas,003,Coyoacán,0900300010060,19.35667957,-99.144615,2010-07
969689,DIF INFANTIL CENTRO DE DESAROYO INFANTIL,624412,Guarderías del sector público,Infancia,Guardería,Público,51 a 100 personas,014,Benito Juárez,0901400010844,19.36507346,-99.15891969,2010-07
9084609,DIRECCION DE COMEDORES SOCIALES LA LUPITA,624212,Servicios de alimentación comunitarios prestados por el sector público,Apoyo comunitario,Comedor comunitario,Público,0 a 5 personas,009,Milpa Alta,0900900110435,19.21604268,-98.99263586,2019-11
9211685,DIRECCION DE COMEDORES SOCIALES LOS 7 ANGELES,624212,Servicios de alimentación comunitarios prestados por el sector público,Apoyo comunitario,Comedor comunitario,Público,0 a 5 personas,013,Xochimilco,0901300011031,19.24656921,-99.0872523,2019-11
966108,DISPENSARIO CASA SAN VICENTE,624211,Servicios de alimentación comunitarios prestados por el sector privado,Apoyo comunitario,Comedor comunitario,Privado,0 a 5 personas,014,Benito Juárez,0901400010628,19.37991876,-99.15519488,2010-07
6317495,DOMUS INSTITUTO DE AUTISMO,623211,Residencias del sector privado para el cuidado de personas con problemas de retardo mental,Salud y discapacidad,Residencia discapacidad intelectual,Privado,31 a 50 personas,014,Benito Juárez,0901400010793,19.37268092,-99.18168014,2010-07
7740381,DRECON HOUSE GUARDERIA,624412,Guarderías del sector público,Infancia,Guardería,Público,11 a 30 personas,003,Coyoacán,0900300010963,19.31652998,-99.16715774,2019-11
956386,EBDI ESTANCIA PARA ELBIENESTAR Y DESARROLLO INFANTIL 157,624412,Guarderías del sector público,Infancia,Guardería,Público,31 a 50 personas,014,Benito Juárez,090140001005A,19.4002595,-99.16383461,2010-07
895770,EISHEL NUESTRO HOGAR,623311,Asilos y otras residencias del sector privado para el cuidado de ancianos,Personas mayores,Residencia / asilo,Privado,0 a 5 personas,016,Miguel Hidalgo,0901600011052,19.41261265,-99.21914323,2014-12
12309961,EJERCITO DE SALVACION,623991,Orfanatos y otras residencias de asistencia social del sector privado,Asistencia social,Orfanato / residencia asistencial,Privado,0 a 5 personas,014,Benito Juárez,090140001012A,19.39355229,-99.14462453,2026-04
11804993,EJERCITO DE SALVACION,623991,Orfanatos y otras residencias de asistencia social del sector privado,Asistencia social,Orfanato / residencia asistencial,Privado,0 a 5 personas,005,Gustavo A. Madero,0900500012216,19.46021528,-99.11009004,2025-04
6773861,EJERCITO DE SALVACION,623991,Orfanatos y otras residencias de asistencia social del sector privado,Asistencia social,Orfanato / residencia asistencial,Privado,11 a 30 personas,014,Benito Juárez,090140001044A,19.38219563,-99.15459068,2016-10
11724256,EJERCITO DE SALVACION,623991,Orfanatos y otras residencias de asistencia social del sector privado,Asistencia social,Orfanato / residencia asistencial,Privado,11 a 30 personas,016,Miguel Hidalgo,0901600011118,19.40385094,-99.19843079,2025-04
6380647,EJERCITO DE SALVACION ALBERGUE LA ESPERANZA,623991,Orfanatos y otras residencias de asistencia social del sector privado,Asistencia social,Orfanato / residencia asistencial,Privado,11 a 30 personas,017,Venustiano Carranza,0901700010225,19.44311581,-99.11801718,2010-07
11645867,EJERCITO DE SALVACION INTERNACIONAL,623991,Orfanatos y otras residencias de asistencia social del sector privado,Asistencia social,Orfanato / residencia asistencial,Privado,11 a 30 personas,016,Miguel Hidalgo,0901600011118,19.40354307,-99.19839812,2024-11
11723241,EJERCITO DE SALVACION INTERNACIONAL,623991,Orfanatos y otras residencias de asistencia social del sector privado,Asistencia social,Orfanato / residencia asistencial,Privado,0 a 5 personas,005,Gustavo A. Madero,0900500013163,19.4992035,-99.09547208,2025-04
11788477,EJERCITO DE SALVACION INTERNACIONAL,623991,Orfanatos y otras residencias de asistencia social del sector privado,Asistencia social,Orfanato / residencia asistencial,Privado,11 a 30 personas,014,Benito Juárez,090140001044A,19.38219323,-99.15457848,2025-04
848839,EL GRILLITO CANTOR,624411,Guarderías del sector privado,Infancia,Guardería,Privado,6 a 10 personas,012,Tlalpan,0901200010337,19.29328826,-99.22361027,2010-07
930033,EL MUNDO DE LOS PEQUES ESTANCIA INFANTIL,624411,Guarderías del sector privado,Infancia,Guardería,Privado,6 a 10 personas,008,La Magdalena Contreras,0900800010298,19.30683612,-99.25074169,2014-12
6258404,EL MUNDO FELIZ DE LOS BUKIS,624411,Guarderías del sector privado,Infancia,Guardería,Privado,31 a 50 personas,014,Benito Juárez,0901400010543,19.38184132,-99.1891671,2010-07
907249,EL RINCON DE LOS NIÑOS,624412,Guarderías del sector público,Infancia,Guardería,Público,0 a 5 personas,003,Coyoacán,090030001079A,19.31645493,-99.17113409,2014-12
10774686,EL SAZON DE YOLIS,624211,Servicios de alimentación comunitarios prestados por el sector privado,Apoyo comunitario,Comedor comunitario,Privado,0 a 5 personas,007,Iztapalapa,0900700011388,19.34571818,-99.10397883,2024-11
786780,EL SOL DE LA CASA DEL PAN,623991,Orfanatos y otras residencias de asistencia social del sector privado,Asistencia social,Orfanato / residencia asistencial,Privado,0 a 5 personas,005,Gustavo A. Madero,0900500011275,19.48847171,-99.11624689,2010-07
12325468,EL TREN DE LAINFANCIA,624411,Guarderías del sector privado,Infancia,Guardería,Privado,0 a 5 personas,007,Iztapalapa,0900700012441,19.37346611,-99.03587532,2026-04
917288,EL VALLE DE LOS NIÑOS,624411,Guarderías del sector privado,Infancia,Guardería,Privado,0 a 5 personas,012,Tlalpan,0901200012456,19.24617755,-99.14338299,2014-12
706394,ELHOHIM,624212,Servicios de alimentación comunitarios prestados por el sector público,Apoyo comunitario,Comedor comunitario,Público,0 a 5 personas,006,Iztacalco,0900600010433,19.39581397,-99.10567501,2014-12
750818,ENFERMOS ANONIMOS,623111,"Residencias del sector privado con cuidados de enfermeras para enfermos convalecientes, en rehabilitación, incurables y terminales",Salud y discapacidad,Residencia con enfermería,Privado,0 a 5 personas,007,Iztapalapa,0900700010746,19.36303678,-99.09195798,2010-07
7262332,ENTANCIA INFANTIL LUCECITA,624411,Guarderías del sector privado,Infancia,Guardería,Privado,6 a 10 personas,010,Álvaro Obregón,0901000010296,19.38365636,-99.23636747,2019-11
10793641,ENTRE AMIGOS CLUB DE DIA,624121,Centros del sector privado dedicados a la atención y cuidado diurno de ancianos y discapacitados,Personas mayores y discapacidad,Centro de día,Privado,0 a 5 personas,003,Coyoacán,0900300010291,19.34199086,-99.15244344,2024-11
9797626,EQUILIBRA KIDS,624411,Guarderías del sector privado,Infancia,Guardería,Privado,11 a 30 personas,014,Benito Juárez,0901400010416,19.38307185,-99.16487371,2024-11
9817492,ESCOMEDOR COMUNITARIO,624212,Servicios de alimentación comunitarios prestados por el sector público,Apoyo comunitario,Comedor comunitario,Público,6 a 10 personas,007,Iztapalapa,0900700010784,19.36757602,-99.02034247,2024-11
6272950,ESCUELA DE CADETES,623991,Orfanatos y otras residencias de asistencia social del sector privado,Asistencia social,Orfanato / residencia asistencial,Privado,11 a 30 personas,014,Benito Juárez,0901400010632,19.37927206,-99.15226251,2010-07
10037916,ESCUELA DE ESTIMULACION TEMPRANA EL NIDO,624411,Guarderías del sector privado,Infancia,Guardería,Privado,0 a 5 personas,004,Cuajimalpa de Morelos,0900400010123,19.35224576,-99.29493445,2024-11
10645919,ESCUELA HOGAR DEL PERPETUO SOCORRO,624412,Guarderías del sector público,Infancia,Guardería,Público,0 a 5 personas,005,Gustavo A. Madero,0900500013356,19.51528955,-99.12553165,2024-11
10050353,ESCUELA MUNDO DE AVENTURAS,624411,Guarderías del sector privado,Infancia,Guardería,Privado,0 a 5 personas,010,Álvaro Obregón,0901000011345,19.32999018,-99.27122209,2024-11
10342657,ESCUELAS Y GUARDERIAS GI,624411,Guarderías del sector privado,Infancia,Guardería,Privado,6 a 10 personas,014,Benito Juárez,0901400010204,19.39527783,-99.17584779,2024-11
9871527,ESCUELAS Y GUARDERIAS GI CDMX,624411,Guarderías del sector privado,Infancia,Guardería,Privado,6 a 10 personas,016,Miguel Hidalgo,0901600010603,19.43391603,-99.17447844,2024-11
10811845,ESCUELAS Y GUARDERIAS GIGI CDMX,624411,Guarderías del sector privado,Infancia,Guardería,Privado,0 a 5 personas,014,Benito Juárez,0901400010384,19.39089353,-99.17691441,2024-11
1010013,ESTANCIA ANGELITOS FELICES,624412,Guarderías del sector público,Infancia,Guardería,Público,0 a 5 personas,012,Tlalpan,0901200012102,19.27615636,-99.16448432,2010-07
853971,ESTANCIA ARCOIRIS DEL AJUSCO KINDER,624412,Guarderías del sector público,Infancia,Guardería,Público,0 a 5 personas,012,Tlalpan,0901200011481,19.26986713,-99.21932677,2010-07
1034025,ESTANCIA CEI XVI AMEYALI,624411,Guarderías del sector privado,Infancia,Guardería,Privado,11 a 30 personas,010,Álvaro Obregón,0901000010544,19.37045251,-99.23193102,2010-07
8842886,ESTANCIA DE BIENESTAR Y DESARROLLO INFANTIL 107 INSTITUTO DE SEGURIDAD Y SERVICIOS SOCIALES DE LOS TRABAJADORES DEL ESTADO,624412,Guarderías del sector público,Infancia,Guardería,Público,31 a 50 personas,012,Tlalpan,0901200010676,19.2855603,-99.18409107,2019-11
686163,ESTANCIA DE BIENESTAR Y DESARROLLO INFANTIL NO. 41,624412,Guarderías del sector público,Infancia,Guardería,Público,11 a 30 personas,016,Miguel Hidalgo,0901600010088,19.44830965,-99.16692105,2014-12
758579,ESTANCIA DE BIENESTAR Y DESARROLLO INFANTIL NUM 16,624412,Guarderías del sector público,Infancia,Guardería,Público,31 a 50 personas,016,Miguel Hidalgo,0901600010213,19.45203267,-99.16635086,2010-07
1059946,ESTANCIA DE BIENESTAR Y DESARROLLO INFANTIL NUMERO 44,624412,Guarderías del sector público,Infancia,Guardería,Público,31 a 50 personas,014,Benito Juárez,0901400010685,19.37867836,-99.1899667,2010-07
760449,ESTANCIA DE LA NIÑEZ MEXICANA,624411,Guarderías del sector privado,Infancia,Guardería,Privado,0 a 5 personas,016,Miguel Hidalgo,0901600010410,19.44580857,-99.2184799,2010-07
785843,ESTANCIA DE LA NIÑEZ MEXICANA,624411,Guarderías del sector privado,Infancia,Guardería,Privado,31 a 50 personas,005,Gustavo A. Madero,0900500011275,19.47525971,-99.12218477,2010-07
8736962,ESTANCIA DE REPOSO FRATERNIDAD CORAZON DE MARIA,623311,Asilos y otras residencias del sector privado para el cuidado de ancianos,Personas mayores,Residencia / asilo,Privado,11 a 30 personas,013,Xochimilco,090130001121A,19.28378154,-99.11956051,2019-11
648223,ESTANCIA INFANTIL,624411,Guarderías del sector privado,Infancia,Guardería,Privado,0 a 5 personas,002,Azcapotzalco,0900200010203,19.49283575,-99.18758765,2014-12
982386,ESTANCIA INFANTIL,624411,Guarderías del sector privado,Infancia,Guardería,Privado,0 a 5 personas,003,Coyoacán,0900300010889,19.31950081,-99.12841752,2026-04
10050931,ESTANCIA INFANTIL,624411,Guarderías del sector privado,Infancia,Guardería,Privado,0 a 5 personas,007,Iztapalapa,0900700015412,19.28864084,-99.07127942,2024-11
11002574,ESTANCIA INFANTIL,624411,Guarderías del sector privado,Infancia,Guardería,Privado,0 a 5 personas,007,Iztapalapa,0900700010093,19.38793064,-99.0867821,2024-11
8138263,ESTANCIA INFANTIL,624411,Guarderías del sector privado,Infancia,Guardería,Privado,0 a 5 personas,007,Iztapalapa,090070001084A,19.35928591,-99.01899897,2019-11
1017927,ESTANCIA INFANTIL,624411,Guarderías del sector privado,Infancia,Guardería,Privado,6 a 10 personas,010,Álvaro Obregón,0901000010328,19.38246204,-99.2340539,2010-07
976386,ESTANCIA INFANTIL 40 INSTITUTO SEGURIDAD Y SERVICIOS SOCIALES PARA TRABAJADORES DEL ESTADO,624412,Guarderías del sector público,Infancia,Guardería,Público,31 a 50 personas,014,Benito Juárez,0901400011005,19.36131844,-99.14503745,2010-07
767017,ESTANCIA INFANTIL ABC,624411,Guarderías del sector privado,Infancia,Guardería,Privado,6 a 10 personas,005,Gustavo A. Madero,0900500010845,19.50063876,-99.08650495,2010-07
777596,ESTANCIA INFANTIL ALKACINA,624411,Guarderías del sector privado,Infancia,Guardería,Privado,11 a 30 personas,007,Iztapalapa,090070001077A,19.3663796,-99.02280867,2010-07
923197,ESTANCIA INFANTIL ALMENDRITA,624411,Guarderías del sector privado,Infancia,Guardería,Privado,6 a 10 personas,010,Álvaro Obregón,0901000010671,19.3667116,-99.23337803,2014-12
11731707,ESTANCIA INFANTIL ALMENDRITA,624412,Guarderías del sector público,Infancia,Guardería,Público,0 a 5 personas,010,Álvaro Obregón,0901000010845,19.36521715,-99.193737,2025-04
1001925,ESTANCIA INFANTIL AMACALLI,624412,Guarderías del sector público,Infancia,Guardería,Público,0 a 5 personas,012,Tlalpan,0901200011424,19.27103077,-99.19091309,2010-07
798671,ESTANCIA INFANTIL AMOR PARA TU HIJO,624412,Guarderías del sector público,Infancia,Guardería,Público,0 a 5 personas,006,Iztacalco,090060001072A,19.39280991,-99.09266896,2010-07
7674539,ESTANCIA INFANTIL ANDY,624412,Guarderías del sector público,Infancia,Guardería,Público,0 a 5 personas,008,La Magdalena Contreras,0900800010461,19.29259772,-99.2455398,2019-11
9067893,ESTANCIA INFANTIL ARBOL DE LA VIDA,624411,Guarderías del sector privado,Infancia,Guardería,Privado,0 a 5 personas,007,Iztapalapa,0900700014749,19.32484912,-99.05092657,2019-11
923588,ESTANCIA INFANTIL ARCOIRIS,624411,Guarderías del sector privado,Infancia,Guardería,Privado,0 a 5 personas,010,Álvaro Obregón,0901000011487,19.38019188,-99.22684475,2014-12
949826,ESTANCIA INFANTIL ARCOIRIS,624411,Guarderías del sector privado,Infancia,Guardería,Privado,6 a 10 personas,009,Milpa Alta,0900901740100,19.17905156,-99.02226525,2014-12
8603038,ESTANCIA INFANTIL ARCOIRIS DEL AJUSCO MATERNAL,624411,Guarderías del sector privado,Infancia,Guardería,Privado,6 a 10 personas,012,Tlalpan,0901200011481,19.26981169,-99.21952698,2019-11
865791,ESTANCIA INFANTIL ATABALITO,624412,Guarderías del sector público,Infancia,Guardería,Público,0 a 5 personas,015,Cuauhtémoc,0901500010521,19.44730996,-99.13747751,2010-07
1044965,ESTANCIA INFANTIL BABY SISTER,624411,Guarderías del sector privado,Infancia,Guardería,Privado,6 a 10 personas,011,Tláhuac,0901100011249,19.29866281,-99.06073397,2014-12
923757,ESTANCIA INFANTIL BABYS SEDESOL,624412,Guarderías del sector público,Infancia,Guardería,Público,0 a 5 personas,010,Álvaro Obregón,0901000011519,19.38288262,-99.21853458,2014-12
681515,ESTANCIA INFANTIL CALMECAC,624412,Guarderías del sector público,Infancia,Guardería,Público,0 a 5 personas,002,Azcapotzalco,0900200010218,19.49084445,-99.18352026,2010-07
882950,ESTANCIA INFANTIL CAMINO REAL,624411,Guarderías del sector privado,Infancia,Guardería,Privado,0 a 5 personas,011,Tláhuac,0901100010984,19.23963158,-98.99817374,2010-07
995273,ESTANCIA INFANTIL CAMPANITA,624412,Guarderías del sector público,Infancia,Guardería,Público,11 a 30 personas,010,Álvaro Obregón,0901000011171,19.34360004,-99.21655213,2010-07
10563968,ESTANCIA INFANTIL CAMPANITA,624411,Guarderías del sector privado,Infancia,Guardería,Privado,6 a 10 personas,014,Benito Juárez,0901400010878,19.36569629,-99.13906957,2024-11
839454,ESTANCIA INFANTIL CAMPANITA,624411,Guarderías del sector privado,Infancia,Guardería,Privado,0 a 5 personas,007,Iztapalapa,0900700012140,19.30637018,-99.07601124,2010-07
724160,ESTANCIA INFANTIL CANDY HOUSE,624411,Guarderías del sector privado,Infancia,Guardería,Privado,6 a 10 personas,007,Iztapalapa,0900700015893,19.32890953,-99.09129801,2014-12
8257777,ESTANCIA INFANTIL CARRUSEL,624411,Guarderías del sector privado,Infancia,Guardería,Privado,0 a 5 personas,007,Iztapalapa,0900700011640,19.3415853,-99.05522564,2019-11
1031847,ESTANCIA INFANTIL CARRUSEL,624411,Guarderías del sector privado,Infancia,Guardería,Privado,6 a 10 personas,013,Xochimilco,0901300011173,19.23085764,-99.12194467,2010-07
671716,ESTANCIA INFANTIL CASA MAYA,624412,Guarderías del sector público,Infancia,Guardería,Público,6 a 10 personas,005,Gustavo A. Madero,0900500010421,19.52300709,-99.17062567,2014-12
924915,ESTANCIA INFANTIL CELESTIN FREINET,624412,Guarderías del sector público,Infancia,Guardería,Público,0 a 5 personas,010,Álvaro Obregón,090100001060A,19.37407414,-99.20031353,2014-12
1049091,ESTANCIA INFANTIL CENDI SANTA ANA,624412,Guarderías del sector público,Infancia,Guardería,Público,11 a 30 personas,011,Tláhuac,090110001001A,19.30442097,-99.05496412,2010-07
892037,ESTANCIA INFANTIL CENTRO HISTORICO,624411,Guarderías del sector privado,Infancia,Guardería,Privado,6 a 10 personas,015,Cuauhtémoc,0901500010894,19.4278364,-99.13635978,2014-12
1043457,ESTANCIA INFANTIL COCONENE,624411,Guarderías del sector privado,Infancia,Guardería,Privado,6 a 10 personas,010,Álvaro Obregón,0901000011345,19.32918904,-99.26759645,2014-12
740993,ESTANCIA INFANTIL COLIBRI,624411,Guarderías del sector privado,Infancia,Guardería,Privado,0 a 5 personas,002,Azcapotzalco,0900200010557,19.47125751,-99.1576049,2010-07
881347,ESTANCIA INFANTIL COLIBRI,624412,Guarderías del sector público,Infancia,Guardería,Público,0 a 5 personas,011,Tláhuac,090110011072A,19.22425397,-98.96655745,2010-07
801578,ESTANCIA INFANTIL COLIBRI,624411,Guarderías del sector privado,Infancia,Guardería,Privado,6 a 10 personas,005,Gustavo A. Madero,0900500012146,19.46128125,-99.09174175,2010-07
885180,ESTANCIA INFANTIL CORAZON DE NIÑO,624411,Guarderías del sector privado,Infancia,Guardería,Privado,0 a 5 personas,015,Cuauhtémoc,0901500010146,19.45738977,-99.13522692,2014-12
946045,ESTANCIA INFANTIL CRAYOLAS,624412,Guarderías del sector público,Infancia,Guardería,Público,0 a 5 personas,011,Tláhuac,090110001065A,19.29120244,-99.0301181,2014-12
8671734,ESTANCIA INFANTIL CULTURA Y ESPIRITU,624411,Guarderías del sector privado,Infancia,Guardería,Privado,0 a 5 personas,007,Iztapalapa,0900700014467,19.31624287,-99.087508,2019-11
8602126,ESTANCIA INFANTIL DANY,624411,Guarderías del sector privado,Infancia,Guardería,Privado,0 a 5 personas,012,Tlalpan,0901200010515,19.29258535,-99.23541035,2019-11
906508,ESTANCIA INFANTIL DAYSY,624411,Guarderías del sector privado,Infancia,Guardería,Privado,11 a 30 personas,003,Coyoacán,0900300010658,19.32504998,-99.15801621,2014-12
7706113,ESTANCIA INFANTIL DE COLORES,624412,Guarderías del sector público,Infancia,Guardería,Público,6 a 10 personas,008,La Magdalena Contreras,0900800010211,19.31851567,-99.24213581,2019-11
879242,ESTANCIA INFANTIL DE SEDESOL MIS PRIMEROS PASOS,624411,Guarderías del sector privado,Infancia,Guardería,Privado,0 a 5 personas,009,Milpa Alta,0900900110420,19.21433079,-98.99489564,2010-07
818924,ESTANCIA INFANTIL DEL CAMPO SEDESOL,624412,Guarderías del sector público,Infancia,Guardería,Público,0 a 5 personas,005,Gustavo A. Madero,0900500012362,19.45685493,-99.06700266,2010-07
1060030,ESTANCIA INFANTIL DEL INSTITUTO DE SEGURIDAD SOCIAL Y SERVIOS PARA LOS TRABAJADORES DEL ESTADO 12,624412,Guarderías del sector público,Infancia,Guardería,Público,31 a 50 personas,015,Cuauhtémoc,0901500010413,19.45152508,-99.1408984,2010-07
884294,ESTANCIA INFANTIL DIEGO RIVERA,624412,Guarderías del sector público,Infancia,Guardería,Público,6 a 10 personas,011,Tláhuac,0901100011484,19.25671144,-99.00984424,2010-07
737631,ESTANCIA INFANTIL DOLORES DEL RIO,624411,Guarderías del sector privado,Infancia,Guardería,Privado,11 a 30 personas,016,Miguel Hidalgo,0901600011014,19.42187139,-99.20153244,2014-12
8564442,ESTANCIA INFANTIL EDUCACION Y DESARROLLO DEL INFANTE LA CASA ROSA,624411,Guarderías del sector privado,Infancia,Guardería,Privado,6 a 10 personas,010,Álvaro Obregón,0901000010953,19.35832365,-99.20754246,2019-11
930785,ESTANCIA INFANTIL EL JARDIN DE LOS PEQUES,624411,Guarderías del sector privado,Infancia,Guardería,Privado,6 a 10 personas,008,La Magdalena Contreras,0900800010457,19.29389294,-99.25579021,2014-12
907248,ESTANCIA INFANTIL EL JARDIN DE LOS PEQUES,624411,Guarderías del sector privado,Infancia,Guardería,Privado,6 a 10 personas,003,Coyoacán,090030001079A,19.3156324,-99.17041486,2014-12
1041504,ESTANCIA INFANTIL EL MUINDO DE LOS NIÑOS,624411,Guarderías del sector privado,Infancia,Guardería,Privado,0 a 5 personas,010,Álvaro Obregón,0901000012057,19.33034691,-99.24809001,2010-07
10734469,ESTANCIA INFANTIL EL MUNDO DE LOS PEQUES,624411,Guarderías del sector privado,Infancia,Guardería,Privado,0 a 5 personas,007,Iztapalapa,0900700012901,19.33790476,-99.02889864,2024-11
972882,ESTANCIA INFANTIL EL OASIS,624412,Guarderías del sector público,Infancia,Guardería,Público,0 a 5 personas,013,Xochimilco,0901300011332,19.26413432,-99.13051399,2010-07
9007280,ESTANCIA INFANTIL EL PARAISO,624411,Guarderías del sector privado,Infancia,Guardería,Privado,0 a 5 personas,012,Tlalpan,0901200011072,19.28002612,-99.17805299,2019-11
9618399,ESTANCIA INFANTIL EL PARAMO,624411,Guarderías del sector privado,Infancia,Guardería,Privado,0 a 5 personas,007,Iztapalapa,090070001305A,19.33481318,-99.04053519,2024-11
10843412,ESTANCIA INFANTIL EL PIRATA,624411,Guarderías del sector privado,Infancia,Guardería,Privado,0 a 5 personas,007,Iztapalapa,0900700013204,19.32745036,-99.03760045,2024-11
672592,ESTANCIA INFANTIL EL PRADITO 2,624411,Guarderías del sector privado,Infancia,Guardería,Privado,0 a 5 personas,005,Gustavo A. Madero,0900500010559,19.5170127,-99.13256093,2014-12
930175,ESTANCIA INFANTIL EL RECREO,624412,Guarderías del sector público,Infancia,Guardería,Público,0 a 5 personas,008,La Magdalena Contreras,0900800010512,19.31788763,-99.25754276,2014-12
824567,ESTANCIA INFANTIL EL SOLECITO DE BELEN,624411,Guarderías del sector privado,Infancia,Guardería,Privado,0 a 5 personas,007,Iztapalapa,0900700013825,19.33879744,-99.10407816,2010-07
7338674,ESTANCIA INFANTIL ELSOLECITO SEDESOL,624411,Guarderías del sector privado,Infancia,Guardería,Privado,0 a 5 personas,006,Iztacalco,0900600010611,19.39321838,-99.10784281,2019-11
929698,ESTANCIA INFANTIL ESTRELLITAS,624412,Guarderías del sector público,Infancia,Guardería,Público,6 a 10 personas,008,La Magdalena Contreras,0900800010207,19.31651986,-99.24517678,2014-12
970006,ESTANCIA INFANTIL EUREKA VILLA FELIZ,624412,Guarderías del sector público,Infancia,Guardería,Público,0 a 5 personas,003,Coyoacán,0900300010450,19.33635881,-99.15364353,2014-12
978235,ESTANCIA INFANTIL EUREKIN,624411,Guarderías del sector privado,Infancia,Guardería,Privado,6 a 10 personas,003,Coyoacán,0900300011779,19.32384586,-99.10885063,2010-07
922404,ESTANCIA INFANTIL FABRICA DE CHOCOLATE,624412,Guarderías del sector público,Infancia,Guardería,Público,6 a 10 personas,010,Álvaro Obregón,0901000010173,19.38632645,-99.21549599,2014-12
8182581,ESTANCIA INFANTIL FANTACIA,624411,Guarderías del sector privado,Infancia,Guardería,Privado,0 a 5 personas,005,Gustavo A. Madero,0900500010027,19.56630177,-99.13755294,2019-11
9781145,ESTANCIA INFANTIL FEDERICO FROEBEL,624411,Guarderías del sector privado,Infancia,Guardería,Privado,0 a 5 personas,012,Tlalpan,0901200261532,19.21805258,-99.20778587,2024-11
11445263,ESTANCIA INFANTIL FILADELFIA,624412,Guarderías del sector público,Infancia,Guardería,Público,0 a 5 personas,010,Álvaro Obregón,090100001014A,19.39042103,-99.21046739,2024-11
8117142,ESTANCIA INFANTIL GANDHI,624411,Guarderías del sector privado,Infancia,Guardería,Privado,0 a 5 personas,002,Azcapotzalco,0900200010415,19.47385409,-99.1490094,2019-11
913508,ESTANCIA INFANTIL GIRASOL,624411,Guarderías del sector privado,Infancia,Guardería,Privado,0 a 5 personas,012,Tlalpan,0901200010638,19.28725571,-99.22589885,2014-12
7730132,ESTANCIA INFANTIL GLASGOW HOBBIT GARDEN,624411,Guarderías del sector privado,Infancia,Guardería,Privado,0 a 5 personas,012,Tlalpan,0901200012121,19.26955558,-99.14379926,2019-11
725631,ESTANCIA INFANTIL GOTITAS DE AMOR,624411,Guarderías del sector privado,Infancia,Guardería,Privado,0 a 5 personas,007,Iztapalapa,0900700015357,19.31714893,-99.07907789,2014-12
922811,ESTANCIA INFANTIL GUMLID,624412,Guarderías del sector público,Infancia,Guardería,Público,11 a 30 personas,010,Álvaro Obregón,0901000012324,19.35725444,-99.25752211,2014-12
982638,ESTANCIA INFANTIL HAPPY DAYS,624411,Guarderías del sector privado,Infancia,Guardería,Privado,6 a 10 personas,014,Benito Juárez,090140001101A,19.35981314,-99.14427579,2010-07
6733213,ESTANCIA INFANTIL ISI,624411,Guarderías del sector privado,Infancia,Guardería,Privado,6 a 10 personas,016,Miguel Hidalgo,0901600011137,19.40383114,-99.19386525,2016-10
1035960,ESTANCIA INFANTIL ISMERAI,624411,Guarderías del sector privado,Infancia,Guardería,Privado,0 a 5 personas,013,Xochimilco,0901300010353,19.25572457,-99.06060813,2010-07
814336,ESTANCIA INFANTIL JARDIN MAGICO,624411,Guarderías del sector privado,Infancia,Guardería,Privado,0 a 5 personas,005,Gustavo A. Madero,0900500011913,19.47457554,-99.08373225,2010-07
1038474,ESTANCIA INFANTIL JEAN PIAGET,624411,Guarderías del sector privado,Infancia,Guardería,Privado,0 a 5 personas,010,Álvaro Obregón,090100001135A,19.32803215,-99.28378283,2014-12
746116,ESTANCIA INFANTIL JUAN JACOBO ROUSSEAU,624411,Guarderías del sector privado,Infancia,Guardería,Privado,0 a 5 personas,017,Venustiano Carranza,0901700010723,19.42347391,-99.11295083,2010-07
926220,ESTANCIA INFANTIL KAREL,624411,Guarderías del sector privado,Infancia,Guardería,Privado,0 a 5 personas,010,Álvaro Obregón,0901000010826,19.36620764,-99.19928156,2014-12
673092,ESTANCIA INFANTIL KHORII,624411,Guarderías del sector privado,Infancia,Guardería,Privado,11 a 30 personas,005,Gustavo A. Madero,0900500010949,19.49212973,-99.13536869,2014-12
993601,ESTANCIA INFANTIL KID S DEL SUR,624411,Guarderías del sector privado,Infancia,Guardería,Privado,0 a 5 personas,003,Coyoacán,0900300010785,19.32124812,-99.17202281,2014-12
908270,ESTANCIA INFANTIL KINGS DOMINION,624411,Guarderías del sector privado,Infancia,Guardería,Privado,31 a 50 personas,003,Coyoacán,0900300010164,19.34539952,-99.1491865,2014-12
11733745,ESTANCIA INFANTIL LA CABAÑITA DE TIGGER,624411,Guarderías del sector privado,Infancia,Guardería,Privado,0 a 5 personas,004,Cuajimalpa de Morelos,0900400010227,19.35430838,-99.3183271,2025-04
12325510,ESTANCIA INFANTIL LA CANICA AZUL,624412,Guarderías del sector público,Infancia,Guardería,Público,0 a 5 personas,010,Álvaro Obregón,0901000010296,19.38157248,-99.24134619,2026-04
686322,ESTANCIA INFANTIL LA CASA DE LAS HADAS,624411,Guarderías del sector privado,Infancia,Guardería,Privado,0 a 5 personas,016,Miguel Hidalgo,0901600010213,19.4418945,-99.16689248,2014-12
931048,ESTANCIA INFANTIL LA CASA DE LOS OSITOS,624411,Guarderías del sector privado,Infancia,Guardería,Privado,0 a 5 personas,008,La Magdalena Contreras,0900800010404,19.3085987,-99.26101743,2014-12
752696,ESTANCIA INFANTIL LA CASITA DEL ARBOL,624412,Guarderías del sector público,Infancia,Guardería,Público,6 a 10 personas,016,Miguel Hidalgo,090160001011A,19.45824502,-99.20360407,2010-07
8695090,ESTANCIA INFANTIL LA ESCUELITA,624411,Guarderías del sector privado,Infancia,Guardería,Privado,0 a 5 personas,010,Álvaro Obregón,0901000010864,19.36174757,-99.2513704,2019-11
839789,ESTANCIA INFANTIL LA ORUGA FELIZ,624411,Guarderías del sector privado,Infancia,Guardería,Privado,0 a 5 personas,007,Iztapalapa,0900700013045,19.33740202,-99.04418238,2010-07
928467,ESTANCIA INFANTIL LAS HORMIGUITAS DE SEBASTIAN,624411,Guarderías del sector privado,Infancia,Guardería,Privado,6 a 10 personas,010,Álvaro Obregón,090100001167A,19.32338071,-99.2628292,2014-12
7595197,ESTANCIA INFANTIL LEONA VICARIO,624411,Guarderías del sector privado,Infancia,Guardería,Privado,0 a 5 personas,012,Tlalpan,0901200271763,19.20383472,-99.15186103,2019-11
1049838,ESTANCIA INFANTIL LOS ANGELES,624411,Guarderías del sector privado,Infancia,Guardería,Privado,6 a 10 personas,011,Tláhuac,0901100010607,19.31310101,-99.0388065,2010-07
735959,ESTANCIA INFANTIL LOS FUTUROS CONSTRUCTORES,624411,Guarderías del sector privado,Infancia,Guardería,Privado,0 a 5 personas,007,Iztapalapa,0900700013064,19.33263087,-99.03883572,2014-12
710741,ESTANCIA INFANTIL LUCIERNAGA,624411,Guarderías del sector privado,Infancia,Guardería,Privado,6 a 10 personas,006,Iztacalco,090060001001A,19.41748605,-99.06934757,2014-12
1018044,ESTANCIA INFANTIL LUNITA,624411,Guarderías del sector privado,Infancia,Guardería,Privado,0 a 5 personas,010,Álvaro Obregón,0901000010332,19.37987662,-99.23330015,2010-07
835091,ESTANCIA INFANTIL MACH E INSTITUTO DOCTOR PEDRO DE ALBA,624412,Guarderías del sector público,Infancia,Guardería,Público,0 a 5 personas,007,Iztapalapa,0900700015380,19.31910971,-99.04777892,2010-07
973683,ESTANCIA INFANTIL MAGICO DE LOS NIÑOS,624411,Guarderías del sector privado,Infancia,Guardería,Privado,31 a 50 personas,013,Xochimilco,0901300010160,19.26141889,-99.11444947,2010-07
789598,ESTANCIA INFANTIL MAGU,624411,Guarderías del sector privado,Infancia,Guardería,Privado,0 a 5 personas,006,Iztacalco,0900600010876,19.38569242,-99.13094332,2010-07
8848365,ESTANCIA INFANTIL MAMA LOLITA,624412,Guarderías del sector público,Infancia,Guardería,Público,0 a 5 personas,009,Milpa Alta,0900903000632,19.2108217,-98.97263229,2019-11
931764,ESTANCIA INFANTIL MANITAS TRABAJADORAS,624411,Guarderías del sector privado,Infancia,Guardería,Privado,0 a 5 personas,008,La Magdalena Contreras,0900800010349,19.29753499,-99.24232268,2014-12
755280,ESTANCIA INFANTIL MARANATHA,624411,Guarderías del sector privado,Infancia,Guardería,Privado,0 a 5 personas,005,Gustavo A. Madero,0900500012644,19.51057296,-99.09559046,2010-07
665598,ESTANCIA INFANTIL MARGARITA ZAVALA,624411,Guarderías del sector privado,Infancia,Guardería,Privado,0 a 5 personas,002,Azcapotzalco,0900200010379,19.47451881,-99.15956199,2010-07
917844,ESTANCIA INFANTIL MI ALEGRIA,624411,Guarderías del sector privado,Infancia,Guardería,Privado,0 a 5 personas,012,Tlalpan,0901200011640,19.24774437,-99.15983966,2014-12
1035513,ESTANCIA INFANTIL MI CASTILLITO SEDESOL,624411,Guarderías del sector privado,Infancia,Guardería,Privado,6 a 10 personas,010,Álvaro Obregón,0901000010440,19.37810587,-99.23111656,2010-07
11008820,ESTANCIA INFANTIL MI DULCE MUNDO,624411,Guarderías del sector privado,Infancia,Guardería,Privado,6 a 10 personas,010,Álvaro Obregón,0901000011966,19.376372,-99.22143903,2024-11
778753,ESTANCIA INFANTIL MI PEQUEÑO ESPACIO,624411,Guarderías del sector privado,Infancia,Guardería,Privado,0 a 5 personas,007,Iztapalapa,0900700015677,19.36659732,-99.03428528,2010-07
9658016,ESTANCIA INFANTIL MI PEQUEÑO GIGANTE,624412,Guarderías del sector público,Infancia,Guardería,Público,6 a 10 personas,010,Álvaro Obregón,0901000012343,19.37395427,-99.23738493,2024-11
836082,ESTANCIA INFANTIL MICKEY,624412,Guarderías del sector público,Infancia,Guardería,Público,0 a 5 personas,007,Iztapalapa,0900700013897,19.31315691,-99.07081661,2014-12
10692602,ESTANCIA INFANTIL MIGUELITO,624411,Guarderías del sector privado,Infancia,Guardería,Privado,0 a 5 personas,011,Tláhuac,0901100211003,19.23847526,-99.00580834,2024-11
665921,ESTANCIA INFANTIL MIR SEDESOL,624411,Guarderías del sector privado,Infancia,Guardería,Privado,0 a 5 personas,002,Azcapotzalco,0900200010398,19.47429276,-99.1565645,2010-07
651039,ESTANCIA INFANTIL MOWEL,624411,Guarderías del sector privado,Infancia,Guardería,Privado,0 a 5 personas,017,Venustiano Carranza,0901700010437,19.44176345,-99.09501824,2010-07
1059716,ESTANCIA INFANTIL MUNDO AZUL,624412,Guarderías del sector público,Infancia,Guardería,Público,0 a 5 personas,013,Xochimilco,0901300010391,19.2490508,-99.11813898,2014-12
680061,ESTANCIA INFANTIL MUNDO MAGICO,624411,Guarderías del sector privado,Infancia,Guardería,Privado,0 a 5 personas,005,Gustavo A. Madero,0900500013341,19.48640432,-99.08665688,2010-07
731244,ESTANCIA INFANTIL MUNDO MAGICO DE WINNIE POOH,624411,Guarderías del sector privado,Infancia,Guardería,Privado,0 a 5 personas,007,Iztapalapa,0900700014734,19.35225192,-99.05014454,2014-12
821281,ESTANCIA INFANTIL NIHAO,624411,Guarderías del sector privado,Infancia,Guardería,Privado,0 a 5 personas,007,Iztapalapa,0900700013115,19.3418117,-99.00092419,2010-07
1048883,ESTANCIA INFANTIL NIÑOS DE AMERICA,624411,Guarderías del sector privado,Infancia,Guardería,Privado,0 a 5 personas,011,Tláhuac,0901100011376,19.28282961,-99.04096016,2010-07
8564154,ESTANCIA INFANTIL NUESTRA FAMILIA,624411,Guarderías del sector privado,Infancia,Guardería,Privado,11 a 30 personas,010,Álvaro Obregón,0901000012095,19.36460826,-99.24262696,2019-11
689539,ESTANCIA INFANTIL NUEVO AMANECER,624411,Guarderías del sector privado,Infancia,Guardería,Privado,0 a 5 personas,016,Miguel Hidalgo,090160001082A,19.43066572,-99.2195729,2014-12
10323960,ESTANCIA INFANTIL OHANA,624411,Guarderías del sector privado,Infancia,Guardería,Privado,6 a 10 personas,003,Coyoacán,0900300010234,19.34263823,-99.18165772,2024-11
779839,ESTANCIA INFANTIL OLLIN CIHUATZIN,624411,Guarderías del sector privado,Infancia,Guardería,Privado,0 a 5 personas,017,Venustiano Carranza,0901700010579,19.43173453,-99.12320445,2014-12
754352,ESTANCIA INFANTIL ORIZONTES DEL SABER,624411,Guarderías del sector privado,Infancia,Guardería,Privado,6 a 10 personas,016,Miguel Hidalgo,0901600010374,19.44793587,-99.19893373,2010-07
688699,ESTANCIA INFANTIL OSITOS,624412,Guarderías del sector público,Infancia,Guardería,Público,6 a 10 personas,016,Miguel Hidalgo,090160001011A,19.45739296,-99.20161859,2014-12
907266,ESTANCIA INFANTIL PAMPA PIPILTZIN,624412,Guarderías del sector público,Infancia,Guardería,Público,6 a 10 personas,003,Coyoacán,0900300010785,19.32288471,-99.1713999,2014-12
967138,ESTANCIA INFANTIL PANDIN,624411,Guarderías del sector privado,Infancia,Guardería,Privado,0 a 5 personas,014,Benito Juárez,0901400010628,19.37572581,-99.15680663,2010-07
7298725,ESTANCIA INFANTIL PATY LU,624411,Guarderías del sector privado,Infancia,Guardería,Privado,6 a 10 personas,010,Álvaro Obregón,0901000010597,19.37324966,-99.20777547,2019-11
8623264,ESTANCIA INFANTIL PAULO FREIRE,624411,Guarderías del sector privado,Infancia,Guardería,Privado,0 a 5 personas,007,Iztapalapa,0900700015179,19.37826743,-99.05239518,2019-11
1032131,ESTANCIA INFANTIL PEKES,624411,Guarderías del sector privado,Infancia,Guardería,Privado,0 a 5 personas,013,Xochimilco,0901300011188,19.23098518,-99.1190097,2010-07
747239,ESTANCIA INFANTIL PEKITAS,624411,Guarderías del sector privado,Infancia,Guardería,Privado,6 a 10 personas,017,Venustiano Carranza,0901700010776,19.42075247,-99.10422108,2010-07
947989,ESTANCIA INFANTIL PEQUEÑOS ANGELITOS,624411,Guarderías del sector privado,Infancia,Guardería,Privado,0 a 5 personas,011,Tláhuac,090110021115A,19.23003845,-99.00419138,2014-12
927190,ESTANCIA INFANTIL PEQUEÑOS ANGELITOS,624411,Guarderías del sector privado,Infancia,Guardería,Privado,6 a 10 personas,010,Álvaro Obregón,0901000011078,19.34650253,-99.23063997,2014-12
985855,ESTANCIA INFANTIL PIMPA PIPILTZIN,624411,Guarderías del sector privado,Infancia,Guardería,Privado,6 a 10 personas,003,Coyoacán,0900300011482,19.31760537,-99.10367035,2010-07
674562,ESTANCIA INFANTIL PINOCHO,624412,Guarderías del sector público,Infancia,Guardería,Público,0 a 5 personas,005,Gustavo A. Madero,0900500010830,19.50179248,-99.09087781,2014-12
679055,ESTANCIA INFANTIL PIO ALEX,624411,Guarderías del sector privado,Infancia,Guardería,Privado,0 a 5 personas,005,Gustavo A. Madero,0900500012381,19.44952311,-99.07397122,2014-12
6307403,ESTANCIA INFANTIL PRIMAVERA,624411,Guarderías del sector privado,Infancia,Guardería,Privado,51 a 100 personas,016,Miguel Hidalgo,0901600010393,19.44496768,-99.18611115,2014-12
8483604,ESTANCIA INFANTIL PRIMERA INFANCIA,624411,Guarderías del sector privado,Infancia,Guardería,Privado,6 a 10 personas,015,Cuauhtémoc,0901500010061,19.4637068,-99.14525749,2019-11
988406,ESTANCIA INFANTIL PULGARCITO,624411,Guarderías del sector privado,Infancia,Guardería,Privado,0 a 5 personas,003,Coyoacán,0900300011514,19.30867522,-99.10392525,2010-07
1037235,ESTANCIA INFANTIL RANITAS,624411,Guarderías del sector privado,Infancia,Guardería,Privado,0 a 5 personas,013,Xochimilco,0901300011370,19.25023549,-99.07750646,2010-07
883130,ESTANCIA INFANTIL ROSARIO CASTELLANOS,624412,Guarderías del sector público,Infancia,Guardería,Público,0 a 5 personas,011,Tláhuac,0901100211003,19.23672876,-98.9986185,2010-07
828891,ESTANCIA INFANTIL SARAHI,624411,Guarderías del sector privado,Infancia,Guardería,Privado,0 a 5 personas,007,Iztapalapa,0900700012901,19.33764564,-99.0312568,2010-07
815879,ESTANCIA INFANTIL SARALYN,624412,Guarderías del sector público,Infancia,Guardería,Público,0 a 5 personas,006,Iztacalco,0900600010537,19.38999125,-99.07014892,2010-07
767123,ESTANCIA INFANTIL SARITA,624411,Guarderías del sector privado,Infancia,Guardería,Privado,0 a 5 personas,017,Venustiano Carranza,0901700010367,19.44076914,-99.12231266,2010-07
855307,ESTANCIA INFANTIL SEDESOL DE LOS ANGELES,624412,Guarderías del sector público,Infancia,Guardería,Público,0 a 5 personas,012,Tlalpan,0901200011570,19.26876912,-99.20451814,2010-07
947756,ESTANCIA INFANTIL SIGMUND FREUD,624411,Guarderías del sector privado,Infancia,Guardería,Privado,0 a 5 personas,011,Tláhuac,0901100010984,19.24797643,-98.99946422,2014-12
974542,ESTANCIA INFANTIL SIMJA,624411,Guarderías del sector privado,Infancia,Guardería,Privado,0 a 5 personas,014,Benito Juárez,0901400010774,19.36906435,-99.14759629,2010-07
725627,ESTANCIA INFANTIL SIPAKTLI,624411,Guarderías del sector privado,Infancia,Guardería,Privado,0 a 5 personas,007,Iztapalapa,0900700015357,19.31614052,-99.0807667,2014-12
1057430,ESTANCIA INFANTIL SOCIEDAD MEXICANA DE PUERICULTURA,624411,Guarderías del sector privado,Infancia,Guardería,Privado,6 a 10 personas,010,Álvaro Obregón,0901000012165,19.37296273,-99.20943228,2010-07
816499,ESTANCIA INFANTIL SUMERHILL,624411,Guarderías del sector privado,Infancia,Guardería,Privado,0 a 5 personas,005,Gustavo A. Madero,0900500012019,19.47218171,-99.06728882,2010-07
989876,ESTANCIA INFANTIL TASHI DELEK,624411,Guarderías del sector privado,Infancia,Guardería,Privado,6 a 10 personas,003,Coyoacán,0900300011374,19.31236681,-99.11686989,2010-07
970582,ESTANCIA INFANTIL TONALI,624411,Guarderías del sector privado,Infancia,Guardería,Privado,0 a 5 personas,003,Coyoacán,0900300010465,19.33492357,-99.14436888,2010-07
7595280,ESTANCIA INFANTIL TOPI,624411,Guarderías del sector privado,Infancia,Guardería,Privado,6 a 10 personas,012,Tlalpan,0901200272028,19.20145498,-99.14709362,2019-11
1048215,ESTANCIA INFANTIL TRAVESURAS,624412,Guarderías del sector público,Infancia,Guardería,Público,6 a 10 personas,011,Tláhuac,0901100010310,19.28922587,-99.06154049,2010-07
795306,ESTANCIA INFANTIL UN MUNDO FANTASTICO,624412,Guarderías del sector público,Infancia,Guardería,Público,11 a 30 personas,006,Iztacalco,0900600010931,19.38157352,-99.10727551,2010-07
9851477,ESTANCIA INFANTIL UN MUNDO FANTASTICO,624411,Guarderías del sector privado,Infancia,Guardería,Privado,0 a 5 personas,007,Iztapalapa,0900700010356,19.38012132,-99.10858367,2024-11
869830,ESTANCIA INFANTIL UN MUNDO FELIZ,624411,Guarderías del sector privado,Infancia,Guardería,Privado,6 a 10 personas,014,Benito Juárez,0901400010219,19.39212497,-99.17883253,2010-07
8528803,ESTANCIA INFANTIL UN NUEVOMUNDO,624412,Guarderías del sector público,Infancia,Guardería,Público,6 a 10 personas,010,Álvaro Obregón,0901000011947,19.37492042,-99.22590954,2019-11
850171,ESTANCIA INFANTIL VAQUITA,624411,Guarderías del sector privado,Infancia,Guardería,Privado,0 a 5 personas,012,Tlalpan,0901200011299,19.27485893,-99.23260131,2014-12
11786580,ESTANCIA INFANTIL VERONA,624411,Guarderías del sector privado,Infancia,Guardería,Privado,0 a 5 personas,003,Coyoacán,0900300011016,19.31107957,-99.14379149,2025-04
710595,ESTANCIA INFANTIL WINNIE THE POOH,624411,Guarderías del sector privado,Infancia,Guardería,Privado,6 a 10 personas,006,Iztacalco,0900600010217,19.39524626,-99.05963715,2014-12
859292,ESTANCIA INFANTIL WIPPO,624411,Guarderías del sector privado,Infancia,Guardería,Privado,6 a 10 personas,012,Tlalpan,0901200010426,19.29221321,-99.15553157,2010-07
704594,ESTANCIA INFANTIL Y GUARDERIA PAULA S,624411,Guarderías del sector privado,Infancia,Guardería,Privado,0 a 5 personas,006,Iztacalco,0900600010378,19.3918117,-99.13152412,2014-12
667047,ESTANCIA INFANTIL Y PEDAGOGICA WINNIE POOH,624411,Guarderías del sector privado,Infancia,Guardería,Privado,0 a 5 personas,017,Venustiano Carranza,0901700011204,19.41889117,-99.09058963,2010-07
789744,ESTANCIA INFANTIL YOLTZIN,624411,Guarderías del sector privado,Infancia,Guardería,Privado,0 a 5 personas,006,Iztacalco,0900600010749,19.3879546,-99.13011382,2010-07
1008654,ESTANCIA INFANTIL YOLYOL-TZIN A C,624411,Guarderías del sector privado,Infancia,Guardería,Privado,11 a 30 personas,012,Tlalpan,0901200011176,19.26424543,-99.16777938,2010-07
725144,ESTANCIA INFANTL SIN NOMBRE,624411,Guarderías del sector privado,Infancia,Guardería,Privado,0 a 5 personas,007,Iztapalapa,0900700014166,19.33128321,-99.07240473,2014-12
7595746,ESTANCIA MI AMIGO EL ABUELO,623311,Asilos y otras residencias del sector privado para el cuidado de ancianos,Personas mayores,Residencia / asilo,Privado,6 a 10 personas,012,Tlalpan,0901200272032,19.19593277,-99.14537883,2019-11
10188763,ESTANCIA PARA ADULTOS DIVINA PROVIDENCIA,623311,Asilos y otras residencias del sector privado para el cuidado de ancianos,Personas mayores,Residencia / asilo,Privado,6 a 10 personas,005,Gustavo A. Madero,0900500010845,19.49946428,-99.08437777,2024-11
934690,ESTANCIA PARA ANCIANAS NUESTRA SEÑORA DE GUADALUPE,623311,Asilos y otras residencias del sector privado para el cuidado de ancianos,Personas mayores,Residencia / asilo,Privado,11 a 30 personas,014,Benito Juárez,090140001090A,19.36762828,-99.18408061,2014-12
951493,ESTANCIA PARA BIENESTAR INFANTIL NUMERO 50 ROSARIO CASTELLANOS ISSSTE,624412,Guarderías del sector público,Infancia,Guardería,Público,6 a 10 personas,015,Cuauhtémoc,090150001113A,19.41641327,-99.14819496,2010-07
962144,ESTANCIA PARA BIENESTAR Y DESARROLLO INFANTIL 97,624412,Guarderías del sector público,Infancia,Guardería,Público,31 a 50 personas,014,Benito Juárez,0901400010098,19.39838923,-99.14578763,2010-07
703773,ESTANCIA PARA BIENESTAR Y DESARROLLO INFANTIL NUMERO 45,624412,Guarderías del sector público,Infancia,Guardería,Público,31 a 50 personas,017,Venustiano Carranza,0901700011327,19.41219063,-99.12283958,2010-07
859341,ESTANCIA PARA EL BIENESTAR Y DESARROLLO INFANTIL,624412,Guarderías del sector público,Infancia,Guardería,Público,31 a 50 personas,012,Tlalpan,0901200010426,19.29277513,-99.15498155,2010-07
9095062,ESTANCIA PARA EL BIENESTAR Y DESARROLLO INFANTIL 10,624412,Guarderías del sector público,Infancia,Guardería,Público,51 a 100 personas,015,Cuauhtémoc,090150001070A,19.43503792,-99.15654663,2019-11
857232,ESTANCIA PARA EL BIENESTAR Y DESARROLLO INFANTIL 11,624412,Guarderías del sector público,Infancia,Guardería,Público,31 a 50 personas,015,Cuauhtémoc,0901500010216,19.45629376,-99.14773353,2010-07
11689002,ESTANCIA PARA EL BIENESTAR Y DESARROLLO INFANTIL 151,624412,Guarderías del sector público,Infancia,Guardería,Público,31 a 50 personas,015,Cuauhtémoc,0901500011055,19.42075089,-99.13447457,2024-11
7717790,ESTANCIA PARA EL BIENESTAR Y DESARROLLO INFANTIL 26,624412,Guarderías del sector público,Infancia,Guardería,Público,31 a 50 personas,003,Coyoacán,0900300011529,19.30647023,-99.18626399,2019-11
990317,ESTANCIA PARA EL BIENESTAR Y DESARROLLO INFANTIL 98,624412,Guarderías del sector público,Infancia,Guardería,Público,51 a 100 personas,003,Coyoacán,090030001143A,19.31156361,-99.11987096,2010-07
7958829,ESTANCIA PARA EL BIENESTAR Y DESARROLLO INFANTIL ISSSTE,624412,Guarderías del sector público,Infancia,Guardería,Público,11 a 30 personas,007,Iztapalapa,0900700013558,19.38692406,-99.04580675,2019-11
933603,ESTANCIA PARA EL BIENESTAR Y DESARROLLO INFANTIL N 2- 402,624412,Guarderías del sector público,Infancia,Guardería,Público,6 a 10 personas,014,Benito Juárez,0901400010736,19.37045055,-99.17176576,2014-12
1051009,ESTANCIA PARA EL BIENESTAR Y DESARROLLO INFANTIL NO 135,624412,Guarderías del sector público,Infancia,Guardería,Público,11 a 30 personas,008,La Magdalena Contreras,0900800010122,19.32140628,-99.22312176,2010-07
846583,ESTANCIA PARA EL BIENESTAR Y DESARROLLO INFANTIL NO 152,624412,Guarderías del sector público,Infancia,Guardería,Público,0 a 5 personas,017,Venustiano Carranza,0901700011331,19.41276409,-99.11491322,2010-07
782735,ESTANCIA PARA EL BIENESTAR Y DESARROLLO INFANTIL NO 54,624412,Guarderías del sector público,Infancia,Guardería,Público,31 a 50 personas,005,Gustavo A. Madero,0900500011769,19.46641848,-99.12972718,2010-07
784655,ESTANCIA PARA EL BIENESTAR Y DESARROLLO INFANTIL NO. 6,624412,Guarderías del sector público,Infancia,Guardería,Público,11 a 30 personas,006,Iztacalco,0900600010221,19.40080552,-99.13171151,2010-07
857713,ESTANCIA PARA EL BIENESTAR Y DESARROLLO INFANTIL NUMERO 14,624412,Guarderías del sector público,Infancia,Guardería,Público,51 a 100 personas,012,Tlalpan,0901200011903,19.29517054,-99.17725273,2010-07
676419,ESTANCIA PARA EL BIENESTAR Y DESARROLLO INFANTIL NUMERO 15 JOSEFA JUAREZ GARCIA,624412,Guarderías del sector público,Infancia,Guardería,Público,51 a 100 personas,005,Gustavo A. Madero,0900500011256,19.48662952,-99.13209456,2014-12
1005825,ESTANCIA PARA EL BIENESTAR Y DESARROLLO INFANTIL NUMERO 153,624412,Guarderías del sector público,Infancia,Guardería,Público,51 a 100 personas,003,Coyoacán,0900300010677,19.31927236,-99.1388966,2010-07
898154,ESTANCIA PARA EL BIENESTAR Y DESARROLLO INFANTIL NUMERO 3,624412,Guarderías del sector público,Infancia,Guardería,Público,51 a 100 personas,015,Cuauhtémoc,090150001138A,19.41164789,-99.15744501,2014-12
951350,ESTANCIA PARA EL BIENESTAR Y DESARROLLO INFANTIL NUMERO 42,624412,Guarderías del sector público,Infancia,Guardería,Público,31 a 50 personas,015,Cuauhtémoc,090150001113A,19.41881542,-99.14373209,2010-07
1013475,ESTANCIA PARA EL BIENESTAR Y DESARROLLO INFANTIL NUMERO 48,624412,Guarderías del sector público,Infancia,Guardería,Público,51 a 100 personas,015,Cuauhtémoc,0901500010610,19.44118118,-99.1469037,2011-03
703499,ESTANCIA PARA EL BIENESTAR Y DESARROLLOINFANTIL 43,624412,Guarderías del sector público,Infancia,Guardería,Público,11 a 30 personas,017,Venustiano Carranza,0901700010704,19.42407195,-99.11897889,2014-12
872316,ESTANCIA PARA EL BIENESTAR Y EL DESARROLLO INFANTIL NUM 56 DEL ISTE,624412,Guarderías del sector público,Infancia,Guardería,Público,31 a 50 personas,015,Cuauhtémoc,0901500010470,19.45412841,-99.16119301,2010-07
984445,ESTANCIA PARA EL BIENESTAR Y SESARROLLO INFANTIL NUMERO 95,624412,Guarderías del sector público,Infancia,Guardería,Público,51 a 100 personas,015,Cuauhtémoc,0901500010625,19.440811,-99.14597106,2010-07
644893,ESTANCIA PARA EL DESARROLLO INFANTIL NO 7,624412,Guarderías del sector público,Infancia,Guardería,Público,31 a 50 personas,017,Venustiano Carranza,090170001023A,19.44580109,-99.11356955,2010-07
9457372,ESTANCIA PARA EL DESARROLLO INFANTIL NO. 47,624412,Guarderías del sector público,Infancia,Guardería,Público,31 a 50 personas,014,Benito Juárez,0901400010774,19.37225778,-99.15450392,2023-11
798779,ESTANCIA POPPET,624411,Guarderías del sector privado,Infancia,Guardería,Privado,0 a 5 personas,005,Gustavo A. Madero,0900500011665,19.48065228,-99.08487962,2010-07
9096365,ESTANCIA TEMPORAL PARA ENFERMOS DE LOS ESTADOS,623112,"Residencias del sector público con cuidados de enfermeras para enfermos convalecientes, en rehabilitación, incurables y terminales",Salud y discapacidad,Residencia con enfermería,Público,31 a 50 personas,015,Cuauhtémoc,0901500010127,19.46081082,-99.12777298,2019-11
844113,ESTENCIA INFANTIL MIS PEQUEÑOS GIRASOLES,624411,Guarderías del sector privado,Infancia,Guardería,Privado,0 a 5 personas,007,Iztapalapa,0900700013401,19.32349789,-99.03891791,2010-07
812292,ESTIMULACION TEMPRANA RECREO PURPURA,623211,Residencias del sector privado para el cuidado de personas con problemas de retardo mental,Salud y discapacidad,Residencia discapacidad intelectual,Privado,0 a 5 personas,005,Gustavo A. Madero,0900500011364,19.48495796,-99.06955982,2010-07
8564056,FLORECER CASA HOGAR,623991,Orfanatos y otras residencias de asistencia social del sector privado,Asistencia social,Orfanato / residencia asistencial,Privado,11 a 30 personas,010,Álvaro Obregón,0901000010510,19.37786403,-99.196734,2019-11
11225508,FROGGY,624411,Guarderías del sector privado,Infancia,Guardería,Privado,0 a 5 personas,005,Gustavo A. Madero,0900500011896,19.46800211,-99.0964334,2024-11
6873982,FUNDACION CASA ALIANZA MEXICO,623991,Orfanatos y otras residencias de asistencia social del sector privado,Asistencia social,Orfanato / residencia asistencial,Privado,0 a 5 personas,013,Xochimilco,0901300010207,19.2600561,-99.11563671,2019-04
869223,FUNDACION CLARA MORENO Y MIRAMON,623991,Orfanatos y otras residencias de asistencia social del sector privado,Asistencia social,Orfanato / residencia asistencial,Privado,11 a 30 personas,014,Benito Juárez,0901400010191,19.39062401,-99.17942753,2010-07
881727,FUNDACION DAR Y AMAR DAYA IAP,623991,Orfanatos y otras residencias de asistencia social del sector privado,Asistencia social,Orfanato / residencia asistencial,Privado,6 a 10 personas,004,Cuajimalpa de Morelos,0900400010091,19.35381713,-99.30144617,2014-12
6319210,FUNDACIÓN DE AYUDA A LA ANCIANIDAD,623311,Asilos y otras residencias del sector privado para el cuidado de ancianos,Personas mayores,Residencia / asilo,Privado,51 a 100 personas,010,Álvaro Obregón,090100001110A,19.34517864,-99.20182209,2014-12
859560,FUNDACION DE MANO AMIGA A MANO ANCIANA,623311,Asilos y otras residencias del sector privado para el cuidado de ancianos,Personas mayores,Residencia / asilo,Privado,51 a 100 personas,012,Tlalpan,0901200010430,19.29300399,-99.15196411,2010-07
10255847,FUNDACION DE NIÑOS PACO,623991,Orfanatos y otras residencias de asistencia social del sector privado,Asistencia social,Orfanato / residencia asistencial,Privado,31 a 50 personas,017,Venustiano Carranza,0901700010422,19.43986873,-99.10219164,2024-11
1052250,FUNDACION FAMILIAR INFANTIL IAP,623991,Orfanatos y otras residencias de asistencia social del sector privado,Asistencia social,Orfanato / residencia asistencial,Privado,11 a 30 personas,010,Álvaro Obregón,0901000010525,19.37615938,-99.19500936,2010-07
1021136,FUNDACION HOGAR DULCE GOGAR,623992,Orfanatos y otras residencias de asistencia social del sector público,Asistencia social,Orfanato / residencia asistencial,Público,11 a 30 personas,010,Álvaro Obregón,0901000010027,19.4011721,-99.19620831,2010-07
1006605,FUNDACION INFANTIL RONAL MC DONALD,623991,Orfanatos y otras residencias de asistencia social del sector privado,Asistencia social,Orfanato / residencia asistencial,Privado,11 a 30 personas,012,Tlalpan,0901200011072,19.27655168,-99.17818351,2010-07
672987,FUNDACION MADRE RITA SCARAFILE IAP,623211,Residencias del sector privado para el cuidado de personas con problemas de retardo mental,Salud y discapacidad,Residencia discapacidad intelectual,Privado,0 a 5 personas,005,Gustavo A. Madero,090050001060A,19.50411043,-99.12821478,2010-07
711996,FUNDACION MI QUERIDO ABUELO,623311,Asilos y otras residencias del sector privado para el cuidado de ancianos,Personas mayores,Residencia / asilo,Privado,6 a 10 personas,007,Iztapalapa,0900700010642,19.36102625,-99.13080109,2014-12
6258815,FUNDACION MIER Y PESADO,623311,Asilos y otras residencias del sector privado para el cuidado de ancianos,Personas mayores,Residencia / asilo,Privado,101 a 250 personas,016,Miguel Hidalgo,0901600011175,19.40511115,-99.18510357,2010-07
1041538,FUNDACION OBDULIA MONTES DE OLINA CASA HOGAR,624121,Centros del sector privado dedicados a la atención y cuidado diurno de ancianos y discapacitados,Personas mayores y discapacidad,Centro de día,Privado,11 a 30 personas,010,Álvaro Obregón,0901000011858,19.33635313,-99.23423812,2010-07
10377850,FUNDACION PAIDI,623991,Orfanatos y otras residencias de asistencia social del sector privado,Asistencia social,Orfanato / residencia asistencial,Privado,0 a 5 personas,002,Azcapotzalco,0900200010665,19.47748709,-99.19249291,2024-11
654692,FUNDACION PAIDI,623991,Orfanatos y otras residencias de asistencia social del sector privado,Asistencia social,Orfanato / residencia asistencial,Privado,11 a 30 personas,002,Azcapotzalco,0900200010665,19.47764994,-99.19283513,2010-07
6318235,FUNDACION PARA ANCIANOS CONCEPCION BEISTEGUI,623311,Asilos y otras residencias del sector privado para el cuidado de ancianos,Personas mayores,Residencia / asilo,Privado,51 a 100 personas,015,Cuauhtémoc,090150001088A,19.42817232,-99.13847769,2014-12
8583025,FUNDACION PARA EL SERVICIO CASA HOGAR,623991,Orfanatos y otras residencias de asistencia social del sector privado,Asistencia social,Orfanato / residencia asistencial,Privado,6 a 10 personas,008,La Magdalena Contreras,0900800010495,19.310959,-99.23009472,2019-11
925974,FUNDACION PARLAS,623211,Residencias del sector privado para el cuidado de personas con problemas de retardo mental,Salud y discapacidad,Residencia discapacidad intelectual,Privado,6 a 10 personas,010,Álvaro Obregón,0901000010953,19.35812902,-99.20400478,2014-12
905471,FUNDACION PATRICIO SANZ,624411,Guarderías del sector privado,Infancia,Guardería,Privado,11 a 30 personas,003,Coyoacán,090030001015A,19.34631184,-99.15254687,2014-12
1012005,FUNDACION PRO NIÑOS DE LA CALLE,623991,Orfanatos y otras residencias de asistencia social del sector privado,Asistencia social,Orfanato / residencia asistencial,Privado,6 a 10 personas,015,Cuauhtémoc,0901500010678,19.44079851,-99.16648124,2014-12
6325428,FUNDACION PRO NINOS DE LA CALLE,623991,Orfanatos y otras residencias de asistencia social del sector privado,Asistencia social,Orfanato / residencia asistencial,Privado,31 a 50 personas,015,Cuauhtémoc,0901500010502,19.45179029,-99.14731183,2010-07
775477,FUNDACION SAN FELIPE DE JESUS,623991,Orfanatos y otras residencias de asistencia social del sector privado,Asistencia social,Orfanato / residencia asistencial,Privado,6 a 10 personas,016,Miguel Hidalgo,0901600011194,19.40002158,-99.1870532,2010-07
6257500,FUNDACION SUMANDO POR TI,623991,Orfanatos y otras residencias de asistencia social del sector privado,Asistencia social,Orfanato / residencia asistencial,Privado,11 a 30 personas,013,Xochimilco,0901300010014,19.27804497,-99.13381213,2010-07
935930,FUNDACION UNNIDO QUINTA CARMELITA,623991,Orfanatos y otras residencias de asistencia social del sector privado,Asistencia social,Orfanato / residencia asistencial,Privado,31 a 50 personas,013,Xochimilco,0901300010067,19.27342476,-99.14118785,2014-12
8564772,FUNDACION VIDA PLENA,624121,Centros del sector privado dedicados a la atención y cuidado diurno de ancianos y discapacitados,Personas mayores y discapacidad,Centro de día,Privado,6 a 10 personas,010,Álvaro Obregón,0901000011858,19.33828844,-99.22517631,2019-11
9990523,FUNDACIONESTANCIA SAGRADO CORAZON DE JESUS IAP,623991,Orfanatos y otras residencias de asistencia social del sector privado,Asistencia social,Orfanato / residencia asistencial,Privado,31 a 50 personas,012,Tlalpan,0901200272032,19.19580896,-99.14526654,2024-11
8489032,GIMY ESCUELAS,624411,Guarderías del sector privado,Infancia,Guardería,Privado,6 a 10 personas,014,Benito Juárez,0901400010806,19.37010608,-99.17388363,2019-11
10747093,GIMY GUARDERIAS KINDER,624411,Guarderías del sector privado,Infancia,Guardería,Privado,6 a 10 personas,014,Benito Juárez,0901400010204,19.3939389,-99.17642864,2024-11
832408,GOTITAS DE AMOR,624412,Guarderías del sector público,Infancia,Guardería,Público,0 a 5 personas,007,Iztapalapa,0900700014058,19.33024557,-99.05966504,2010-07
871374,GRANJA PARA NIÑAS ESPERANZA,623991,Orfanatos y otras residencias de asistencia social del sector privado,Asistencia social,Orfanato / residencia asistencial,Privado,6 a 10 personas,014,Benito Juárez,0901400010187,19.39389979,-99.18370157,2010-07
957851,GRUPO DE LA TERCERA EDAD OTRO BELLO AMANECER,624122,Centros del sector público dedicados a la atención y cuidado diurno de ancianos y discapacitados,Personas mayores y discapacidad,Centro de día,Público,0 a 5 personas,011,Tláhuac,0901100010433,19.2703856,-99.00315026,2010-07
838527,GRUPO DE LA TERCERA EDAD ROSAS BLANCAS PUEBLO SAN LORENZO TEZONCO,624122,Centros del sector público dedicados a la atención y cuidado diurno de ancianos y discapacitados,Personas mayores y discapacidad,Centro de día,Público,0 a 5 personas,007,Iztapalapa,0900700012102,19.31028818,-99.06857261,2010-07
950581,GRUPO OZTOTLITLA INAPAM,624122,Centros del sector público dedicados a la atención y cuidado diurno de ancianos y discapacitados,Personas mayores y discapacidad,Centro de día,Público,0 a 5 personas,009,Milpa Alta,0900900240219,19.1844635,-99.07112341,2014-12
8612296,GRUPO SENECTUD ACTIVA,624122,Centros del sector público dedicados a la atención y cuidado diurno de ancianos y discapacitados,Personas mayores y discapacidad,Centro de día,Público,6 a 10 personas,007,Iztapalapa,0900700011053,19.35275365,-99.0574412,2019-11
1028115,GUARDERIA 8 DEL IMSS,624412,Guarderías del sector público,Infancia,Guardería,Público,31 a 50 personas,015,Cuauhtémoc,0901500010945,19.42293812,-99.17221033,2010-07
954141,GUARDERIA ACTY GYM,624411,Guarderías del sector privado,Infancia,Guardería,Privado,6 a 10 personas,014,Benito Juárez,0901400010933,19.3649579,-99.17454779,2010-07
7706315,GUARDERIA ACUARELAS Y CUBITOS,624411,Guarderías del sector privado,Infancia,Guardería,Privado,0 a 5 personas,008,La Magdalena Contreras,0900800010141,19.32163347,-99.24515565,2019-11
10548984,GUARDERIA ALEGRO MONTESSORI,624411,Guarderías del sector privado,Infancia,Guardería,Privado,0 a 5 personas,004,Cuajimalpa de Morelos,0900400010176,19.39036661,-99.26462278,2024-11
960376,GUARDERIA AMANECER,624411,Guarderías del sector privado,Infancia,Guardería,Privado,6 a 10 personas,014,Benito Juárez,0901400010420,19.38698394,-99.15609852,2010-07
650953,GUARDERIA ARMONIA INFANTIL,624412,Guarderías del sector público,Infancia,Guardería,Público,11 a 30 personas,007,Iztapalapa,0900700010657,19.36470586,-99.13183595,2010-07
883958,GUARDERIA ASEGURADOS MADRES IMMS NUMERO 13,624412,Guarderías del sector público,Infancia,Guardería,Público,51 a 100 personas,015,Cuauhtémoc,0901500010540,19.44759186,-99.13393774,2010-07
690670,GUARDERIA ASERET S,624411,Guarderías del sector privado,Infancia,Guardería,Privado,31 a 50 personas,016,Miguel Hidalgo,0901600010707,19.43555693,-99.17896955,2014-12
966286,GUARDERIA BABY LAND,624411,Guarderías del sector privado,Infancia,Guardería,Privado,0 a 5 personas,014,Benito Juárez,0901400010632,19.37757449,-99.15052642,2010-07
881614,GUARDERIA BABY PICCOLO,624411,Guarderías del sector privado,Infancia,Guardería,Privado,6 a 10 personas,004,Cuajimalpa de Morelos,0900400010091,19.35489209,-99.30093747,2010-07
940639,GUARDERIA BAMBINELLO,624411,Guarderías del sector privado,Infancia,Guardería,Privado,11 a 30 personas,013,Xochimilco,0901300010086,19.26872757,-99.1194672,2010-07
704859,GUARDERIA BBITO,624411,Guarderías del sector privado,Infancia,Guardería,Privado,6 a 10 personas,006,Iztacalco,090060001097A,19.37826382,-99.1275857,2014-12
9829267,GUARDERIA BRAIN BOX KIDS,624411,Guarderías del sector privado,Infancia,Guardería,Privado,11 a 30 personas,013,Xochimilco,090130001121A,19.28610838,-99.11657196,2024-11
11563206,GUARDERIA BURBUJA,624411,Guarderías del sector privado,Infancia,Guardería,Privado,6 a 10 personas,016,Miguel Hidalgo,090160001068A,19.43346978,-99.18406064,2024-11
8635826,GUARDERIA BUSTER,624411,Guarderías del sector privado,Infancia,Guardería,Privado,0 a 5 personas,007,Iztapalapa,0900700013204,19.32851311,-99.03777429,2019-11
797023,GUARDERIA CACDI,624412,Guarderías del sector público,Infancia,Guardería,Público,11 a 30 personas,006,Iztacalco,0900600011130,19.38610515,-99.09788472,2010-07
697830,GUARDERIA CHARIN,624411,Guarderías del sector privado,Infancia,Guardería,Privado,6 a 10 personas,017,Venustiano Carranza,0901700011172,19.41646553,-99.09472067,2014-12
853791,GUARDERIA CHIQUITINES,624411,Guarderías del sector privado,Infancia,Guardería,Privado,6 a 10 personas,012,Tlalpan,0901200011443,19.27709399,-99.21955758,2010-07
9870998,GUARDERIA CUAUHILAMA,624411,Guarderías del sector privado,Infancia,Guardería,Privado,6 a 10 personas,013,Xochimilco,0901300010245,19.25913719,-99.10306613,2024-11
9968776,GUARDERIA DASHENS,624411,Guarderías del sector privado,Infancia,Guardería,Privado,31 a 50 personas,005,Gustavo A. Madero,0900500011735,19.4712465,-99.1395292,2024-11
636573,GUARDERIA DEL BOSQUE,624411,Guarderías del sector privado,Infancia,Guardería,Privado,0 a 5 personas,005,Gustavo A. Madero,0900500013093,19.546026,-99.14360802,2010-07
635250,GUARDERIA DEL IMSS,624411,Guarderías del sector privado,Infancia,Guardería,Privado,11 a 30 personas,002,Azcapotzalco,0900200010792,19.46240031,-99.18460449,2010-07
864574,GUARDERIA DEL IMSS -053,624412,Guarderías del sector público,Infancia,Guardería,Público,6 a 10 personas,015,Cuauhtémoc,0901500011356,19.40846267,-99.16637576,2010-07
714329,GUARDERIA DEL IMSS NO. 22,624412,Guarderías del sector público,Infancia,Guardería,Público,51 a 100 personas,007,Iztapalapa,0900700010977,19.35601615,-99.10213563,2014-12
857711,GUARDERIA DEL IMSS NUMERO 20,624412,Guarderías del sector público,Infancia,Guardería,Público,51 a 100 personas,012,Tlalpan,0901200011903,19.29516082,-99.17710985,2010-07
1029351,GUARDERIA DEL INSTITUTO MEXICANO DEL SEGURO SOCIAL,624412,Guarderías del sector público,Infancia,Guardería,Público,51 a 100 personas,015,Cuauhtémoc,0901500011093,19.4173512,-99.16499618,2014-12
901533,GUARDERIA DOCENTES ESPECIALIZADOS EN DESARROLLO INTEGRAL,624411,Guarderías del sector privado,Infancia,Guardería,Privado,6 a 10 personas,014,Benito Juárez,0901400010134,19.3971243,-99.14115959,2014-12
796267,GUARDERIA EDUCACION INICIAL ARCOIRIS,624411,Guarderías del sector privado,Infancia,Guardería,Privado,0 a 5 personas,005,Gustavo A. Madero,0900500012095,19.46137301,-99.10172448,2010-07
12325519,GUARDERIA EL ARBOL DE LA NIÑEZ,624412,Guarderías del sector público,Infancia,Guardería,Público,6 a 10 personas,005,Gustavo A. Madero,0900500010243,19.53362868,-99.14195106,2026-04
1003823,GUARDERIA EL CAROCOLITO,624411,Guarderías del sector privado,Infancia,Guardería,Privado,0 a 5 personas,004,Cuajimalpa de Morelos,090040001027A,19.37020109,-99.28786315,2014-12
979580,GUARDERIA EL JARDIN DE COYOACAN,624411,Guarderías del sector privado,Infancia,Guardería,Privado,0 a 5 personas,003,Coyoacán,0900300010588,19.33012177,-99.12452746,2010-07
931626,GUARDERIA ESTANCIA INFANTIL CHIQUITINES,624411,Guarderías del sector privado,Infancia,Guardería,Privado,0 a 5 personas,008,La Magdalena Contreras,0900800010300,19.30425242,-99.24736806,2014-12
995465,GUARDERIA ESTIMULACION TEMPRANA,624411,Guarderías del sector privado,Infancia,Guardería,Privado,11 a 30 personas,010,Álvaro Obregón,090100001110A,19.34332251,-99.20488,2010-07
898926,GUARDERIA FREINET,624411,Guarderías del sector privado,Infancia,Guardería,Privado,11 a 30 personas,015,Cuauhtémoc,090150001145A,19.40349113,-99.1664156,2014-12
921716,GUARDERIA FUNDACION DAR Y AMAR,624411,Guarderías del sector privado,Infancia,Guardería,Privado,0 a 5 personas,004,Cuajimalpa de Morelos,0900400010091,19.35374907,-99.30197705,2014-12
933357,GUARDERIA GIGI,624411,Guarderías del sector privado,Infancia,Guardería,Privado,6 a 10 personas,014,Benito Juárez,0901400010721,19.37692981,-99.17463552,2014-12
869731,GUARDERIA GIGI,624411,Guarderías del sector privado,Infancia,Guardería,Privado,6 a 10 personas,014,Benito Juárez,0901400010219,19.39597446,-99.17382406,2010-07
791798,GUARDERIA GOKO,624412,Guarderías del sector público,Infancia,Guardería,Público,11 a 30 personas,005,Gustavo A. Madero,0900500012216,19.46082451,-99.11095115,2010-07
1020054,GUARDERIA H MADRES ASEGURADAS 0021 DEL IMSS,624412,Guarderías del sector público,Infancia,Guardería,Público,51 a 100 personas,015,Cuauhtémoc,0901500010697,19.43304199,-99.15981189,2010-07
964104,GUARDERIA I I I DEL SEGURO SOCIAL,624412,Guarderías del sector público,Infancia,Guardería,Público,51 a 100 personas,014,Benito Juárez,0901400010261,19.39352176,-99.15386317,2010-07
689005,GUARDERIA IMSS 9,624412,Guarderías del sector público,Infancia,Guardería,Público,51 a 100 personas,016,Miguel Hidalgo,0901600010425,19.44467713,-99.21459691,2014-12
954248,GUARDERIA IMSS N0 8,624412,Guarderías del sector público,Infancia,Guardería,Público,51 a 100 personas,014,Benito Juárez,0901400010882,19.37026297,-99.18989595,2010-07
1030276,GUARDERIA IMSS NO 23,624412,Guarderías del sector público,Infancia,Guardería,Público,51 a 100 personas,015,Cuauhtémoc,0901500010875,19.42863445,-99.14851827,2010-07
1019993,GUARDERIA IMSS NUMERO 46,624412,Guarderías del sector público,Infancia,Guardería,Público,51 a 100 personas,015,Cuauhtémoc,0901500010697,19.43748439,-99.16070741,2010-07
785256,GUARDERIA INFANTIL 005,624412,Guarderías del sector público,Infancia,Guardería,Público,51 a 100 personas,005,Gustavo A. Madero,0900500011773,19.4628734,-99.12475619,2010-07
785264,GUARDERIA INFANTIL 006,624412,Guarderías del sector público,Infancia,Guardería,Público,51 a 100 personas,005,Gustavo A. Madero,0900500011773,19.46326667,-99.12542571,2010-07
1059555,GUARDERIA INFANTIL 016,624412,Guarderías del sector público,Infancia,Guardería,Público,51 a 100 personas,010,Álvaro Obregón,0901000011059,19.3504433,-99.18748538,2010-07
747305,GUARDERIA INFANTIL 02 DEL IMSS,624412,Guarderías del sector público,Infancia,Guardería,Público,51 a 100 personas,017,Venustiano Carranza,0901700011153,19.41997697,-99.09747566,2010-07
648875,GUARDERIA INFANTIL 034,624412,Guarderías del sector público,Infancia,Guardería,Público,51 a 100 personas,002,Azcapotzalco,0900200010311,19.48200785,-99.18353323,2010-07
810891,GUARDERIA INFANTIL 039,624412,Guarderías del sector público,Infancia,Guardería,Público,51 a 100 personas,006,Iztacalco,0900600010128,19.40641828,-99.06759904,2010-07
759744,GUARDERIA INFANTIL 15 IMSS,624412,Guarderías del sector público,Infancia,Guardería,Público,51 a 100 personas,005,Gustavo A. Madero,0900500013163,19.49972821,-99.09513936,2010-07
758471,GUARDERIA INFANTIL 18 IMSS,624412,Guarderías del sector público,Infancia,Guardería,Público,51 a 100 personas,016,Miguel Hidalgo,0901600010069,19.45575594,-99.17909537,2010-07
855720,GUARDERIA INFANTIL 26 IMSS,624412,Guarderías del sector público,Infancia,Guardería,Público,6 a 10 personas,015,Cuauhtémoc,0901500010254,19.45397114,-99.14299331,2010-07
928946,GUARDERIA INFANTIL 33,624412,Guarderías del sector público,Infancia,Guardería,Público,51 a 100 personas,008,La Magdalena Contreras,0900800010086,19.32540715,-99.22084552,2014-12
778224,GUARDERIA INFANTIL 38,624412,Guarderías del sector público,Infancia,Guardería,Público,31 a 50 personas,016,Miguel Hidalgo,0901600011207,19.40110832,-99.17771453,2010-07
764539,GUARDERIA INFANTIL 4 IMSS,624412,Guarderías del sector público,Infancia,Guardería,Público,51 a 100 personas,016,Miguel Hidalgo,0901600010482,19.44414879,-99.18282487,2010-07
766035,GUARDERIA INFANTIL 41,624412,Guarderías del sector público,Infancia,Guardería,Público,31 a 50 personas,016,Miguel Hidalgo,0901600010711,19.42738337,-99.17683476,2010-07
1028450,GUARDERIA INFANTIL DEL IMSS 35,624412,Guarderías del sector público,Infancia,Guardería,Público,31 a 50 personas,015,Cuauhtémoc,0901500010983,19.42277242,-99.17048922,2010-07
779374,GUARDERIA INFANTIL DEL IMSS NO 11,624412,Guarderías del sector público,Infancia,Guardería,Público,51 a 100 personas,005,Gustavo A. Madero,0900500011720,19.47441144,-99.1453164,2010-07
682371,GUARDERIA INFANTIL DEL IMSS NUMERO 12,624412,Guarderías del sector público,Infancia,Guardería,Público,31 a 50 personas,002,Azcapotzalco,0900200010631,19.4818674,-99.20980288,2014-12
8007617,GUARDERIA INFANTIL DEL INSTITUTO MEXICANO DEL SEGURO SOCIAL 32,624412,Guarderías del sector público,Infancia,Guardería,Público,51 a 100 personas,015,Cuauhtémoc,090150001049A,19.45276568,-99.14728862,2019-11
859043,GUARDERIA INFANTIL H. MADRES ASEGURADOS NUMERO 10 IMSS,624412,Guarderías del sector público,Infancia,Guardería,Público,51 a 100 personas,012,Tlalpan,0901200010958,19.28820455,-99.16846476,2010-07
922623,GUARDERIA INFANTIL HELEN KELLER,624411,Guarderías del sector privado,Infancia,Guardería,Privado,0 a 5 personas,010,Álvaro Obregón,0901000010313,19.38112464,-99.23954062,2014-12
960028,GUARDERIA INFANTIL IMSS MADRES ASEGURADAS 031,624412,Guarderías del sector público,Infancia,Guardería,Público,51 a 100 personas,015,Cuauhtémoc,0901500011483,19.40505259,-99.14497173,2010-07
903957,GUARDERIA INFANTIL MEXICANA DEL VALLE,624411,Guarderías del sector privado,Infancia,Guardería,Privado,6 a 10 personas,014,Benito Juárez,0901400010810,19.36912645,-99.16899663,2014-12
785534,GUARDERIA INFANTIL NO 29,624412,Guarderías del sector público,Infancia,Guardería,Público,51 a 100 personas,006,Iztacalco,090060001026A,19.4008521,-99.11715077,2010-07
663054,GUARDERIA INFANTIL NUMERO 1,624412,Guarderías del sector público,Infancia,Guardería,Público,51 a 100 personas,017,Venustiano Carranza,0901700011007,19.42226181,-99.09759029,2010-07
989143,GUARDERIA INFANTIL NUMERO 19 TURNO COMPLETO,624412,Guarderías del sector público,Infancia,Guardería,Público,6 a 10 personas,003,Coyoacán,0900300010107,19.3575738,-99.12288839,2010-07
979711,GUARDERIA INFANTIL NUMERO 25,624412,Guarderías del sector público,Infancia,Guardería,Público,11 a 30 personas,014,Benito Juárez,0901400010971,19.35906925,-99.15989027,2010-07
1044140,GUARDERIA INFANTIL NUMERO 28,624412,Guarderías del sector público,Infancia,Guardería,Público,31 a 50 personas,015,Cuauhtémoc,0901500011074,19.41465206,-99.12831867,2010-07
964850,GUARDERIA INFANTIL NUMERO 30 DEL IMSS,624412,Guarderías del sector público,Infancia,Guardería,Público,31 a 50 personas,014,Benito Juárez,0901400010454,19.38408177,-99.1495315,2010-07
1012640,GUARDERIA INFANTIL NUMERO 52 IMSS,624412,Guarderías del sector público,Infancia,Guardería,Público,51 a 100 personas,015,Cuauhtémoc,0901500010678,19.43704875,-99.16807817,2010-07
1026062,GUARDERIA INFANTIL NUMERO V INSTITUTO MEXICANO DEL SEGURO SOCIAL,624412,Guarderías del sector público,Infancia,Guardería,Público,11 a 30 personas,010,Álvaro Obregón,0901000010262,19.38794886,-99.20795575,2010-07
1009468,GUARDERIA INFANTIL ORDINARIA 024,624412,Guarderías del sector público,Infancia,Guardería,Público,51 a 100 personas,003,Coyoacán,0900300011124,19.30583274,-99.14441405,2010-07
10248110,GUARDERIA INFANTIL VII IMSS,624412,Guarderías del sector público,Infancia,Guardería,Público,31 a 50 personas,015,Cuauhtémoc,0901500011125,19.41938142,-99.15061607,2024-11
11829148,GUARDERIA INGENIERO HUGO BECKMAN PARA EMPLEADOS DE TELMEX,624411,Guarderías del sector privado,Infancia,Guardería,Privado,11 a 30 personas,015,Cuauhtémoc,0901500010678,19.43960759,-99.16682184,2025-04
6318456,GUARDERIA INTEGRA CUIDADOS MATERNALES,624411,Guarderías del sector privado,Infancia,Guardería,Privado,11 a 30 personas,015,Cuauhtémoc,0901500011040,19.42385667,-99.1397391,2010-07
748158,GUARDERIA JARDIN ENCANTADO,624411,Guarderías del sector privado,Infancia,Guardería,Privado,31 a 50 personas,005,Gustavo A. Madero,0900500010968,19.48907741,-99.12830434,2010-07
767641,GUARDERIA JUGANDO APRENDEREMOS,624411,Guarderías del sector privado,Infancia,Guardería,Privado,0 a 5 personas,005,Gustavo A. Madero,0900500011186,19.49334844,-99.08871205,2010-07
915581,GUARDERIA KIDS DAY CARE CENTER,624411,Guarderías del sector privado,Infancia,Guardería,Privado,6 a 10 personas,012,Tlalpan,0901200010892,19.28063011,-99.19227651,2014-12
10121507,GUARDERIA KOGUS,624411,Guarderías del sector privado,Infancia,Guardería,Privado,11 a 30 personas,005,Gustavo A. Madero,0900500011896,19.47208192,-99.0945092,2024-11
741595,GUARDERIA KOGUS,624411,Guarderías del sector privado,Infancia,Guardería,Privado,31 a 50 personas,005,Gustavo A. Madero,090050001060A,19.50508154,-99.12686508,2010-07
1056949,GUARDERIA KOKONE,624411,Guarderías del sector privado,Infancia,Guardería,Privado,6 a 10 personas,012,Tlalpan,0901200272032,19.20138671,-99.13919227,2010-07
7904585,GUARDERIA LA CASA FELIZ,624411,Guarderías del sector privado,Infancia,Guardería,Privado,0 a 5 personas,007,Iztapalapa,0900700011157,19.36043549,-98.99412253,2019-11
8116960,GUARDERIA LA CASITA,624411,Guarderías del sector privado,Infancia,Guardería,Privado,0 a 5 personas,002,Azcapotzalco,0900200010400,19.47606978,-99.15167303,2019-11
11458174,GUARDERIA LA MADRIGUERA,624411,Guarderías del sector privado,Infancia,Guardería,Privado,0 a 5 personas,015,Cuauhtémoc,0901500010540,19.44660213,-99.13256531,2024-11
959743,GUARDERIA LECOLE DEL VALLE,624411,Guarderías del sector privado,Infancia,Guardería,Privado,6 a 10 personas,014,Benito Juárez,0901400010257,19.39107549,-99.15901033,2010-07
7958849,GUARDERIA LOS PEQUEÑOS GENIOS II,624412,Guarderías del sector público,Infancia,Guardería,Público,31 a 50 personas,005,Gustavo A. Madero,090050001128A,19.48376617,-99.11127273,2019-11
850740,GUARDERIA LOS PEQUEÑOS GENIOS TRES,624412,Guarderías del sector público,Infancia,Guardería,Público,31 a 50 personas,015,Cuauhtémoc,0901500010127,19.46029694,-99.1269349,2010-07
9612087,GUARDERIA MADRES IMSS M IV LA RAZA,624412,Guarderías del sector público,Infancia,Guardería,Público,51 a 100 personas,002,Azcapotzalco,0900200010788,19.46574012,-99.14335951,2024-11
7705834,GUARDERIA MADRES IMSS VI,624412,Guarderías del sector público,Infancia,Guardería,Público,31 a 50 personas,008,La Magdalena Contreras,0900800010048,19.33509733,-99.20981204,2019-11
11608774,GUARDERIA MARDILU,624411,Guarderías del sector privado,Infancia,Guardería,Privado,0 a 5 personas,002,Azcapotzalco,0900200010364,19.4763258,-99.16273978,2024-11
817340,GUARDERIA MI PEQUEÑO MUNDO,624411,Guarderías del sector privado,Infancia,Guardería,Privado,0 a 5 personas,007,Iztapalapa,0900700013242,19.3389441,-99.00508918,2010-07
9255124,GUARDERIA MIMOS MI PRIMER COLE,624411,Guarderías del sector privado,Infancia,Guardería,Privado,11 a 30 personas,016,Miguel Hidalgo,0901600010641,19.43742264,-99.19732952,2020-11
10932049,GUARDERIA MIS CRAYOLITAS,624411,Guarderías del sector privado,Infancia,Guardería,Privado,0 a 5 personas,011,Tláhuac,0901100010039,19.29668381,-99.03920808,2024-11
958676,GUARDERIA MIS PRIMEROS PASOS,624411,Guarderías del sector privado,Infancia,Guardería,Privado,0 a 5 personas,015,Cuauhtémoc,0901500011479,19.40559052,-99.15704736,2010-07
9427025,GUARDERIA MUNDO DE LOS NIÑOS,624411,Guarderías del sector privado,Infancia,Guardería,Privado,0 a 5 personas,007,Iztapalapa,0900700011960,19.32118103,-99.07861181,2023-11
983373,GUARDERIA MUNDO PEQUEÑO,624411,Guarderías del sector privado,Infancia,Guardería,Privado,0 a 5 personas,004,Cuajimalpa de Morelos,0900400010354,19.36706025,-99.2880811,2010-07
927284,GUARDERIA MY NANNY DAILY CARE,624411,Guarderías del sector privado,Infancia,Guardería,Privado,6 a 10 personas,010,Álvaro Obregón,0901000011078,19.34641042,-99.23674915,2014-12
10513587,GUARDERIA MY NANY,624411,Guarderías del sector privado,Infancia,Guardería,Privado,6 a 10 personas,010,Álvaro Obregón,0901000010987,19.35965539,-99.19044445,2024-11
8632448,GUARDERIA NIÑOS APRENDIENDO,624411,Guarderías del sector privado,Infancia,Guardería,Privado,0 a 5 personas,012,Tlalpan,0901200012051,19.27338675,-99.22997367,2019-11
883959,GUARDERIA ORDINARIA 0014,624412,Guarderías del sector público,Infancia,Guardería,Público,51 a 100 personas,015,Cuauhtémoc,0901500010540,19.44759186,-99.13393774,2010-07
1015431,GUARDERIA ORDINARIA IMSS 40,624412,Guarderías del sector público,Infancia,Guardería,Público,31 a 50 personas,003,Coyoacán,0900300010022,19.35703528,-99.16545946,2010-07
964245,GUARDERIA ORDINARIA NUMERO 007 DEL INSTITUTO MEXICANO DEL SEGURO SOCIAL,624412,Guarderías del sector público,Infancia,Guardería,Público,51 a 100 personas,014,Benito Juárez,0901400010280,19.39231867,-99.14629731,2010-07
956060,GUARDERIA PARA MADRES ASEGURADAS 049 IMSS,624412,Guarderías del sector público,Infancia,Guardería,Público,51 a 100 personas,015,Cuauhtémoc,0901500011125,19.41666093,-99.15171381,2010-07
924064,GUARDERIA PEQUEÑIN,624411,Guarderías del sector privado,Infancia,Guardería,Privado,6 a 10 personas,010,Álvaro Obregón,0901000012131,19.37246916,-99.20371532,2014-12
10483790,GUARDERIA PEQUEÑIN BABY CARE,624411,Guarderías del sector privado,Infancia,Guardería,Privado,11 a 30 personas,010,Álvaro Obregón,0901000011665,19.35420933,-99.24092768,2024-11
8681289,GUARDERIA PRAXIS,624411,Guarderías del sector privado,Infancia,Guardería,Privado,11 a 30 personas,012,Tlalpan,090120027230A,19.20921031,-99.15719497,2019-11
743647,GUARDERIA PRIMEROS PASOS,624411,Guarderías del sector privado,Infancia,Guardería,Privado,0 a 5 personas,007,Iztapalapa,0900700012390,19.38626109,-99.08015342,2010-07
762931,GUARDERIA SAN AGUSTIN,624411,Guarderías del sector privado,Infancia,Guardería,Privado,6 a 10 personas,016,Miguel Hidalgo,0901600010641,19.43560782,-99.19672235,2010-07
774093,GUARDERIA SAN MIGUEL AC CADI 35 DIF,624412,Guarderías del sector público,Infancia,Guardería,Público,11 a 30 personas,016,Miguel Hidalgo,0901600011160,19.40926815,-99.18694792,2010-07
1013380,GUARDERIA SHAKESPEARE,624411,Guarderías del sector privado,Infancia,Guardería,Privado,11 a 30 personas,015,Cuauhtémoc,0901500010610,19.44244141,-99.14644879,2010-07
662233,GUARDERIA TOPALLI,624411,Guarderías del sector privado,Infancia,Guardería,Privado,6 a 10 personas,017,Venustiano Carranza,0901700010672,19.43086892,-99.09461709,2010-07
915054,GUARDERIA TORRE FUERTE,624412,Guarderías del sector público,Infancia,Guardería,Público,0 a 5 personas,012,Tlalpan,0901200262297,19.21679445,-99.21496436,2014-12
970563,GUARDERIA TULIPAN,624411,Guarderías del sector privado,Infancia,Guardería,Privado,0 a 5 personas,003,Coyoacán,0900300010465,19.3362368,-99.14566526,2010-07
730630,GUARDERIA U 914,624411,Guarderías del sector privado,Infancia,Guardería,Privado,11 a 30 personas,007,Iztapalapa,0900700015198,19.36926222,-99.0563139,2014-12
860342,GUARDERIA Y ESTANCIA INFANTIL NAOMI,624412,Guarderías del sector público,Infancia,Guardería,Público,0 a 5 personas,012,Tlalpan,0901200010553,19.29093897,-99.13763719,2010-07
9566387,GUARDERIA Y KINDER BABY SCHOOL,624411,Guarderías del sector privado,Infancia,Guardería,Privado,11 a 30 personas,007,Iztapalapa,0900700010036,19.38895009,-99.05415727,2024-11
959755,GUARDERIA Y PREESCOLAR ACTY GYM NARVARTE,624411,Guarderías del sector privado,Infancia,Guardería,Privado,11 a 30 personas,014,Benito Juárez,0901400010257,19.39189369,-99.1593214,2010-07
8488656,GUARDERIAS BABY STAR,624411,Guarderías del sector privado,Infancia,Guardería,Privado,6 a 10 personas,014,Benito Juárez,0901400010721,19.37746733,-99.17282186,2019-11
8632003,GUARDERIAS COAPA,624412,Guarderías del sector público,Infancia,Guardería,Público,51 a 100 personas,012,Tlalpan,0901200011918,19.3012262,-99.12108176,2019-11
908484,GYMBORE,624411,Guarderías del sector privado,Infancia,Guardería,Privado,11 a 30 personas,003,Coyoacán,0900300011232,19.34476789,-99.13089061,2014-12
7958884,HERMANAS DE LA SAGRADA FAMILIA ORDEN DE SAN BENITO,623311,Asilos y otras residencias del sector privado para el cuidado de ancianos,Personas mayores,Residencia / asilo,Privado,0 a 5 personas,005,Gustavo A. Madero,0900500011129,19.48862907,-99.11981446,2019-11
985099,HERMANOS MISIONEROS DE LA CARIDAD,623991,Orfanatos y otras residencias de asistencia social del sector privado,Asistencia social,Orfanato / residencia asistencial,Privado,6 a 10 personas,004,Cuajimalpa de Morelos,0900400010373,19.34430359,-99.27674211,2010-07
1000699,HOGAR DE ANCIANOS NUESTRA SEÑORA DE GUADALUPE,623311,Asilos y otras residencias del sector privado para el cuidado de ancianos,Personas mayores,Residencia / asilo,Privado,11 a 30 personas,015,Cuauhtémoc,0901500010911,19.42664343,-99.1278076,2010-07
781508,HOGAR DE ANCIANOS SANTA MARIA DE GUADALUPE,623311,Asilos y otras residencias del sector privado para el cuidado de ancianos,Personas mayores,Residencia / asilo,Privado,11 a 30 personas,005,Gustavo A. Madero,0900500011260,19.48583108,-99.11924111,2010-07
954975,HOGAR DE LA JOVEN VICENTA MA,623991,Orfanatos y otras residencias de asistencia social del sector privado,Asistencia social,Orfanato / residencia asistencial,Privado,6 a 10 personas,014,Benito Juárez,0901400010897,19.36936901,-99.18485036,2010-07
6380646,HOGAR DE NIÑOS Y CUERPO,623991,Orfanatos y otras residencias de asistencia social del sector privado,Asistencia social,Orfanato / residencia asistencial,Privado,6 a 10 personas,010,Álvaro Obregón,0901000011858,19.33911427,-99.23238803,2010-07
1060653,HOGAR DE NUESTRA SEÑORA DE LA CONSOLACION PARA NIÑOS INCURABLES IAP,623111,"Residencias del sector privado con cuidados de enfermeras para enfermos convalecientes, en rehabilitación, incurables y terminales",Salud y discapacidad,Residencia con enfermería,Privado,31 a 50 personas,012,Tlalpan,0901200011015,19.28182779,-99.17262376,2010-07
769828,HOGAR GONZALO COSIO DUCOING,623311,Asilos y otras residencias del sector privado para el cuidado de ancianos,Personas mayores,Residencia / asilo,Privado,6 a 10 personas,016,Miguel Hidalgo,0901600010942,19.42082288,-99.21595497,2010-07
877079,HOGAR PARA ANCIANOS MATIAS ROMERO,623311,Asilos y otras residencias del sector privado para el cuidado de ancianos,Personas mayores,Residencia / asilo,Privado,11 a 30 personas,015,Cuauhtémoc,0901500010555,19.44645135,-99.16375712,2010-07
774191,HOGAR PARA MADRES SOLTERAS,623991,Orfanatos y otras residencias de asistencia social del sector privado,Asistencia social,Orfanato / residencia asistencial,Privado,0 a 5 personas,016,Miguel Hidalgo,0901600011160,19.40509468,-99.18702568,2010-07
920898,HOGAR PAZ Y ALEGRIA MISIONERAS DE LA CARIDAD,623111,"Residencias del sector privado con cuidados de enfermeras para enfermos convalecientes, en rehabilitación, incurables y terminales",Salud y discapacidad,Residencia con enfermería,Privado,11 a 30 personas,010,Álvaro Obregón,0901000010309,19.38203514,-99.24345496,2014-12
6315656,HOGAR SAN VICENTE,623311,Asilos y otras residencias del sector privado para el cuidado de ancianos,Personas mayores,Residencia / asilo,Privado,101 a 250 personas,003,Coyoacán,0900300010111,19.34783918,-99.17553202,2014-12
9399737,HOGAR SUSTITUTO NO1,623992,Orfanatos y otras residencias de asistencia social del sector público,Asistencia social,Orfanato / residencia asistencial,Público,0 a 5 personas,017,Venustiano Carranza,0901700010649,19.42720448,-99.10069097,2026-04
9455117,HOGAR SUSTITUTO NO2,624412,Guarderías del sector público,Infancia,Guardería,Público,0 a 5 personas,015,Cuauhtémoc,0901500011534,19.42065177,-99.14908797,2026-04
1060612,HOGAR Y FUTURO,623991,Orfanatos y otras residencias de asistencia social del sector privado,Asistencia social,Orfanato / residencia asistencial,Privado,31 a 50 personas,010,Álvaro Obregón,0901000011735,19.32611251,-99.26661298,2010-07
11504126,HOGARES CALAZANS,623991,Orfanatos y otras residencias de asistencia social del sector privado,Asistencia social,Orfanato / residencia asistencial,Privado,0 a 5 personas,012,Tlalpan,0901200011161,19.26990234,-99.17544833,2024-11
6308646,HOGARES PROVIDENCIA,623991,Orfanatos y otras residencias de asistencia social del sector privado,Asistencia social,Orfanato / residencia asistencial,Privado,0 a 5 personas,006,Iztacalco,0900600010240,19.3994166,-99.12760821,2014-12
6308645,HOGARES PROVIDENCIA,623991,Orfanatos y otras residencias de asistencia social del sector privado,Asistencia social,Orfanato / residencia asistencial,Privado,0 a 5 personas,014,Benito Juárez,090140001012A,19.39410199,-99.14502978,2014-12
6317924,HOGARES PROVIDENCIA,623991,Orfanatos y otras residencias de asistencia social del sector privado,Asistencia social,Orfanato / residencia asistencial,Privado,0 a 5 personas,014,Benito Juárez,0901400010952,19.36279161,-99.16842403,2010-07
6756719,HOGARES PROVIDENCIA,623991,Orfanatos y otras residencias de asistencia social del sector privado,Asistencia social,Orfanato / residencia asistencial,Privado,0 a 5 personas,014,Benito Juárez,0901400010134,19.39334964,-99.14081866,2016-10
6317982,HOGARES PROVIDENCIA,623991,Orfanatos y otras residencias de asistencia social del sector privado,Asistencia social,Orfanato / residencia asistencial,Privado,11 a 30 personas,014,Benito Juárez,0901400010134,19.39555716,-99.14140084,2010-07
1060151,HONORABLE CUERPO DE VOLUNTARIOS ANA MUNGUIA DE GOMEZ DEL HOSPITAL INFANTIL DE MEXICO FEDERICO GOMEZ,623992,Orfanatos y otras residencias de asistencia social del sector público,Asistencia social,Orfanato / residencia asistencial,Público,0 a 5 personas,015,Cuauhtémoc,0901500011229,19.40678095,-99.15229411,2014-12
1052083,HOSPITAL VICENTINO,623311,Asilos y otras residencias del sector privado para el cuidado de ancianos,Personas mayores,Residencia / asilo,Privado,11 a 30 personas,010,Álvaro Obregón,0901000011222,19.33957945,-99.19984271,2010-07
11170642,HOTEL BELMONT VILLAGE SENIOR LIVING SANTA FE,623311,Asilos y otras residencias del sector privado para el cuidado de ancianos,Personas mayores,Residencia / asilo,Privado,11 a 30 personas,004,Cuajimalpa de Morelos,0900400010369,19.35811177,-99.28301772,2024-11
6306044,IGLESIA CUERPO 2 MEXICO,623991,Orfanatos y otras residencias de asistencia social del sector privado,Asistencia social,Orfanato / residencia asistencial,Privado,0 a 5 personas,017,Venustiano Carranza,0901700010085,19.44914531,-99.09427945,2010-07
6258278,IGLESIA CUERPO NUMERO 5,623991,Orfanatos y otras residencias de asistencia social del sector privado,Asistencia social,Orfanato / residencia asistencial,Privado,0 a 5 personas,016,Miguel Hidalgo,090160001011A,19.45616583,-99.20526013,2010-07
754543,IMSS GUARDERIA INFANTIL 27,624412,Guarderías del sector público,Infancia,Guardería,Público,31 a 50 personas,017,Venustiano Carranza,0901700011312,19.40897128,-99.12581221,2010-07
710488,IMSS GUARDERIA ORDINARIA 0017,624412,Guarderías del sector público,Infancia,Guardería,Público,51 a 100 personas,006,Iztacalco,0900600010202,19.39616078,-99.06495831,2014-12
9193079,INAPAM,624122,Centros del sector público dedicados a la atención y cuidado diurno de ancianos y discapacitados,Personas mayores y discapacidad,Centro de día,Público,0 a 5 personas,017,Venustiano Carranza,0901700011401,19.4111025,-99.11805003,2019-11
846573,INSEN,624122,Centros del sector público dedicados a la atención y cuidado diurno de ancianos y discapacitados,Personas mayores y discapacidad,Centro de día,Público,0 a 5 personas,017,Venustiano Carranza,0901700010121,19.44427674,-99.08589712,2014-12
634079,INSTANCIA INFANTIL FER-KAR,624411,Guarderías del sector privado,Infancia,Guardería,Privado,0 a 5 personas,005,Gustavo A. Madero,0900500010084,19.55453483,-99.14025487,2010-07
650767,INSTITUCION ALEGRIAS,623991,Orfanatos y otras residencias de asistencia social del sector privado,Asistencia social,Orfanato / residencia asistencial,Privado,11 a 30 personas,007,Iztapalapa,0900700010483,19.37206976,-99.13210705,2010-07
6258304,INSTITUCION DE ASISTENCIA PRIVADA,623311,Asilos y otras residencias del sector privado para el cuidado de ancianos,Personas mayores,Residencia / asilo,Privado,11 a 30 personas,012,Tlalpan,090120001038A,19.29319128,-99.17062255,2010-07
667589,INSTITUCION DE ASISTENCIA PRIVADA CASA BETTI,623311,Asilos y otras residencias del sector privado para el cuidado de ancianos,Personas mayores,Residencia / asilo,Privado,31 a 50 personas,002,Azcapotzalco,0900200010345,19.48092934,-99.18054327,2010-07
9448219,INSTITUTO CULTURAL SANTA FE,624411,Guarderías del sector privado,Infancia,Guardería,Privado,6 a 10 personas,010,Álvaro Obregón,0901000010243,19.38847501,-99.20082915,2023-11
652746,INSTITUTO DE PERSONAS ADULTAS RESIDENCIA DE DIA GUADALUPE PROLETARIA,624122,Centros del sector público dedicados a la atención y cuidado diurno de ancianos y discapacitados,Personas mayores y discapacidad,Centro de día,Público,6 a 10 personas,005,Gustavo A. Madero,0900500013303,19.51951247,-99.14961118,2010-07
759319,INSTITUTO DE SEGURIDAD Y SERVICIOS SOCIALES PARA LOS TRABAJADORES DEL ESTADO ESTANCIAS,624412,Guarderías del sector público,Infancia,Guardería,Público,31 a 50 personas,016,Miguel Hidalgo,0901600010497,19.4424398,-99.17431552,2010-07
867158,INSTITUTO INEDIN,623991,Orfanatos y otras residencias de asistencia social del sector privado,Asistencia social,Orfanato / residencia asistencial,Privado,31 a 50 personas,015,Cuauhtémoc,0901500011337,19.40753908,-99.1725138,2010-07
845284,INSTITUTO JEAN PIAGET,624411,Guarderías del sector privado,Infancia,Guardería,Privado,6 a 10 personas,005,Gustavo A. Madero,0900500012038,19.46491402,-99.05857814,2010-07
9999040,INSTITUTO MARSHALL MEXICO PLANTEL TLAHUAC,624411,Guarderías del sector privado,Infancia,Guardería,Privado,31 a 50 personas,011,Tláhuac,0901100011268,19.29546,-99.04247947,2024-11
6307323,INSTITUTO MEXICANO DE EDUCACION INFANTIL,624411,Guarderías del sector privado,Infancia,Guardería,Privado,31 a 50 personas,002,Azcapotzalco,0900200010684,19.4659388,-99.19036251,2010-07
11543529,INSTITUTO MEXICANO DE EDUCACION INFANTIL 50,624411,Guarderías del sector privado,Infancia,Guardería,Privado,31 a 50 personas,002,Azcapotzalco,0900200010684,19.46593865,-99.19036095,2024-11
1028146,INSTITUTO MEXICANO DEL SEGURO SOCIAL,624412,Guarderías del sector público,Infancia,Guardería,Público,11 a 30 personas,015,Cuauhtémoc,0901500010945,19.42272897,-99.17215265,2010-07
810139,INSTITUTO MEXICANO DEL SEGURO SOCIAL GUARDERIA INFANTIL NUM 43,624412,Guarderías del sector público,Infancia,Guardería,Público,51 a 100 personas,005,Gustavo A. Madero,0900500011330,19.48691647,-99.07934696,2010-07
971474,INSTITUTO NACIONAL DE PERSONAS ADULTAS MAYORES,623312,Asilos y otras residencias del sector público para el cuidado de ancianos,Personas mayores,Residencia / asilo,Público,6 a 10 personas,003,Coyoacán,0900300010319,19.34071408,-99.13530929,2010-07
711507,INSTITUTO PARA EL ENVEJECIMIENTO DIGNO DE LA CIUDAD DE MEXICO,624122,Centros del sector público dedicados a la atención y cuidado diurno de ancianos y discapacitados,Personas mayores y discapacidad,Centro de día,Público,11 a 30 personas,007,Iztapalapa,0900700010483,19.37615578,-99.13444814,2014-12
837886,INSTITUTO PEDAGOGICO DE EDUCACION INICIAL,624411,Guarderías del sector privado,Infancia,Guardería,Privado,51 a 100 personas,007,Iztapalapa,0900700011655,19.34229664,-99.04805195,2010-07
1035723,INSTITUTO PEPARA LA ATENCION DE LOS ADULTO MAYORES DEL GOBIERNO DEL DISTRITO FEDERAL IAAMDF,624122,Centros del sector público dedicados a la atención y cuidado diurno de ancianos y discapacitados,Personas mayores y discapacidad,Centro de día,Público,6 a 10 personas,013,Xochimilco,0901300010279,19.25633288,-99.0607703,2010-07
815391,INSTITUTO PRONIÑEZ MEXICANA,623991,Orfanatos y otras residencias de asistencia social del sector privado,Asistencia social,Orfanato / residencia asistencial,Privado,6 a 10 personas,006,Iztacalco,0900600010363,19.39278656,-99.06290478,2010-07
858455,INSTITUTO SOCIAL NUESTRA SEÑORA DEL PILAR,623991,Orfanatos y otras residencias de asistencia social del sector privado,Asistencia social,Orfanato / residencia asistencial,Privado,11 a 30 personas,012,Tlalpan,0901200010394,19.29574861,-99.16562713,2010-07
823165,INTERNADO INFANTIL GUADALUPANO,623991,Orfanatos y otras residencias de asistencia social del sector privado,Asistencia social,Orfanato / residencia asistencial,Privado,51 a 100 personas,007,Iztapalapa,0900700014414,19.32485585,-99.08929383,2010-07
8680316,INTERNADO SANT0 TOMAS DE AQUINO,623991,Orfanatos y otras residencias de asistencia social del sector privado,Asistencia social,Orfanato / residencia asistencial,Privado,0 a 5 personas,002,Azcapotzalco,090020001067A,19.47384619,-99.1872455,2019-11
690265,IPM,624411,Guarderías del sector privado,Infancia,Guardería,Privado,0 a 5 personas,016,Miguel Hidalgo,0901600010656,19.43286775,-99.19409596,2014-12
915724,ISSTE CONVIVE,624212,Servicios de alimentación comunitarios prestados por el sector público,Apoyo comunitario,Comedor comunitario,Público,11 a 30 personas,012,Tlalpan,0901200012085,19.27800742,-99.18914115,2014-12
904429,IZKALOTL,624412,Guarderías del sector público,Infancia,Guardería,Público,11 a 30 personas,014,Benito Juárez,0901400010986,19.36132282,-99.15513614,2014-12
855189,JARDIN DE NIÑOS POPOTITOS,624412,Guarderías del sector público,Infancia,Guardería,Público,0 a 5 personas,012,Tlalpan,0901200011462,19.27114337,-99.21433761,2010-07
805524,JARDIN DE NIÑOS Y ESTANCIA INFANTIL SIMBA,624411,Guarderías del sector privado,Infancia,Guardería,Privado,6 a 10 personas,007,Iztapalapa,090070001134A,19.35361079,-98.99363664,2010-07
691775,JARDIN DEL ADULTO MAYOR EUQUERIO GUERRERO,624122,Centros del sector público dedicados a la atención y cuidado diurno de ancianos y discapacitados,Personas mayores y discapacidad,Centro de día,Público,6 a 10 personas,016,Miguel Hidalgo,0901600010798,19.42374289,-99.19219819,2014-12
990231,JUAN ENRRIQUE PESTALOSSI,624411,Guarderías del sector privado,Infancia,Guardería,Privado,6 a 10 personas,003,Coyoacán,090030001093A,19.3119122,-99.11471946,2010-07
10580305,KIDS ZONE,624411,Guarderías del sector privado,Infancia,Guardería,Privado,6 a 10 personas,015,Cuauhtémoc,0901500010540,19.44660213,-99.13256531,2024-11
11154199,KINDERECKE CENTRO INFANTIL Y LUDOTECA,624411,Guarderías del sector privado,Infancia,Guardería,Privado,0 a 5 personas,012,Tlalpan,0901200012121,19.27353307,-99.14214614,2024-11
11740054,KOALA BABY,624411,Guarderías del sector privado,Infancia,Guardería,Privado,0 a 5 personas,012,Tlalpan,0901200010657,19.2888151,-99.21908996,2025-04
1025393,KOKUN,624411,Guarderías del sector privado,Infancia,Guardería,Privado,11 a 30 personas,015,Cuauhtémoc,0901500010790,19.43135908,-99.16514056,2010-07
11276542,KREATY KIDS,624411,Guarderías del sector privado,Infancia,Guardería,Privado,11 a 30 personas,016,Miguel Hidalgo,0901600010730,19.43290201,-99.21110209,2024-11
8680446,LA CASA DE LA SAL,623111,"Residencias del sector privado con cuidados de enfermeras para enfermos convalecientes, en rehabilitación, incurables y terminales",Salud y discapacidad,Residencia con enfermería,Privado,31 a 50 personas,002,Azcapotzalco,0900200010805,19.46320058,-99.18058952,2019-11
10098460,LA CASA DE LAS GUERRERAS OBREGONENSES,624211,Servicios de alimentación comunitarios prestados por el sector privado,Apoyo comunitario,Comedor comunitario,Privado,0 a 5 personas,010,Álvaro Obregón,0901000010065,19.3970496,-99.19098478,2024-11
10368937,LA CASA DE LAS LUNAS,623311,Asilos y otras residencias del sector privado para el cuidado de ancianos,Personas mayores,Residencia / asilo,Privado,11 a 30 personas,005,Gustavo A. Madero,0900500010722,19.50174033,-99.12693964,2024-11
8228761,LA CASA DE LAS LUNAS,623311,Asilos y otras residencias del sector privado para el cuidado de ancianos,Personas mayores,Residencia / asilo,Privado,11 a 30 personas,016,Miguel Hidalgo,0901600010707,19.43528533,-99.17839555,2019-11
10533216,LA CASA DE LAS LUNAS PEDREGAL,623311,Asilos y otras residencias del sector privado para el cuidado de ancianos,Personas mayores,Residencia / asilo,Privado,11 a 30 personas,010,Álvaro Obregón,0901000011275,19.31642398,-99.20165095,2024-11
8485201,LA CASA DEL ESTUDIANTE DURANGUENSE,623992,Orfanatos y otras residencias de asistencia social del sector público,Asistencia social,Orfanato / residencia asistencial,Público,0 a 5 personas,015,Cuauhtémoc,0901500010555,19.44688803,-99.16198101,2019-11
10877735,LA CASA DEL MIGRANTE CUAUHTEMOC,623992,Orfanatos y otras residencias de asistencia social del sector público,Asistencia social,Orfanato / residencia asistencial,Público,11 a 30 personas,015,Cuauhtémoc,0901500010803,19.42999269,-99.15975377,2024-11
807624,LA CASITA DE LA ABEJA,624411,Guarderías del sector privado,Infancia,Guardería,Privado,0 a 5 personas,006,Iztacalco,0900600010081,19.41088671,-99.06261824,2010-07
931827,LA CASITA DE LOS PEQUES,624411,Guarderías del sector privado,Infancia,Guardería,Privado,0 a 5 personas,008,La Magdalena Contreras,0900800010349,19.2970024,-99.23618551,2014-12
11219312,LA CUMBIA DEL MOLE,624212,Servicios de alimentación comunitarios prestados por el sector público,Apoyo comunitario,Comedor comunitario,Público,0 a 5 personas,007,Iztapalapa,0900700010750,19.36472011,-99.08751354,2024-11
7255379,LA GLORIA DEL SAZON,624211,Servicios de alimentación comunitarios prestados por el sector privado,Apoyo comunitario,Comedor comunitario,Privado,0 a 5 personas,014,Benito Juárez,0901400010596,19.38024525,-99.17109385,2019-11
951956,LA PETITE ENFANCE,624411,Guarderías del sector privado,Infancia,Guardería,Privado,6 a 10 personas,014,Benito Juárez,0901400010609,19.37816072,-99.16633131,2010-07
9466775,LA PIRINOLA ACTIVIDADES EDUCATIVAS Y DE DESARROLLO,624121,Centros del sector privado dedicados a la atención y cuidado diurno de ancianos y discapacitados,Personas mayores y discapacidad,Centro de día,Privado,6 a 10 personas,014,Benito Juárez,0901400010543,19.37938921,-99.18872938,2023-11
987945,LA RECREACION ENSEÑANZA Y FOMENTO AL DEPORTE TAE-KWON-DO,624411,Guarderías del sector privado,Infancia,Guardería,Privado,0 a 5 personas,013,Xochimilco,090130001025A,19.25643136,-99.10239278,2010-07
9120832,LOS ANGELES PARA LA TERCERA EDAD,623311,Asilos y otras residencias del sector privado para el cuidado de ancianos,Personas mayores,Residencia / asilo,Privado,11 a 30 personas,003,Coyoacán,0900300010111,19.34739361,-99.17579226,2019-11
10691419,LUDOTECA ARCOIRIS ESTANCIA INFANTIL,624411,Guarderías del sector privado,Infancia,Guardería,Privado,0 a 5 personas,007,Iztapalapa,0900700012668,19.34709988,-98.98791474,2024-11
9592742,LUDOTECA LOS ZACATUCHES,624411,Guarderías del sector privado,Infancia,Guardería,Privado,0 a 5 personas,009,Milpa Alta,0900900010026,19.19475505,-99.02315202,2024-11
755659,LUNA ESTUDIO,623212,Residencias del sector público para el cuidado de personas con problemas de retardo mental,Salud y discapacidad,Residencia discapacidad intelectual,Público,0 a 5 personas,017,Venustiano Carranza,0901700011454,19.4110876,-99.10128379,2010-07
11842838,MANOS A LA OLLA,624211,Servicios de alimentación comunitarios prestados por el sector privado,Apoyo comunitario,Comedor comunitario,Privado,0 a 5 personas,016,Miguel Hidalgo,0901600010571,19.44161783,-99.19351143,2025-04
10765062,MANOS AMIGUES,624211,Servicios de alimentación comunitarios prestados por el sector privado,Apoyo comunitario,Comedor comunitario,Privado,0 a 5 personas,015,Cuauhtémoc,0901500010610,19.4417565,-99.14521602,2024-11
8859788,MATER FILIUS,623991,Orfanatos y otras residencias de asistencia social del sector privado,Asistencia social,Orfanato / residencia asistencial,Privado,0 a 5 personas,015,Cuauhtémoc,0901500010682,19.44099611,-99.16129146,2019-11
10225286,MERAKI ECOLE,624411,Guarderías del sector privado,Infancia,Guardería,Privado,11 a 30 personas,014,Benito Juárez,0901400010914,19.36389298,-99.18338696,2024-11
751153,MI CASITA MONTESSORI,624411,Guarderías del sector privado,Infancia,Guardería,Privado,0 a 5 personas,016,Miguel Hidalgo,0901600010336,19.44859491,-99.21347392,2010-07
6318171,MI MUNDO FELIZ GUARDERIA MI MUNDO FELIZ,624412,Guarderías del sector público,Infancia,Guardería,Público,31 a 50 personas,003,Coyoacán,0900300011124,19.30153004,-99.14774527,2010-07
849123,MI PEQUEÑA GRAN FAMILIA,624411,Guarderías del sector privado,Infancia,Guardería,Privado,0 a 5 personas,012,Tlalpan,0901200010322,19.2956115,-99.226534,2010-07
10016606,MI PEQUEÑO MUNDO,624411,Guarderías del sector privado,Infancia,Guardería,Privado,0 a 5 personas,007,Iztapalapa,0900700014645,19.37266613,-99.05048262,2024-11
10143029,MINICLUB WALLE ESTANCIA INFANTIL,624411,Guarderías del sector privado,Infancia,Guardería,Privado,0 a 5 personas,010,Álvaro Obregón,0901000010898,19.35831675,-99.23162164,2024-11
6257696,MINISTERIOS DE AMOR IZTAPALAPA ALMACEN,623991,Orfanatos y otras residencias de asistencia social del sector privado,Asistencia social,Orfanato / residencia asistencial,Privado,11 a 30 personas,007,Iztapalapa,0900700014452,19.31498859,-99.08916666,2010-07
10635485,MODULO DE ACTIVIDADES,624122,Centros del sector público dedicados a la atención y cuidado diurno de ancianos y discapacitados,Personas mayores y discapacidad,Centro de día,Público,0 a 5 personas,008,La Magdalena Contreras,0900800010476,19.27280137,-99.24684623,2024-11
1036151,MODULO DE ATENCION A ADULTOS MAYORES,624122,Centros del sector público dedicados a la atención y cuidado diurno de ancianos y discapacitados,Personas mayores y discapacidad,Centro de día,Público,0 a 5 personas,010,Álvaro Obregón,090100001053A,19.36781411,-99.23632781,2010-07
679398,MODULO DE ATENCION AL ADULTO MAYOR,624122,Centros del sector público dedicados a la atención y cuidado diurno de ancianos y discapacitados,Personas mayores y discapacidad,Centro de día,Público,11 a 30 personas,005,Gustavo A. Madero,090050001103A,19.49707428,-99.07980591,2014-12
10152119,MODULO DE DISCAPACIDAD,624122,Centros del sector público dedicados a la atención y cuidado diurno de ancianos y discapacitados,Personas mayores y discapacidad,Centro de día,Público,0 a 5 personas,007,Iztapalapa,0900700014999,19.34387684,-99.0321386,2024-11
762900,MUNDO DE LOS PEQUES,624411,Guarderías del sector privado,Infancia,Guardería,Privado,11 a 30 personas,016,Miguel Hidalgo,0901600010641,19.43706686,-99.19964679,2010-07
960125,MY LITTLE WORLD,624411,Guarderías del sector privado,Infancia,Guardería,Privado,11 a 30 personas,014,Benito Juárez,0901400010261,19.39410391,-99.15541901,2010-07
11477022,NATLI COMEDOR COMUNITARIO,624212,Servicios de alimentación comunitarios prestados por el sector público,Apoyo comunitario,Comedor comunitario,Público,0 a 5 personas,007,Iztapalapa,0900700013774,19.35428178,-99.08619858,2024-11
859133,NUESTRA SEÑORA DE LOURDES,623991,Orfanatos y otras residencias de asistencia social del sector privado,Asistencia social,Orfanato / residencia asistencial,Privado,6 a 10 personas,012,Tlalpan,0901200010962,19.28777697,-99.16268235,2010-07
10886782,NURSERY ANZURES,624411,Guarderías del sector privado,Infancia,Guardería,Privado,6 a 10 personas,016,Miguel Hidalgo,0901600010603,19.43443283,-99.17321326,2024-11
8192794,OASIS DE MISERICORDIA SALON COMUNITARIO,624121,Centros del sector privado dedicados a la atención y cuidado diurno de ancianos y discapacitados,Personas mayores y discapacidad,Centro de día,Privado,0 a 5 personas,007,Iztapalapa,0900700015323,19.33800571,-98.99155375,2019-11
6257981,OFICINA ADMINISTRATIVA MINISTERIO DE AMOR,623991,Orfanatos y otras residencias de asistencia social del sector privado,Asistencia social,Orfanato / residencia asistencial,Privado,11 a 30 personas,014,Benito Juárez,0901400010793,19.37088377,-99.18203301,2011-03
9222274,OFICINA DE ATENCION A LOS ADULTOS MAYORES,624122,Centros del sector público dedicados a la atención y cuidado diurno de ancianos y discapacitados,Personas mayores y discapacidad,Centro de día,Público,0 a 5 personas,009,Milpa Alta,0900900010026,19.19199327,-99.02159374,2019-11
959426,ONE LITTLE HILL,624411,Guarderías del sector privado,Infancia,Guardería,Privado,11 a 30 personas,004,Cuajimalpa de Morelos,0900400010119,19.34788079,-99.29768049,2014-12
8582994,ONE LITTLE HILL GUARDERIA,624411,Guarderías del sector privado,Infancia,Guardería,Privado,11 a 30 personas,008,La Magdalena Contreras,0900800010086,19.32512293,-99.2226076,2019-11
748903,ORFANATORIO LA PAZ,623991,Orfanatos y otras residencias de asistencia social del sector privado,Asistencia social,Orfanato / residencia asistencial,Privado,0 a 5 personas,005,Gustavo A. Madero,090050001128A,19.48534456,-99.10944605,2010-07
6309815,PACO IAP,623991,Orfanatos y otras residencias de asistencia social del sector privado,Asistencia social,Orfanato / residencia asistencial,Privado,31 a 50 personas,017,Venustiano Carranza,0901700010422,19.43946593,-99.10290506,2010-07
10246565,PAKII CRECIENDO JUNTOS,624411,Guarderías del sector privado,Infancia,Guardería,Privado,0 a 5 personas,004,Cuajimalpa de Morelos,0900400010301,19.36971223,-99.29396916,2024-11
9411583,PENTATHLON DEPORTIVO MILITARIZADO UNIVERSITARIO,623991,Orfanatos y otras residencias de asistencia social del sector privado,Asistencia social,Orfanato / residencia asistencial,Privado,0 a 5 personas,015,Cuauhtémoc,0901500010697,19.43572685,-99.15853207,2023-11
1059072,PENTATHLON DEPORTIVO MILITARIZADO UNIVERSITARIO,623991,Orfanatos y otras residencias de asistencia social del sector privado,Asistencia social,Orfanato / residencia asistencial,Privado,51 a 100 personas,015,Cuauhtémoc,0901500010697,19.43590485,-99.15845351,2010-07
1059071,PENTATHLON DEPORTIVO MILITARIZADO UNIVERSITARIO,623991,Orfanatos y otras residencias de asistencia social del sector privado,Asistencia social,Orfanato / residencia asistencial,Privado,0 a 5 personas,015,Cuauhtémoc,0901500010697,19.43610563,-99.1583649,2010-07
877065,PENTATHLON UNIVERSITARIO INTERNADO SECC B,623991,Orfanatos y otras residencias de asistencia social del sector privado,Asistencia social,Orfanato / residencia asistencial,Privado,0 a 5 personas,015,Cuauhtémoc,0901500010555,19.44743106,-99.16404049,2010-07
11541017,PILARES,624412,Guarderías del sector público,Infancia,Guardería,Público,31 a 50 personas,012,Tlalpan,0901200272032,19.19870792,-99.14162354,2024-11
10155607,PILARES,624412,Guarderías del sector público,Infancia,Guardería,Público,0 a 5 personas,017,Venustiano Carranza,0901700010475,19.43734724,-99.08553053,2024-11
10293617,PILARES 16 DE SEPTIEMBRE,623112,"Residencias del sector público con cuidados de enfermeras para enfermos convalecientes, en rehabilitación, incurables y terminales",Salud y discapacidad,Residencia con enfermería,Público,6 a 10 personas,013,Xochimilco,0901300010014,19.28099542,-99.1375787,2024-11
11791779,PILARES BELVEDERE,623992,Orfanatos y otras residencias de asistencia social del sector público,Asistencia social,Orfanato / residencia asistencial,Público,11 a 30 personas,012,Tlalpan,0901200011513,19.26740612,-99.22694777,2025-04
11279713,PIUNY KIDS ESTANCIA INFANTIL,624411,Guarderías del sector privado,Infancia,Guardería,Privado,11 a 30 personas,003,Coyoacán,0900300011232,19.34476789,-99.13089061,2024-11
1014645,PLENITUD EN ARMONIA,623311,Asilos y otras residencias del sector privado para el cuidado de ancianos,Personas mayores,Residencia / asilo,Privado,6 a 10 personas,003,Coyoacán,0900300010130,19.34518268,-99.16712717,2010-07
11811163,PREKINDER,624411,Guarderías del sector privado,Infancia,Guardería,Privado,0 a 5 personas,007,Iztapalapa,0900700012988,19.33324555,-99.10000951,2025-04
9768476,PRO LABORE DEI SUMANDO AMOR,623991,Orfanatos y otras residencias de asistencia social del sector privado,Asistencia social,Orfanato / residencia asistencial,Privado,6 a 10 personas,005,Gustavo A. Madero,0900500011129,19.48810324,-99.11799516,2024-11
6258748,PROYECTO SALESIANO CHAVOS DE DON BOSCO,623991,Orfanatos y otras residencias de asistencia social del sector privado,Asistencia social,Orfanato / residencia asistencial,Privado,11 a 30 personas,011,Tláhuac,0901100260965,19.3161261,-98.96599184,2010-07
792442,RAYITO DE LA LUZ,624411,Guarderías del sector privado,Infancia,Guardería,Privado,0 a 5 personas,006,Iztacalco,090060001058A,19.3901759,-99.11523658,2010-07
664154,RED DE ESTANCIAS INFANTILES CARITAS FELICES,624411,Guarderías del sector privado,Infancia,Guardería,Privado,0 a 5 personas,007,Iztapalapa,0900700011354,19.34962439,-99.11302748,2010-07
6323736,REFUGIO DE RESTAURACION,623991,Orfanatos y otras residencias de asistencia social del sector privado,Asistencia social,Orfanato / residencia asistencial,Privado,0 a 5 personas,010,Álvaro Obregón,0901000011773,19.3930891,-99.19515078,2010-07
9532957,REGULARIZACION DE NIÑOS DE PREESCOLAR Y PRIMARIA PEQUEÑOS GIGANTES,624411,Guarderías del sector privado,Infancia,Guardería,Privado,0 a 5 personas,007,Iztapalapa,0900700015427,19.28750572,-99.06871635,2024-11
11822503,RENACE VIDA ABUNDANTE ,624211,Servicios de alimentación comunitarios prestados por el sector privado,Apoyo comunitario,Comedor comunitario,Privado,0 a 5 personas,005,Gustavo A. Madero,0900500011379,19.4798488,-99.1414234,2025-04
6318405,RENOVACION UNION DE FUERZAS UNION DE ESFUERZOS,624411,Guarderías del sector privado,Infancia,Guardería,Privado,0 a 5 personas,010,Álvaro Obregón,090100001181A,19.35031673,-99.23089315,2010-07
1032810,RESIDENCIA DE DIA CORPUS CHRISTY,623312,Asilos y otras residencias del sector público para el cuidado de ancianos,Personas mayores,Residencia / asilo,Público,6 a 10 personas,010,Álvaro Obregón,0901000012095,19.36237189,-99.24680608,2010-07
860529,RESIDENCIA DE DIA DR ATL,624122,Centros del sector público dedicados a la atención y cuidado diurno de ancianos y discapacitados,Personas mayores y discapacidad,Centro de día,Público,6 a 10 personas,012,Tlalpan,0901200010197,19.30605444,-99.1326649,2010-07
962253,RESIDENCIA DE DIA MITLA,624122,Centros del sector público dedicados a la atención y cuidado diurno de ancianos y discapacitados,Personas mayores y discapacidad,Centro de día,Público,11 a 30 personas,014,Benito Juárez,0901400010098,19.3971381,-99.14958367,2010-07
8596717,RESIDENCIA DEL ADULTO MAYOR ELENA PONIATOWSKA AMOR,624122,Centros del sector público dedicados a la atención y cuidado diurno de ancianos y discapacitados,Personas mayores y discapacidad,Centro de día,Público,11 a 30 personas,006,Iztacalco,090060001001A,19.41452326,-99.06837331,2019-11
1007724,RESIDENCIA EL PARAISO,623311,Asilos y otras residencias del sector privado para el cuidado de ancianos,Personas mayores,Residencia / asilo,Privado,11 a 30 personas,003,Coyoacán,0900300010272,19.34154523,-99.17457316,2010-07
651611,RESIDENCIA HOGAR JOSE BARROSO CHAVEZ,623991,Orfanatos y otras residencias de asistencia social del sector privado,Asistencia social,Orfanato / residencia asistencial,Privado,0 a 5 personas,007,Iztapalapa,0900700010515,19.36619866,-99.12735542,2014-12
6258692,RESIDENCIA LAS MAGNOLIAS,623311,Asilos y otras residencias del sector privado para el cuidado de ancianos,Personas mayores,Residencia / asilo,Privado,31 a 50 personas,008,La Magdalena Contreras,090080001025A,19.3092542,-99.2359188,2010-07
955353,RESIDENCIA LOS ANGELES,623311,Asilos y otras residencias del sector privado para el cuidado de ancianos,Personas mayores,Residencia / asilo,Privado,6 a 10 personas,014,Benito Juárez,0901400010844,19.36809318,-99.15869736,2010-07
1050979,RESIDENCIA PARA LA TERCERA EDA SAN JOSE,623311,Asilos y otras residencias del sector privado para el cuidado de ancianos,Personas mayores,Residencia / asilo,Privado,11 a 30 personas,008,La Magdalena Contreras,0900800010052,19.32776204,-99.22624725,2010-07
9716933,RESIDENCIA SAN DAVID,623311,Asilos y otras residencias del sector privado para el cuidado de ancianos,Personas mayores,Residencia / asilo,Privado,6 a 10 personas,007,Iztapalapa,0900700010801,19.36278098,-99.13587349,2024-11
8603350,RESIDENCIA SAN JOSE,623311,Asilos y otras residencias del sector privado para el cuidado de ancianos,Personas mayores,Residencia / asilo,Privado,0 a 5 personas,012,Tlalpan,0901200010360,19.29276001,-99.18316444,2019-11
9300061,RESIDENCIA TEODORO GILDRED,623311,Asilos y otras residencias del sector privado para el cuidado de ancianos,Personas mayores,Residencia / asilo,Privado,0 a 5 personas,002,Azcapotzalco,0900200010345,19.48065456,-99.17966845,2020-11
6317831,RESIDENCIA VILLAZUL,623311,Asilos y otras residencias del sector privado para el cuidado de ancianos,Personas mayores,Residencia / asilo,Privado,101 a 250 personas,014,Benito Juárez,090140001005A,19.39875475,-99.16214724,2010-07
9297707,RESIDENCIAS CEDROS DEL LIBANO,623311,Asilos y otras residencias del sector privado para el cuidado de ancianos,Personas mayores,Residencia / asilo,Privado,31 a 50 personas,010,Álvaro Obregón,0901000011858,19.33443117,-99.22115729,2020-11
10601280,"RESIDENCIAS DEL SECTOR PRIVADO CON CUIDADOS DE ENFERMERAS PARA ENFERMOS CONVALECIENTES, EN REHABILITACIÓN, INCURABLES Y TERMINALES SIN NOMBRE",623111,"Residencias del sector privado con cuidados de enfermeras para enfermos convalecientes, en rehabilitación, incurables y terminales",Salud y discapacidad,Residencia con enfermería,Privado,0 a 5 personas,014,Benito Juárez,090140001083A,19.37064123,-99.1611026,2024-11
858724,RESIDENCIAS ESCOLARES PARMENIA ,623991,Orfanatos y otras residencias de asistencia social del sector privado,Asistencia social,Orfanato / residencia asistencial,Privado,31 a 50 personas,012,Tlalpan,090120001038A,19.29410294,-99.17296128,2010-07
766201,RESTAURANTE BAR CAMPO MARTE,624212,Servicios de alimentación comunitarios prestados por el sector público,Apoyo comunitario,Comedor comunitario,Público,0 a 5 personas,016,Miguel Hidalgo,0901600010798,19.42362225,-99.19593899,2010-07
9421245,RIO 33 DIF,623992,Orfanatos y otras residencias de asistencia social del sector público,Asistencia social,Orfanato / residencia asistencial,Público,0 a 5 personas,003,Coyoacán,0900300010111,19.35121962,-99.17771949,2026-04
10664410,ROMA KIDS,624411,Guarderías del sector privado,Infancia,Guardería,Privado,6 a 10 personas,015,Cuauhtémoc,0901500011093,19.41745448,-99.17027459,2024-11
7802158,SALA DE ESTIMULACION TEMPRANA SIN NOMBRE,623211,Residencias del sector privado para el cuidado de personas con problemas de retardo mental,Salud y discapacidad,Residencia discapacidad intelectual,Privado,0 a 5 personas,005,Gustavo A. Madero,0900500012733,19.5603719,-99.13247618,2019-11
9306397,SAN FRANCISCO RESIDENCIA,623311,Asilos y otras residencias del sector privado para el cuidado de ancianos,Personas mayores,Residencia / asilo,Privado,11 a 30 personas,016,Miguel Hidalgo,0901600011029,19.41109964,-99.18489243,2020-11
1008581,SEDESOL ESTANCIA INFANTIL MANOLITO,624412,Guarderías del sector público,Infancia,Guardería,Público,6 a 10 personas,003,Coyoacán,0900300010982,19.31297562,-99.15491265,2010-07
7706282,SERVICIO AL DULTO MAYOR,623312,Asilos y otras residencias del sector público para el cuidado de ancianos,Personas mayores,Residencia / asilo,Público,0 a 5 personas,008,La Magdalena Contreras,0900800010283,19.31519243,-99.22630405,2019-11
1043630,SERVICIO DE COOPERATIVA ESCOLAR SIN NOMBRE,624212,Servicios de alimentación comunitarios prestados por el sector público,Apoyo comunitario,Comedor comunitario,Público,0 a 5 personas,010,Álvaro Obregón,0901000011345,19.33041542,-99.27580742,2014-12
1021297,SERVICIO DE EDUCACION Y DESARROLLO A LA COMUNIDAD,623991,Orfanatos y otras residencias de asistencia social del sector privado,Asistencia social,Orfanato / residencia asistencial,Privado,11 a 30 personas,008,La Magdalena Contreras,0900800010194,19.31713788,-99.22564468,2010-07
11803878,SERVICIOS DE ALIMENTACIÓN COMUNITARIOS PRESTADOS POR EL SECTOR PRIVADO SIN NOMBRE,624211,Servicios de alimentación comunitarios prestados por el sector privado,Apoyo comunitario,Comedor comunitario,Privado,0 a 5 personas,016,Miguel Hidalgo,0901600011334,19.45190351,-99.19387734,2025-04
7746766,SHALOM COMEDOR COMUNITARIO,624212,Servicios de alimentación comunitarios prestados por el sector público,Apoyo comunitario,Comedor comunitario,Público,0 a 5 personas,017,Venustiano Carranza,0901700010329,19.44171818,-99.0899919,2019-11
9345784,SIBISO COMEDOR SOCIAL 301 PAQUITA,624212,Servicios de alimentación comunitarios prestados por el sector público,Apoyo comunitario,Comedor comunitario,Público,0 a 5 personas,006,Iztacalco,0900600010039,19.41764172,-99.05815017,2021-05
8387102,SMART LIFE RETIREMENT,623311,Asilos y otras residencias del sector privado para el cuidado de ancianos,Personas mayores,Residencia / asilo,Privado,0 a 5 personas,008,La Magdalena Contreras,0900800010052,19.33071686,-99.21984793,2019-11
8539484,SOY ABUELO ASILO DE ANCIANOS,623311,Asilos y otras residencias del sector privado para el cuidado de ancianos,Personas mayores,Residencia / asilo,Privado,11 a 30 personas,014,Benito Juárez,0901400010261,19.38819496,-99.15441695,2019-11
8736902,SPECTRUM BABY GYM,624411,Guarderías del sector privado,Infancia,Guardería,Privado,6 a 10 personas,012,Tlalpan,0901200010591,19.29149157,-99.1197136,2019-11
896273,SUMMER HILLS NURSERY HOUSE ESCUELA,624411,Guarderías del sector privado,Infancia,Guardería,Privado,11 a 30 personas,015,Cuauhtémoc,0901500011318,19.41323895,-99.17745895,2014-12
856562,SUNNY CITY,624411,Guarderías del sector privado,Infancia,Guardería,Privado,0 a 5 personas,012,Tlalpan,0901200010360,19.29353111,-99.18131298,2010-07
794275,SUNNY SIDE SCHOOL GUARDERIA Y JARDIN DE NIÑOS,624412,Guarderías del sector público,Infancia,Guardería,Público,11 a 30 personas,007,Iztapalapa,0900700011462,19.34525527,-99.06006098,2010-07
8602917,TALLER DE DESAPEGO TINY PLAY,624411,Guarderías del sector privado,Infancia,Guardería,Privado,11 a 30 personas,012,Tlalpan,0901200010341,19.29355715,-99.21829706,2019-11
1023314,TECHO EDUCACION Y AYUDA,623311,Asilos y otras residencias del sector privado para el cuidado de ancianos,Personas mayores,Residencia / asilo,Privado,51 a 100 personas,008,La Magdalena Contreras,0900800010283,19.31269008,-99.22280178,2010-07
658173,TERCER HOGAR,623311,Asilos y otras residencias del sector privado para el cuidado de ancianos,Personas mayores,Residencia / asilo,Privado,6 a 10 personas,002,Azcapotzalco,0900200010699,19.46902579,-99.17902156,2011-03
10854865,UN RINCONCITO DE SABIDURIA,624122,Centros del sector público dedicados a la atención y cuidado diurno de ancianos y discapacitados,Personas mayores y discapacidad,Centro de día,Público,11 a 30 personas,007,Iztapalapa,0900700011513,19.35302308,-99.02657342,2024-11
11396613,UNIDAD BASICA DE REHABILITACION HUIZACHITO CUAJIMALPA,623112,"Residencias del sector público con cuidados de enfermeras para enfermos convalecientes, en rehabilitación, incurables y terminales",Salud y discapacidad,Residencia con enfermería,Público,0 a 5 personas,004,Cuajimalpa de Morelos,090040001041A,19.37097187,-99.28009937,2024-11
11516689,UNIDAD BASICA DE REHABILITACION Y DISCAPACIDAD SANTA CATARINA,623112,"Residencias del sector público con cuidados de enfermeras para enfermos convalecientes, en rehabilitación, incurables y terminales",Salud y discapacidad,Residencia con enfermería,Público,0 a 5 personas,007,Iztapalapa,0900700015304,19.34321268,-99.00433046,2024-11
965563,UNIVERSIDAD DE LA TERCERA EDAD,624122,Centros del sector público dedicados a la atención y cuidado diurno de ancianos y discapacitados,Personas mayores y discapacidad,Centro de día,Público,6 a 10 personas,014,Benito Juárez,0901400010473,19.38601734,-99.14706015,2010-07
10171044,VIDA RESIDENCIA,623311,Asilos y otras residencias del sector privado para el cuidado de ancianos,Personas mayores,Residencia / asilo,Privado,11 a 30 personas,006,Iztacalco,0900600010880,19.38361816,-99.12854257,2024-11
1010343,VILLA EDUCATIVA GREENHILLS,624411,Guarderías del sector privado,Infancia,Guardería,Privado,31 a 50 personas,015,Cuauhtémoc,0901500010606,19.4446639,-99.15711473,2010-07
6316971,VOLUNTARIAS VICENTINAS ALBERGUE LA ESPERANZA,623991,Orfanatos y otras residencias de asistencia social del sector privado,Asistencia social,Orfanato / residencia asistencial,Privado,11 a 30 personas,012,Tlalpan,0901200010407,19.29526738,-99.1614939,2010-07
857426,YOLIA NIÑAS DE LA CALLE,623991,Orfanatos y otras residencias de asistencia social del sector privado,Asistencia social,Orfanato / residencia asistencial,Privado,11 a 30 personas,015,Cuauhtémoc,0901500010470,19.45331235,-99.15681759,2010-07
924230,YOLIA NIÑAS DE LA CALLE,623991,Orfanatos y otras residencias de asistencia social del sector privado,Asistencia social,Orfanato / residencia asistencial,Privado,11 a 30 personas,010,Álvaro Obregón,0901000010563,19.37261684,-99.21443055,2014-12
