ENTIDAD,MUN,NOM_MUN,LOC,AGEB,POBTOT,POBFEM,P_0A2,P_3A5,P_15YMAS_F,P_60YMAS_F,P_12YMAS_F,PCDISC_MOT2,PE_INAC_F,PEA_F,TOTHOG,HOGJEF_F,mujeres_15a59,pob_0a5,carga_directa_x100_mujeres,pct_hog_jefa,pct_mujeres_inactivas,CVEGEO_AGEB,lat,lon,guarderias_1km,respaldo_total_1km,alta_carga,sin_respaldo,sin_guarderia
09,002,Azcapotzalco,0001,0010,3183,1695.0,60.0,73.0,1496.0,470.0,1536.0,34.0,835.0,698.0,867.0,358.0,1026.0,133.0,16.276803118908383,41.29181084198385,54.361979166666664,0900200010010,19.512768780000002,-99.2056225,1,1,False,False,False
09,002,Azcapotzalco,0001,0025,5593,2915.0,122.0,164.0,2539.0,732.0,2627.0,59.0,1310.0,1311.0,1760.0,761.0,1807.0,286.0,19.09241837299391,43.23863636363636,49.86676817662733,0900200010025,19.51274725,-99.20179851,1,1,False,False,False
09,002,Azcapotzalco,0001,003A,4235,2232.0,88.0,131.0,1908.0,546.0,1984.0,44.0,1005.0,975.0,1190.0,483.0,1362.0,219.0,19.309838472834066,40.588235294117645,50.65524193548387,090020001003A,19.50999785,-99.20729167,3,3,False,False,False
09,002,Azcapotzalco,0001,0044,4768,2551.0,110.0,141.0,2210.0,672.0,2291.0,57.0,1173.0,1112.0,1389.0,575.0,1538.0,251.0,20.026007802340704,41.3966882649388,51.200349192492354,0900200010044,19.509457745,-99.20357661,1,1,False,False,False
09,002,Azcapotzalco,0001,0097,2176,1115.0,40.0,54.0,983.0,311.0,1018.0,26.0,535.0,479.0,597.0,218.0,672.0,94.0,17.857142857142858,36.515912897822446,52.554027504911595,0900200010097,19.50670766,-99.20585505,3,3,False,False,False
09,002,Azcapotzalco,0001,010A,3346,1866.0,76.0,72.0,1633.0,522.0,1697.0,22.0,907.0,787.0,912.0,383.0,1111.0,148.0,15.301530153015303,41.99561403508772,53.44725987035945,090020001010A,19.50630327,-99.20239425,2,2,False,False,False
09,002,Azcapotzalco,0001,0114,9866,5107.0,291.0,350.0,4226.0,779.0,4437.0,108.0,1978.0,2456.0,3027.0,1217.0,3447.0,641.0,21.729039744705542,40.20482325735051,44.57967094883931,0900200010114,19.49749208,-99.18739496,3,3,False,False,False
09,002,Azcapotzalco,0001,0129,5703,2968.0,174.0,209.0,2467.0,374.0,2565.0,20.0,1070.0,1494.0,1831.0,739.0,2093.0,383.0,19.25465838509317,40.3604587657018,41.71539961013645,0900200010129,19.49636151,-99.17373732,1,1,False,False,False
09,002,Azcapotzalco,0001,0133,7288,3796.0,246.0,271.0,3124.0,618.0,3278.0,59.0,1557.0,1719.0,1991.0,795.0,2506.0,517.0,22.98483639265762,39.929683576092415,47.49847467968274,0900200010133,19.495432815,-99.18044726,3,3,False,False,False
09,002,Azcapotzalco,0001,0148,2513,1282.0,53.0,72.0,1118.0,307.0,1161.0,20.0,575.0,585.0,750.0,258.0,811.0,125.0,17.879161528976574,34.4,49.52627045650301,0900200010148,19.49591117,-99.21019843,2,2,False,False,False
09,002,Azcapotzalco,0001,0167,3049,1560.0,80.0,119.0,1299.0,260.0,1362.0,38.0,627.0,729.0,915.0,319.0,1039.0,199.0,22.810394610202117,34.86338797814207,46.035242290748904,0900200010167,19.49965704,-99.201033265,2,2,False,False,False
09,002,Azcapotzalco,0001,0171,2313,1207.0,48.0,53.0,1060.0,302.0,1095.0,33.0,508.0,586.0,695.0,315.0,758.0,101.0,17.678100263852244,45.32374100719424,46.39269406392694,0900200010171,19.494867215,-99.200865605,0,0,False,False,False
09,002,Azcapotzalco,0001,0186,11139,5776.0,365.0,400.0,4854.0,852.0,5050.0,99.0,2050.0,2997.0,3500.0,1200.0,4002.0,765.0,21.58920539730135,34.285714285714285,40.5940594059406,0900200010186,19.49694023,-99.196721535,0,0,False,False,False
09,002,Azcapotzalco,0001,0190,8920,4720.0,308.0,356.0,3913.0,773.0,4049.0,78.0,1660.0,2384.0,2829.0,1112.0,3140.0,664.0,23.630573248407643,39.30717568045245,40.997777228945424,0900200010190,19.49391303,-99.19347599,1,1,False,False,False
09,002,Azcapotzalco,0001,0203,5495,2813.0,152.0,218.0,2366.0,531.0,2475.0,58.0,1240.0,1233.0,1466.0,624.0,1835.0,370.0,23.32425068119891,42.56480218281037,50.101010101010104,0900200010203,19.4928509,-99.18423908,3,3,False,False,False
09,002,Azcapotzalco,0001,0218,4162,2170.0,110.0,112.0,1860.0,477.0,1944.0,35.0,888.0,1052.0,1276.0,546.0,1383.0,222.0,18.58279103398409,42.78996865203762,45.67901234567901,0900200010218,19.49168684,-99.18646469,3,3,False,False,False
09,002,Azcapotzalco,0001,0222,7064,3654.0,229.0,255.0,3053.0,588.0,3177.0,51.0,1432.0,1744.0,2001.0,786.0,2465.0,484.0,21.703853955375255,39.280359820089956,45.07396915328927,0900200010222,19.491328985000003,-99.17699563,2,2,False,False,False
09,002,Azcapotzalco,0001,0237,7093,3727.0,221.0,268.0,3072.0,607.0,3205.0,71.0,1392.0,1805.0,2047.0,760.0,2465.0,489.0,22.718052738336713,37.12750366389839,43.432137285491415,0900200010237,19.491946069999997,-99.21292622,0,0,False,False,False
09,002,Azcapotzalco,0001,0256,4894,2627.0,113.0,190.0,2174.0,481.0,2282.0,52.0,1101.0,1179.0,1424.0,514.0,1693.0,303.0,20.968694624926165,36.09550561797753,48.247151621384745,0900200010256,19.48931544,-99.20544221,1,1,False,False,False
09,002,Azcapotzalco,0001,0260,5027,2655.0,115.0,152.0,2276.0,559.0,2345.0,70.0,1040.0,1301.0,1370.0,583.0,1717.0,267.0,19.62725684333139,42.55474452554744,44.349680170575695,0900200010260,19.49200123,-99.19853536,0,0,False,False,False
09,002,Azcapotzalco,0001,0275,7063,3650.0,189.0,240.0,3107.0,666.0,3226.0,70.0,1518.0,1704.0,1876.0,752.0,2441.0,429.0,20.442441622285948,40.085287846481876,47.055176689398635,0900200010275,19.48849028,-99.19711545,1,1,False,False,False
09,002,Azcapotzalco,0001,028A,3133,1660.0,50.0,82.0,1485.0,445.0,1529.0,21.0,670.0,855.0,1004.0,447.0,1040.0,132.0,14.711538461538462,44.52191235059761,43.81948986265533,090020001028A,19.48865489,-99.19162681,4,4,False,False,False
09,002,Azcapotzalco,0001,0294,6122,3238.0,180.0,193.0,2788.0,670.0,2873.0,59.0,1152.0,1720.0,1983.0,823.0,2118.0,373.0,20.396600566572236,41.50277357539082,40.097459101983986,0900200010294,19.486728975,-99.19301938500001,2,2,False,False,False
09,002,Azcapotzalco,0001,0307,5718,2984.0,160.0,165.0,2535.0,598.0,2639.0,47.0,1203.0,1435.0,1663.0,755.0,1937.0,325.0,19.204956117707795,45.39987973541792,45.58544903372489,0900200010307,19.48874347,-99.18764906,5,5,False,False,False
09,002,Azcapotzalco,0001,0311,3817,2058.0,90.0,127.0,1757.0,468.0,1815.0,48.0,775.0,1038.0,1203.0,555.0,1289.0,217.0,20.55857253685027,46.13466334164589,42.69972451790633,0900200010311,19.48350653,-99.18575436,3,5,False,False,False
09,002,Azcapotzalco,0001,0326,8373,4326.0,250.0,284.0,3671.0,653.0,3822.0,47.0,1536.0,2282.0,2774.0,1217.0,3018.0,534.0,19.251159708416168,43.87166546503244,40.1883830455259,0900200010326,19.488518155,-99.181290305,4,6,False,False,False
09,002,Azcapotzalco,0001,0330,2352,1232.0,65.0,79.0,1009.0,247.0,1057.0,26.0,495.0,560.0,606.0,263.0,762.0,144.0,22.30971128608924,43.399339933993396,46.830652790917696,0900200010330,19.48691534,-99.17622420000001,2,4,False,False,False
09,002,Azcapotzalco,0001,0345,4283,2372.0,119.0,133.0,2038.0,603.0,2121.0,129.0,1070.0,1048.0,1256.0,566.0,1435.0,252.0,26.550522648083625,45.06369426751593,50.447901933050446,0900200010345,19.481670455,-99.17668918999999,1,3,True,False,False
09,002,Azcapotzalco,0001,035A,6325,3250.0,201.0,214.0,2679.0,478.0,2824.0,52.0,1246.0,1577.0,1891.0,821.0,2201.0,415.0,21.21762835074966,43.41618191433104,44.12181303116147,090020001035A,19.48163094,-99.17303894,0,2,False,False,False
09,002,Azcapotzalco,0001,0364,3407,1877.0,74.0,96.0,1630.0,432.0,1681.0,29.0,799.0,880.0,914.0,424.0,1198.0,170.0,16.6110183639399,46.389496717724285,47.531231409875076,0900200010364,19.47495529,-99.16259055,6,6,False,False,False
09,002,Azcapotzalco,0001,0379,4525,2401.0,130.0,123.0,1983.0,561.0,2073.0,51.0,1026.0,1046.0,1337.0,605.0,1422.0,253.0,21.37834036568214,45.25056095736724,49.493487698986975,0900200010379,19.47525472,-99.16109269,7,7,False,False,False
09,002,Azcapotzalco,0001,0383,4040,2141.0,86.0,123.0,1836.0,467.0,1904.0,43.0,843.0,1061.0,1228.0,509.0,1369.0,209.0,18.407596785975162,41.44951140065147,44.27521008403361,0900200010383,19.47976046,-99.1560125,7,7,False,False,False
09,002,Azcapotzalco,0001,0398,4230,2215.0,112.0,155.0,1903.0,490.0,1975.0,44.0,832.0,1142.0,1351.0,551.0,1413.0,267.0,22.009907997169144,40.784603997039234,42.12658227848101,0900200010398,19.47589501,-99.1557773,7,7,False,False,False
09,002,Azcapotzalco,0001,0400,3953,2076.0,94.0,102.0,1812.0,471.0,1872.0,28.0,829.0,1040.0,1231.0,485.0,1341.0,196.0,16.703952274422072,39.398862713241265,44.284188034188034,0900200010400,19.4758776,-99.15394677,8,8,False,False,False
09,002,Azcapotzalco,0001,0415,4165,2219.0,109.0,129.0,1931.0,559.0,2005.0,37.0,921.0,1076.0,1297.0,568.0,1372.0,238.0,20.043731778425656,43.79336931380108,45.93516209476309,0900200010415,19.47512763,-99.1493386,7,8,False,False,False
09,002,Azcapotzalco,0001,0434,2831,1517.0,54.0,77.0,1347.0,471.0,1386.0,41.0,710.0,674.0,964.0,392.0,876.0,131.0,19.63470319634703,40.66390041493776,51.22655122655123,0900200010434,19.4852142,-99.20027196000001,0,0,False,False,False
09,002,Azcapotzalco,0001,0449,2939,1579.0,79.0,75.0,1341.0,405.0,1402.0,34.0,743.0,656.0,818.0,307.0,936.0,154.0,20.085470085470085,37.530562347188265,52.99572039942939,0900200010449,19.480318405,-99.20160765,1,1,False,False,False
09,002,Azcapotzalco,0001,0468,4552,2374.0,110.0,125.0,2067.0,454.0,2136.0,29.0,781.0,1349.0,1656.0,715.0,1613.0,235.0,16.367017978921265,43.17632850241546,36.563670411985015,0900200010468,19.48211643,-99.1870114,2,4,False,False,False
09,002,Azcapotzalco,0001,0472,6574,3521.0,127.0,204.0,3027.0,700.0,3149.0,50.0,1365.0,1783.0,2345.0,1007.0,2327.0,331.0,16.373012462397938,42.94243070362474,43.34709431565577,0900200010472,19.47667649,-99.18705575,4,6,False,False,False
09,002,Azcapotzalco,0001,0487,4207,2271.0,105.0,129.0,1931.0,511.0,2014.0,52.0,927.0,1083.0,1313.0,549.0,1420.0,234.0,20.140845070422536,41.81264280274181,46.02780536246276,0900200010487,19.48040165,-99.18282257,3,5,False,False,False
09,002,Azcapotzalco,0001,0491,6312,3307.0,144.0,190.0,2859.0,744.0,2962.0,81.0,1332.0,1628.0,1914.0,799.0,2115.0,334.0,19.62174940898345,41.74503657262278,44.9696151249156,0900200010491,19.47547283,-99.17666296,1,4,False,False,False
09,002,Azcapotzalco,0001,0504,4754,2530.0,91.0,132.0,2249.0,614.0,2301.0,50.0,1030.0,1269.0,1532.0,653.0,1635.0,223.0,16.69724770642202,42.624020887728456,44.76314645806171,0900200010504,19.473305064999998,-99.17711665,1,4,False,False,False
09,002,Azcapotzalco,0001,0519,2409,1294.0,65.0,71.0,1097.0,283.0,1146.0,14.0,569.0,574.0,793.0,313.0,814.0,136.0,18.42751842751843,39.470365699873895,49.65095986038394,0900200010519,19.47252781,-99.174767,1,2,False,False,False
09,002,Azcapotzalco,0001,0542,6915,3582.0,224.0,323.0,2924.0,498.0,3045.0,46.0,1181.0,1862.0,2317.0,847.0,2426.0,547.0,24.443528441879636,36.5558912386707,38.78489326765189,0900200010542,19.46877682,-99.16151835,5,6,True,False,False
09,002,Azcapotzalco,0001,0557,4475,2344.0,112.0,130.0,1995.0,501.0,2076.0,52.0,883.0,1193.0,1396.0,634.0,1494.0,242.0,19.67871485943775,45.41547277936962,42.53371868978805,0900200010557,19.472302535,-99.155351775,9,9,False,False,False
09,002,Azcapotzalco,0001,0561,3454,1833.0,119.0,116.0,1528.0,393.0,1597.0,37.0,741.0,853.0,1044.0,454.0,1135.0,235.0,23.9647577092511,43.486590038314176,46.39949906073888,0900200010561,19.470648,-99.15170873,8,8,False,False,False
09,002,Azcapotzalco,0001,0576,3168,1656.0,89.0,117.0,1399.0,350.0,1460.0,35.0,645.0,813.0,946.0,362.0,1049.0,206.0,22.974261201143946,38.266384778012686,44.178082191780824,0900200010576,19.47172279,-99.14870732,10,11,False,False,False
09,002,Azcapotzalco,0001,0580,4220,2201.0,124.0,157.0,1859.0,429.0,1929.0,53.0,850.0,1077.0,1222.0,541.0,1430.0,281.0,23.356643356643357,44.271685761047465,44.06428201140487,0900200010580,19.46981078,-99.145855765,7,8,False,False,False
09,002,Azcapotzalco,0001,0595,5116,2645.0,166.0,214.0,2151.0,432.0,2264.0,46.0,957.0,1302.0,1480.0,643.0,1719.0,380.0,24.781849912739965,43.445945945945944,42.27031802120141,0900200010595,19.48261593,-99.215268235,1,1,True,False,False
09,002,Azcapotzalco,0001,0608,5135,2682.0,179.0,230.0,2162.0,393.0,2276.0,47.0,941.0,1333.0,1500.0,565.0,1769.0,409.0,25.77727529677784,37.666666666666664,41.344463971880494,0900200010608,19.47752771,-99.21468112,1,1,True,False,False
09,002,Azcapotzalco,0001,0612,4333,2234.0,150.0,161.0,1814.0,324.0,1913.0,71.0,835.0,1073.0,1253.0,421.0,1490.0,311.0,25.63758389261745,33.599361532322426,43.64871928907475,0900200010612,19.47890418,-99.21685095,1,1,True,False,False
09,002,Azcapotzalco,0001,0627,4912,2487.0,168.0,201.0,2050.0,382.0,2145.0,51.0,979.0,1165.0,1545.0,570.0,1668.0,369.0,25.179856115107913,36.89320388349515,45.64102564102564,0900200010627,19.475612405,-99.21816563499999,0,0,True,True,True
09,002,Azcapotzalco,0001,0631,5263,2770.0,127.0,163.0,2351.0,598.0,2447.0,62.0,1224.0,1222.0,1449.0,544.0,1753.0,290.0,20.079863091842558,37.54313319530711,50.020433183489985,0900200010631,19.47901497,-99.20731913,1,1,False,False,False
09,002,Azcapotzalco,0001,0650,6499,3407.0,182.0,216.0,2799.0,666.0,2918.0,60.0,1441.0,1474.0,1815.0,742.0,2133.0,398.0,21.47210501640881,40.88154269972451,49.383139136394796,0900200010650,19.475813825000003,-99.19924959,0,0,False,False,False
09,002,Azcapotzalco,0001,0665,7747,4019.0,208.0,277.0,3381.0,719.0,3538.0,67.0,1469.0,2065.0,2406.0,927.0,2662.0,485.0,20.736288504883547,38.5286783042394,41.52063312605992,0900200010665,19.47422396,-99.192856845,4,4,False,False,False
09,002,Azcapotzalco,0001,067A,6226,3255.0,158.0,176.0,2783.0,618.0,2883.0,44.0,1206.0,1674.0,2087.0,793.0,2165.0,334.0,17.45958429561201,37.997125059894586,41.83142559833507,090020001067A,19.47227778,-99.18486321,4,5,False,False,False
09,002,Azcapotzalco,0001,0684,3991,2156.0,88.0,118.0,1885.0,534.0,1953.0,37.0,950.0,1003.0,1393.0,604.0,1351.0,206.0,17.986676535899335,43.35965541995693,48.64311315924219,0900200010684,19.468321845,-99.18743485,5,8,False,False,False
09,002,Azcapotzalco,0001,0699,2696,1442.0,48.0,50.0,1296.0,431.0,1331.0,40.0,641.0,689.0,898.0,339.0,865.0,98.0,15.953757225433526,37.750556792873056,48.15927873779113,0900200010699,19.46865662,-99.179334245,2,3,False,False,False
09,002,Azcapotzalco,0001,0701,2400,1264.0,43.0,48.0,1133.0,369.0,1168.0,34.0,520.0,645.0,825.0,350.0,764.0,91.0,16.361256544502616,42.42424242424242,44.52054794520548,0900200010701,19.46522941,-99.17938862,2,3,False,False,False
09,002,Azcapotzalco,0001,0716,3775,1996.0,88.0,104.0,1735.0,479.0,1791.0,50.0,786.0,1004.0,1256.0,522.0,1256.0,192.0,19.26751592356688,41.56050955414013,43.88609715242881,0900200010716,19.464633085,-99.17460439,0,1,False,False,False
09,002,Azcapotzalco,0001,0720,2653,1451.0,44.0,45.0,1301.0,477.0,1348.0,31.0,676.0,669.0,929.0,388.0,824.0,89.0,14.563106796116504,41.76533907427341,50.14836795252226,0900200010720,19.4683677,-99.16825336,1,2,False,False,False
09,002,Azcapotzalco,0001,074A,2850,1562.0,79.0,102.0,1335.0,360.0,1383.0,14.0,641.0,741.0,934.0,402.0,975.0,181.0,20.0,43.0406852248394,46.348517715112074,090020001074A,19.469863795000002,-99.16533047499999,4,5,False,False,False
09,002,Azcapotzalco,0001,0754,2282,1217.0,54.0,80.0,1030.0,304.0,1073.0,21.0,465.0,605.0,733.0,324.0,726.0,134.0,21.349862258953166,44.2019099590723,43.33643988816402,0900200010754,19.466564355,-99.16328677999999,3,4,False,False,False
09,002,Azcapotzalco,0001,0769,9195,4777.0,320.0,342.0,3919.0,693.0,4100.0,66.0,1536.0,2550.0,3178.0,1169.0,3226.0,662.0,22.566646001239928,36.784140969163,37.46341463414634,0900200010769,19.46613792,-99.1545351,4,4,False,False,False
09,002,Azcapotzalco,0001,0773,2314,1229.0,67.0,62.0,1039.0,294.0,1082.0,38.0,551.0,531.0,693.0,324.0,745.0,129.0,22.416107382550337,46.75324675324675,50.92421441774492,0900200010773,19.46610598,-99.15090698,5,5,False,False,False
09,002,Azcapotzalco,0001,0788,2450,1309.0,59.0,79.0,1127.0,322.0,1158.0,34.0,492.0,666.0,775.0,357.0,805.0,138.0,21.366459627329192,46.064516129032256,42.487046632124354,0900200010788,19.466007325,-99.14640463500001,6,6,False,False,False
09,002,Azcapotzalco,0001,0792,4954,2614.0,124.0,141.0,2267.0,616.0,2343.0,49.0,1009.0,1331.0,1645.0,732.0,1651.0,265.0,19.018776499091462,44.49848024316109,43.0644472897994,0900200010792,19.46380406,-99.18627442,6,9,False,False,False
09,002,Azcapotzalco,0001,0805,1996,1034.0,41.0,59.0,917.0,290.0,949.0,31.0,400.0,546.0,741.0,296.0,627.0,100.0,20.893141945773525,39.94601889338731,42.149631190727085,0900200010805,19.46367878,-99.18111208,4,7,False,False,False
09,002,Azcapotzalco,0001,081A,3761,2007.0,100.0,86.0,1781.0,497.0,1838.0,32.0,811.0,1024.0,1407.0,683.0,1284.0,186.0,16.978193146417446,48.54299928926795,44.1240478781284,090020001081A,19.461024025,-99.18228820499999,3,6,False,False,False
09,002,Azcapotzalco,0001,0824,3028,1619.0,77.0,88.0,1382.0,352.0,1437.0,29.0,638.0,798.0,981.0,405.0,1030.0,165.0,18.83495145631068,41.284403669724774,44.39805149617258,0900200010824,19.46037407,-99.174399,1,2,False,False,False
09,002,Azcapotzalco,0001,0839,3004,1608.0,43.0,73.0,1442.0,496.0,1477.0,36.0,678.0,798.0,1072.0,428.0,946.0,116.0,16.0676532769556,39.92537313432835,45.903859174001354,0900200010839,19.46415428,-99.16904499,1,2,False,False,False
09,002,Azcapotzalco,0001,0843,3643,1959.0,76.0,69.0,1754.0,545.0,1798.0,27.0,798.0,999.0,1245.0,491.0,1209.0,145.0,14.226633581472292,39.437751004016064,44.38264738598443,0900200010843,19.45988047,-99.16772513999999,3,4,False,False,False
09,002,Azcapotzalco,0001,0858,4395,2350.0,105.0,135.0,2007.0,494.0,2086.0,39.0,991.0,1094.0,1412.0,601.0,1513.0,240.0,18.440185062789162,42.563739376770535,47.5071907957814,0900200010858,19.46249554,-99.16290993,2,3,False,False,False
09,002,Azcapotzalco,0001,0877,821,403.0,19.0,31.0,334.0,58.0,353.0,5.0,167.0,186.0,213.0,66.0,276.0,50.0,19.92753623188406,30.985915492957744,47.30878186968839,0900200010877,19.49044784,-99.15749164,0,0,False,False,False
09,002,Azcapotzalco,0001,0881,5207,2694.0,175.0,216.0,2208.0,448.0,2298.0,40.0,1131.0,1160.0,1464.0,636.0,1760.0,391.0,24.488636363636363,43.44262295081967,49.21671018276763,0900200010881,19.48407052,-99.16119568,1,1,True,False,False
09,002,Azcapotzalco,0001,0896,1532,822.0,39.0,39.0,711.0,208.0,730.0,13.0,324.0,405.0,568.0,256.0,503.0,78.0,18.09145129224652,45.07042253521127,44.38356164383562,0900200010896,19.47417877,-99.17258421,0,1,False,False,False
09,002,Azcapotzalco,0001,0909,1810,970.0,40.0,33.0,851.0,281.0,868.0,11.0,429.0,439.0,645.0,350.0,570.0,73.0,14.736842105263156,54.263565891472865,49.423963133640555,0900200010909,19.472647355,-99.17142527,1,2,False,False,False
09,002,Azcapotzalco,0001,0913,3311,1769.0,71.0,90.0,1520.0,441.0,1587.0,44.0,766.0,821.0,976.0,394.0,1079.0,161.0,18.999073215940683,40.36885245901639,48.26717076244486,0900200010913,19.50950544,-99.19304323,0,0,False,False,False
09,002,Azcapotzalco,0001,0928,1841,970.0,80.0,79.0,770.0,99.0,800.0,21.0,318.0,482.0,518.0,237.0,671.0,159.0,26.825633383010434,45.75289575289575,39.75,0900200010928,19.50291025,-99.201984805,3,3,True,False,False
09,002,Azcapotzalco,0001,0932,408,212.0,11.0,17.0,170.0,44.0,180.0,3.0,74.0,105.0,126.0,55.0,126.0,28.0,24.6031746031746,43.65079365079365,41.11111111111111,0900200010932,19.50437651,-99.177612,1,1,True,False,False
09,002,Azcapotzalco,0001,0947,4456,2305.0,103.0,154.0,1942.0,418.0,2027.0,27.0,908.0,1116.0,1309.0,515.0,1524.0,257.0,18.635170603674542,39.34300993124523,44.79526393685249,0900200010947,19.50475811,-99.18543813,1,1,False,False,False
09,002,Azcapotzalco,0001,0966,2047,1121.0,24.0,36.0,996.0,400.0,1028.0,39.0,561.0,467.0,644.0,225.0,596.0,60.0,16.610738255033556,34.93788819875777,54.57198443579766,0900200010966,19.50453049,-99.20863128,3,3,False,False,False
09,002,Azcapotzalco,0001,0970,2953,1600.0,56.0,75.0,1383.0,373.0,1439.0,20.0,738.0,700.0,885.0,328.0,1010.0,131.0,14.95049504950495,37.06214689265537,51.2856150104239,0900200010970,19.498328309999998,-99.205205955,3,3,False,False,False
09,002,Azcapotzalco,0001,0985,2334,1247.0,64.0,51.0,1089.0,350.0,1135.0,37.0,531.0,604.0,694.0,324.0,739.0,115.0,20.56833558863329,46.68587896253602,46.784140969163,0900200010985,19.49611198,-99.20280199,0,0,False,False,False
09,002,Azcapotzalco,0001,099A,1337,703.0,36.0,54.0,580.0,138.0,608.0,15.0,277.0,330.0,418.0,176.0,442.0,90.0,23.755656108597282,42.10526315789473,45.55921052631579,090020001099A,19.49492299,-99.20636217,2,2,False,False,False
09,002,Azcapotzalco,0001,1004,7559,3897.0,221.0,283.0,3220.0,551.0,3371.0,62.0,1316.0,2054.0,2284.0,878.0,2669.0,504.0,21.206444361183966,38.44133099824869,39.03886087214477,0900200011004,19.49319867,-99.20316542,0,0,False,False,False
09,002,Azcapotzalco,0001,1019,1689,898.0,44.0,63.0,734.0,186.0,778.0,12.0,319.0,459.0,536.0,238.0,548.0,107.0,21.715328467153284,44.40298507462687,41.0025706940874,0900200011019,19.48133384,-99.19945671,1,1,False,False,False
09,002,Azcapotzalco,0001,1023,7644,3995.0,221.0,232.0,3448.0,715.0,3572.0,71.0,1346.0,2223.0,2731.0,1073.0,2733.0,453.0,19.173069886571533,39.28963749542292,37.681970884658455,0900200011023,19.48094264,-99.19325913,1,1,False,False,False
09,002,Azcapotzalco,0001,1038,7053,3699.0,252.0,329.0,2945.0,543.0,3096.0,66.0,1358.0,1738.0,2138.0,745.0,2402.0,581.0,26.935886761032474,34.84565014031805,43.86304909560724,0900200011038,19.47633808,-99.21116026,1,1,True,False,False
09,002,Azcapotzalco,0001,1042,5802,2995.0,204.0,208.0,2454.0,495.0,2571.0,70.0,1178.0,1392.0,1617.0,601.0,1959.0,412.0,24.604389994895353,37.16759431045145,45.81874756903929,0900200011042,19.47472082,-99.20732796,1,1,True,False,False
09,002,Azcapotzalco,0001,1057,2418,1332.0,39.0,56.0,1175.0,408.0,1209.0,30.0,596.0,611.0,861.0,378.0,767.0,95.0,16.297262059973924,43.90243902439025,49.296939619520266,0900200011057,19.46542615,-99.16686877,1,2,False,False,False
09,002,Azcapotzalco,0001,1061,1719,925.0,40.0,49.0,822.0,267.0,847.0,22.0,439.0,408.0,673.0,342.0,555.0,89.0,20.0,50.81723625557206,51.82998819362455,0900200011061,19.46327326,-99.16498997,1,2,False,False,False
09,002,Azcapotzalco,0001,1080,5000,2571.0,208.0,222.0,2117.0,258.0,2207.0,25.0,850.0,1354.0,1783.0,622.0,1859.0,430.0,24.475524475524477,34.88502523836231,38.51381966470322,0900200011080,19.4858063,-99.21264516,1,1,True,False,False
09,002,Azcapotzalco,0001,1095,7035,3647.0,241.0,233.0,3020.0,547.0,3146.0,62.0,1315.0,1830.0,2145.0,793.0,2473.0,474.0,21.674080064698746,36.96969696969697,41.799109980928165,0900200011095,19.482538895,-99.205126785,1,1,False,False,False
09,002,Azcapotzalco,0001,1112,4239,2255.0,97.0,141.0,1910.0,367.0,1992.0,43.0,834.0,1156.0,1300.0,535.0,1543.0,238.0,18.211276733635774,41.15384615384615,41.86746987951807,0900200011112,19.50964769,-99.1973931,1,1,False,False,False
09,002,Azcapotzalco,0001,1127,2837,1501.0,69.0,100.0,1302.0,259.0,1348.0,17.0,562.0,785.0,875.0,320.0,1043.0,169.0,17.833173537871524,36.57142857142857,41.69139465875371,0900200011127,19.50663466,-99.192706965,0,0,False,False,False
09,002,Azcapotzalco,0001,1131,2543,1364.0,61.0,51.0,1223.0,368.0,1259.0,20.0,622.0,637.0,889.0,444.0,855.0,112.0,15.43859649122807,49.9437570303712,49.4042891183479,0900200011131,19.47292497,-99.16691175,4,4,False,False,False
09,002,Azcapotzalco,0001,1146,927,506.0,13.0,27.0,463.0,148.0,470.0,15.0,222.0,247.0,342.0,183.0,315.0,40.0,17.46031746031746,53.50877192982456,47.23404255319149,0900200011146,19.47165788,-99.16593775,4,4,False,False,False
09,002,Azcapotzalco,0001,1150,3486,1789.0,134.0,144.0,1436.0,174.0,1501.0,18.0,599.0,899.0,1055.0,330.0,1262.0,278.0,23.454833597464344,31.27962085308057,39.90672884743504,0900200011150,19.50488884,-99.17500279,1,1,False,False,False
09,002,Azcapotzalco,0001,1165,400,199.0,14.0,26.0,159.0,26.0,165.0,3.0,73.0,92.0,107.0,47.0,133.0,40.0,32.33082706766917,43.925233644859816,44.24242424242424,0900200011165,19.50053527,-99.16029637,0,0,True,True,True
09,002,Azcapotzalco,0001,117A,1602,857.0,37.0,45.0,745.0,210.0,772.0,8.0,380.0,392.0,537.0,205.0,535.0,82.0,16.822429906542055,38.17504655493482,49.22279792746114,090020001117A,19.50758481,-99.210303275,3,3,False,False,False
09,002,Azcapotzalco,0001,1184,1433,772.0,24.0,37.0,683.0,178.0,707.0,6.0,373.0,334.0,471.0,174.0,505.0,61.0,13.267326732673268,36.94267515923567,52.75813295615276,0900200011184,19.50084942,-99.20637626,3,3,False,False,False
09,003,Coyoacán,0001,0018,1658,899.0,24.0,43.0,820.0,326.0,834.0,21.0,378.0,452.0,657.0,300.0,494.0,67.0,17.813765182186234,45.662100456621005,45.32374100719424,0900300010018,19.35496866,-99.16921874,1,3,False,False,False
09,003,Coyoacán,0001,0022,1569,851.0,21.0,25.0,791.0,300.0,804.0,7.0,366.0,436.0,583.0,244.0,491.0,46.0,10.79429735234216,41.852487135506,45.52238805970149,0900300010022,19.355416495,-99.16486900000001,2,4,False,False,False
09,003,Coyoacán,0001,0037,1428,780.0,32.0,31.0,681.0,254.0,706.0,13.0,325.0,379.0,473.0,211.0,427.0,63.0,17.798594847775178,44.60887949260042,46.03399433427762,0900300010037,19.35244245,-99.16121129,2,4,False,False,False
09,003,Coyoacán,0001,0041,3006,1678.0,49.0,50.0,1566.0,554.0,1584.0,39.0,625.0,957.0,1307.0,643.0,1012.0,99.0,13.636363636363635,49.19663351185922,39.457070707070706,0900300010041,19.35609938,-99.15581381,3,4,False,False,False
09,003,Coyoacán,0001,0056,3895,2106.0,73.0,83.0,1895.0,619.0,1938.0,35.0,829.0,1102.0,1383.0,676.0,1276.0,156.0,14.968652037617556,48.879248011569054,42.77605779153767,0900300010056,19.35124477,-99.15190571,3,3,False,False,False
09,003,Coyoacán,0001,0060,4299,2353.0,105.0,107.0,2061.0,640.0,2142.0,61.0,973.0,1165.0,1420.0,591.0,1421.0,212.0,19.21182266009852,41.61971830985915,45.42483660130719,0900300010060,19.35094319,-99.14723007,3,4,False,False,False
09,003,Coyoacán,0001,0075,2825,1524.0,40.0,59.0,1395.0,476.0,1431.0,28.0,621.0,798.0,1055.0,464.0,919.0,99.0,13.81936887921654,43.981042654028435,43.39622641509434,0900300010075,19.35280197,-99.14415512,4,5,False,False,False
09,003,Coyoacán,0001,008A,2297,1267.0,35.0,35.0,1153.0,425.0,1177.0,39.0,615.0,557.0,709.0,271.0,728.0,70.0,14.972527472527473,38.2228490832158,52.25148683092608,090030001008A,19.35180869,-99.131490505,2,6,False,False,False
09,003,Coyoacán,0001,0094,3531,1851.0,43.0,72.0,1697.0,609.0,1722.0,58.0,857.0,856.0,1165.0,519.0,1088.0,115.0,15.900735294117647,44.54935622317597,49.767711962833914,0900300010094,19.3567987,-99.1295492,2,9,False,False,False
09,003,Coyoacán,0001,0107,6992,3673.0,147.0,182.0,3281.0,1039.0,3356.0,75.0,1569.0,1781.0,2339.0,987.0,2242.0,329.0,18.01962533452275,42.19752030782386,46.75208581644815,0900300010107,19.35385345,-99.12611437000001,1,6,False,False,False
09,003,Coyoacán,0001,0111,1380,780.0,18.0,18.0,730.0,351.0,748.0,56.0,319.0,427.0,374.0,146.0,379.0,36.0,24.274406332453825,39.037433155080215,42.64705882352941,0900300010111,19.3466762,-99.17634484,1,8,True,False,False
09,003,Coyoacán,0001,0126,1803,977.0,24.0,43.0,870.0,307.0,902.0,17.0,363.0,539.0,607.0,224.0,563.0,67.0,14.92007104795737,36.902800658978585,40.243902439024396,0900300010126,19.346595285,-99.170290115,0,6,False,False,False
09,003,Coyoacán,0001,0130,2171,1223.0,36.0,39.0,1120.0,448.0,1142.0,27.0,517.0,623.0,738.0,344.0,672.0,75.0,15.178571428571427,46.612466124661246,45.27145359019264,0900300010130,19.34999077,-99.16298765,1,4,False,False,False
09,003,Coyoacán,0001,0145,2090,1149.0,36.0,47.0,1029.0,358.0,1055.0,25.0,430.0,622.0,777.0,372.0,671.0,83.0,16.095380029806257,47.87644787644788,40.758293838862556,0900300010145,19.349098820000002,-99.16117186,2,5,False,False,False
09,003,Coyoacán,0001,015A,5065,2787.0,78.0,112.0,2524.0,792.0,2585.0,57.0,1087.0,1488.0,1827.0,909.0,1732.0,190.0,14.26096997690531,49.75369458128079,42.050290135396516,090030001015A,19.34478157,-99.15344572,5,7,False,False,False
09,003,Coyoacán,0001,0164,2900,1595.0,63.0,64.0,1421.0,425.0,1475.0,32.0,599.0,868.0,1073.0,473.0,996.0,127.0,15.963855421686745,44.08201304753029,40.61016949152542,0900300010164,19.34316182,-99.14026243,5,8,False,False,False
09,003,Coyoacán,0001,0179,2198,1202.0,23.0,42.0,1098.0,358.0,1127.0,33.0,511.0,615.0,751.0,304.0,740.0,65.0,13.243243243243244,40.47936085219707,45.3416149068323,0900300010179,19.34903748,-99.1340637,2,5,False,False,False
09,003,Coyoacán,0001,0183,2789,1463.0,55.0,60.0,1326.0,407.0,1354.0,35.0,552.0,801.0,1065.0,399.0,919.0,115.0,16.32208922742111,37.46478873239437,40.76809453471196,0900300010183,19.34424197,-99.13360021,2,6,False,False,False
09,003,Coyoacán,0001,0198,1649,910.0,23.0,39.0,815.0,280.0,836.0,17.0,433.0,400.0,495.0,194.0,535.0,62.0,14.766355140186915,39.1919191919192,51.794258373205736,0900300010198,19.34609225,-99.12831139,2,5,False,False,False
09,003,Coyoacán,0001,0200,5523,2976.0,106.0,149.0,2605.0,673.0,2680.0,41.0,1070.0,1609.0,1997.0,752.0,1932.0,255.0,15.320910973084887,37.656484727090636,39.92537313432835,0900300010200,19.34414269,-99.126189975,3,5,False,False,False
09,003,Coyoacán,0001,0215,6100,3243.0,130.0,185.0,2791.0,606.0,2892.0,31.0,1170.0,1719.0,2261.0,861.0,2185.0,315.0,15.835240274599544,38.080495356037154,40.45643153526971,0900300010215,19.35061178,-99.12280916,1,2,False,False,False
09,003,Coyoacán,0001,022A,8705,4580.0,282.0,334.0,3766.0,754.0,3936.0,66.0,1655.0,2273.0,2463.0,957.0,3012.0,616.0,22.642762284196547,38.85505481120585,42.047764227642276,090030001022A,19.34068697,-99.11947934,4,4,False,False,False
09,003,Coyoacán,0001,0234,710,376.0,19.0,14.0,332.0,120.0,337.0,10.0,129.0,207.0,245.0,103.0,212.0,33.0,20.28301886792453,42.04081632653061,38.27893175074184,0900300010234,19.345093470000002,-99.181293505,2,8,False,False,False
09,003,Coyoacán,0001,0249,740,397.0,8.0,14.0,356.0,104.0,371.0,5.0,160.0,211.0,265.0,107.0,252.0,22.0,10.714285714285714,40.37735849056604,43.126684636118604,0900300010249,19.34606463,-99.1791748,2,8,False,False,False
09,003,Coyoacán,0001,0268,1305,720.0,14.0,21.0,680.0,271.0,692.0,19.0,317.0,374.0,472.0,216.0,409.0,35.0,13.202933985330073,45.76271186440678,45.809248554913296,0900300010268,19.34537696,-99.17146576,0,6,False,False,False
09,003,Coyoacán,0001,0272,3327,1856.0,60.0,67.0,1653.0,596.0,1700.0,47.0,747.0,952.0,1116.0,496.0,1057.0,127.0,16.461684011352887,44.44444444444444,43.94117647058823,0900300010272,19.342302205,-99.17159674999999,0,6,False,False,False
09,003,Coyoacán,0001,0287,8213,4526.0,206.0,232.0,3934.0,1036.0,4071.0,76.0,1792.0,2277.0,2517.0,1111.0,2898.0,438.0,17.736369910282953,44.139849026619,44.0186686317858,0900300010287,19.34402002,-99.16400219,0,3,False,False,False
09,003,Coyoacán,0001,0291,4212,2304.0,95.0,112.0,2032.0,544.0,2094.0,35.0,849.0,1244.0,1507.0,677.0,1488.0,207.0,16.263440860215052,44.92368944923689,40.54441260744986,0900300010291,19.34214568,-99.15060596,7,9,False,False,False
09,003,Coyoacán,0001,0304,1968,1058.0,30.0,39.0,955.0,301.0,977.0,25.0,467.0,510.0,664.0,293.0,654.0,69.0,14.37308868501529,44.126506024096386,47.79938587512794,0900300010304,19.33782779,-99.14623695,6,8,False,False,False
09,003,Coyoacán,0001,0319,2494,1338.0,47.0,58.0,1205.0,363.0,1245.0,26.0,572.0,673.0,913.0,336.0,842.0,105.0,15.558194774346793,36.801752464403066,45.94377510040161,0900300010319,19.34097666,-99.139304205,5,8,False,False,False
09,003,Coyoacán,0001,0323,2398,1323.0,30.0,55.0,1195.0,427.0,1219.0,37.0,648.0,570.0,802.0,350.0,768.0,85.0,15.885416666666666,43.64089775561097,53.1583264971288,0900300010323,19.33863748,-99.13715495,5,9,False,False,False
09,003,Coyoacán,0001,0342,3376,1778.0,52.0,66.0,1615.0,583.0,1657.0,34.0,792.0,864.0,1116.0,420.0,1032.0,118.0,14.728682170542637,37.634408602150536,47.79722389861195,0900300010342,19.33838847,-99.12407329,4,5,False,False,False
09,003,Coyoacán,0001,0357,4074,2103.0,131.0,149.0,1750.0,340.0,1819.0,17.0,813.0,1003.0,1207.0,474.0,1410.0,280.0,21.06382978723404,39.27091963545982,44.69488730071468,0900300010357,19.33921534,-99.1166524,4,4,False,False,False
09,003,Coyoacán,0001,0361,1977,1086.0,35.0,41.0,993.0,308.0,1012.0,29.0,464.0,546.0,671.0,321.0,685.0,76.0,15.328467153284672,47.83904619970194,45.8498023715415,0900300010361,19.339140819999997,-99.188650905,2,3,False,False,False
09,003,Coyoacán,0001,0376,1268,675.0,9.0,25.0,628.0,215.0,640.0,19.0,261.0,379.0,513.0,248.0,413.0,34.0,12.832929782082324,48.343079922027286,40.78125,0900300010376,19.338100885,-99.18604325999999,2,3,False,False,False
09,003,Coyoacán,0001,0380,2851,1553.0,43.0,31.0,1436.0,447.0,1465.0,21.0,632.0,833.0,1234.0,638.0,989.0,74.0,9.605662285136502,51.70178282009724,43.13993174061434,0900300010380,19.3380505,-99.18398023,2,3,False,False,False
09,003,Coyoacán,0001,0395,2301,1254.0,31.0,21.0,1190.0,316.0,1200.0,23.0,513.0,687.0,989.0,505.0,874.0,52.0,8.581235697940503,51.061678463094026,42.75,0900300010395,19.34171216,-99.18154469,2,7,False,False,False
09,003,Coyoacán,0001,0408,1576,863.0,19.0,19.0,819.0,257.0,825.0,15.0,399.0,426.0,641.0,323.0,562.0,38.0,9.430604982206406,50.390015600624025,48.36363636363637,0900300010408,19.33686258,-99.18198853,1,3,False,False,False
09,003,Coyoacán,0001,0412,3853,2067.0,48.0,46.0,1904.0,660.0,1958.0,45.0,958.0,989.0,1433.0,742.0,1244.0,94.0,11.173633440514468,51.77948360083741,48.92747701736466,0900300010412,19.3374436,-99.17862527,1,4,False,False,False
09,003,Coyoacán,0001,0427,2116,1174.0,41.0,46.0,1049.0,357.0,1069.0,30.0,465.0,602.0,619.0,236.0,692.0,87.0,16.907514450867055,38.12600969305331,43.49859681945743,0900300010427,19.34057499,-99.16977953,0,4,False,False,False
09,003,Coyoacán,0001,0431,5344,2759.0,151.0,168.0,2369.0,556.0,2459.0,55.0,1186.0,1268.0,1499.0,558.0,1813.0,319.0,20.628792057363484,37.22481654436291,48.230988206588044,0900300010431,19.33589961,-99.16871464,1,3,False,False,False
09,003,Coyoacán,0001,0446,5501,2953.0,119.0,161.0,2564.0,603.0,2652.0,61.0,1065.0,1584.0,1812.0,787.0,1961.0,280.0,17.389087200407953,43.432671081677704,40.158371040723985,0900300010446,19.3371041,-99.15586405,2,4,False,False,False
09,003,Coyoacán,0001,0450,6576,3516.0,107.0,170.0,3098.0,814.0,3207.0,37.0,1358.0,1841.0,2135.0,932.0,2284.0,277.0,13.747810858143609,43.65339578454333,42.34487059557219,0900300010450,19.33622828,-99.15285586,5,7,False,False,False
09,003,Coyoacán,0001,0465,1476,795.0,27.0,34.0,713.0,277.0,731.0,15.0,357.0,373.0,485.0,211.0,436.0,61.0,17.431192660550458,43.50515463917526,48.837209302325576,0900300010465,19.335603235,-99.14489861,5,8,False,False,False
09,003,Coyoacán,0001,0484,1003,542.0,17.0,14.0,498.0,181.0,513.0,9.0,240.0,273.0,356.0,149.0,317.0,31.0,12.618296529968454,41.853932584269664,46.783625730994146,0900300010484,19.33505811,-99.13727621,3,8,False,False,False
09,003,Coyoacán,0001,0499,2502,1325.0,37.0,37.0,1213.0,471.0,1249.0,59.0,666.0,582.0,803.0,296.0,742.0,74.0,17.92452830188679,36.86176836861768,53.322658126501196,0900300010499,19.335358465,-99.13526308,1,6,False,False,False
09,003,Coyoacán,0001,0501,3477,1896.0,73.0,61.0,1696.0,576.0,1743.0,58.0,844.0,897.0,1058.0,405.0,1120.0,134.0,17.142857142857142,38.27977315689981,48.422260470453246,0900300010501,19.33524392,-99.131165015,3,7,False,False,False
09,003,Coyoacán,0001,0516,1436,769.0,35.0,38.0,659.0,220.0,686.0,12.0,341.0,344.0,433.0,183.0,439.0,73.0,19.362186788154897,42.263279445727484,49.70845481049563,0900300010516,19.33636039,-99.12305047,4,5,False,False,False
09,003,Coyoacán,0001,0520,2615,1402.0,66.0,81.0,1200.0,327.0,1244.0,22.0,483.0,757.0,708.0,355.0,873.0,147.0,19.358533791523485,50.1412429378531,38.82636655948553,0900300010520,19.333490335,-99.12478519,3,4,False,False,False
09,003,Coyoacán,0001,0535,7676,4037.0,272.0,328.0,3284.0,583.0,3451.0,60.0,1476.0,1962.0,2247.0,982.0,2701.0,600.0,24.435394298408,43.70271473075211,42.77021153288902,0900300010535,19.335644875,-99.11990979,5,5,True,False,False
09,003,Coyoacán,0001,054A,784,423.0,5.0,13.0,396.0,135.0,403.0,6.0,180.0,223.0,309.0,141.0,261.0,18.0,9.195402298850574,45.63106796116505,44.66501240694789,090030001054A,19.335427359999997,-99.17924174000001,2,4,False,False,False
09,003,Coyoacán,0001,0554,4591,2389.0,104.0,124.0,2086.0,465.0,2150.0,16.0,830.0,1315.0,1540.0,655.0,1621.0,228.0,15.052436767427512,42.532467532467535,38.604651162790695,0900300010554,19.33234523,-99.17556711,1,2,False,False,False
09,003,Coyoacán,0001,0573,12827,6653.0,336.0,416.0,5571.0,1035.0,5847.0,95.0,2238.0,3606.0,3688.0,1535.0,4536.0,752.0,18.67283950617284,41.62147505422993,38.276038994356085,0900300010573,19.33034687,-99.153230365,4,6,False,False,False
09,003,Coyoacán,0001,0588,1779,960.0,25.0,38.0,847.0,268.0,876.0,8.0,392.0,482.0,525.0,237.0,579.0,63.0,12.26252158894646,45.14285714285714,44.74885844748858,0900300010588,19.32981216,-99.12416192500001,3,3,False,False,False
09,003,Coyoacán,0001,0605,3621,1865.0,157.0,186.0,1448.0,245.0,1526.0,19.0,692.0,832.0,1033.0,374.0,1203.0,343.0,30.091438071487946,36.205227492739596,45.34731323722149,0900300010605,19.333257135,-99.11535709500001,4,4,True,False,False
09,003,Coyoacán,0001,061A,10554,5403.0,316.0,369.0,4423.0,842.0,4637.0,110.0,1985.0,2645.0,2987.0,1258.0,3581.0,685.0,22.200502652890254,42.115835286240376,42.8078499029545,090030001061A,19.32990258,-99.1722025,3,3,False,False,False
09,003,Coyoacán,0001,0624,9838,5086.0,316.0,386.0,4135.0,686.0,4355.0,89.0,1988.0,2360.0,2742.0,1087.0,3449.0,702.0,22.934183821397504,39.64259664478483,45.64867967853042,0900300010624,19.32847317,-99.16716295,5,5,False,False,False
09,003,Coyoacán,0001,0639,12525,6468.0,394.0,547.0,5200.0,947.0,5494.0,160.0,2401.0,3087.0,3099.0,1394.0,4253.0,941.0,25.887608746766986,44.982252339464345,43.7022206042956,0900300010639,19.32595121,-99.1633453,6,6,True,False,False
09,003,Coyoacán,0001,0643,8559,4398.0,254.0,300.0,3661.0,718.0,3838.0,102.0,1557.0,2264.0,2298.0,842.0,2943.0,554.0,22.290180088345227,36.64055700609226,40.56800416883794,0900300010643,19.32322819,-99.15749299,6,8,False,False,False
09,003,Coyoacán,0001,0658,10461,5515.0,288.0,378.0,4549.0,955.0,4796.0,121.0,2218.0,2556.0,2846.0,1096.0,3594.0,666.0,21.89760712298275,38.51018973998595,46.246872393661384,0900300010658,19.32489218,-99.15537841,5,6,False,False,False
09,003,Coyoacán,0001,0662,5469,2826.0,189.0,171.0,2385.0,546.0,2477.0,60.0,925.0,1547.0,1605.0,567.0,1839.0,360.0,22.838499184339316,35.32710280373832,37.34356075898264,0900300010662,19.32340218,-99.14709153,2,3,False,False,False
09,003,Coyoacán,0001,0677,8113,4303.0,206.0,251.0,3730.0,938.0,3862.0,62.0,1630.0,2224.0,2537.0,1173.0,2792.0,457.0,18.588825214899714,46.235711470240446,42.20611082340756,0900300010677,19.32254498,-99.14223798500001,2,4,False,False,False
09,003,Coyoacán,0001,0681,4561,2439.0,158.0,137.0,2071.0,500.0,2139.0,22.0,888.0,1250.0,1462.0,616.0,1571.0,295.0,20.17823042647995,42.13406292749658,41.51472650771388,0900300010681,19.326942015,-99.1428175,3,6,False,False,False
09,003,Coyoacán,0001,0696,2382,1299.0,42.0,46.0,1187.0,394.0,1216.0,45.0,490.0,721.0,869.0,385.0,793.0,88.0,16.77175283732661,44.303797468354425,40.29605263157895,0900300010696,19.327634564999997,-99.140235615,3,6,False,False,False
09,003,Coyoacán,0001,0709,3117,1643.0,67.0,85.0,1440.0,452.0,1492.0,47.0,675.0,816.0,1084.0,442.0,988.0,152.0,20.1417004048583,40.774907749077485,45.24128686327078,0900300010709,19.32820616,-99.13826316,3,6,False,False,False
09,003,Coyoacán,0001,0713,4685,2528.0,93.0,91.0,2271.0,828.0,2334.0,82.0,1413.0,921.0,1448.0,647.0,1443.0,184.0,18.433818433818434,44.68232044198895,60.53984575835476,0900300010713,19.32985224,-99.13125592,3,7,False,False,False
09,003,Coyoacán,0001,0728,3836,2036.0,50.0,65.0,1860.0,683.0,1894.0,74.0,980.0,908.0,1248.0,497.0,1177.0,115.0,16.057774001699237,39.82371794871795,51.74234424498416,0900300010728,19.32636872,-99.1347571,2,4,False,False,False
09,003,Coyoacán,0001,0770,326,160.0,6.0,10.0,142.0,34.0,146.0,4.0,48.0,98.0,144.0,49.0,108.0,16.0,18.51851851851852,34.02777777777778,32.87671232876712,0900300010770,19.32452584,-99.181758985,0,0,False,False,False
09,003,Coyoacán,0001,0785,11640,5960.0,419.0,473.0,4889.0,806.0,5127.0,109.0,1973.0,3150.0,3350.0,1576.0,4083.0,892.0,24.51628704384031,47.04477611940299,38.48254339769846,0900300010785,19.32333853,-99.1707864,10,10,True,False,False
09,003,Coyoacán,0001,079A,9058,4657.0,323.0,343.0,3766.0,656.0,3973.0,91.0,1731.0,2233.0,2405.0,908.0,3110.0,666.0,24.340836012861736,37.75467775467776,43.5690913667254,090030001079A,19.31801957,-99.16950653,7,7,True,False,False
09,003,Coyoacán,0001,0802,13042,6666.0,463.0,548.0,5388.0,884.0,5657.0,121.0,2436.0,3214.0,3624.0,1439.0,4504.0,1011.0,25.133214920071044,39.707505518763796,43.06169347710801,0900300010802,19.32179261,-99.16727288999999,9,10,True,False,False
09,003,Coyoacán,0001,0817,10152,5305.0,250.0,324.0,4438.0,884.0,4656.0,114.0,2064.0,2578.0,3010.0,1204.0,3554.0,574.0,19.35846933033202,40.0,44.329896907216494,0900300010817,19.318458645,-99.16121059,10,11,False,False,False
09,003,Coyoacán,0001,0821,5221,2756.0,152.0,184.0,2308.0,442.0,2399.0,52.0,1033.0,1363.0,1499.0,604.0,1866.0,336.0,20.79314040728832,40.29352901934623,43.05960817007086,0900300010821,19.317807639999998,-99.157335865,7,8,False,False,False
09,003,Coyoacán,0001,0836,6381,3355.0,189.0,224.0,2800.0,592.0,2929.0,68.0,1350.0,1576.0,1836.0,773.0,2208.0,413.0,21.78442028985507,42.10239651416122,46.09081597814954,0900300010836,19.31881834,-99.15123333,4,6,False,False,False
09,003,Coyoacán,0001,0840,6633,3463.0,187.0,233.0,2920.0,676.0,3052.0,82.0,1405.0,1645.0,1894.0,708.0,2244.0,420.0,22.370766488413548,37.38120380147835,46.035386631716904,0900300010840,19.31606483,-99.14810453,4,5,False,False,False
09,003,Coyoacán,0001,0855,2696,1443.0,70.0,60.0,1253.0,392.0,1288.0,31.0,605.0,681.0,807.0,347.0,861.0,130.0,18.69918699186992,42.998760842627014,46.97204968944099,0900300010855,19.31682734,-99.14282887,2,3,False,False,False
09,003,Coyoacán,0001,086A,2670,1468.0,40.0,42.0,1339.0,443.0,1365.0,46.0,638.0,727.0,927.0,423.0,896.0,82.0,14.285714285714285,45.63106796116505,46.73992673992674,090030001086A,19.32096154,-99.13328226,3,4,False,False,False
09,003,Coyoacán,0001,0889,2647,1459.0,51.0,40.0,1336.0,511.0,1366.0,31.0,754.0,612.0,916.0,345.0,825.0,91.0,14.787878787878789,37.66375545851528,55.19765739385066,0900300010889,19.31800601,-99.12871439,1,1,False,False,False
09,003,Coyoacán,0001,0893,1749,923.0,28.0,33.0,832.0,323.0,865.0,26.0,486.0,374.0,583.0,200.0,509.0,61.0,17.092337917485263,34.305317324185246,56.184971098265905,0900300010893,19.315925915,-99.12565183,2,2,False,False,False
09,003,Coyoacán,0001,0906,3324,1831.0,59.0,59.0,1627.0,513.0,1678.0,20.0,825.0,853.0,1130.0,470.0,1114.0,118.0,12.387791741472173,41.5929203539823,49.165673420738976,0900300010906,19.317311,-99.12431592,3,3,False,False,False
09,003,Coyoacán,0001,093A,1211,636.0,14.0,23.0,580.0,232.0,592.0,9.0,279.0,311.0,407.0,151.0,348.0,37.0,13.218390804597702,37.1007371007371,47.12837837837838,090030001093A,19.31293382,-99.11476167,3,3,False,False,False
09,003,Coyoacán,0001,0959,4224,2240.0,139.0,148.0,1817.0,369.0,1910.0,58.0,914.0,992.0,1153.0,454.0,1448.0,287.0,23.825966850828728,39.375542064180394,47.853403141361255,0900300010959,19.32004121,-99.10644962,2,4,False,False,False
09,003,Coyoacán,0001,0963,6516,3364.0,183.0,208.0,2851.0,632.0,2950.0,105.0,1095.0,1845.0,1840.0,899.0,2219.0,391.0,22.35241099594412,48.858695652173914,37.11864406779661,0900300010963,19.31377206,-99.16381366,7,9,False,False,False
09,003,Coyoacán,0001,0978,8080,4189.0,233.0,315.0,3399.0,633.0,3580.0,65.0,1554.0,2013.0,2244.0,861.0,2766.0,548.0,22.161966738973245,38.36898395721925,43.40782122905028,0900300010978,19.31046373,-99.15960756,3,5,False,False,False
09,003,Coyoacán,0001,0982,6525,3433.0,181.0,199.0,2905.0,572.0,3014.0,74.0,1255.0,1757.0,1884.0,780.0,2333.0,380.0,19.459922846120875,41.40127388535032,41.63901791639018,0900300010982,19.31192796,-99.15048334,6,6,False,False,False
09,003,Coyoacán,0001,0997,9422,4890.0,268.0,328.0,4090.0,855.0,4256.0,77.0,1744.0,2507.0,2621.0,1039.0,3235.0,596.0,20.803709428129828,39.641358260206026,40.97744360902256,0900300010997,19.31054009,-99.15219136,5,6,False,False,False
09,003,Coyoacán,0001,1001,6521,3393.0,190.0,256.0,2802.0,520.0,2932.0,77.0,1261.0,1667.0,1751.0,695.0,2282.0,446.0,22.91849255039439,39.69160479725871,43.008185538881314,0900300011001,19.30723831,-99.15247478,5,7,False,False,False
09,003,Coyoacán,0001,1016,6606,3381.0,219.0,259.0,2764.0,513.0,2887.0,54.0,1275.0,1611.0,1762.0,601.0,2251.0,478.0,23.63394047090182,34.10896708286039,44.163491513682025,0900300011016,19.31342973,-99.14581743,5,5,False,False,False
09,003,Coyoacán,0001,1020,4471,2412.0,95.0,132.0,2127.0,558.0,2204.0,46.0,1000.0,1199.0,1517.0,693.0,1569.0,227.0,17.39961759082218,45.68226763348714,45.37205081669691,0900300011020,19.31177686,-99.14201544,3,3,False,False,False
09,003,Coyoacán,0001,1069,1633,870.0,18.0,27.0,789.0,315.0,811.0,19.0,463.0,348.0,534.0,225.0,474.0,45.0,13.502109704641349,42.13483146067416,57.09001233045623,0900300011069,19.31112316,-99.1137476,3,3,False,False,False
09,003,Coyoacán,0001,1073,1616,869.0,35.0,25.0,781.0,274.0,806.0,22.0,439.0,367.0,516.0,202.0,507.0,60.0,16.173570019723865,39.14728682170542,54.46650124069479,0900300011073,19.30503041,-99.115738405,5,5,False,False,False
09,003,Coyoacán,0001,1092,5787,2887.0,116.0,131.0,2545.0,722.0,2625.0,166.0,1290.0,1333.0,1820.0,699.0,1823.0,247.0,22.65496434448711,38.40659340659341,49.142857142857146,0900300011092,19.29998628,-99.10696084,0,0,False,False,False
09,003,Coyoacán,0001,1105,2795,1467.0,41.0,63.0,1310.0,418.0,1349.0,32.0,618.0,727.0,841.0,299.0,892.0,104.0,15.246636771300448,35.55291319857313,45.811712379540396,0900300011105,19.30271546,-99.18996093,3,3,False,False,False
09,003,Coyoacán,0001,1124,5743,3079.0,142.0,196.0,2584.0,539.0,2718.0,57.0,1099.0,1606.0,1797.0,772.0,2045.0,338.0,19.315403422982886,42.960489705064,40.43414275202355,0900300011124,19.30438198,-99.14715395,4,5,False,False,False
09,003,Coyoacán,0001,1139,691,383.0,11.0,16.0,356.0,114.0,364.0,14.0,155.0,209.0,231.0,98.0,242.0,27.0,16.94214876033058,42.42424242424242,42.582417582417584,0900300011139,19.33658659,-99.14152362,3,7,False,False,False
09,003,Coyoacán,0001,1143,540,306.0,11.0,15.0,266.0,98.0,273.0,9.0,140.0,133.0,178.0,71.0,168.0,26.0,20.833333333333336,39.8876404494382,51.28205128205128,0900300011143,19.335144145,-99.138485,3,7,False,False,False
09,003,Coyoacán,0001,1158,8986,4672.0,242.0,311.0,3903.0,726.0,4053.0,93.0,1711.0,2338.0,2451.0,968.0,3177.0,553.0,20.333648095687757,39.49408404732762,42.21564273377745,0900300011158,19.33480824,-99.16143565,2,3,False,False,False
09,003,Coyoacán,0001,1162,14061,7267.0,404.0,488.0,6064.0,1190.0,6332.0,143.0,2757.0,3562.0,3786.0,1589.0,4874.0,892.0,21.235125153877718,41.970417326994195,43.54074542008844,0900300011162,19.331823355,-99.16446587,3,3,False,False,False
09,003,Coyoacán,0001,1181,4132,2180.0,69.0,98.0,1908.0,600.0,1973.0,33.0,942.0,1030.0,1270.0,482.0,1308.0,167.0,15.29051987767584,37.95275590551181,47.74455144450076,0900300011181,19.31065015,-99.1101861,3,3,False,False,False
09,003,Coyoacán,0001,1213,5772,3052.0,127.0,147.0,2687.0,863.0,2758.0,41.0,1398.0,1356.0,1832.0,743.0,1824.0,274.0,17.269736842105264,40.556768558951966,50.68890500362582,0900300011213,19.3047455,-99.11213165,3,3,False,False,False
09,003,Coyoacán,0001,1228,2280,1173.0,70.0,112.0,942.0,200.0,999.0,22.0,422.0,574.0,538.0,253.0,742.0,182.0,27.49326145552561,47.026022304832715,42.24224224224224,0900300011228,19.340289535,-99.130989615,3,7,True,False,False
09,003,Coyoacán,0001,1232,3022,1573.0,61.0,79.0,1385.0,415.0,1428.0,42.0,718.0,710.0,877.0,290.0,970.0,140.0,18.762886597938145,33.0672748004561,50.280112044817926,0900300011232,19.33933276,-99.13059916,4,7,False,False,False
09,003,Coyoacán,0001,1247,5019,2676.0,109.0,129.0,2303.0,730.0,2406.0,60.0,1141.0,1264.0,1527.0,694.0,1573.0,238.0,18.9446916719644,45.44859201047806,47.42310889443059,0900300011247,19.331315065,-99.11936367999999,4,4,False,False,False
09,003,Coyoacán,0001,1251,2321,1251.0,40.0,66.0,1121.0,379.0,1159.0,26.0,577.0,581.0,699.0,299.0,742.0,106.0,17.78975741239892,42.77539341917024,49.78429680759275,0900300011251,19.332928315,-99.115051465,4,4,False,False,False
09,003,Coyoacán,0001,1266,2811,1509.0,65.0,64.0,1333.0,412.0,1367.0,54.0,538.0,827.0,799.0,401.0,921.0,129.0,19.86970684039088,50.187734668335416,39.3562545720556,0900300011266,19.3298488,-99.11529706,4,4,False,False,False
09,003,Coyoacán,0001,1270,4167,2260.0,85.0,88.0,1994.0,655.0,2061.0,60.0,1002.0,1057.0,1333.0,588.0,1339.0,173.0,17.401045556385363,44.11102775693924,48.617176128093156,0900300011270,19.32599217,-99.11879343,2,2,False,False,False
09,003,Coyoacán,0001,1285,3625,1921.0,70.0,103.0,1673.0,554.0,1730.0,40.0,852.0,875.0,1106.0,421.0,1119.0,173.0,19.034852546916888,38.06509945750452,49.2485549132948,0900300011285,19.32652591,-99.11450466,1,2,False,False,False
09,003,Coyoacán,0001,129A,3454,1872.0,71.0,93.0,1651.0,503.0,1710.0,48.0,823.0,887.0,1045.0,441.0,1148.0,164.0,18.466898954703833,42.20095693779904,48.12865497076023,090030001129A,19.32274553,-99.11808351,1,2,False,False,False
09,003,Coyoacán,0001,1302,1973,1043.0,38.0,50.0,909.0,297.0,940.0,30.0,467.0,473.0,620.0,275.0,612.0,88.0,19.28104575163399,44.354838709677416,49.68085106382979,0900300011302,19.32271911,-99.11529127,1,2,False,False,False
09,003,Coyoacán,0001,1317,2754,1481.0,54.0,77.0,1250.0,403.0,1320.0,22.0,665.0,651.0,786.0,369.0,847.0,131.0,18.06375442739079,46.94656488549619,50.378787878787875,0900300011317,19.32643125,-99.11093095,1,2,False,False,False
09,003,Coyoacán,0001,1321,3755,1984.0,65.0,91.0,1746.0,637.0,1804.0,57.0,933.0,869.0,1186.0,505.0,1109.0,156.0,19.206492335437332,42.580101180438454,51.71840354767184,0900300011321,19.32488047,-99.112362875,1,2,False,False,False
09,003,Coyoacán,0001,1336,2908,1491.0,55.0,85.0,1289.0,423.0,1335.0,27.0,640.0,695.0,919.0,372.0,866.0,140.0,19.28406466512702,40.47878128400435,47.940074906367045,0900300011336,19.32264287,-99.11249086,1,2,False,False,False
09,003,Coyoacán,0001,1340,2546,1361.0,50.0,56.0,1201.0,397.0,1242.0,21.0,636.0,605.0,865.0,387.0,804.0,106.0,15.796019900497512,44.73988439306358,51.20772946859904,0900300011340,19.31589031,-99.12154439,4,4,False,False,False
09,003,Coyoacán,0001,1355,2461,1309.0,46.0,52.0,1166.0,437.0,1205.0,19.0,632.0,573.0,844.0,386.0,729.0,98.0,16.049382716049383,45.7345971563981,52.44813278008299,0900300011355,19.31320099,-99.12208846,4,4,False,False,False
09,003,Coyoacán,0001,136A,2243,1236.0,31.0,46.0,1111.0,377.0,1146.0,17.0,585.0,560.0,784.0,352.0,734.0,77.0,12.806539509536785,44.89795918367347,51.047120418848166,090030001136A,19.31601201,-99.11698057,3,3,False,False,False
09,003,Coyoacán,0001,1374,2494,1380.0,34.0,48.0,1248.0,440.0,1276.0,28.0,679.0,596.0,843.0,409.0,808.0,82.0,13.613861386138614,48.517200474495844,53.21316614420063,0900300011374,19.3147379,-99.11924997,3,3,False,False,False
09,003,Coyoacán,0001,1389,3600,1828.0,145.0,162.0,1457.0,283.0,1534.0,59.0,762.0,770.0,1065.0,396.0,1174.0,307.0,31.175468483816015,37.183098591549296,49.67405475880052,0900300011389,19.320410645000003,-99.10996958,2,4,True,False,False
09,003,Coyoacán,0001,1393,2828,1474.0,88.0,104.0,1172.0,263.0,1242.0,32.0,535.0,706.0,791.0,350.0,909.0,192.0,24.64246424642464,44.24778761061947,43.07568438003221,0900300011393,19.318590655,-99.11157125,4,6,True,False,False
09,003,Coyoacán,0001,1406,3216,1656.0,117.0,119.0,1355.0,304.0,1424.0,40.0,616.0,806.0,867.0,341.0,1051.0,236.0,26.26070409134158,39.33102652825836,43.258426966292134,0900300011406,19.31636071,-99.10989094499999,4,6,True,False,False
09,003,Coyoacán,0001,1410,4242,2327.0,100.0,127.0,2003.0,508.0,2069.0,38.0,929.0,1133.0,1461.0,605.0,1495.0,227.0,17.725752508361204,41.40999315537303,44.90091831802803,0900300011410,19.308539025,-99.1371619,2,4,False,False,False
09,003,Coyoacán,0001,1425,6786,3597.0,171.0,228.0,3037.0,689.0,3160.0,44.0,1428.0,1729.0,1832.0,705.0,2348.0,399.0,18.867120954003408,38.4825327510917,45.18987341772152,0900300011425,19.303595985,-99.141048995,3,6,False,False,False
09,003,Coyoacán,0001,143A,2877,1515.0,38.0,50.0,1372.0,470.0,1404.0,24.0,729.0,674.0,937.0,303.0,902.0,88.0,12.416851441241686,32.33724653148346,51.92307692307693,090030001143A,19.307798355,-99.12020357,4,4,False,False,False
09,003,Coyoacán,0001,1444,2651,1454.0,45.0,46.0,1283.0,441.0,1317.0,20.0,632.0,683.0,967.0,402.0,842.0,91.0,13.182897862232778,41.57187176835574,47.98785117691723,0900300011444,19.302387449999998,-99.11897292,2,3,False,False,False
09,003,Coyoacán,0001,1459,2436,1263.0,64.0,81.0,1095.0,282.0,1127.0,12.0,491.0,636.0,910.0,349.0,813.0,145.0,19.311193111931118,38.35164835164836,43.566992014196984,0900300011459,19.32047168,-99.10477966,2,4,False,False,False
09,003,Coyoacán,0001,1463,2844,1580.0,81.0,86.0,1350.0,277.0,1402.0,17.0,626.0,773.0,1033.0,454.0,1073.0,167.0,17.148182665424045,43.94966118102614,44.650499286733236,0900300011463,19.3185493,-99.10067359,1,2,False,False,False
09,003,Coyoacán,0001,1478,3845,2091.0,65.0,109.0,1833.0,615.0,1899.0,29.0,947.0,951.0,1199.0,524.0,1218.0,174.0,16.666666666666664,43.70308590492077,49.86835176408636,0900300011478,19.31632135,-99.10498905,3,5,False,False,False
09,003,Coyoacán,0001,1482,4758,2471.0,73.0,116.0,2171.0,668.0,2245.0,54.0,1091.0,1150.0,1488.0,679.0,1503.0,189.0,16.16766467065868,45.63172043010753,48.59688195991092,0900300011482,19.31702875,-99.10252503,2,4,False,False,False
09,003,Coyoacán,0001,1497,5249,2863.0,116.0,164.0,2469.0,818.0,2559.0,41.0,1156.0,1401.0,1597.0,650.0,1651.0,280.0,19.442761962447,40.70131496556043,45.17389605314576,0900300011497,19.31492881,-99.10379536,2,3,False,False,False
09,003,Coyoacán,0001,150A,4541,2423.0,71.0,108.0,2161.0,661.0,2218.0,23.0,1052.0,1166.0,1447.0,574.0,1500.0,179.0,13.466666666666665,39.668279198341395,47.430117222723176,090030001150A,19.310274435,-99.10724972,3,4,False,False,False
09,003,Coyoacán,0001,1514,5908,3131.0,135.0,158.0,2718.0,819.0,2804.0,40.0,1452.0,1349.0,1731.0,813.0,1899.0,293.0,17.535545023696685,46.96707105719237,51.78316690442225,0900300011514,19.31066504,-99.10199578,2,3,False,False,False
09,003,Coyoacán,0001,1529,5698,3123.0,108.0,107.0,2817.0,678.0,2896.0,38.0,1224.0,1668.0,2256.0,1067.0,2139.0,215.0,11.827956989247312,47.29609929078014,42.26519337016575,0900300011529,19.30514808,-99.18289879,1,1,False,False,False
09,003,Coyoacán,0001,1548,1494,799.0,38.0,31.0,734.0,140.0,744.0,3.0,274.0,470.0,685.0,334.0,594.0,69.0,12.121212121212121,48.759124087591246,36.82795698924731,0900300011548,19.30951378,-99.17564045,2,2,False,False,False
09,003,Coyoacán,0001,1552,1688,901.0,34.0,32.0,817.0,203.0,833.0,10.0,357.0,476.0,637.0,262.0,614.0,66.0,12.37785016286645,41.13029827315541,42.857142857142854,0900300011552,19.309424465,-99.17090069,3,3,False,False,False
09,003,Coyoacán,0001,1567,1682,938.0,34.0,43.0,834.0,265.0,858.0,15.0,384.0,474.0,626.0,330.0,569.0,77.0,16.16871704745167,52.715654952076676,44.75524475524475,0900300011567,19.31059207,-99.17051624,4,4,False,False,False
09,003,Coyoacán,0001,1571,2055,1096.0,37.0,58.0,981.0,269.0,1008.0,15.0,448.0,556.0,770.0,350.0,712.0,95.0,15.44943820224719,45.45454545454545,44.44444444444444,0900300011571,19.30655279,-99.1777239,1,1,False,False,False
09,003,Coyoacán,0001,1586,386,209.0,7.0,7.0,189.0,54.0,193.0,0.0,83.0,110.0,152.0,74.0,135.0,14.0,10.37037037037037,48.68421052631579,43.005181347150256,0900300011586,19.307123405,-99.174316,0,0,False,False,False
09,003,Coyoacán,0001,1590,1941,1044.0,35.0,44.0,932.0,267.0,964.0,12.0,453.0,508.0,678.0,294.0,665.0,79.0,13.684210526315791,43.36283185840708,46.99170124481328,0900300011590,19.30840143,-99.17066271,3,3,False,False,False
09,003,Coyoacán,0001,1618,1151,613.0,11.0,29.0,566.0,187.0,576.0,4.0,187.0,389.0,388.0,117.0,379.0,40.0,11.609498680738787,30.15463917525773,32.46527777777778,0900300011618,19.30261706,-99.168685405,0,0,False,False,False
09,003,Coyoacán,0001,1622,2498,1341.0,38.0,57.0,1193.0,388.0,1226.0,18.0,548.0,672.0,842.0,316.0,805.0,95.0,14.037267080745341,37.52969121140142,44.69820554649266,0900300011622,19.3069848,-99.16914491,1,2,False,False,False
09,003,Coyoacán,0001,1637,2821,1576.0,51.0,79.0,1401.0,431.0,1438.0,19.0,645.0,791.0,1067.0,491.0,970.0,130.0,15.360824742268042,46.01686972820993,44.85396383866481,0900300011637,19.308364660000002,-99.166971015,2,3,False,False,False
09,003,Coyoacán,0001,1641,2483,1301.0,65.0,81.0,1146.0,340.0,1172.0,16.0,486.0,684.0,925.0,433.0,806.0,146.0,20.099255583126553,46.81081081081081,41.467576791808874,0900300011641,19.306277645,-99.1646286,1,2,False,False,False
09,003,Coyoacán,0001,1656,3244,1730.0,65.0,90.0,1509.0,345.0,1558.0,11.0,707.0,851.0,1023.0,432.0,1164.0,155.0,14.261168384879724,42.22873900293255,45.37869062901155,0900300011656,19.30638497,-99.16094003,2,3,False,False,False
09,003,Coyoacán,0001,1660,3328,1653.0,83.0,114.0,1425.0,334.0,1471.0,35.0,616.0,854.0,934.0,344.0,1091.0,197.0,21.264894592117322,36.83083511777302,41.87627464309993,0900300011660,19.3033137,-99.16138605,1,2,False,False,False
09,003,Coyoacán,0001,1675,3996,2100.0,73.0,100.0,1836.0,539.0,1900.0,25.0,893.0,1005.0,1176.0,393.0,1297.0,173.0,15.265998457979954,33.41836734693878,47.0,0900300011675,19.309833665,-99.12970165,0,1,False,False,False
09,003,Coyoacán,0001,168A,1544,851.0,33.0,33.0,774.0,198.0,788.0,7.0,317.0,470.0,609.0,299.0,576.0,66.0,12.67361111111111,49.096880131362894,40.22842639593909,090030001168A,19.30966742,-99.12593288,2,3,False,False,False
09,003,Coyoacán,0001,1694,1542,831.0,28.0,37.0,731.0,181.0,753.0,9.0,303.0,449.0,591.0,266.0,550.0,65.0,13.454545454545455,45.008460236886634,40.23904382470119,0900300011694,19.30503098,-99.12593209,3,5,False,False,False
09,003,Coyoacán,0001,1707,5005,2641.0,95.0,115.0,2343.0,617.0,2425.0,47.0,1135.0,1285.0,1593.0,571.0,1726.0,210.0,14.889918887601391,35.84431889516635,46.8041237113402,0900300011707,19.32694514,-99.1245509,3,3,False,False,False
09,003,Coyoacán,0001,1726,2983,1613.0,47.0,65.0,1442.0,430.0,1489.0,43.0,719.0,769.0,941.0,392.0,1012.0,112.0,15.316205533596838,41.65781083953241,48.28744123572868,0900300011726,19.31738645,-99.13472982,3,3,False,False,False
09,003,Coyoacán,0001,1730,645,369.0,7.0,16.0,331.0,150.0,340.0,5.0,180.0,159.0,236.0,108.0,181.0,23.0,15.469613259668508,45.76271186440678,52.94117647058824,0900300011730,19.31317068,-99.13361953500001,2,3,False,False,False
09,003,Coyoacán,0001,1745,3535,1887.0,103.0,103.0,1592.0,362.0,1653.0,26.0,728.0,924.0,1171.0,557.0,1230.0,206.0,18.86178861788618,47.566182749786506,44.0411373260738,0900300011745,19.32623454,-99.12044805,2,2,False,False,False
09,003,Coyoacán,0001,175A,3635,1918.0,69.0,108.0,1688.0,481.0,1743.0,26.0,790.0,953.0,1066.0,467.0,1207.0,177.0,16.818558409279206,43.808630393996246,45.324153757888695,090030001175A,19.32240178,-99.12176654,2,2,False,False,False
09,003,Coyoacán,0001,1764,2890,1496.0,67.0,105.0,1310.0,299.0,1337.0,20.0,571.0,765.0,961.0,403.0,1011.0,172.0,18.991097922848667,41.935483870967744,42.70755422587884,0900300011764,19.32449081,-99.10624931,2,4,False,False,False
09,003,Coyoacán,0001,1779,1832,1007.0,62.0,70.0,852.0,189.0,888.0,17.0,386.0,502.0,635.0,264.0,663.0,132.0,22.473604826546005,41.574803149606296,43.468468468468465,0900300011779,19.32215428,-99.10834705,2,4,False,False,False
09,003,Coyoacán,0001,1783,3170,1714.0,78.0,88.0,1533.0,413.0,1566.0,20.0,604.0,962.0,1277.0,604.0,1120.0,166.0,16.607142857142858,47.29835552075176,38.569604086845466,0900300011783,19.30360374,-99.178098135,3,3,False,False,False
09,004,Cuajimalpa de Morelos,0001,002A,4726,2448.0,159.0,190.0,2001.0,377.0,2103.0,46.0,959.0,1140.0,1299.0,457.0,1624.0,349.0,24.322660098522167,35.180908391070055,45.60152163575844,090040001002A,19.375138375,-99.285060655,3,3,True,False,False
09,004,Cuajimalpa de Morelos,0001,0049,4304,2211.0,108.0,150.0,1878.0,372.0,1944.0,15.0,775.0,1165.0,1237.0,346.0,1506.0,258.0,18.127490039840637,27.970897332255458,39.86625514403292,0900400010049,19.37295338,-99.27745054,0,1,False,False,False
09,004,Cuajimalpa de Morelos,0001,0053,6459,3358.0,221.0,274.0,2723.0,512.0,2887.0,54.0,1193.0,1684.0,1948.0,778.0,2211.0,495.0,24.830393487109905,39.93839835728953,41.32317284378247,0900400010053,19.3724464,-99.28875101,6,7,True,False,False
09,004,Cuajimalpa de Morelos,0001,0072,2849,1472.0,107.0,118.0,1159.0,219.0,1216.0,21.0,555.0,657.0,787.0,275.0,940.0,225.0,26.170212765957444,34.9428208386277,45.64144736842105,0900400010072,19.36859178,-99.29228208,7,7,True,False,False
09,004,Cuajimalpa de Morelos,0001,0091,11767,6169.0,425.0,496.0,5027.0,880.0,5262.0,95.0,2294.0,2947.0,3099.0,1136.0,4147.0,921.0,24.49963829274174,36.656986124556305,43.595591030026604,0900400010091,19.35549606,-99.30018168,5,5,True,False,False
09,004,Cuajimalpa de Morelos,0001,0104,7179,3806.0,216.0,267.0,3170.0,491.0,3321.0,69.0,1038.0,2281.0,2343.0,877.0,2679.0,483.0,20.6047032474804,37.430644472897995,31.255645889792234,0900400010104,19.3603394,-99.28955825,3,5,False,False,False
09,004,Cuajimalpa de Morelos,0001,0119,6497,3373.0,212.0,252.0,2824.0,564.0,2926.0,42.0,1277.0,1637.0,1847.0,621.0,2260.0,464.0,22.38938053097345,33.62208987547374,43.6431989063568,0900400010119,19.34742934,-99.30090575,5,5,False,False,False
09,004,Cuajimalpa de Morelos,0001,0123,6200,3260.0,173.0,203.0,2734.0,462.0,2857.0,40.0,1323.0,1526.0,1785.0,572.0,2272.0,376.0,18.30985915492958,32.04481792717087,46.30731536576829,0900400010123,19.35224576,-99.29378343,5,5,False,False,False
09,004,Cuajimalpa de Morelos,0001,0138,7681,3930.0,309.0,367.0,3109.0,515.0,3288.0,45.0,1543.0,1740.0,1970.0,655.0,2594.0,676.0,27.794911333847338,33.24873096446701,46.92822384428224,0900400010138,19.34214625,-99.28062018,0,0,True,True,True
09,004,Cuajimalpa de Morelos,0001,0176,9292,5089.0,384.0,422.0,4182.0,695.0,4339.0,63.0,1576.0,2671.0,2438.0,733.0,3487.0,806.0,24.9211356466877,30.0656275635767,36.32173311823001,0900400010176,19.39119183,-99.2603995,2,2,True,False,False
09,004,Cuajimalpa de Morelos,0001,0180,6474,3497.0,239.0,261.0,2921.0,503.0,3015.0,41.0,1120.0,1869.0,1718.0,530.0,2418.0,500.0,22.373862696443343,30.849825378346914,37.147595356550575,0900400010180,19.38851864,-99.26123139,2,2,False,False,False
09,004,Cuajimalpa de Morelos,0001,0195,10984,6047.0,355.0,430.0,5017.0,948.0,5238.0,93.0,2072.0,3116.0,2638.0,934.0,4069.0,785.0,21.577783239125093,35.405610310841546,39.55708285605193,0900400010195,19.38719423,-99.25178517,1,2,False,False,False
09,004,Cuajimalpa de Morelos,0001,0208,7474,3895.0,276.0,372.0,3004.0,444.0,3220.0,74.0,1438.0,1776.0,1939.0,620.0,2560.0,648.0,28.203125,31.975244971634865,44.6583850931677,0900400010208,19.36166329,-99.30290627,3,3,True,False,False
09,004,Cuajimalpa de Morelos,0001,0212,4941,2533.0,154.0,162.0,2088.0,339.0,2193.0,37.0,902.0,1287.0,1404.0,487.0,1749.0,316.0,20.182961692395654,34.686609686609685,41.13087095303238,0900400010212,19.35360043,-99.28638366,1,3,False,False,False
09,004,Cuajimalpa de Morelos,0001,0227,8867,4536.0,370.0,475.0,3455.0,481.0,3698.0,55.0,1745.0,1948.0,2161.0,709.0,2974.0,845.0,30.26227303295225,32.80888477556687,47.187669010275826,0900400010227,19.35311035,-99.318117215,2,3,True,False,False
09,004,Cuajimalpa de Morelos,0001,0231,7804,3952.0,313.0,394.0,3050.0,416.0,3246.0,41.0,1669.0,1574.0,1926.0,596.0,2634.0,707.0,28.397873955960517,30.944963655244027,51.41712877387554,0900400010231,19.34878405,-99.30986991,2,3,True,False,False
09,004,Cuajimalpa de Morelos,0001,0250,4220,2103.0,145.0,182.0,1651.0,248.0,1772.0,20.0,828.0,944.0,1087.0,366.0,1403.0,327.0,24.73271560940841,33.67065317387304,46.72686230248307,0900400010250,19.330209795000002,-99.29093747,1,1,True,False,False
09,004,Cuajimalpa de Morelos,0001,027A,4578,2427.0,135.0,196.0,1997.0,392.0,2073.0,40.0,950.0,1119.0,1379.0,557.0,1605.0,331.0,23.115264797507788,40.391588107324154,45.82730342498794,090040001027A,19.3703751,-99.288302115,6,7,False,False,False
09,004,Cuajimalpa de Morelos,0001,0299,10533,5527.0,346.0,411.0,4504.0,775.0,4739.0,67.0,2038.0,2697.0,3079.0,1042.0,3729.0,757.0,22.0970769643336,33.842156544332575,43.00485334458747,0900400010299,19.35856153,-99.29741179,5,5,False,False,False
09,004,Cuajimalpa de Morelos,0001,0301,4195,2184.0,136.0,163.0,1787.0,309.0,1870.0,26.0,906.0,963.0,1194.0,353.0,1478.0,299.0,21.989174560216508,29.564489112227804,48.44919786096257,0900400010301,19.36613969,-99.29405484,6,6,False,False,False
09,004,Cuajimalpa de Morelos,0001,0320,2945,1477.0,148.0,167.0,1058.0,121.0,1131.0,14.0,536.0,593.0,731.0,248.0,937.0,315.0,35.11205976520811,33.926128590971274,47.39168877099912,0900400010320,19.343240865,-99.286456055,0,0,True,True,True
09,004,Cuajimalpa de Morelos,0001,034A,3494,1802.0,132.0,175.0,1427.0,230.0,1502.0,22.0,724.0,775.0,900.0,308.0,1197.0,307.0,27.485380116959064,34.22222222222222,48.202396804260985,090040001034A,19.36886029,-99.28825838,8,9,True,False,False
09,004,Cuajimalpa de Morelos,0001,0354,6409,3360.0,187.0,233.0,2782.0,566.0,2918.0,70.0,1298.0,1619.0,1913.0,914.0,2216.0,420.0,22.111913357400724,47.77835859905907,44.48252227553118,0900400010354,19.36484991,-99.28754694,7,9,False,False,False
09,004,Cuajimalpa de Morelos,0001,0369,14609,7459.0,604.0,549.0,6298.0,541.0,6518.0,55.0,1957.0,4486.0,6018.0,1838.0,5757.0,1153.0,20.983150946673614,30.541708208707213,30.02454740718012,0900400010369,19.36136683,-99.274947875,1,3,False,False,False
09,004,Cuajimalpa de Morelos,0001,0373,14170,7457.0,591.0,693.0,5822.0,659.0,6176.0,48.0,2650.0,3508.0,3529.0,1002.0,5163.0,1284.0,25.79895409645555,28.3933125531312,42.90803108808291,0900400010373,19.34471351,-99.27446897,0,0,True,True,True
09,004,Cuajimalpa de Morelos,0001,0392,599,301.0,27.0,37.0,220.0,27.0,242.0,4.0,128.0,114.0,149.0,41.0,193.0,64.0,35.233160621761655,27.516778523489933,52.892561983471076,0900400010392,19.34711677,-99.31909497,2,3,True,False,False
09,004,Cuajimalpa de Morelos,0001,0405,4253,2284.0,131.0,163.0,1868.0,359.0,1946.0,33.0,950.0,993.0,1155.0,433.0,1509.0,294.0,21.669980119284293,37.489177489177486,48.818088386433715,0900400010405,19.37372818,-99.28065604,2,3,False,False,False
09,004,Cuajimalpa de Morelos,0001,041A,3190,1658.0,112.0,146.0,1329.0,190.0,1399.0,15.0,566.0,832.0,851.0,317.0,1139.0,258.0,23.968393327480246,37.2502937720329,40.45746962115797,090040001041A,19.372390445,-99.27987031,3,4,False,False,False
09,004,Cuajimalpa de Morelos,0020,0246,9541,4994.0,365.0,456.0,3911.0,665.0,4144.0,71.0,1958.0,2175.0,2485.0,797.0,3246.0,821.0,27.479975354282193,32.072434607645874,47.24903474903475,0900400200246,19.32990215,-99.32688526,0,0,True,True,True
09,004,Cuajimalpa de Morelos,0020,0316,15087,7701.0,647.0,770.0,5862.0,728.0,6222.0,95.0,2963.0,3240.0,3784.0,1092.0,5134.0,1417.0,29.450720685625242,28.858350951374206,47.62134361941498,0900400200316,19.31279717,-99.33375759,0,0,True,True,True
09,004,Cuajimalpa de Morelos,0020,0388,1414,721.0,57.0,80.0,535.0,64.0,569.0,7.0,258.0,311.0,358.0,88.0,471.0,137.0,30.573248407643312,24.581005586592177,45.342706502636204,0900400200388,19.33968763,-99.3252413,0,0,True,True,True
09,005,Gustavo A. Madero,0001,0012,4355,2185.0,160.0,181.0,1731.0,290.0,1823.0,50.0,979.0,843.0,1258.0,505.0,1441.0,341.0,27.133934767522554,40.14308426073132,53.70268787712562,0900500010012,19.56884179,-99.133289,1,1,True,False,False
09,005,Gustavo A. Madero,0001,0027,5631,2901.0,192.0,242.0,2282.0,430.0,2429.0,46.0,1289.0,1136.0,1590.0,626.0,1852.0,434.0,25.917926565874733,39.37106918238994,53.06710580485796,0900500010027,19.56565989,-99.13830025,1,3,True,False,False
09,005,Gustavo A. Madero,0001,0050,10026,5226.0,379.0,464.0,4132.0,764.0,4346.0,84.0,2233.0,2108.0,2819.0,1061.0,3368.0,843.0,27.52375296912114,37.63746009223129,51.38057984353428,0900500010050,19.556630634999998,-99.13438955999999,2,4,True,False,False
09,005,Gustavo A. Madero,0001,0084,3396,1714.0,119.0,144.0,1378.0,282.0,1444.0,36.0,799.0,644.0,928.0,303.0,1096.0,263.0,27.28102189781022,32.650862068965516,55.33240997229917,0900500010084,19.55476049,-99.14037121,1,4,True,False,False
09,005,Gustavo A. Madero,0001,0099,4342,2227.0,142.0,186.0,1776.0,343.0,1877.0,35.0,1012.0,864.0,1195.0,440.0,1433.0,328.0,25.331472435450102,36.82008368200837,53.91582312200319,0900500010099,19.55258181,-99.15099442,0,1,True,False,True
09,005,Gustavo A. Madero,0001,0101,5213,2663.0,203.0,228.0,2080.0,371.0,2203.0,55.0,1122.0,1076.0,1500.0,588.0,1709.0,431.0,28.437682855471035,39.2,50.93054925102134,0900500010101,19.55020873,-99.14304117,2,3,True,False,False
09,005,Gustavo A. Madero,0001,0135,4716,2407.0,170.0,180.0,1922.0,349.0,2044.0,43.0,1102.0,939.0,1326.0,491.0,1573.0,350.0,24.98410680228862,37.028657616892914,53.91389432485323,0900500010135,19.550972545,-99.153130265,0,1,True,False,True
09,005,Gustavo A. Madero,0001,014A,4456,2239.0,177.0,216.0,1739.0,272.0,1856.0,41.0,1009.0,846.0,1282.0,414.0,1467.0,393.0,29.58418541240627,32.293291731669264,54.36422413793104,090050001014A,19.548377695,-99.153952625,0,1,True,False,True
09,005,Gustavo A. Madero,0001,0169,7933,4067.0,318.0,411.0,3159.0,520.0,3367.0,77.0,1707.0,1659.0,2034.0,716.0,2639.0,729.0,30.541871921182267,35.2015732546706,50.6979506979507,0900500010169,19.54471822,-99.135063495,2,2,True,False,False
09,005,Gustavo A. Madero,0001,0173,4482,2294.0,130.0,168.0,1885.0,435.0,1972.0,40.0,975.0,996.0,1249.0,426.0,1450.0,298.0,23.310344827586206,34.10728582866293,49.44219066937119,0900500010173,19.54194709,-99.15080955,1,1,False,False,False
09,005,Gustavo A. Madero,0001,0188,4422,2335.0,129.0,178.0,1924.0,432.0,2007.0,42.0,974.0,1030.0,1297.0,481.0,1492.0,307.0,23.39142091152815,37.08558211256746,48.530144494270054,0900500010188,19.540702995,-99.147188435,2,2,False,False,False
09,005,Gustavo A. Madero,0001,0192,5552,2905.0,166.0,227.0,2356.0,502.0,2488.0,59.0,1192.0,1294.0,1532.0,564.0,1854.0,393.0,24.379719525350595,36.81462140992167,47.90996784565916,0900500010192,19.54059924,-99.14164792,2,2,True,False,False
09,005,Gustavo A. Madero,0001,0205,6337,3263.0,258.0,268.0,2588.0,450.0,2740.0,49.0,1367.0,1370.0,1728.0,641.0,2138.0,526.0,26.894293732460245,37.094907407407405,49.89051094890511,0900500010205,19.540984875,-99.13837197000001,2,2,True,False,False
09,005,Gustavo A. Madero,0001,0224,3017,1572.0,93.0,130.0,1289.0,313.0,1349.0,25.0,678.0,666.0,825.0,313.0,976.0,223.0,25.40983606557377,37.93939393939394,50.259451445515204,0900500010224,19.53742248,-99.14984182,1,1,True,False,False
09,005,Gustavo A. Madero,0001,0243,7379,3830.0,253.0,320.0,2998.0,499.0,3203.0,75.0,1577.0,1624.0,1918.0,612.0,2499.0,573.0,25.930372148859544,31.908237747653807,49.23509210115517,0900500010243,19.53674475,-99.14023615,2,2,True,False,False
09,005,Gustavo A. Madero,0001,0258,4738,2416.0,167.0,216.0,1926.0,369.0,2012.0,37.0,1063.0,946.0,1322.0,643.0,1557.0,383.0,26.97495183044316,48.63842662632375,52.83300198807157,0900500010258,19.5326007,-99.13991588,3,3,True,False,False
09,005,Gustavo A. Madero,0001,0262,4022,2094.0,169.0,156.0,1681.0,346.0,1764.0,53.0,864.0,899.0,1143.0,462.0,1335.0,325.0,28.314606741573034,40.419947506561684,48.97959183673469,0900500010262,19.529806035,-99.140041645,3,4,True,False,False
09,005,Gustavo A. Madero,0001,0277,3195,1720.0,77.0,81.0,1480.0,410.0,1534.0,33.0,722.0,810.0,1075.0,496.0,1070.0,158.0,17.850467289719628,46.13953488372093,47.06649282920469,0900500010277,19.52969916,-99.155362,1,1,False,False,False
09,005,Gustavo A. Madero,0001,0281,2782,1527.0,43.0,80.0,1315.0,393.0,1381.0,34.0,701.0,679.0,988.0,446.0,922.0,123.0,17.02819956616052,45.1417004048583,50.76031860970311,0900500010281,19.52845134,-99.15207177,1,1,False,False,False
09,005,Gustavo A. Madero,0001,0296,2757,1487.0,68.0,63.0,1297.0,415.0,1336.0,26.0,678.0,658.0,1020.0,463.0,882.0,131.0,17.800453514739228,45.3921568627451,50.74850299401198,0900500010296,19.526595975,-99.149621155,2,3,False,False,False
09,005,Gustavo A. Madero,0001,0309,2212,1141.0,42.0,62.0,988.0,318.0,1032.0,9.0,511.0,521.0,797.0,332.0,670.0,104.0,16.865671641791042,41.65621079046424,49.51550387596899,0900500010309,19.524945535,-99.1466553,3,5,False,False,False
09,005,Gustavo A. Madero,0001,0313,3640,1910.0,109.0,127.0,1562.0,278.0,1666.0,16.0,809.0,854.0,1049.0,389.0,1284.0,236.0,19.626168224299064,37.08293612964728,48.5594237695078,0900500010313,19.52604301,-99.14364548,4,6,False,False,False
09,005,Gustavo A. Madero,0001,0328,1639,829.0,44.0,54.0,683.0,159.0,719.0,17.0,373.0,344.0,480.0,179.0,524.0,98.0,21.946564885496183,37.291666666666664,51.87760778859527,0900500010328,19.52498993,-99.141634995,4,5,False,False,False
09,005,Gustavo A. Madero,0001,0332,5616,2875.0,244.0,238.0,2284.0,379.0,2406.0,53.0,1307.0,1089.0,1593.0,662.0,1905.0,482.0,28.083989501312335,41.55681104833647,54.32252701579385,0900500010332,19.524640939999998,-99.13834752,2,3,True,False,False
09,005,Gustavo A. Madero,0001,0351,4655,2409.0,161.0,204.0,1891.0,282.0,1996.0,50.0,894.0,1098.0,1253.0,447.0,1609.0,365.0,25.79241765071473,35.67438148443735,44.789579158316634,0900500010351,19.521721045,-99.12914634,2,3,True,False,False
09,005,Gustavo A. Madero,0001,0366,11779,6144.0,349.0,405.0,5094.0,807.0,5319.0,56.0,1991.0,3325.0,4250.0,1658.0,4287.0,754.0,18.894331700489854,39.01176470588235,37.431848091746566,0900500010366,19.52541739,-99.17104573,1,1,False,False,False
09,005,Gustavo A. Madero,0001,0370,3064,1597.0,69.0,105.0,1350.0,342.0,1401.0,46.0,651.0,749.0,923.0,383.0,1008.0,174.0,21.825396825396826,41.49512459371614,46.466809421841546,0900500010370,19.52499937,-99.16522564,1,1,False,False,False
09,005,Gustavo A. Madero,0001,0385,6250,3233.0,205.0,249.0,2615.0,603.0,2755.0,88.0,1338.0,1412.0,1843.0,740.0,2012.0,454.0,26.938369781312126,40.151926207270755,48.566243194192374,0900500010385,19.52167774,-99.15912416,0,0,True,True,True
09,005,Gustavo A. Madero,0001,039A,5682,2954.0,118.0,124.0,2596.0,853.0,2677.0,31.0,1239.0,1435.0,1863.0,721.0,1743.0,242.0,15.66265060240964,38.70101986044015,46.283152782966006,090050001039A,19.52409671,-99.14946317,2,3,False,False,False
09,005,Gustavo A. Madero,0001,0402,5809,2962.0,151.0,225.0,2451.0,556.0,2570.0,66.0,1221.0,1345.0,1694.0,609.0,1895.0,376.0,23.3245382585752,35.9504132231405,47.50972762645914,0900500010402,19.52166134,-99.15474741,1,2,False,False,False
09,005,Gustavo A. Madero,0001,0417,5194,2685.0,166.0,188.0,2174.0,396.0,2282.0,70.0,1143.0,1135.0,1499.0,653.0,1778.0,354.0,23.847019122609677,43.56237491661108,50.08764241893077,0900500010417,19.51986735,-99.12959094,2,3,False,False,False
09,005,Gustavo A. Madero,0001,0421,3669,1905.0,98.0,99.0,1630.0,400.0,1694.0,33.0,809.0,881.0,1157.0,440.0,1230.0,197.0,18.69918699186992,38.02938634399309,47.756788665879576,0900500010421,19.52383805,-99.16855258,1,1,False,False,False
09,005,Gustavo A. Madero,0001,0436,4302,2259.0,113.0,131.0,1929.0,530.0,2002.0,37.0,944.0,1055.0,1299.0,515.0,1399.0,244.0,20.08577555396712,39.64588144726713,47.15284715284716,0900500010436,19.52106046,-99.16317652,1,1,False,False,False
09,005,Gustavo A. Madero,0001,0440,5028,2651.0,152.0,171.0,2226.0,552.0,2315.0,48.0,1023.0,1287.0,1486.0,627.0,1674.0,323.0,22.16248506571087,42.193808882907135,44.190064794816415,0900500010440,19.519653679999998,-99.15902419,0,1,False,False,False
09,005,Gustavo A. Madero,0001,0455,4073,2165.0,122.0,129.0,1809.0,447.0,1898.0,57.0,907.0,990.0,1280.0,550.0,1362.0,251.0,22.61380323054332,42.96875,47.78714436248683,0900500010455,19.51937985,-99.15574795,1,2,False,False,False
09,005,Gustavo A. Madero,0001,0474,4984,2651.0,130.0,153.0,2250.0,585.0,2341.0,71.0,1152.0,1189.0,1477.0,598.0,1665.0,283.0,21.26126126126126,40.48747461069736,49.209739427595046,0900500010474,19.516347670000002,-99.16016496,0,0,False,False,False
09,005,Gustavo A. Madero,0001,0489,4331,2326.0,120.0,134.0,2033.0,385.0,2104.0,26.0,924.0,1180.0,1663.0,715.0,1648.0,254.0,16.990291262135923,42.99458809380637,43.91634980988593,0900500010489,19.50952156,-99.15855387,0,0,False,False,False
09,005,Gustavo A. Madero,0001,0493,2523,1380.0,50.0,59.0,1209.0,377.0,1251.0,23.0,571.0,678.0,869.0,406.0,832.0,109.0,15.865384615384615,46.72036823935558,45.64348521183054,0900500010493,19.50408417,-99.15703486,0,0,False,False,False
09,005,Gustavo A. Madero,0001,0506,3021,1590.0,93.0,111.0,1352.0,308.0,1389.0,19.0,571.0,818.0,1133.0,490.0,1044.0,204.0,21.36015325670498,43.24801412180053,41.10871130309575,0900500010506,19.5071484,-99.154271875,0,0,False,False,False
09,005,Gustavo A. Madero,0001,0510,812,423.0,19.0,25.0,383.0,139.0,396.0,5.0,209.0,187.0,301.0,124.0,244.0,44.0,20.081967213114755,41.19601328903654,52.77777777777778,0900500010510,19.50113128,-99.15310717,0,0,False,False,False
09,005,Gustavo A. Madero,0001,0525,1550,992.0,15.0,31.0,917.0,376.0,940.0,101.0,505.0,421.0,350.0,84.0,541.0,46.0,27.171903881700555,24.0,53.72340425531915,0900500010525,19.50744044,-99.14836325,0,0,True,True,True
09,005,Gustavo A. Madero,0001,0559,2660,1386.0,65.0,75.0,1185.0,300.0,1237.0,24.0,617.0,619.0,850.0,319.0,885.0,140.0,18.531073446327685,37.529411764705884,49.87873888439774,0900500010559,19.51603652,-99.13355315999999,2,3,False,False,False
09,005,Gustavo A. Madero,0001,0563,3592,1832.0,104.0,116.0,1540.0,358.0,1612.0,53.0,885.0,727.0,1107.0,486.0,1182.0,220.0,23.096446700507613,43.90243902439025,54.90074441687345,0900500010563,19.51611347,-99.13023231,2,2,False,False,False
09,005,Gustavo A. Madero,0001,0582,3163,1635.0,83.0,96.0,1416.0,352.0,1466.0,34.0,707.0,759.0,942.0,377.0,1064.0,179.0,20.018796992481203,40.02123142250531,48.22646657571624,0900500010582,19.508136805,-99.12419579499999,2,4,False,False,False
09,005,Gustavo A. Madero,0001,0597,4646,2384.0,138.0,151.0,1988.0,404.0,2074.0,22.0,1060.0,1005.0,1309.0,515.0,1584.0,289.0,19.633838383838384,39.34300993124523,51.10896817743491,0900500010597,19.507093310000002,-99.122112535,2,4,False,False,False
09,005,Gustavo A. Madero,0001,060A,1820,958.0,33.0,57.0,834.0,241.0,866.0,31.0,426.0,440.0,584.0,213.0,593.0,90.0,20.404721753794266,36.47260273972603,49.19168591224018,090050001060A,19.5052454,-99.12515242,1,3,False,False,False
09,005,Gustavo A. Madero,0001,0614,747,376.0,15.0,7.0,349.0,91.0,354.0,5.0,166.0,188.0,299.0,140.0,258.0,22.0,10.465116279069768,46.82274247491639,46.89265536723164,0900500010614,19.503519085,-99.13027266,1,3,False,False,False
09,005,Gustavo A. Madero,0001,0629,699,362.0,7.0,11.0,333.0,104.0,336.0,5.0,157.0,179.0,278.0,132.0,229.0,18.0,10.043668122270741,47.482014388489205,46.726190476190474,0900500010629,19.503757085,-99.128546565,1,3,False,False,False
09,005,Gustavo A. Madero,0001,0633,2691,1396.0,56.0,90.0,1206.0,339.0,1251.0,29.0,610.0,641.0,849.0,328.0,867.0,146.0,20.18454440599769,38.6336866902238,48.76099120703437,0900500010633,19.501631945,-99.12481188,1,3,False,False,False
09,005,Gustavo A. Madero,0001,0667,5490,2866.0,201.0,257.0,2294.0,455.0,2411.0,62.0,1207.0,1197.0,1542.0,590.0,1839.0,458.0,28.276237085372486,38.26199740596628,50.06221484861053,0900500010667,19.50662307,-99.104695,0,0,True,True,True
09,005,Gustavo A. Madero,0001,0671,5776,2976.0,200.0,267.0,2365.0,487.0,2501.0,60.0,1119.0,1367.0,1559.0,576.0,1878.0,467.0,28.061767838125668,36.94676074406671,44.742103158736505,0900500010671,19.50569451,-99.09957577,3,3,True,False,False
09,005,Gustavo A. Madero,0001,0703,7776,4021.0,297.0,333.0,3232.0,656.0,3396.0,76.0,1534.0,1857.0,2197.0,911.0,2576.0,630.0,27.406832298136646,41.46563495675922,45.17078916372203,0900500010703,19.50400702,-99.08329678,2,5,True,False,False
09,005,Gustavo A. Madero,0001,0722,3178,1684.0,49.0,71.0,1503.0,455.0,1544.0,32.0,633.0,909.0,1097.0,387.0,1048.0,120.0,14.50381679389313,35.278030993618955,40.99740932642487,0900500010722,19.49945453,-99.13141138,2,4,False,False,False
09,005,Gustavo A. Madero,0001,0737,2901,1557.0,45.0,59.0,1396.0,416.0,1436.0,19.0,677.0,758.0,931.0,354.0,980.0,104.0,12.551020408163266,38.02363050483351,47.14484679665738,0900500010737,19.49580281,-99.12740087,3,4,False,False,False
09,005,Gustavo A. Madero,0001,0741,2303,1221.0,42.0,36.0,1103.0,350.0,1135.0,23.0,550.0,585.0,749.0,265.0,753.0,78.0,13.41301460823373,35.380507343124165,48.458149779735685,0900500010741,19.49567529,-99.12446219,2,4,False,False,False
09,005,Gustavo A. Madero,0001,0760,2709,1360.0,93.0,84.0,1136.0,256.0,1186.0,34.0,498.0,685.0,740.0,288.0,880.0,177.0,23.977272727272727,38.91891891891892,41.989881956155145,0900500010760,19.492903480000003,-99.1169716,0,2,False,False,False
09,005,Gustavo A. Madero,0001,0775,2175,1138.0,65.0,74.0,915.0,182.0,957.0,27.0,405.0,544.0,640.0,231.0,733.0,139.0,22.646657571623464,36.09375,42.31974921630094,0900500010775,19.49762507,-99.11789129,0,0,False,False,False
09,005,Gustavo A. Madero,0001,078A,2384,1263.0,59.0,85.0,1036.0,207.0,1092.0,18.0,513.0,578.0,704.0,254.0,829.0,144.0,19.5416164053076,36.07954545454545,46.97802197802198,090050001078A,19.501406475,-99.111742365,0,0,False,False,False
09,005,Gustavo A. Madero,0001,0794,2712,1422.0,77.0,104.0,1157.0,260.0,1226.0,23.0,655.0,564.0,733.0,239.0,897.0,181.0,22.74247491638796,32.605729877216916,53.4257748776509,0900500010794,19.5003311,-99.111130655,0,0,False,False,False
09,005,Gustavo A. Madero,0001,0807,1554,794.0,82.0,100.0,591.0,78.0,628.0,10.0,296.0,332.0,382.0,153.0,513.0,182.0,37.42690058479532,40.05235602094241,47.13375796178344,0900500010807,19.50037049,-99.10128293,3,3,True,False,False
09,005,Gustavo A. Madero,0001,0811,4407,2315.0,155.0,142.0,1894.0,424.0,2006.0,59.0,1049.0,948.0,1222.0,469.0,1470.0,297.0,24.217687074829932,38.379705400982,52.293120638085746,0900500010811,19.499992385,-99.09747322,4,4,True,False,False
09,005,Gustavo A. Madero,0001,0826,3830,2023.0,129.0,137.0,1663.0,348.0,1748.0,48.0,834.0,903.0,1124.0,421.0,1315.0,266.0,23.878326996197718,37.455516014234874,47.7116704805492,0900500010826,19.50356599,-99.09199618,6,7,False,False,False
09,005,Gustavo A. Madero,0001,0830,4501,2363.0,125.0,172.0,1961.0,468.0,2046.0,86.0,945.0,1093.0,1294.0,528.0,1493.0,297.0,25.653047555257867,40.80370942812983,46.18768328445748,0900500010830,19.50081396,-99.094282005,5,5,True,False,False
09,005,Gustavo A. Madero,0001,0845,7846,4151.0,241.0,326.0,3426.0,768.0,3583.0,125.0,1654.0,1926.0,2254.0,927.0,2658.0,567.0,26.034612490594434,41.12688553682343,46.16243371476416,0900500010845,19.50113244,-99.08558769,5,8,True,False,False
09,005,Gustavo A. Madero,0001,085A,4357,2254.0,130.0,177.0,1846.0,398.0,1936.0,49.0,982.0,949.0,1223.0,514.0,1448.0,307.0,24.585635359116022,42.027800490596896,50.72314049586777,090050001085A,19.500693915,-99.076281075,0,3,True,False,True
09,005,Gustavo A. Madero,0001,0864,5592,2958.0,199.0,207.0,2392.0,514.0,2521.0,58.0,1196.0,1322.0,1539.0,625.0,1878.0,406.0,24.70713525026624,40.61078622482131,47.44149147163824,0900500010864,19.498250669999997,-99.072369775,0,2,True,False,True
09,005,Gustavo A. Madero,0001,0879,1856,963.0,29.0,41.0,868.0,291.0,887.0,21.0,444.0,442.0,721.0,319.0,577.0,70.0,15.771230502599654,44.24410540915395,50.05636978579482,0900500010879,19.50092903,-99.15429193,0,0,False,False,False
09,005,Gustavo A. Madero,0001,0883,766,408.0,10.0,20.0,364.0,115.0,375.0,4.0,165.0,210.0,247.0,93.0,249.0,30.0,13.654618473895583,37.65182186234818,44.0,0900500010883,19.494981005,-99.15172974500001,0,0,False,False,False
09,005,Gustavo A. Madero,0001,0898,1533,804.0,35.0,43.0,709.0,204.0,721.0,12.0,332.0,388.0,586.0,253.0,505.0,78.0,17.82178217821782,43.1740614334471,46.04715672676838,0900500010898,19.49712574,-99.15049275000001,0,0,False,False,False
09,005,Gustavo A. Madero,0001,0900,1915,1002.0,34.0,45.0,887.0,295.0,916.0,16.0,438.0,476.0,759.0,325.0,592.0,79.0,16.0472972972973,42.81949934123847,47.81659388646288,0900500010900,19.498895315,-99.149953405,0,0,False,False,False
09,005,Gustavo A. Madero,0001,0915,1933,1027.0,38.0,42.0,927.0,286.0,944.0,16.0,434.0,505.0,759.0,351.0,641.0,80.0,14.97659906396256,46.24505928853755,45.97457627118644,0900500010915,19.49450917,-99.14903121,0,0,False,False,False
09,005,Gustavo A. Madero,0001,092A,2904,1490.0,62.0,58.0,1344.0,366.0,1365.0,43.0,622.0,740.0,1103.0,438.0,978.0,120.0,16.666666666666664,39.70988213961922,45.56776556776557,090050001092A,19.494226115,-99.14576026,0,0,False,False,False
09,005,Gustavo A. Madero,0001,0934,2566,1335.0,48.0,71.0,1182.0,335.0,1219.0,34.0,593.0,626.0,822.0,319.0,847.0,119.0,18.06375442739079,38.80778588807786,48.646431501230516,0900500010934,19.49300119,-99.14077269,1,1,False,False,False
09,005,Gustavo A. Madero,0001,0949,1842,976.0,24.0,32.0,878.0,305.0,905.0,13.0,453.0,452.0,582.0,207.0,573.0,56.0,12.041884816753926,35.56701030927835,50.05524861878453,0900500010949,19.49121631,-99.13372609,4,4,False,False,False
09,005,Gustavo A. Madero,0001,0953,1247,638.0,26.0,32.0,588.0,195.0,591.0,17.0,182.0,408.0,586.0,228.0,393.0,58.0,19.083969465648856,38.907849829351534,30.79526226734349,0900500010953,19.49017053,-99.1316047,4,4,False,False,False
09,005,Gustavo A. Madero,0001,0968,1798,961.0,42.0,50.0,831.0,212.0,854.0,16.0,384.0,469.0,577.0,201.0,619.0,92.0,17.447495961227787,34.835355285961874,44.96487119437939,0900500010968,19.48958722,-99.12497572000001,3,6,False,False,False
09,005,Gustavo A. Madero,0001,0972,2989,1560.0,90.0,112.0,1274.0,265.0,1335.0,24.0,631.0,703.0,845.0,317.0,1009.0,202.0,22.398414271555996,37.514792899408285,47.265917602996254,0900500010972,19.49455431,-99.11613038,0,1,False,False,False
09,005,Gustavo A. Madero,0001,0987,2773,1434.0,84.0,106.0,1177.0,286.0,1230.0,25.0,584.0,643.0,744.0,256.0,891.0,190.0,24.130190796857466,34.40860215053764,47.479674796747965,0900500010987,19.49701167,-99.11334196,0,0,True,True,True
09,005,Gustavo A. Madero,0001,0991,5676,2931.0,199.0,266.0,2287.0,424.0,2409.0,70.0,1182.0,1223.0,1495.0,585.0,1863.0,465.0,28.71712292002147,39.130434782608695,49.066002490660026,0900500010991,19.49827792,-99.0994323,4,4,True,False,False
09,005,Gustavo A. Madero,0001,1006,4733,2475.0,169.0,172.0,2059.0,489.0,2142.0,49.0,963.0,1172.0,1357.0,570.0,1570.0,341.0,24.840764331210192,42.00442151805453,44.957983193277315,0900500011006,19.49501876,-99.09484173,5,5,True,False,False
09,005,Gustavo A. Madero,0001,1025,7872,4144.0,249.0,314.0,3446.0,798.0,3600.0,55.0,1677.0,1918.0,2315.0,915.0,2648.0,563.0,23.338368580060422,39.524838012958966,46.58333333333333,0900500011025,19.49685409,-99.08712593999999,5,8,False,False,False
09,005,Gustavo A. Madero,0001,103A,4250,2243.0,138.0,152.0,1862.0,393.0,1944.0,55.0,914.0,1027.0,1206.0,489.0,1469.0,290.0,23.485364193328795,40.547263681592035,47.016460905349795,090050001103A,19.49643696,-99.08098275,2,5,False,False,False
09,005,Gustavo A. Madero,0001,1044,6184,3232.0,210.0,234.0,2668.0,544.0,2784.0,50.0,1323.0,1460.0,1820.0,712.0,2124.0,444.0,23.258003766478343,39.120879120879124,47.521551724137936,0900500011044,19.493689605,-99.076315575,1,3,False,False,False
09,005,Gustavo A. Madero,0001,1059,3949,2048.0,120.0,166.0,1660.0,343.0,1733.0,44.0,847.0,880.0,1040.0,372.0,1317.0,286.0,25.05694760820046,35.76923076923077,48.87478361223312,0900500011059,19.49466922,-99.06995596,0,0,True,True,True
09,005,Gustavo A. Madero,0001,1063,2382,1280.0,45.0,55.0,1161.0,328.0,1187.0,19.0,527.0,659.0,920.0,426.0,833.0,100.0,14.285714285714285,46.30434782608695,44.397641112047175,0900500011063,19.492042375,-99.146808335,0,0,False,False,False
09,005,Gustavo A. Madero,0001,1082,2822,1499.0,50.0,72.0,1327.0,370.0,1361.0,29.0,673.0,688.0,1004.0,443.0,957.0,122.0,15.778474399164056,44.123505976095615,49.44893460690668,0900500011082,19.49189962,-99.1419191,1,1,False,False,False
09,005,Gustavo A. Madero,0001,1097,2433,1326.0,37.0,57.0,1175.0,384.0,1200.0,35.0,567.0,631.0,817.0,331.0,791.0,94.0,16.308470290771176,40.514075887392906,47.25,0900500011097,19.490554765,-99.137625275,3,3,False,False,False
09,005,Gustavo A. Madero,0001,110A,3057,1632.0,41.0,71.0,1461.0,492.0,1498.0,38.0,715.0,778.0,985.0,363.0,969.0,112.0,15.479876160990713,36.85279187817259,47.73030707610147,090050001110A,19.48799549,-99.1389588,2,2,False,False,False
09,005,Gustavo A. Madero,0001,1114,2112,1151.0,34.0,33.0,1032.0,312.0,1063.0,21.0,476.0,587.0,703.0,278.0,720.0,67.0,12.222222222222221,39.5448079658606,44.77892756349953,0900500011114,19.48712505,-99.1278805,4,7,False,False,False
09,005,Gustavo A. Madero,0001,1129,1745,915.0,29.0,36.0,814.0,273.0,835.0,22.0,370.0,462.0,573.0,209.0,541.0,65.0,16.081330868761555,36.474694589877835,44.31137724550898,0900500011129,19.48631337,-99.11852679,1,5,False,False,False
09,005,Gustavo A. Madero,0001,1133,6118,3193.0,205.0,253.0,2612.0,585.0,2733.0,73.0,1315.0,1416.0,1733.0,740.0,2027.0,458.0,26.196349284657128,42.70051933064051,48.11562385656787,0900500011133,19.48890114,-99.11055656,1,3,True,False,False
09,005,Gustavo A. Madero,0001,1148,4353,2302.0,120.0,151.0,1938.0,490.0,2024.0,40.0,981.0,1041.0,1286.0,584.0,1448.0,271.0,21.477900552486187,45.41213063763608,48.46837944664031,0900500011148,19.48921999,-99.10713569,1,1,False,False,False
09,005,Gustavo A. Madero,0001,1152,3678,1926.0,108.0,159.0,1575.0,343.0,1650.0,43.0,808.0,837.0,990.0,424.0,1232.0,267.0,25.162337662337663,42.82828282828282,48.96969696969697,0900500011152,19.49060735,-99.10336189,0,1,True,False,True
09,005,Gustavo A. Madero,0001,1167,5776,2962.0,229.0,261.0,2308.0,422.0,2440.0,40.0,1149.0,1286.0,1592.0,591.0,1886.0,490.0,28.101802757158005,37.12311557788945,47.09016393442623,0900500011167,19.493835435,-99.10051912,2,2,True,False,False
09,005,Gustavo A. Madero,0001,1171,6810,3584.0,218.0,268.0,2941.0,657.0,3062.0,72.0,1469.0,1589.0,2025.0,817.0,2284.0,486.0,24.430823117338004,40.345679012345684,47.97517962116264,0900500011171,19.49370149,-99.09455423,4,5,True,False,False
09,005,Gustavo A. Madero,0001,1186,6233,3271.0,189.0,270.0,2658.0,637.0,2793.0,87.0,1274.0,1515.0,1829.0,757.0,2021.0,459.0,27.016328550222664,41.388737014762164,45.614035087719294,0900500011186,19.49277489,-99.0891851,5,8,True,False,False
09,005,Gustavo A. Madero,0001,1190,4698,2437.0,147.0,161.0,2003.0,437.0,2097.0,41.0,943.0,1148.0,1324.0,481.0,1566.0,308.0,22.286079182630907,36.329305135951664,44.96900333810205,0900500011190,19.493731165,-99.084001175,5,8,False,False,False
09,005,Gustavo A. Madero,0001,1203,3360,1740.0,107.0,138.0,1421.0,277.0,1493.0,25.0,696.0,788.0,954.0,406.0,1144.0,245.0,23.6013986013986,42.55765199161425,46.617548559946414,0900500011203,19.492156505,-99.07793436,1,3,False,False,False
09,005,Gustavo A. Madero,0001,1218,3646,1913.0,124.0,153.0,1568.0,341.0,1631.0,18.0,676.0,953.0,1055.0,454.0,1227.0,277.0,24.04237978810106,43.03317535545024,41.44696505211527,0900500011218,19.49153923,-99.07365375,1,3,False,False,False
09,005,Gustavo A. Madero,0001,1222,3836,2034.0,113.0,147.0,1671.0,368.0,1746.0,46.0,846.0,900.0,1131.0,421.0,1303.0,260.0,23.48426707597851,37.2236958443855,48.45360824742268,0900500011222,19.49030306,-99.06965698,0,0,False,False,False
09,005,Gustavo A. Madero,0001,1237,2770,1489.0,63.0,69.0,1297.0,427.0,1335.0,52.0,658.0,665.0,940.0,381.0,870.0,132.0,21.149425287356323,40.53191489361702,49.28838951310862,0900500011237,19.48500697,-99.14847112,0,1,False,False,False
09,005,Gustavo A. Madero,0001,1256,1121,596.0,36.0,61.0,462.0,110.0,486.0,5.0,187.0,299.0,399.0,164.0,352.0,97.0,28.97727272727273,41.10275689223057,38.477366255144034,0900500011256,19.48456142,-99.1323672,4,5,True,False,False
09,005,Gustavo A. Madero,0001,1260,2382,1284.0,43.0,69.0,1146.0,365.0,1180.0,27.0,571.0,608.0,802.0,339.0,781.0,112.0,17.797695262483995,42.269326683291766,48.389830508474574,0900500011260,19.48468436,-99.12102532,2,6,False,False,False
09,005,Gustavo A. Madero,0001,1275,2985,1646.0,73.0,92.0,1413.0,405.0,1470.0,24.0,602.0,866.0,980.0,451.0,1008.0,165.0,18.75,46.02040816326531,40.95238095238095,0900500011275,19.48346856,-99.11780558,1,5,False,False,False
09,005,Gustavo A. Madero,0001,128A,7970,4236.0,268.0,329.0,3409.0,736.0,3608.0,63.0,1592.0,2008.0,2229.0,885.0,2673.0,597.0,24.691358024691358,39.703903095558545,44.12416851441242,090050001128A,19.48500629,-99.11212129,1,4,True,False,False
09,005,Gustavo A. Madero,0001,1294,7001,3678.0,244.0,262.0,3013.0,672.0,3149.0,72.0,1520.0,1626.0,2091.0,836.0,2341.0,506.0,24.690303289192652,39.98087039693926,48.269291838678946,0900500011294,19.4868677,-99.10670034,1,1,True,False,False
09,005,Gustavo A. Madero,0001,1307,13176,6982.0,490.0,573.0,5563.0,789.0,5915.0,75.0,2560.0,3350.0,3857.0,1554.0,4774.0,1063.0,23.837452869710933,40.29038112522686,43.27979712595097,0900500011307,19.488913365000002,-99.096850805,2,3,False,False,False
09,005,Gustavo A. Madero,0001,1311,2212,1175.0,47.0,47.0,1015.0,275.0,1061.0,34.0,534.0,526.0,597.0,225.0,740.0,94.0,17.2972972972973,37.68844221105528,50.32987747408105,0900500011311,19.49015174,-99.09076341,3,4,False,False,False
09,005,Gustavo A. Madero,0001,1326,2602,1382.0,52.0,65.0,1195.0,334.0,1241.0,20.0,655.0,584.0,795.0,347.0,861.0,117.0,15.911730545876887,43.64779874213836,52.780016116035455,0900500011326,19.49019155,-99.08328132,3,5,False,False,False
09,005,Gustavo A. Madero,0001,1330,5138,2740.0,132.0,175.0,2301.0,524.0,2402.0,95.0,1098.0,1296.0,1542.0,585.0,1777.0,307.0,22.622397298818235,37.93774319066148,45.71190674437968,0900500011330,19.48767091,-99.08089135,3,4,False,False,False
09,005,Gustavo A. Madero,0001,1345,6216,3277.0,194.0,218.0,2716.0,622.0,2857.0,68.0,1433.0,1420.0,1749.0,705.0,2094.0,412.0,22.922636103151863,40.308747855917666,50.15750787539377,0900500011345,19.48601714,-99.077846925,3,3,False,False,False
09,005,Gustavo A. Madero,0001,135A,6197,3240.0,193.0,238.0,2650.0,525.0,2784.0,60.0,1341.0,1440.0,1682.0,600.0,2125.0,431.0,23.105882352941176,35.6718192627824,48.168103448275865,090050001135A,19.487772035,-99.071314745,3,3,False,False,False
09,005,Gustavo A. Madero,0001,1364,4742,2474.0,158.0,174.0,2013.0,429.0,2120.0,61.0,955.0,1164.0,1320.0,557.0,1584.0,332.0,24.810606060606062,42.1969696969697,45.04716981132076,0900500011364,19.484796805000002,-99.06954181500001,2,2,True,False,False
09,005,Gustavo A. Madero,0001,1379,5453,2845.0,166.0,153.0,2380.0,614.0,2472.0,70.0,1156.0,1314.0,1573.0,657.0,1766.0,319.0,22.02718006795017,41.76732358550541,46.763754045307444,0900500011379,19.480370575,-99.144241265,3,4,False,False,False
09,005,Gustavo A. Madero,0001,1383,4092,2134.0,111.0,157.0,1801.0,477.0,1889.0,31.0,905.0,982.0,1208.0,482.0,1324.0,268.0,22.58308157099698,39.900662251655625,47.908946532556904,0900500011383,19.47753054,-99.14499003,5,6,False,False,False
09,005,Gustavo A. Madero,0001,1398,3003,1533.0,88.0,108.0,1276.0,298.0,1333.0,35.0,591.0,734.0,837.0,349.0,978.0,196.0,23.619631901840492,41.69653524492234,44.33608402100525,0900500011398,19.477126015,-99.13767889,2,3,False,False,False
09,005,Gustavo A. Madero,0001,1400,4437,2261.0,161.0,170.0,1828.0,319.0,1922.0,39.0,766.0,1155.0,1356.0,578.0,1509.0,331.0,24.519549370444,42.62536873156343,39.85431841831426,0900500011400,19.47766301,-99.13454353,1,1,True,False,False
09,005,Gustavo A. Madero,0001,1415,3347,1787.0,43.0,73.0,1610.0,519.0,1657.0,35.0,807.0,848.0,1120.0,469.0,1091.0,116.0,13.84051329055912,41.875,48.70247435123717,0900500011415,19.47990023,-99.12462457,2,5,False,False,False
09,005,Gustavo A. Madero,0001,142A,2240,1208.0,40.0,49.0,1078.0,334.0,1106.0,27.0,504.0,600.0,775.0,350.0,744.0,89.0,15.591397849462366,45.16129032258064,45.56962025316456,090050001142A,19.481486455000002,-99.122334745,2,6,False,False,False
09,005,Gustavo A. Madero,0001,1434,1729,919.0,37.0,61.0,786.0,213.0,810.0,11.0,353.0,452.0,534.0,222.0,573.0,98.0,19.022687609075042,41.57303370786517,43.58024691358025,0900500011434,19.4817427,-99.11703438,3,7,False,False,False
09,005,Gustavo A. Madero,0001,1449,2830,1529.0,96.0,99.0,1285.0,368.0,1341.0,37.0,591.0,749.0,861.0,390.0,917.0,195.0,25.29989094874591,45.29616724738676,44.07158836689038,0900500011449,19.47996875,-99.1138915,3,5,True,False,False
09,005,Gustavo A. Madero,0001,1453,4315,2332.0,146.0,183.0,1860.0,355.0,1953.0,36.0,763.0,1187.0,1292.0,502.0,1505.0,329.0,24.25249169435216,38.85448916408669,39.06810035842294,0900500011453,19.48095756,-99.10614323,1,1,True,False,False
09,005,Gustavo A. Madero,0001,1468,3220,1656.0,166.0,162.0,1232.0,142.0,1327.0,10.0,519.0,807.0,926.0,392.0,1090.0,328.0,31.009174311926607,42.33261339092873,39.11077618688772,0900500011468,19.4830741,-99.10413888,1,3,True,False,False
09,005,Gustavo A. Madero,0001,1472,2827,1466.0,75.0,80.0,1248.0,332.0,1299.0,35.0,590.0,707.0,866.0,338.0,916.0,155.0,20.74235807860262,39.03002309468822,45.419553502694384,0900500011472,19.483654145,-99.10119771000001,0,2,False,False,False
09,005,Gustavo A. Madero,0001,1487,2732,1431.0,80.0,94.0,1218.0,321.0,1256.0,37.0,615.0,641.0,829.0,334.0,897.0,174.0,23.522853957636567,40.28950542822678,48.96496815286624,0900500011487,19.48407351,-99.09762711,0,3,False,False,False
09,005,Gustavo A. Madero,0001,1504,1035,519.0,18.0,22.0,462.0,152.0,477.0,8.0,251.0,226.0,282.0,111.0,310.0,40.0,15.483870967741936,39.361702127659576,52.620545073375254,0900500011504,19.486935425,-99.092222395,2,4,False,False,False
09,005,Gustavo A. Madero,0001,1523,5471,2857.0,150.0,184.0,2398.0,568.0,2507.0,54.0,1258.0,1226.0,1545.0,588.0,1830.0,334.0,21.202185792349727,38.05825242718446,50.179497407259674,0900500011523,19.48421097,-99.08050511,4,5,False,False,False
09,005,Gustavo A. Madero,0001,1538,4658,2495.0,159.0,196.0,2060.0,425.0,2146.0,44.0,1009.0,1132.0,1322.0,559.0,1635.0,355.0,24.403669724770644,42.28441754916793,47.01770736253495,0900500011538,19.48402721,-99.07190373,3,3,True,False,False
09,005,Gustavo A. Madero,0001,1542,5144,2667.0,174.0,199.0,2186.0,456.0,2305.0,53.0,1024.0,1280.0,1333.0,546.0,1730.0,373.0,24.6242774566474,40.960240060015,44.42516268980477,0900500011542,19.4812233,-99.066385785,3,3,True,False,False
09,005,Gustavo A. Madero,0001,1557,3663,1925.0,97.0,109.0,1654.0,427.0,1729.0,38.0,772.0,954.0,1118.0,486.0,1227.0,206.0,19.885900570497146,43.47048300536673,44.65008675534992,0900500011557,19.47578279,-99.14320729,4,5,False,False,False
09,005,Gustavo A. Madero,0001,1561,4128,2189.0,87.0,98.0,1944.0,601.0,1996.0,35.0,908.0,1087.0,1432.0,584.0,1343.0,185.0,16.381236038719287,40.78212290502793,45.49098196392786,0900500011561,19.473291995,-99.13222816,4,5,False,False,False
09,005,Gustavo A. Madero,0001,1576,4358,2354.0,82.0,90.0,2094.0,717.0,2151.0,45.0,1046.0,1105.0,1518.0,687.0,1377.0,172.0,15.758896151053015,45.25691699604743,48.62854486285448,0900500011576,19.473793915,-99.12975259999999,4,5,False,False,False
09,005,Gustavo A. Madero,0001,1580,3199,1726.0,66.0,69.0,1546.0,509.0,1593.0,46.0,781.0,812.0,1086.0,476.0,1037.0,135.0,17.454194792671167,43.83057090239411,49.0269930947897,0900500011580,19.47365878,-99.12750713,5,6,False,False,False
09,005,Gustavo A. Madero,0001,1595,3490,1875.0,63.0,97.0,1667.0,518.0,1719.0,53.0,779.0,937.0,1160.0,555.0,1149.0,160.0,18.5378590078329,47.8448275862069,45.317044793484584,0900500011595,19.47723743,-99.1247318,4,6,False,False,False
09,005,Gustavo A. Madero,0001,1608,2467,1298.0,36.0,52.0,1158.0,390.0,1188.0,19.0,590.0,597.0,829.0,389.0,768.0,88.0,13.932291666666666,46.92400482509047,49.66329966329967,0900500011608,19.47213716,-99.1242822,7,8,False,False,False
09,005,Gustavo A. Madero,0001,1612,2463,1389.0,40.0,62.0,1225.0,382.0,1265.0,26.0,579.0,685.0,820.0,359.0,843.0,102.0,15.183867141162516,43.78048780487805,45.7707509881423,0900500011612,19.47660067,-99.11654346,4,5,False,False,False
09,005,Gustavo A. Madero,0001,1627,637,356.0,25.0,17.0,302.0,55.0,314.0,3.0,122.0,191.0,221.0,103.0,247.0,42.0,18.218623481781375,46.60633484162896,38.853503184713375,0900500011627,19.47751372,-99.10949649,2,3,False,False,False
09,005,Gustavo A. Madero,0001,1631,4100,2185.0,135.0,126.0,1848.0,450.0,1921.0,62.0,894.0,1026.0,1189.0,509.0,1398.0,261.0,23.104434907010013,42.80908326324643,46.53826132222801,0900500011631,19.48227579,-99.09970699,0,2,False,False,False
09,005,Gustavo A. Madero,0001,1650,7789,4077.0,235.0,279.0,3353.0,390.0,3524.0,19.0,1380.0,2142.0,2923.0,1193.0,2963.0,514.0,17.98852514343571,40.81423195347246,39.16004540295119,0900500011650,19.4739825,-99.09580985,2,3,False,False,False
09,005,Gustavo A. Madero,0001,1665,4977,2582.0,150.0,170.0,2162.0,519.0,2262.0,43.0,1155.0,1104.0,1454.0,570.0,1643.0,320.0,22.093730979914792,39.20220082530949,51.06100795755968,0900500011665,19.48058477,-99.08537945,5,7,False,False,False
09,005,Gustavo A. Madero,0001,167A,7456,3928.0,213.0,280.0,3278.0,757.0,3407.0,80.0,1614.0,1792.0,2136.0,885.0,2521.0,493.0,22.72907576358588,41.43258426966292,47.37305547402407,090050001167A,19.48020464,-99.08073773,5,7,False,False,False
09,005,Gustavo A. Madero,0001,1684,4341,2302.0,132.0,142.0,1908.0,432.0,2002.0,60.0,920.0,1079.0,1259.0,503.0,1476.0,274.0,22.628726287262875,39.952343129467835,45.95404595404595,0900500011684,19.481142745,-99.07299729,4,4,False,False,False
09,005,Gustavo A. Madero,0001,1699,3550,1789.0,98.0,140.0,1500.0,350.0,1562.0,37.0,786.0,772.0,900.0,349.0,1150.0,238.0,23.91304347826087,38.77777777777778,50.32010243277849,0900500011699,19.47754378,-99.07105632,4,5,False,False,False
09,005,Gustavo A. Madero,0001,1701,3544,1897.0,133.0,135.0,1522.0,284.0,1605.0,31.0,698.0,902.0,885.0,386.0,1238.0,268.0,24.151857835218095,43.61581920903955,43.48909657320873,0900500011701,19.47962862,-99.068619825,4,4,True,False,False
09,005,Gustavo A. Madero,0001,1716,3589,1864.0,108.0,114.0,1537.0,359.0,1616.0,46.0,822.0,788.0,973.0,410.0,1178.0,222.0,22.75042444821732,42.13771839671121,50.866336633663366,0900500011716,19.478116139999997,-99.065698595,4,4,False,False,False
09,005,Gustavo A. Madero,0001,1720,3006,1575.0,73.0,86.0,1362.0,357.0,1410.0,27.0,616.0,794.0,1017.0,401.0,1005.0,159.0,18.507462686567163,39.42969518190757,43.68794326241135,0900500011720,19.47304034,-99.1420252,4,5,False,False,False
09,005,Gustavo A. Madero,0001,1735,5876,3059.0,176.0,205.0,2585.0,562.0,2684.0,51.0,1139.0,1545.0,1946.0,827.0,2023.0,381.0,21.354424122590213,42.49743062692703,42.436661698956776,0900500011735,19.46892547,-99.14032573,4,4,False,False,False
09,005,Gustavo A. Madero,0001,174A,5034,2687.0,150.0,158.0,2249.0,511.0,2344.0,51.0,1021.0,1317.0,1597.0,695.0,1738.0,308.0,20.655926352128883,43.51909830933,43.5580204778157,090050001174A,19.466522,-99.13552562,7,8,False,False,False
09,005,Gustavo A. Madero,0001,1754,5282,2833.0,145.0,183.0,2370.0,583.0,2478.0,74.0,1112.0,1365.0,1712.0,797.0,1787.0,328.0,22.495803021824287,46.55373831775701,44.87489911218725,0900500011754,19.469235,-99.13229834,6,7,False,False,False
09,005,Gustavo A. Madero,0001,1769,5556,2859.0,133.0,176.0,2378.0,594.0,2466.0,66.0,1145.0,1316.0,1673.0,662.0,1784.0,309.0,21.02017937219731,39.569635385534966,46.431467964314685,0900500011769,19.46428323,-99.12950723,9,10,False,False,False
09,005,Gustavo A. Madero,0001,1773,4611,2486.0,131.0,158.0,2098.0,526.0,2187.0,32.0,960.0,1220.0,1514.0,637.0,1572.0,289.0,20.419847328244277,42.07397622192867,43.895747599451305,0900500011773,19.466112255,-99.125862085,7,8,False,False,False
09,005,Gustavo A. Madero,0001,1788,3082,1688.0,63.0,74.0,1501.0,501.0,1546.0,32.0,799.0,745.0,970.0,391.0,1000.0,137.0,16.900000000000002,40.30927835051546,51.68175937904269,0900500011788,19.47460932,-99.114818225,3,4,False,False,False
09,005,Gustavo A. Madero,0001,1792,2749,1547.0,50.0,86.0,1363.0,480.0,1404.0,46.0,646.0,757.0,884.0,400.0,883.0,136.0,20.61155152887882,45.248868778280546,46.01139601139601,0900500011792,19.47361805,-99.11880119,4,5,False,False,False
09,005,Gustavo A. Madero,0001,1805,3937,2085.0,160.0,170.0,1705.0,170.0,1782.0,10.0,647.0,1131.0,1450.0,556.0,1535.0,330.0,22.149837133550488,38.3448275862069,36.30751964085297,0900500011805,19.47026015,-99.12123148,9,10,False,False,False
09,005,Gustavo A. Madero,0001,181A,3787,2033.0,72.0,95.0,1802.0,565.0,1862.0,44.0,847.0,1014.0,1317.0,564.0,1237.0,167.0,17.057396928051737,42.8246013667426,45.48872180451128,090050001181A,19.46936587,-99.121148175,9,10,False,False,False
09,005,Gustavo A. Madero,0001,1824,3291,1784.0,83.0,104.0,1555.0,460.0,1603.0,33.0,684.0,918.0,1130.0,470.0,1095.0,187.0,20.091324200913242,41.5929203539823,42.669993761696816,0900500011824,19.466004265000002,-99.122401655,8,9,False,False,False
09,005,Gustavo A. Madero,0001,1839,4354,2297.0,130.0,139.0,1969.0,499.0,2050.0,55.0,922.0,1123.0,1355.0,539.0,1470.0,269.0,22.040816326530614,39.77859778597786,44.97560975609756,0900500011839,19.471172545,-99.11081964,2,3,False,False,False
09,005,Gustavo A. Madero,0001,1843,3934,2086.0,83.0,102.0,1806.0,532.0,1889.0,43.0,889.0,995.0,1145.0,480.0,1274.0,185.0,17.896389324960754,41.92139737991266,47.06193753308629,0900500011843,19.47065968,-99.10711094,1,1,False,False,False
09,005,Gustavo A. Madero,0001,1858,2052,1064.0,45.0,64.0,927.0,262.0,959.0,12.0,449.0,509.0,624.0,260.0,665.0,109.0,18.195488721804512,41.66666666666667,46.81960375391032,0900500011858,19.469775185000003,-99.10383734999999,2,2,False,False,False
09,005,Gustavo A. Madero,0001,1862,3806,2014.0,73.0,99.0,1753.0,553.0,1820.0,51.0,874.0,939.0,1087.0,455.0,1200.0,172.0,18.583333333333332,41.85832566697332,48.02197802197802,0900500011862,19.46551791,-99.10580256,2,3,False,False,False
09,005,Gustavo A. Madero,0001,1877,2646,1409.0,60.0,84.0,1191.0,316.0,1244.0,21.0,581.0,662.0,766.0,333.0,875.0,144.0,18.857142857142858,43.472584856396864,46.70418006430868,0900500011877,19.468084285,-99.10052318000001,4,4,False,False,False
09,005,Gustavo A. Madero,0001,1881,2455,1298.0,66.0,58.0,1091.0,279.0,1137.0,32.0,494.0,641.0,715.0,273.0,812.0,124.0,19.21182266009852,38.18181818181819,43.447669305189095,0900500011881,19.46679747,-99.09799798,6,6,False,False,False
09,005,Gustavo A. Madero,0001,1896,4486,2417.0,85.0,101.0,2121.0,692.0,2198.0,48.0,1090.0,1106.0,1405.0,541.0,1429.0,186.0,16.375087473757873,38.505338078291814,49.590536851683346,0900500011896,19.47127808,-99.09855463,2,3,False,False,False
09,005,Gustavo A. Madero,0001,1909,6163,3245.0,187.0,198.0,2746.0,718.0,2858.0,77.0,1328.0,1519.0,1802.0,741.0,2028.0,385.0,22.781065088757398,41.120976692563815,46.466060181945416,0900500011909,19.47669172,-99.08612098,3,5,False,False,False
09,005,Gustavo A. Madero,0001,1913,6882,3583.0,188.0,242.0,3032.0,779.0,3143.0,78.0,1542.0,1596.0,1994.0,824.0,2253.0,430.0,22.547714158899247,41.323971915747244,49.06140629971365,0900500011913,19.476356674999998,-99.083258155,3,6,False,False,False
09,005,Gustavo A. Madero,0001,1932,3949,2072.0,113.0,130.0,1736.0,404.0,1796.0,67.0,872.0,924.0,1128.0,444.0,1332.0,243.0,23.273273273273272,39.361702127659576,48.55233853006681,0900500011932,19.47528914,-99.06731258,4,5,False,False,False
09,005,Gustavo A. Madero,0001,1951,2954,1553.0,89.0,112.0,1257.0,255.0,1303.0,23.0,630.0,669.0,804.0,299.0,1002.0,201.0,22.355289421157686,37.18905472636816,48.34996162701458,0900500011951,19.472935775,-99.086044045,4,6,False,False,False
09,005,Gustavo A. Madero,0001,1970,5898,3059.0,143.0,240.0,2551.0,610.0,2662.0,75.0,1318.0,1341.0,1362.0,600.0,1941.0,383.0,23.596084492529624,44.052863436123346,49.51164537941398,0900500011970,19.46981768,-99.07556748,2,3,False,False,False
09,005,Gustavo A. Madero,0001,1985,6515,3352.0,162.0,203.0,2802.0,650.0,2920.0,117.0,1401.0,1515.0,1621.0,652.0,2152.0,365.0,22.397769516728623,40.22208513263418,47.97945205479452,0900500011985,19.46858943,-99.07564462,2,3,False,False,False
09,005,Gustavo A. Madero,0001,199A,4250,2292.0,67.0,73.0,2063.0,628.0,2130.0,71.0,1114.0,1016.0,1201.0,508.0,1435.0,140.0,14.703832752613241,42.298084929225645,52.30046948356808,090050001199A,19.47047269,-99.067944055,4,5,False,False,False
09,005,Gustavo A. Madero,0001,2004,2711,1452.0,50.0,66.0,1290.0,418.0,1329.0,28.0,655.0,673.0,775.0,311.0,872.0,116.0,16.51376146788991,40.12903225806452,49.28517682468021,0900500012004,19.46667179,-99.06572722,2,2,False,False,False
09,005,Gustavo A. Madero,0001,2019,4307,2220.0,106.0,141.0,1891.0,486.0,1964.0,33.0,1049.0,911.0,1134.0,484.0,1405.0,247.0,19.9288256227758,42.68077601410935,53.41140529531568,0900500012019,19.47174984,-99.064443345,4,4,False,False,False
09,005,Gustavo A. Madero,0001,2023,4433,2325.0,108.0,130.0,2004.0,501.0,2088.0,23.0,1065.0,1013.0,1237.0,504.0,1503.0,238.0,17.365269461077844,40.74373484236055,51.00574712643679,0900500012023,19.47441479,-99.06300513,4,4,False,False,False
09,005,Gustavo A. Madero,0001,2038,3222,1633.0,74.0,97.0,1418.0,450.0,1468.0,22.0,769.0,697.0,1005.0,370.0,968.0,171.0,19.93801652892562,36.81592039800995,52.3841961852861,0900500012038,19.4662994,-99.06016107,2,2,False,False,False
09,005,Gustavo A. Madero,0001,2042,3604,1913.0,70.0,108.0,1669.0,522.0,1733.0,42.0,890.0,841.0,1030.0,438.0,1147.0,178.0,19.18047079337402,42.52427184466019,51.356030005770336,0900500012042,19.46587854,-99.06214662,2,2,False,False,False
09,005,Gustavo A. Madero,0001,2057,2694,1385.0,73.0,77.0,1166.0,308.0,1231.0,27.0,451.0,778.0,805.0,285.0,858.0,150.0,20.62937062937063,35.40372670807454,36.636880584890335,0900500012057,19.46555798,-99.11553732,2,3,False,False,False
09,005,Gustavo A. Madero,0001,2061,3153,1666.0,90.0,109.0,1402.0,370.0,1469.0,56.0,700.0,764.0,917.0,360.0,1032.0,199.0,24.709302325581394,39.25845147219193,47.65146358066712,0900500012061,19.4635885,-99.11138585,2,3,True,False,False
09,005,Gustavo A. Madero,0001,2076,2946,1596.0,68.0,91.0,1342.0,371.0,1407.0,43.0,713.0,684.0,865.0,387.0,971.0,159.0,20.803295571575696,44.73988439306358,50.675195451314856,0900500012076,19.46222961,-99.10744009000001,2,3,False,False,False
09,005,Gustavo A. Madero,0001,2080,2148,1150.0,48.0,75.0,982.0,272.0,1031.0,20.0,545.0,485.0,648.0,265.0,710.0,123.0,20.140845070422536,40.89506172839506,52.86129970902037,0900500012080,19.46390126,-99.1013753,4,4,False,False,False
09,005,Gustavo A. Madero,0001,2095,4036,2124.0,128.0,158.0,1781.0,437.0,1864.0,54.0,892.0,971.0,1130.0,488.0,1344.0,286.0,25.297619047619047,43.1858407079646,47.85407725321888,0900500012095,19.46271954,-99.10150137,4,4,True,False,False
09,005,Gustavo A. Madero,0001,2108,3677,1894.0,99.0,115.0,1606.0,419.0,1674.0,32.0,840.0,833.0,1072.0,452.0,1187.0,214.0,20.72451558550969,42.16417910447761,50.179211469534046,0900500012108,19.460457485,-99.10247735,4,5,False,False,False
09,005,Gustavo A. Madero,0001,2112,384,207.0,19.0,18.0,161.0,21.0,172.0,9.0,69.0,102.0,116.0,47.0,140.0,37.0,32.857142857142854,40.51724137931034,40.116279069767444,0900500012112,19.46239509,-99.0967803,5,5,True,False,False
09,005,Gustavo A. Madero,0001,2127,6630,3398.0,235.0,264.0,2733.0,443.0,2866.0,68.0,1373.0,1486.0,1824.0,736.0,2290.0,499.0,24.759825327510917,40.35087719298245,47.90648988136776,0900500012127,19.46861993,-99.09048987,5,5,True,False,False
09,005,Gustavo A. Madero,0001,2131,4822,2511.0,215.0,212.0,1996.0,350.0,2102.0,62.0,1009.0,1093.0,1289.0,611.0,1646.0,427.0,29.708383961117864,47.4010861132661,48.001902949571836,0900500012131,19.46652147,-99.083398285,1,1,True,False,False
09,005,Gustavo A. Madero,0001,2146,2810,1502.0,60.0,74.0,1297.0,371.0,1350.0,29.0,691.0,657.0,765.0,305.0,926.0,134.0,17.60259179265659,39.869281045751634,51.18518518518519,0900500012146,19.46297627,-99.092618235,5,5,False,False,False
09,005,Gustavo A. Madero,0001,2150,3106,1645.0,72.0,98.0,1395.0,391.0,1456.0,44.0,708.0,743.0,836.0,399.0,1004.0,170.0,21.314741035856574,47.72727272727273,48.62637362637363,0900500012150,19.46471714,-99.08893813,4,4,False,False,False
09,005,Gustavo A. Madero,0001,2165,1009,508.0,30.0,32.0,417.0,90.0,440.0,9.0,239.0,201.0,239.0,81.0,327.0,62.0,21.712538226299692,33.89121338912134,54.31818181818182,0900500012165,19.458333,-99.06949931,1,1,False,False,False
09,005,Gustavo A. Madero,0001,217A,4413,2279.0,107.0,137.0,1948.0,540.0,2037.0,61.0,790.0,1244.0,1356.0,522.0,1408.0,244.0,21.661931818181817,38.49557522123894,38.7825233186058,090050001217A,19.46288098,-99.11378842,2,3,False,False,False
09,005,Gustavo A. Madero,0001,2184,2870,1524.0,57.0,73.0,1318.0,433.0,1369.0,58.0,720.0,647.0,877.0,376.0,885.0,130.0,21.242937853107343,42.87343215507411,52.593133674214755,0900500012184,19.46091104,-99.11871341,5,6,False,False,False
09,005,Gustavo A. Madero,0001,2199,3485,1905.0,78.0,98.0,1625.0,481.0,1685.0,35.0,761.0,920.0,1058.0,480.0,1144.0,176.0,18.444055944055947,45.36862003780718,45.16320474777448,0900500012199,19.459908040000002,-99.114608505,2,3,False,False,False
09,005,Gustavo A. Madero,0001,2201,4422,2353.0,124.0,162.0,1963.0,529.0,2044.0,36.0,934.0,1106.0,1268.0,532.0,1434.0,286.0,22.454672245467226,41.95583596214511,45.69471624266145,0900500012201,19.46166776,-99.11284661,1,2,False,False,False
09,005,Gustavo A. Madero,0001,2216,3197,1705.0,89.0,125.0,1435.0,402.0,1478.0,41.0,750.0,725.0,991.0,405.0,1033.0,214.0,24.68538238141336,40.867810292633706,50.74424898511503,0900500012216,19.45990761,-99.10860658,2,3,True,False,False
09,005,Gustavo A. Madero,0001,2220,5296,2732.0,113.0,181.0,2345.0,609.0,2429.0,72.0,973.0,1455.0,1430.0,606.0,1736.0,294.0,21.08294930875576,42.37762237762237,40.05763688760807,0900500012220,19.45670864,-99.10419391,3,4,False,False,False
09,005,Gustavo A. Madero,0001,2235,3997,2104.0,88.0,131.0,1833.0,496.0,1899.0,75.0,943.0,948.0,1061.0,436.0,1337.0,219.0,21.98952879581152,41.0933081998115,49.65771458662454,0900500012235,19.45741279,-99.094811025,4,4,False,False,False
09,005,Gustavo A. Madero,0001,224A,3517,1889.0,84.0,100.0,1611.0,418.0,1674.0,58.0,864.0,804.0,930.0,423.0,1193.0,184.0,20.284995808885164,45.483870967741936,51.61290322580645,090050001224A,19.45988139,-99.09170671,3,3,False,False,False
09,005,Gustavo A. Madero,0001,2254,3267,1735.0,73.0,81.0,1510.0,427.0,1563.0,84.0,796.0,764.0,844.0,352.0,1083.0,154.0,21.97599261311173,41.70616113744076,50.927703134996804,0900500012254,19.45753886,-99.086453995,3,4,False,False,False
09,005,Gustavo A. Madero,0001,2269,2773,1456.0,61.0,81.0,1265.0,347.0,1299.0,39.0,705.0,593.0,732.0,335.0,918.0,142.0,19.716775599128542,45.76502732240437,54.27251732101617,0900500012269,19.454500115000002,-99.08322085,1,2,False,False,False
09,005,Gustavo A. Madero,0001,2273,5032,2657.0,117.0,177.0,2263.0,597.0,2345.0,51.0,1093.0,1248.0,1432.0,678.0,1666.0,294.0,20.708283313325328,47.3463687150838,46.60980810234542,0900500012273,19.45519542,-99.110201175,3,4,False,False,False
09,005,Gustavo A. Madero,0001,2288,7055,3710.0,201.0,235.0,3161.0,797.0,3274.0,81.0,1532.0,1729.0,2041.0,839.0,2364.0,436.0,21.869712351945854,41.10730034296913,46.792913866829565,0900500012288,19.45347702,-99.10493565499999,3,3,False,False,False
09,005,Gustavo A. Madero,0001,2292,4245,2247.0,123.0,145.0,1880.0,454.0,1958.0,57.0,896.0,1060.0,1175.0,479.0,1426.0,268.0,22.79102384291725,40.76595744680851,45.76098059244127,0900500012292,19.45244896,-99.09746517,1,1,False,False,False
09,005,Gustavo A. Madero,0001,2305,3614,1882.0,105.0,129.0,1547.0,347.0,1618.0,44.0,752.0,863.0,955.0,383.0,1200.0,234.0,23.166666666666664,40.10471204188482,46.47713226205192,0900500012305,19.45171483,-99.09729308,0,0,False,False,False
09,005,Gustavo A. Madero,0001,231A,3306,1795.0,69.0,82.0,1568.0,476.0,1628.0,43.0,817.0,811.0,936.0,436.0,1092.0,151.0,17.765567765567766,46.58119658119658,50.18427518427519,090050001231A,19.45513835,-99.0915777,3,3,False,False,False
09,005,Gustavo A. Madero,0001,2324,2997,1632.0,69.0,89.0,1416.0,409.0,1471.0,42.0,773.0,698.0,769.0,303.0,1007.0,158.0,19.860973187686195,39.401820546163854,52.54928619986404,0900500012324,19.45437742,-99.08593111,1,2,False,False,False
09,005,Gustavo A. Madero,0001,2339,751,390.0,17.0,21.0,340.0,99.0,355.0,6.0,173.0,182.0,193.0,63.0,241.0,38.0,18.25726141078838,32.64248704663213,48.732394366197184,0900500012339,19.45361905,-99.08456099,0,1,False,False,False
09,005,Gustavo A. Madero,0001,2343,3588,1918.0,78.0,88.0,1680.0,503.0,1738.0,52.0,877.0,857.0,1002.0,438.0,1177.0,166.0,18.521665250637213,43.712574850299404,50.46029919447641,0900500012343,19.45014963,-99.08706909,0,2,False,False,False
09,005,Gustavo A. Madero,0001,2358,1767,930.0,40.0,62.0,771.0,220.0,807.0,20.0,440.0,366.0,491.0,185.0,551.0,102.0,22.141560798548092,37.67820773930753,54.522924411400254,0900500012358,19.455403905,-99.07023411,3,3,False,False,False
09,005,Gustavo A. Madero,0001,2362,2422,1283.0,44.0,63.0,1139.0,398.0,1177.0,43.0,635.0,541.0,713.0,270.0,741.0,107.0,20.242914979757085,37.86816269284712,53.95072217502124,0900500012362,19.45535646,-99.06631744,1,1,False,False,False
09,005,Gustavo A. Madero,0001,2377,2986,1598.0,41.0,60.0,1431.0,513.0,1480.0,50.0,825.0,653.0,885.0,364.0,918.0,101.0,16.44880174291939,41.12994350282486,55.74324324324324,0900500012377,19.45844384,-99.06434119,2,2,False,False,False
09,005,Gustavo A. Madero,0001,2381,2918,1525.0,88.0,92.0,1312.0,366.0,1364.0,34.0,648.0,716.0,750.0,319.0,946.0,180.0,22.621564482029598,42.53333333333333,47.50733137829912,0900500012381,19.451544205,-99.075702345,2,3,False,False,False
09,005,Gustavo A. Madero,0001,2396,3449,1852.0,67.0,98.0,1588.0,401.0,1647.0,21.0,728.0,914.0,938.0,378.0,1187.0,165.0,15.669755686604885,40.298507462686565,44.20157862780813,0900500012396,19.45203503,-99.0712308,3,3,False,False,False
09,005,Gustavo A. Madero,0001,2409,3728,1960.0,52.0,87.0,1731.0,571.0,1802.0,37.0,1012.0,786.0,1054.0,443.0,1160.0,139.0,15.172413793103448,42.0303605313093,56.15982241953385,0900500012409,19.4538868,-99.0648573,1,2,False,False,False
09,005,Gustavo A. Madero,0001,2428,2407,1252.0,43.0,67.0,1095.0,307.0,1134.0,23.0,565.0,564.0,644.0,280.0,788.0,110.0,16.878172588832488,43.47826086956522,49.82363315696649,0900500012428,19.449566935,-99.06838539,3,3,False,False,False
09,005,Gustavo A. Madero,0001,2432,2660,1436.0,49.0,66.0,1287.0,459.0,1319.0,34.0,726.0,592.0,784.0,336.0,828.0,115.0,17.995169082125603,42.857142857142854,55.04169825625473,0900500012432,19.45054394,-99.06521436,2,2,False,False,False
09,005,Gustavo A. Madero,0001,2447,2642,1404.0,45.0,68.0,1254.0,453.0,1297.0,37.0,734.0,559.0,763.0,317.0,801.0,113.0,18.726591760299627,41.54652686762779,56.592135697764064,0900500012447,19.452153365,-99.060693985,1,2,False,False,False
09,005,Gustavo A. Madero,0001,2451,3246,1733.0,77.0,82.0,1548.0,483.0,1592.0,24.0,822.0,767.0,971.0,430.0,1065.0,159.0,17.183098591549296,44.28424304840371,51.63316582914573,0900500012451,19.452729395,-99.05746312,0,1,False,False,False
09,005,Gustavo A. Madero,0001,2466,3163,1711.0,51.0,93.0,1493.0,499.0,1538.0,40.0,731.0,805.0,922.0,415.0,994.0,144.0,18.51106639839034,45.01084598698482,47.52925877763329,0900500012466,19.45299853,-99.05278502,0,1,False,False,False
09,005,Gustavo A. Madero,0001,2470,5374,2834.0,142.0,183.0,2401.0,554.0,2502.0,58.0,1280.0,1219.0,1452.0,544.0,1847.0,325.0,20.73632918245804,37.46556473829201,51.159072741806554,0900500012470,19.447554205000003,-99.060988135,0,1,False,False,False
09,005,Gustavo A. Madero,0001,2485,6176,3199.0,176.0,219.0,2645.0,598.0,2761.0,66.0,1227.0,1530.0,1692.0,663.0,2047.0,395.0,22.52076209086468,39.184397163120565,44.44042013763129,0900500012485,19.44853723,-99.0576954,0,1,False,False,False
09,005,Gustavo A. Madero,0001,2536,1867,986.0,93.0,93.0,735.0,110.0,788.0,11.0,437.0,351.0,498.0,170.0,625.0,186.0,31.52,34.13654618473896,55.45685279187818,0900500012536,19.562821335,-99.123608315,0,1,True,False,True
09,005,Gustavo A. Madero,0001,2574,3313,1709.0,143.0,177.0,1275.0,192.0,1375.0,56.0,763.0,608.0,860.0,341.0,1083.0,320.0,34.71837488457987,39.651162790697676,55.49090909090909,0900500012574,19.5292459,-99.13637984,3,4,True,False,False
09,005,Gustavo A. Madero,0001,2593,5726,2889.0,286.0,293.0,2174.0,311.0,2329.0,61.0,1216.0,1112.0,1581.0,555.0,1863.0,579.0,34.35319377348363,35.10436432637571,52.211249463288965,0900500012593,19.57105353,-99.13593821,1,1,True,False,False
09,005,Gustavo A. Madero,0001,2606,3240,1641.0,136.0,155.0,1279.0,255.0,1354.0,29.0,759.0,594.0,871.0,289.0,1024.0,291.0,31.25,33.18025258323766,56.05612998522895,0900500012606,19.56199532,-99.12539792,0,1,True,False,True
09,005,Gustavo A. Madero,0001,2610,7326,3730.0,303.0,338.0,2848.0,492.0,3049.0,72.0,1575.0,1467.0,1955.0,703.0,2356.0,641.0,30.263157894736842,35.95907928388747,51.656280747786155,0900500012610,19.55895562,-99.12690159,0,1,True,False,True
09,005,Gustavo A. Madero,0001,2625,7116,3637.0,291.0,330.0,2835.0,489.0,3011.0,100.0,1481.0,1525.0,1908.0,620.0,2346.0,621.0,30.73316283034953,32.494758909853246,49.186316838259714,0900500012625,19.554947034999998,-99.128215345,1,2,True,False,False
09,005,Gustavo A. Madero,0001,263A,2465,1374.0,56.0,55.0,1198.0,383.0,1243.0,26.0,621.0,614.0,730.0,333.0,815.0,111.0,16.809815950920246,45.61643835616439,49.9597747385358,090050001263A,19.50993854,-99.10026707,2,2,False,False,False
09,005,Gustavo A. Madero,0001,2644,2242,1212.0,49.0,59.0,1053.0,316.0,1090.0,17.0,519.0,567.0,628.0,238.0,737.0,108.0,16.960651289009498,37.898089171974526,47.61467889908257,0900500012644,19.51073143,-99.09678933,2,2,False,False,False
09,005,Gustavo A. Madero,0001,2659,2132,1131.0,32.0,51.0,1010.0,328.0,1039.0,14.0,520.0,512.0,637.0,240.0,682.0,83.0,14.222873900293257,37.67660910518054,50.04812319538018,0900500012659,19.508897365000003,-99.09549255,3,3,False,False,False
09,005,Gustavo A. Madero,0001,2663,2595,1370.0,42.0,74.0,1214.0,392.0,1251.0,28.0,547.0,696.0,797.0,326.0,822.0,116.0,17.51824817518248,40.903387703889585,43.72501998401279,0900500012663,19.50785303,-99.09338347,4,4,False,False,False
09,005,Gustavo A. Madero,0001,2678,2434,1341.0,58.0,50.0,1181.0,361.0,1219.0,30.0,542.0,667.0,724.0,333.0,820.0,108.0,16.82926829268293,45.99447513812155,44.46267432321575,0900500012678,19.50766538,-99.09813444,3,3,False,False,False
09,005,Gustavo A. Madero,0001,2682,5028,2651.0,178.0,179.0,2167.0,499.0,2283.0,38.0,1064.0,1212.0,1417.0,528.0,1668.0,357.0,23.6810551558753,37.26182074805928,46.60534384581691,0900500012682,19.50653486,-99.08961899,5,6,False,False,False
09,005,Gustavo A. Madero,0001,2697,2999,1549.0,66.0,96.0,1367.0,377.0,1408.0,27.0,598.0,809.0,886.0,377.0,990.0,162.0,19.090909090909093,42.55079006772009,42.471590909090914,0900500012697,19.50556632,-99.09575126,4,4,False,False,False
09,005,Gustavo A. Madero,0001,270A,2602,1349.0,59.0,63.0,1164.0,379.0,1207.0,15.0,656.0,551.0,704.0,273.0,785.0,122.0,17.452229299363058,38.778409090909086,54.349627174813584,090050001270A,19.45493321,-99.05917496,1,2,False,False,False
09,005,Gustavo A. Madero,0001,2714,2630,1379.0,55.0,73.0,1222.0,397.0,1256.0,10.0,611.0,645.0,718.0,302.0,825.0,128.0,16.727272727272727,42.061281337047355,48.646496815286625,0900500012714,19.45629585,-99.05476618,0,1,False,False,False
09,005,Gustavo A. Madero,0001,2729,4496,2302.0,166.0,176.0,1823.0,309.0,1932.0,22.0,990.0,941.0,1353.0,480.0,1514.0,342.0,24.042272126816382,35.47671840354767,51.24223602484472,0900500012729,19.56264461,-99.13384567,1,3,False,False,False
09,005,Gustavo A. Madero,0001,2733,3894,2052.0,138.0,185.0,1607.0,291.0,1704.0,29.0,889.0,813.0,1054.0,379.0,1316.0,323.0,26.74772036474164,35.95825426944971,52.171361502347416,0900500012733,19.560414344999998,-99.13192119,1,3,True,False,False
09,005,Gustavo A. Madero,0001,2748,3855,1962.0,153.0,193.0,1521.0,241.0,1614.0,37.0,762.0,850.0,1032.0,343.0,1280.0,346.0,29.921874999999996,33.23643410852713,47.21189591078067,0900500012748,19.552970945,-99.13158748500001,2,2,True,False,False
09,005,Gustavo A. Madero,0001,2752,4278,2230.0,177.0,193.0,1716.0,280.0,1823.0,35.0,933.0,888.0,1144.0,388.0,1436.0,370.0,28.203342618384404,33.91608391608392,51.179374657158526,0900500012752,19.55080495,-99.13272915,2,2,True,False,False
09,005,Gustavo A. Madero,0001,2767,5406,2801.0,233.0,270.0,2108.0,322.0,2274.0,56.0,1248.0,1022.0,1389.0,530.0,1786.0,503.0,31.298992161254198,38.15694744420446,54.88126649076517,0900500012767,19.548445615,-99.13199218,1,1,True,False,False
09,005,Gustavo A. Madero,0001,2771,5099,2573.0,245.0,275.0,1936.0,287.0,2083.0,51.0,1127.0,954.0,1377.0,453.0,1649.0,520.0,34.627046694966644,32.89760348583878,54.10465674507922,0900500012771,19.54521891,-99.1302761,1,1,True,False,False
09,005,Gustavo A. Madero,0001,2786,2091,1066.0,51.0,77.0,908.0,198.0,939.0,15.0,446.0,492.0,578.0,176.0,710.0,128.0,20.140845070422536,30.44982698961938,47.49733759318424,0900500012786,19.53243154,-99.15481757,0,0,False,False,False
09,005,Gustavo A. Madero,0001,2790,3663,1881.0,92.0,129.0,1585.0,462.0,1658.0,19.0,834.0,822.0,1061.0,399.0,1123.0,221.0,21.371326803205697,37.60603204524034,50.3015681544029,0900500012790,19.53097043,-99.1472626,4,4,False,False,False
09,005,Gustavo A. Madero,0001,2803,4272,2258.0,115.0,167.0,1869.0,515.0,1949.0,24.0,976.0,972.0,1246.0,445.0,1354.0,282.0,22.599704579025108,35.714285714285715,50.07696254489482,0900500012803,19.528402014999998,-99.147374145,4,4,False,False,False
09,005,Gustavo A. Madero,0001,2822,3802,2002.0,111.0,166.0,1610.0,395.0,1687.0,42.0,800.0,887.0,964.0,362.0,1215.0,277.0,26.255144032921812,37.551867219917014,47.42145820983995,0900500012822,19.528866145000002,-99.14435591,4,5,True,False,False
09,005,Gustavo A. Madero,0001,2837,3315,1665.0,110.0,161.0,1295.0,213.0,1379.0,33.0,690.0,687.0,870.0,300.0,1082.0,271.0,28.09611829944547,34.48275862068966,50.036258158085566,0900500012837,19.522023495,-99.13633307,3,4,True,False,False
09,005,Gustavo A. Madero,0001,2841,2417,1287.0,119.0,110.0,989.0,150.0,1039.0,19.0,548.0,487.0,654.0,224.0,839.0,229.0,29.558998808104885,34.25076452599388,52.74302213666987,0900500012841,19.52212528,-99.13393181,3,4,True,False,False
09,005,Gustavo A. Madero,0001,2856,4890,2510.0,122.0,152.0,2126.0,466.0,2219.0,31.0,995.0,1221.0,1498.0,622.0,1660.0,274.0,18.373493975903614,41.52202937249666,44.8400180261379,0900500012856,19.51661388,-99.1397898,2,3,False,False,False
09,005,Gustavo A. Madero,0001,2860,4900,2591.0,116.0,144.0,2236.0,477.0,2331.0,24.0,1061.0,1267.0,1585.0,688.0,1759.0,260.0,16.145537237066517,43.40694006309148,45.51694551694552,0900500012860,19.514785955,-99.13634463,1,1,False,False,False
09,005,Gustavo A. Madero,0001,2875,2195,1143.0,30.0,48.0,1035.0,312.0,1073.0,18.0,579.0,493.0,723.0,295.0,723.0,78.0,13.278008298755188,40.80221300138312,53.96085740913327,0900500012875,19.51025157,-99.13898433,0,0,False,False,False
09,005,Gustavo A. Madero,0001,288A,1702,907.0,48.0,51.0,783.0,248.0,812.0,21.0,356.0,454.0,486.0,199.0,535.0,99.0,22.429906542056074,40.94650205761317,43.84236453201971,090050001288A,19.508567980000002,-99.105266755,0,0,False,False,False
09,005,Gustavo A. Madero,0001,2894,2140,1164.0,32.0,42.0,1037.0,353.0,1076.0,29.0,608.0,467.0,637.0,290.0,684.0,74.0,15.058479532163743,45.52590266875981,56.50557620817844,0900500012894,19.50919913,-99.100713235,2,2,False,False,False
09,005,Gustavo A. Madero,0001,2907,5111,2698.0,128.0,178.0,2309.0,600.0,2393.0,32.0,1080.0,1308.0,1588.0,624.0,1709.0,306.0,19.7776477472206,39.29471032745592,45.13163393230255,0900500012907,19.486704215,-99.09641355,0,2,False,False,False
09,005,Gustavo A. Madero,0001,2930,4364,2279.0,120.0,134.0,1922.0,454.0,2002.0,36.0,953.0,1049.0,1278.0,506.0,1468.0,254.0,19.754768392370572,39.593114241001565,47.6023976023976,0900500012930,19.482978275,-99.0835985,5,7,False,False,False
09,005,Gustavo A. Madero,0001,2945,4598,2418.0,141.0,172.0,1998.0,421.0,2107.0,38.0,1040.0,1061.0,1281.0,493.0,1577.0,313.0,22.2574508560558,38.485558157689304,49.359278595159,0900500012945,19.46924172,-99.08421292,2,3,False,False,False
09,005,Gustavo A. Madero,0001,295A,4267,2252.0,121.0,168.0,1863.0,371.0,1943.0,32.0,836.0,1104.0,1206.0,473.0,1492.0,289.0,21.514745308310992,39.22056384742952,43.02624806999486,090050001295A,19.46972585,-99.08044507,2,3,False,False,False
09,005,Gustavo A. Madero,0001,2964,4888,2517.0,196.0,233.0,1890.0,311.0,2027.0,42.0,1143.0,879.0,1319.0,425.0,1579.0,429.0,29.829005699810008,32.221379833206974,56.38875185002467,0900500012964,19.566576155,-99.142354515,1,3,True,False,False
09,005,Gustavo A. Madero,0001,2979,5544,2813.0,267.0,282.0,2090.0,233.0,2246.0,100.0,1148.0,1095.0,1457.0,523.0,1857.0,549.0,34.9488422186322,35.89567604667124,51.11308993766697,0900500012979,19.561225845000003,-99.14467113,2,5,True,False,False
09,005,Gustavo A. Madero,0001,2983,3377,1699.0,141.0,179.0,1260.0,207.0,1366.0,26.0,799.0,566.0,910.0,319.0,1053.0,320.0,32.85849952516619,35.05494505494505,58.49194729136163,0900500012983,19.55429179,-99.15451266,0,1,True,False,True
09,005,Gustavo A. Madero,0001,2998,4749,2387.0,225.0,249.0,1799.0,262.0,1928.0,21.0,938.0,988.0,1243.0,439.0,1537.0,474.0,32.20559531554977,35.31777956556718,48.65145228215768,0900500012998,19.54652086,-99.12504067,1,1,True,False,False
09,005,Gustavo A. Madero,0001,3017,1925,973.0,71.0,92.0,731.0,111.0,775.0,8.0,427.0,348.0,479.0,141.0,620.0,163.0,27.580645161290324,29.436325678496868,55.09677419354839,0900500013017,19.5569502,-99.12424547,0,1,True,False,True
09,005,Gustavo A. Madero,0001,3055,2876,1522.0,79.0,107.0,1295.0,343.0,1338.0,44.0,613.0,725.0,823.0,318.0,952.0,186.0,24.159663865546218,38.639125151883356,45.81464872944694,0900500013055,19.47421914,-99.09026011,5,8,True,False,False
09,005,Gustavo A. Madero,0001,306A,2899,1534.0,106.0,134.0,1222.0,218.0,1290.0,22.0,595.0,692.0,707.0,274.0,1004.0,240.0,26.095617529880478,38.75530410183875,46.12403100775194,090050001306A,19.47147632,-99.08934278,4,5,True,False,False
09,005,Gustavo A. Madero,0001,3074,2060,1059.0,62.0,84.0,860.0,176.0,907.0,12.0,470.0,437.0,544.0,222.0,684.0,146.0,23.099415204678362,40.80882352941176,51.81918412348401,0900500013074,19.47042996,-99.08714491,3,4,False,False,False
09,005,Gustavo A. Madero,0001,3089,8133,4208.0,291.0,338.0,3361.0,648.0,3570.0,81.0,1799.0,1769.0,2263.0,787.0,2713.0,629.0,26.170291190563947,34.776844896155545,50.3921568627451,0900500013089,19.55128927,-99.1367547,3,3,True,False,False
09,005,Gustavo A. Madero,0001,3093,12036,6287.0,415.0,503.0,5041.0,993.0,5307.0,103.0,2528.0,2767.0,3166.0,1096.0,4048.0,918.0,25.222332015810277,34.61781427668983,47.6351987940456,0900500013093,19.54481102,-99.14099905,1,1,True,False,False
09,005,Gustavo A. Madero,0001,3110,1574,783.0,49.0,47.0,660.0,127.0,691.0,20.0,321.0,370.0,519.0,219.0,533.0,96.0,21.76360225140713,42.19653179190752,46.45441389290883,0900500013110,19.51076908,-99.13265824,3,4,False,False,False
09,005,Gustavo A. Madero,0001,3125,3029,1572.0,67.0,93.0,1341.0,292.0,1387.0,16.0,779.0,607.0,831.0,349.0,1049.0,160.0,16.777883698760725,41.997593261131165,56.16438356164384,0900500013125,19.5057563,-99.13298651,1,3,False,False,False
09,005,Gustavo A. Madero,0001,313A,1484,759.0,25.0,37.0,680.0,198.0,698.0,14.0,374.0,324.0,530.0,224.0,482.0,62.0,15.767634854771783,42.26415094339623,53.581661891117484,090050001313A,19.50504968,-99.13161753,1,3,False,False,False
09,005,Gustavo A. Madero,0001,3144,4023,2062.0,152.0,178.0,1625.0,315.0,1717.0,54.0,815.0,902.0,1060.0,437.0,1310.0,330.0,29.312977099236644,41.22641509433962,47.46651135701806,0900500013144,19.498484705,-99.069352305,0,0,True,True,True
09,005,Gustavo A. Madero,0001,3159,4982,2552.0,123.0,200.0,2093.0,469.0,2190.0,59.0,1060.0,1128.0,1298.0,526.0,1624.0,323.0,23.52216748768473,40.52388289676425,48.401826484018265,0900500013159,19.49552734,-99.06651986,0,0,False,False,False
09,005,Gustavo A. Madero,0001,3163,1911,986.0,70.0,63.0,816.0,177.0,858.0,13.0,365.0,490.0,528.0,223.0,639.0,133.0,22.848200312989047,42.234848484848484,42.54079254079254,0900500013163,19.49917196,-99.09457896,6,6,False,False,False
09,005,Gustavo A. Madero,0001,3178,1870,967.0,54.0,71.0,807.0,200.0,837.0,26.0,401.0,434.0,575.0,209.0,607.0,125.0,24.87644151565074,36.347826086956516,47.909199522102746,0900500013178,19.497824819999998,-99.09147447000001,6,7,True,False,False
09,005,Gustavo A. Madero,0001,3182,2221,1190.0,75.0,96.0,973.0,138.0,1018.0,8.0,419.0,599.0,757.0,336.0,835.0,171.0,21.437125748502993,44.38573315719947,41.15913555992142,0900500013182,19.53775632,-99.14460026,2,2,False,False,False
09,005,Gustavo A. Madero,0001,3197,5244,2772.0,133.0,204.0,2306.0,525.0,2424.0,54.0,1078.0,1343.0,1602.0,616.0,1781.0,337.0,21.953958450308818,38.45193508114856,44.471947194719476,0900500013197,19.53170057,-99.14343751999999,3,3,False,False,False
09,005,Gustavo A. Madero,0001,320A,1993,1027.0,52.0,66.0,858.0,129.0,902.0,12.0,371.0,531.0,626.0,268.0,729.0,118.0,17.832647462277095,42.81150159744409,41.130820399113084,090050001320A,19.53397956,-99.1475762,2,2,False,False,False
09,005,Gustavo A. Madero,0001,3214,5814,2924.0,288.0,307.0,2174.0,272.0,2347.0,65.0,1116.0,1229.0,1563.0,513.0,1902.0,595.0,34.70031545741325,32.82149712092131,47.55006391137622,0900500013214,19.5493265,-99.12593588,1,1,True,False,False
09,005,Gustavo A. Madero,0001,3229,3544,1766.0,165.0,202.0,1309.0,198.0,1412.0,33.0,743.0,667.0,903.0,349.0,1111.0,367.0,36.003600360036,38.648947951273534,52.62039660056658,0900500013229,19.54772231,-99.12279445,1,1,True,False,False
09,005,Gustavo A. Madero,0001,3233,6414,3311.0,271.0,339.0,2462.0,320.0,2673.0,34.0,1325.0,1346.0,1625.0,534.0,2142.0,610.0,30.065359477124183,32.861538461538466,49.569771791994015,0900500013233,19.56705114,-99.13006751,1,2,True,False,False
09,005,Gustavo A. Madero,0001,3248,5663,2928.0,251.0,275.0,2234.0,324.0,2363.0,62.0,1156.0,1204.0,1610.0,505.0,1910.0,526.0,30.78534031413613,31.366459627329192,48.92086330935252,0900500013248,19.566983895,-99.12682130499999,0,1,True,False,True
09,005,Gustavo A. Madero,0001,3252,6248,3236.0,242.0,314.0,2521.0,455.0,2677.0,45.0,1317.0,1358.0,1734.0,660.0,2066.0,556.0,29.09002904162633,38.062283737024224,49.19686215913336,0900500013252,19.56207301,-99.13910193,2,4,True,False,False
09,005,Gustavo A. Madero,0001,3267,3857,1786.0,165.0,192.0,1306.0,123.0,1399.0,45.0,688.0,708.0,932.0,374.0,1183.0,357.0,33.981403212172445,40.128755364806864,49.17798427448177,0900500013267,19.56060805,-99.142784775,2,5,True,False,False
09,005,Gustavo A. Madero,0001,3271,4264,2186.0,145.0,160.0,1770.0,343.0,1871.0,36.0,1008.0,862.0,1218.0,487.0,1427.0,305.0,23.896285914505956,39.983579638752055,53.87493319080705,0900500013271,19.55560384,-99.148815005,1,4,False,False,False
09,005,Gustavo A. Madero,0001,3286,3236,1674.0,154.0,162.0,1281.0,162.0,1347.0,21.0,639.0,706.0,870.0,427.0,1119.0,316.0,30.116175156389634,49.08045977011494,47.43875278396437,0900500013286,19.558386625,-99.14539128,1,4,True,False,False
09,005,Gustavo A. Madero,0001,3290,4654,2435.0,131.0,191.0,2001.0,462.0,2099.0,54.0,1068.0,1030.0,1291.0,472.0,1539.0,322.0,24.431448992852502,36.56080557707204,50.88137208194379,0900500013290,19.519134625,-99.15111025,1,2,True,False,False
09,005,Gustavo A. Madero,0001,3303,1861,973.0,51.0,67.0,827.0,162.0,860.0,16.0,410.0,450.0,535.0,203.0,665.0,118.0,20.150375939849624,37.94392523364486,47.674418604651166,0900500013303,19.51907182,-99.14863434,2,3,False,False,False
09,005,Gustavo A. Madero,0001,3318,4304,2174.0,194.0,244.0,1610.0,245.0,1719.0,51.0,760.0,956.0,1149.0,369.0,1365.0,438.0,35.824175824175825,32.114882506527415,44.21175101803374,0900500013318,19.57645306,-99.13207786,0,0,True,True,True
09,005,Gustavo A. Madero,0001,3322,4420,2304.0,201.0,202.0,1721.0,259.0,1848.0,37.0,862.0,984.0,1228.0,375.0,1462.0,403.0,30.095759233926128,30.537459283387626,46.64502164502164,0900500013322,19.57337011,-99.13335251,1,1,True,False,False
09,005,Gustavo A. Madero,0001,3337,3043,1645.0,103.0,117.0,1367.0,206.0,1426.0,11.0,586.0,839.0,941.0,428.0,1161.0,220.0,19.896640826873384,45.48352816153029,41.09396914446003,0900500013337,19.483724199999997,-99.08791224999999,4,7,False,False,False
09,005,Gustavo A. Madero,0001,3341,2343,1240.0,52.0,86.0,1053.0,271.0,1101.0,38.0,481.0,619.0,639.0,278.0,782.0,138.0,22.506393861892583,43.50547730829421,43.68755676657584,0900500013341,19.486174495,-99.08612478,4,7,False,False,False
09,005,Gustavo A. Madero,0001,3356,1096,605.0,23.0,29.0,497.0,115.0,514.0,6.0,269.0,244.0,357.0,154.0,382.0,52.0,15.18324607329843,43.13725490196079,52.33463035019456,0900500013356,19.51179067,-99.12641193,3,4,False,False,False
09,005,Gustavo A. Madero,0001,3360,4725,2410.0,200.0,216.0,1886.0,265.0,1990.0,29.0,981.0,1005.0,1316.0,464.0,1621.0,416.0,27.45219000616903,35.25835866261398,49.2964824120603,0900500013360,19.51019499,-99.12097461,2,3,True,False,False
09,005,Gustavo A. Madero,0001,3375,1196,637.0,24.0,40.0,531.0,130.0,559.0,16.0,247.0,312.0,351.0,144.0,401.0,64.0,19.950124688279303,41.02564102564102,44.18604651162791,0900500013375,19.51477376,-99.14728023,1,2,False,False,False
09,005,Gustavo A. Madero,0001,338A,2997,1633.0,46.0,66.0,1447.0,393.0,1492.0,10.0,681.0,809.0,1024.0,425.0,1054.0,112.0,11.57495256166983,41.50390625,45.643431635388744,090050001338A,19.51352069,-99.1422936,0,0,False,False,False
09,005,Gustavo A. Madero,0001,3394,2891,1517.0,72.0,99.0,1311.0,297.0,1365.0,12.0,632.0,733.0,821.0,322.0,1014.0,171.0,18.04733727810651,39.2204628501827,46.3003663003663,0900500013394,19.48249179,-99.090366715,3,7,False,False,False
09,005,Gustavo A. Madero,0001,3407,8413,4466.0,223.0,278.0,3801.0,525.0,3979.0,50.0,1621.0,2357.0,2891.0,1254.0,3276.0,501.0,16.81929181929182,43.37599446558285,40.73887911535562,0900500013407,19.47925542,-99.09595784,1,5,False,False,False
09,005,Gustavo A. Madero,0001,3411,5806,2890.0,278.0,309.0,2181.0,225.0,2300.0,63.0,1062.0,1235.0,1519.0,565.0,1956.0,587.0,33.23108384458078,37.195523370638575,46.17391304347826,0900500013411,19.542720775,-99.129685925,1,1,True,False,False
09,005,Gustavo A. Madero,0001,3426,2443,1247.0,121.0,120.0,922.0,102.0,975.0,14.0,514.0,461.0,609.0,191.0,820.0,241.0,31.097560975609756,31.362889983579638,52.717948717948715,0900500013426,19.53805576,-99.13590003499999,1,1,True,False,False
09,005,Gustavo A. Madero,0001,3430,4345,2157.0,220.0,266.0,1586.0,205.0,1712.0,31.0,903.0,809.0,1189.0,377.0,1381.0,486.0,37.43664011585807,31.70731707317073,52.74532710280374,0900500013430,19.575848645,-99.130506395,0,0,True,True,True
09,005,Gustavo A. Madero,0001,3445,4319,2177.0,245.0,232.0,1585.0,170.0,1724.0,25.0,913.0,807.0,1107.0,335.0,1415.0,477.0,35.47703180212014,30.26196928635953,52.95823665893271,0900500013445,19.571723755,-99.129850175,0,0,True,True,True
09,006,Iztacalco,0001,001A,6014,3115.0,237.0,252.0,2522.0,394.0,2640.0,40.0,1110.0,1528.0,1888.0,666.0,2128.0,489.0,24.85902255639098,35.27542372881356,42.04545454545455,090060001001A,19.41596699,-99.06885157,4,7,True,False,False
09,006,Iztacalco,0001,0024,5155,2690.0,183.0,173.0,2228.0,389.0,2335.0,67.0,956.0,1378.0,1606.0,724.0,1839.0,356.0,23.00163132137031,45.08094645080946,40.942184154175585,0900600010024,19.41889148,-99.06383523,3,6,False,False,False
09,006,Iztacalco,0001,0039,4548,2385.0,166.0,157.0,1946.0,383.0,2040.0,48.0,1009.0,1027.0,1221.0,443.0,1563.0,323.0,23.736404350607806,36.28173628173628,49.46078431372549,0900600010039,19.41718157,-99.05830879,1,1,False,False,False
09,006,Iztacalco,0001,0043,5255,2743.0,169.0,229.0,2206.0,372.0,2320.0,43.0,1076.0,1243.0,1533.0,557.0,1834.0,398.0,24.045801526717558,36.33398564905414,46.37931034482759,0900600010043,19.416300715,-99.06218892,2,5,False,False,False
09,006,Iztacalco,0001,0058,3919,2062.0,133.0,146.0,1731.0,453.0,1794.0,49.0,802.0,989.0,1208.0,516.0,1278.0,279.0,25.665101721439747,42.71523178807947,44.70457079152732,0900600010058,19.41407661,-99.07127987,5,8,True,False,False
09,006,Iztacalco,0001,0077,4527,2376.0,114.0,164.0,2005.0,430.0,2083.0,43.0,918.0,1163.0,1348.0,548.0,1575.0,278.0,20.38095238095238,40.652818991097924,44.07105136821892,0900600010077,19.410167745000003,-99.06364117999999,2,5,False,False,False
09,006,Iztacalco,0001,0081,7404,3944.0,251.0,268.0,3168.0,566.0,3327.0,55.0,1354.0,1971.0,2215.0,842.0,2602.0,519.0,22.059953881629514,38.013544018058695,40.697324917342954,0900600010081,19.41131142,-99.06256779,3,6,False,False,False
09,006,Iztacalco,0001,0096,8297,4309.0,296.0,323.0,3555.0,547.0,3721.0,52.0,1437.0,2274.0,2635.0,1090.0,3008.0,619.0,22.30718085106383,41.36622390891841,38.61865090029562,0900600010096,19.40970967,-99.06031005,2,3,False,False,False
09,006,Iztacalco,0001,0109,6369,3316.0,206.0,261.0,2722.0,496.0,2842.0,63.0,1203.0,1633.0,1961.0,693.0,2226.0,467.0,23.809523809523807,35.33911269760326,42.32934553131598,0900600010109,19.40586728,-99.05808323,2,2,False,False,False
09,006,Iztacalco,0001,0128,5499,2899.0,177.0,202.0,2413.0,498.0,2520.0,49.0,1022.0,1493.0,1625.0,657.0,1915.0,379.0,22.349869451697128,40.43076923076923,40.55555555555556,0900600010128,19.40281217,-99.06388152,5,5,False,False,False
09,006,Iztacalco,0001,0132,4303,2225.0,117.0,134.0,1871.0,421.0,1950.0,31.0,806.0,1139.0,1341.0,533.0,1450.0,251.0,19.448275862068964,39.74645786726324,41.333333333333336,0900600010132,19.40098774,-99.10322486,4,4,False,False,False
09,006,Iztacalco,0001,0166,2473,1244.0,75.0,73.0,1055.0,210.0,1096.0,25.0,476.0,619.0,761.0,262.0,845.0,148.0,20.473372781065088,34.42838370565046,43.43065693430657,0900600010166,19.40527507,-99.08058909,1,1,False,False,False
09,006,Iztacalco,0001,0170,2014,1051.0,70.0,66.0,894.0,204.0,925.0,32.0,462.0,462.0,570.0,228.0,690.0,136.0,24.347826086956523,40.0,49.945945945945944,0900600010170,19.40138665,-99.07934437,1,1,True,False,False
09,006,Iztacalco,0001,0185,10395,5447.0,373.0,420.0,4421.0,597.0,4641.0,67.0,1887.0,2743.0,3446.0,1392.0,3824.0,793.0,22.489539748953973,40.3946604759141,40.65934065934066,0900600010185,19.40344425,-99.07590292500001,2,2,False,False,False
09,006,Iztacalco,0001,019A,2185,1166.0,54.0,61.0,982.0,248.0,1024.0,31.0,492.0,531.0,663.0,270.0,734.0,115.0,19.891008174386922,40.723981900452486,48.046875,090060001019A,19.402525,-99.070836915,3,3,False,False,False
09,006,Iztacalco,0001,0202,5819,3076.0,171.0,193.0,2533.0,601.0,2659.0,44.0,1246.0,1411.0,1691.0,642.0,1932.0,364.0,21.11801242236025,37.965700768775875,46.859721699887174,0900600010202,19.398651100000002,-99.064521405,5,5,False,False,False
09,006,Iztacalco,0001,0217,7652,3985.0,175.0,270.0,3367.0,708.0,3507.0,62.0,1584.0,1911.0,2303.0,968.0,2659.0,445.0,19.067318540804816,42.03213200173687,45.16680923866553,0900600010217,19.3943726,-99.06036418,5,5,False,False,False
09,006,Iztacalco,0001,0221,6103,2895.0,120.0,145.0,2561.0,678.0,2631.0,42.0,1006.0,1618.0,2079.0,914.0,1883.0,265.0,16.303770578863517,43.963443963443964,38.23641201064234,0900600010221,19.400995385,-99.13430159999999,3,4,False,False,False
09,006,Iztacalco,0001,0236,4221,2272.0,68.0,102.0,2006.0,613.0,2065.0,57.0,948.0,1116.0,1455.0,649.0,1393.0,170.0,16.295764536970566,44.60481099656358,45.907990314769975,0900600010236,19.40127245,-99.12689404,4,5,False,False,False
09,006,Iztacalco,0001,0240,2790,1481.0,85.0,79.0,1270.0,317.0,1308.0,27.0,515.0,791.0,987.0,419.0,953.0,164.0,20.041972717733472,42.45187436676798,39.37308868501529,0900600010240,19.3985284,-99.12918499,3,4,False,False,False
09,006,Iztacalco,0001,0255,7139,3742.0,204.0,269.0,3102.0,597.0,3226.0,73.0,1200.0,2024.0,2132.0,867.0,2505.0,473.0,21.79640718562874,40.66604127579737,37.197768133911964,0900600010255,19.40182505,-99.12278029,5,6,False,False,False
09,006,Iztacalco,0001,026A,3997,2101.0,132.0,143.0,1747.0,352.0,1823.0,32.0,711.0,1110.0,1218.0,550.0,1395.0,275.0,22.00716845878136,45.1559934318555,39.0016456390565,090060001026A,19.399091140000003,-99.11970098500001,2,2,False,False,False
09,006,Iztacalco,0001,0274,4869,2563.0,170.0,187.0,2113.0,483.0,2196.0,29.0,995.0,1199.0,1504.0,550.0,1630.0,357.0,23.680981595092025,36.569148936170215,45.309653916211296,0900600010274,19.40214705,-99.11769076,3,4,False,False,False
09,006,Iztacalco,0001,0289,1038,578.0,14.0,28.0,524.0,187.0,535.0,9.0,279.0,255.0,409.0,184.0,337.0,42.0,15.133531157270031,44.987775061124694,52.149532710280376,0900600010289,19.399627155,-99.114684495,3,3,False,False,False
09,006,Iztacalco,0001,0293,5556,2913.0,209.0,194.0,2445.0,496.0,2559.0,40.0,1006.0,1549.0,1662.0,671.0,1949.0,403.0,22.72960492560287,40.37304452466907,39.31223134036733,0900600010293,19.401335305,-99.110498425,4,4,False,False,False
09,006,Iztacalco,0001,0310,9912,5223.0,327.0,375.0,4280.0,777.0,4493.0,69.0,1823.0,2665.0,3104.0,1200.0,3503.0,702.0,22.009705966314588,38.659793814432994,40.57422657467171,0900600010310,19.39545024,-99.079383,2,2,False,False,False
09,006,Iztacalco,0001,0325,4283,2254.0,117.0,133.0,1913.0,528.0,1992.0,62.0,1020.0,964.0,1283.0,593.0,1385.0,250.0,22.52707581227437,46.21979734996103,51.204819277108435,0900600010325,19.39503126,-99.07489078,4,4,False,False,False
09,006,Iztacalco,0001,033A,4787,2532.0,113.0,152.0,2184.0,552.0,2260.0,48.0,1060.0,1200.0,1440.0,669.0,1632.0,265.0,19.17892156862745,46.458333333333336,46.902654867256636,090060001033A,19.39923797,-99.06974475,5,5,False,False,False
09,006,Iztacalco,0001,0344,3910,2055.0,94.0,137.0,1732.0,409.0,1811.0,53.0,849.0,960.0,1211.0,442.0,1323.0,231.0,21.466364323507182,36.498761354252686,46.880176697956934,0900600010344,19.39456019,-99.07165506,6,6,False,False,False
09,006,Iztacalco,0001,0359,6468,3449.0,171.0,221.0,2909.0,750.0,3023.0,54.0,1523.0,1499.0,1859.0,737.0,2159.0,392.0,20.657711903659102,39.64497041420118,50.38041680449884,0900600010359,19.39365827,-99.06731145,7,7,False,False,False
09,006,Iztacalco,0001,0363,5344,2792.0,154.0,174.0,2309.0,558.0,2421.0,60.0,1001.0,1413.0,1501.0,583.0,1751.0,328.0,22.158766419189035,38.84077281812125,41.34655101197852,0900600010363,19.39341385,-99.06259592,5,5,False,False,False
09,006,Iztacalco,0001,0378,2360,1183.0,64.0,80.0,999.0,241.0,1037.0,20.0,421.0,614.0,714.0,292.0,758.0,144.0,21.63588390501319,40.896358543417364,40.59787849566056,0900600010378,19.39383733,-99.13099253,4,5,False,False,False
09,006,Iztacalco,0001,0382,2840,1507.0,82.0,71.0,1297.0,322.0,1347.0,37.0,567.0,777.0,935.0,370.0,975.0,153.0,19.48717948717949,39.57219251336899,42.093541202672604,0900600010382,19.394191185,-99.128207285,4,5,False,False,False
09,006,Iztacalco,0001,0397,7901,4028.0,246.0,263.0,3348.0,695.0,3515.0,127.0,1438.0,2065.0,2257.0,889.0,2653.0,509.0,23.972860912174895,39.38856889676562,40.9103840682788,0900600010397,19.393878895,-99.124310605,2,2,False,False,False
09,006,Iztacalco,0001,0414,3190,1649.0,99.0,116.0,1368.0,280.0,1433.0,27.0,584.0,848.0,893.0,353.0,1088.0,215.0,22.24264705882353,39.52967525195968,40.75366364270761,0900600010414,19.395777945,-99.11173085,6,6,False,False,False
09,006,Iztacalco,0001,0429,2593,1372.0,77.0,83.0,1159.0,308.0,1198.0,26.0,536.0,662.0,732.0,271.0,851.0,160.0,21.856639247943598,37.02185792349727,44.74123539232053,0900600010429,19.39550714,-99.1088719,4,4,False,False,False
09,006,Iztacalco,0001,0433,2737,1419.0,81.0,86.0,1201.0,296.0,1258.0,21.0,565.0,691.0,750.0,363.0,905.0,167.0,20.773480662983427,48.4,44.912559618441975,0900600010433,19.39507691,-99.10643408,3,3,False,False,False
09,006,Iztacalco,0001,0448,2579,1363.0,82.0,77.0,1165.0,291.0,1207.0,31.0,551.0,655.0,684.0,280.0,874.0,159.0,21.73913043478261,40.93567251461988,45.650372825186416,0900600010448,19.39515585,-99.10395087,5,5,False,False,False
09,006,Iztacalco,0001,0452,1986,1044.0,63.0,45.0,897.0,224.0,917.0,21.0,407.0,509.0,571.0,242.0,673.0,108.0,19.167904903417536,42.38178633975482,44.38386041439477,0900600010452,19.39568334,-99.10215996,6,6,False,False,False
09,006,Iztacalco,0001,0471,3513,1878.0,76.0,110.0,1599.0,400.0,1671.0,31.0,779.0,889.0,888.0,361.0,1199.0,186.0,18.09841534612177,40.653153153153156,46.618791143028126,0900600010471,19.39474505,-99.094349815,5,5,False,False,False
09,006,Iztacalco,0001,0486,1631,858.0,40.0,50.0,724.0,177.0,754.0,41.0,339.0,415.0,446.0,181.0,547.0,90.0,23.948811700182816,40.582959641255606,44.96021220159151,0900600010486,19.39195032,-99.08905938,5,5,False,False,False
09,006,Iztacalco,0001,0490,3843,2061.0,89.0,110.0,1715.0,421.0,1801.0,43.0,836.0,961.0,1006.0,395.0,1294.0,199.0,18.701700154559507,39.264413518886684,46.41865630205441,0900600010490,19.39318733,-99.08563999,4,4,False,False,False
09,006,Iztacalco,0001,0503,4722,2518.0,118.0,145.0,2123.0,525.0,2200.0,57.0,990.0,1207.0,1360.0,598.0,1598.0,263.0,20.02503128911139,43.970588235294116,45.0,0900600010503,19.3919213,-99.08457901,3,3,False,False,False
09,006,Iztacalco,0001,0518,5337,2817.0,154.0,193.0,2370.0,592.0,2465.0,63.0,1176.0,1286.0,1645.0,721.0,1778.0,347.0,23.059617547806525,43.829787234042556,47.7079107505071,0900600010518,19.390754665,-99.07542878,5,5,False,False,False
09,006,Iztacalco,0001,0522,3376,1808.0,95.0,103.0,1533.0,401.0,1584.0,31.0,785.0,794.0,983.0,472.0,1132.0,198.0,20.229681978798585,48.01627670396745,49.55808080808081,0900600010522,19.38831156,-99.07238733,5,5,False,False,False
09,006,Iztacalco,0001,0537,4131,2178.0,113.0,126.0,1855.0,485.0,1917.0,49.0,897.0,1019.0,1180.0,528.0,1370.0,239.0,21.021897810218977,44.74576271186441,46.79186228482003,0900600010537,19.38777004,-99.070229035,4,4,False,False,False
09,006,Iztacalco,0001,0541,3564,1857.0,92.0,119.0,1570.0,422.0,1635.0,49.0,841.0,793.0,1028.0,408.0,1148.0,211.0,22.64808362369338,39.688715953307394,51.43730886850153,0900600010541,19.388036465,-99.06693228,5,5,False,False,False
09,006,Iztacalco,0001,0556,4808,2519.0,137.0,163.0,2103.0,484.0,2198.0,65.0,1031.0,1164.0,1288.0,484.0,1619.0,300.0,22.544780728844966,37.577639751552795,46.90627843494086,0900600010556,19.38767801,-99.06436535,5,5,False,False,False
09,006,Iztacalco,0001,0575,6876,3587.0,211.0,258.0,2939.0,656.0,3099.0,53.0,1453.0,1643.0,1915.0,774.0,2283.0,469.0,22.864651773981603,40.4177545691906,46.886092287834785,0900600010575,19.39367817,-99.1170748,5,5,False,False,False
09,006,Iztacalco,0001,058A,4801,2495.0,134.0,185.0,2052.0,454.0,2143.0,55.0,902.0,1240.0,1254.0,488.0,1598.0,319.0,23.404255319148938,38.91547049441787,42.09052729818012,090060001058A,19.39011885,-99.11511186,3,3,False,False,False
09,006,Iztacalco,0001,0594,2900,1510.0,68.0,90.0,1257.0,267.0,1321.0,17.0,606.0,709.0,749.0,276.0,990.0,158.0,17.67676767676768,36.849132176234974,45.87433762301287,0900600010594,19.38977567,-99.111977535,3,3,False,False,False
09,006,Iztacalco,0001,0607,7114,3693.0,225.0,245.0,3082.0,682.0,3198.0,59.0,1419.0,1775.0,1999.0,785.0,2400.0,470.0,22.041666666666668,39.26963481740871,44.371482176360225,0900600010607,19.392072675,-99.11037722,4,4,False,False,False
09,006,Iztacalco,0001,0611,5465,2850.0,143.0,190.0,2350.0,604.0,2454.0,55.0,1184.0,1269.0,1513.0,577.0,1746.0,333.0,22.22222222222222,38.13615333773959,48.24775876120619,0900600010611,19.39364061,-99.10572743,3,3,False,False,False
09,006,Iztacalco,0001,0626,1985,1077.0,64.0,65.0,884.0,208.0,932.0,47.0,439.0,493.0,497.0,241.0,676.0,129.0,26.035502958579883,48.49094567404427,47.103004291845494,0900600010626,19.38851951,-99.10628578,7,8,True,False,False
09,006,Iztacalco,0001,0630,2680,1400.0,63.0,78.0,1179.0,305.0,1233.0,16.0,590.0,640.0,723.0,315.0,874.0,141.0,17.96338672768879,43.56846473029046,47.850770478507705,0900600010630,19.39330135,-99.10172285499999,8,8,False,False,False
09,006,Iztacalco,0001,0645,2127,1103.0,66.0,67.0,908.0,215.0,947.0,16.0,466.0,478.0,562.0,236.0,693.0,133.0,21.5007215007215,41.99288256227758,49.208025343189014,0900600010645,19.38921453,-99.10250987,6,7,False,False,False
09,006,Iztacalco,0001,065A,2015,1055.0,52.0,74.0,880.0,229.0,923.0,19.0,453.0,468.0,519.0,203.0,651.0,126.0,22.27342549923195,39.113680154142585,49.07908992416034,090060001065A,19.39021726,-99.10109902,7,8,False,False,False
09,006,Iztacalco,0001,0664,3851,2056.0,82.0,87.0,1767.0,497.0,1844.0,29.0,877.0,964.0,1090.0,445.0,1270.0,169.0,15.590551181102363,40.825688073394495,47.55965292841648,0900600010664,19.388680075,-99.10368263999999,5,6,False,False,False
09,006,Iztacalco,0001,0679,2575,1367.0,88.0,91.0,1122.0,258.0,1180.0,33.0,584.0,593.0,707.0,308.0,864.0,179.0,24.537037037037038,43.56435643564357,49.49152542372882,0900600010679,19.39219953,-99.09828826,6,6,True,False,False
09,006,Iztacalco,0001,0683,4346,2261.0,135.0,176.0,1870.0,371.0,1976.0,53.0,846.0,1130.0,1191.0,479.0,1499.0,311.0,24.28285523682455,40.218303946263646,42.81376518218624,0900600010683,19.388715795,-99.098723065,6,7,True,False,False
09,006,Iztacalco,0001,0698,3033,1572.0,98.0,129.0,1264.0,292.0,1334.0,36.0,622.0,709.0,810.0,348.0,972.0,227.0,27.05761316872428,42.96296296296296,46.62668665667166,0900600010698,19.39163197,-99.09639563,6,6,True,False,False
09,006,Iztacalco,0001,0700,3686,1939.0,109.0,130.0,1583.0,338.0,1649.0,55.0,810.0,836.0,932.0,379.0,1245.0,239.0,23.6144578313253,40.66523605150215,49.12067919951485,0900600010700,19.38771256,-99.09620036,6,7,False,False,False
09,006,Iztacalco,0001,0715,2275,1211.0,70.0,104.0,990.0,244.0,1033.0,28.0,392.0,638.0,607.0,253.0,746.0,174.0,27.07774798927614,41.680395387149915,37.947725072604065,0900600010715,19.39105152,-99.09451512,6,6,True,False,False
09,006,Iztacalco,0001,072A,2520,1304.0,76.0,72.0,1106.0,252.0,1155.0,32.0,543.0,611.0,618.0,316.0,854.0,148.0,21.07728337236534,51.1326860841424,47.01298701298701,090060001072A,19.3916207,-99.09315458,6,6,False,False,False
09,006,Iztacalco,0001,0734,2950,1553.0,109.0,102.0,1279.0,293.0,1330.0,30.0,578.0,752.0,798.0,416.0,986.0,211.0,24.442190669371197,52.130325814536334,43.45864661654135,0900600010734,19.38952369,-99.09160727,6,6,True,False,False
09,006,Iztacalco,0001,0749,2692,1476.0,44.0,59.0,1346.0,469.0,1377.0,26.0,625.0,750.0,894.0,383.0,877.0,103.0,14.709236031927023,42.84116331096197,45.38852578068264,0900600010749,19.388208815,-99.13190757500001,3,6,False,False,False
09,006,Iztacalco,0001,0753,2113,1136.0,47.0,42.0,1000.0,313.0,1033.0,38.0,500.0,531.0,626.0,245.0,687.0,89.0,18.486171761280932,39.13738019169329,48.4027105517909,0900600010753,19.38903266,-99.12784803,3,6,False,False,False
09,006,Iztacalco,0001,0768,2016,1049.0,58.0,68.0,867.0,224.0,920.0,30.0,412.0,508.0,566.0,217.0,643.0,126.0,24.261275272161743,38.33922261484099,44.78260869565218,0900600010768,19.38855299,-99.12625963,3,6,True,False,False
09,006,Iztacalco,0001,0772,1971,1044.0,38.0,45.0,927.0,271.0,949.0,24.0,468.0,481.0,649.0,281.0,656.0,83.0,16.3109756097561,43.29738058551618,49.31506849315068,0900600010772,19.38708187,-99.12243330000001,4,6,False,False,False
09,006,Iztacalco,0001,0787,4868,2595.0,125.0,160.0,2157.0,538.0,2251.0,76.0,1056.0,1192.0,1244.0,546.0,1619.0,285.0,22.297714638665845,43.89067524115756,46.912483340737445,0900600010787,19.38959057,-99.12139831,3,3,False,False,False
09,006,Iztacalco,0001,0791,1795,904.0,53.0,57.0,744.0,162.0,794.0,13.0,354.0,439.0,488.0,204.0,582.0,110.0,21.1340206185567,41.80327868852459,44.584382871536526,0900600010791,19.38819995,-99.11703975,2,2,False,False,False
09,006,Iztacalco,0001,0804,4824,2499.0,153.0,176.0,2031.0,421.0,2137.0,42.0,953.0,1182.0,881.0,423.0,1610.0,329.0,23.043478260869566,48.01362088535755,44.595226953673375,0900600010804,19.38386663,-99.11559901,4,4,False,False,False
09,006,Iztacalco,0001,0823,3361,1813.0,67.0,62.0,1591.0,489.0,1655.0,33.0,840.0,815.0,955.0,370.0,1102.0,129.0,14.700544464609798,38.7434554973822,50.755287009063444,0900600010823,19.38654367,-99.10962373,5,7,False,False,False
09,006,Iztacalco,0001,0838,2924,1574.0,42.0,65.0,1404.0,427.0,1442.0,50.0,506.0,929.0,849.0,380.0,977.0,107.0,16.069600818833162,44.7585394581861,35.09015256588072,0900600010838,19.385823345,-99.10588969,5,7,False,False,False
09,006,Iztacalco,0001,0842,2068,1112.0,50.0,47.0,975.0,292.0,1005.0,36.0,512.0,493.0,619.0,282.0,683.0,97.0,19.472913616398245,45.55735056542811,50.94527363184079,0900600010842,19.38432575,-99.10100897,3,5,False,False,False
09,006,Iztacalco,0001,0876,1859,1012.0,38.0,34.0,917.0,305.0,940.0,28.0,484.0,456.0,595.0,250.0,612.0,72.0,16.33986928104575,42.016806722689076,51.48936170212765,0900600010876,19.384298875,-99.13326844,4,8,False,False,False
09,006,Iztacalco,0001,0880,1783,981.0,31.0,39.0,888.0,315.0,910.0,35.0,431.0,479.0,581.0,222.0,573.0,70.0,18.32460732984293,38.209982788296045,47.36263736263736,0900600010880,19.38302964,-99.1309007,4,8,False,False,False
09,006,Iztacalco,0001,0895,2428,1325.0,47.0,47.0,1181.0,417.0,1226.0,46.0,616.0,607.0,746.0,306.0,764.0,94.0,18.32460732984293,41.01876675603217,50.24469820554649,0900600010895,19.38330604,-99.12482717,3,5,False,False,False
09,006,Iztacalco,0001,0908,1288,695.0,27.0,35.0,603.0,160.0,623.0,6.0,271.0,352.0,417.0,186.0,443.0,62.0,15.349887133182843,44.60431654676259,43.4991974317817,0900600010908,19.38491151,-99.12393503,4,6,False,False,False
09,006,Iztacalco,0001,0927,2727,1427.0,60.0,67.0,1234.0,360.0,1283.0,22.0,588.0,694.0,790.0,338.0,874.0,127.0,17.048054919908466,42.78481012658228,45.83008573655495,0900600010927,19.382653275,-99.10898732,3,5,False,False,False
09,006,Iztacalco,0001,0931,2852,1508.0,47.0,71.0,1327.0,381.0,1362.0,23.0,663.0,698.0,904.0,365.0,946.0,118.0,14.904862579281183,40.376106194690266,48.6784140969163,0900600010931,19.38280563,-99.10672578,4,6,False,False,False
09,006,Iztacalco,0001,0946,2334,1256.0,50.0,68.0,1108.0,341.0,1138.0,21.0,563.0,573.0,732.0,315.0,767.0,118.0,18.122555410691003,43.0327868852459,49.47275922671353,0900600010946,19.38271748,-99.10131383000001,3,5,False,False,False
09,006,Iztacalco,0001,0950,2296,1265.0,27.0,40.0,1165.0,456.0,1189.0,29.0,578.0,610.0,782.0,359.0,709.0,67.0,13.540197461212976,45.907928388746804,48.61227922624054,0900600010950,19.37875554,-99.134324975,2,5,False,False,False
09,006,Iztacalco,0001,0965,1629,851.0,25.0,24.0,780.0,274.0,800.0,20.0,391.0,408.0,551.0,230.0,506.0,49.0,13.636363636363635,41.74228675136116,48.875,0900600010965,19.378838375,-99.12856636999999,2,5,False,False,False
09,006,Iztacalco,0001,097A,1528,853.0,29.0,22.0,767.0,287.0,784.0,20.0,404.0,380.0,491.0,228.0,480.0,51.0,14.791666666666666,46.435845213849284,51.53061224489795,090060001097A,19.378159995,-99.12669949,2,5,False,False,False
09,006,Iztacalco,0001,0984,1628,877.0,22.0,35.0,804.0,291.0,822.0,30.0,425.0,396.0,560.0,236.0,513.0,57.0,16.95906432748538,42.142857142857146,51.70316301703163,0900600010984,19.377120599999998,-99.12277223999999,2,5,False,False,False
09,006,Iztacalco,0001,0999,928,482.0,14.0,18.0,426.0,118.0,440.0,16.0,199.0,241.0,265.0,102.0,308.0,32.0,15.584415584415584,38.49056603773585,45.22727272727273,0900600010999,19.38962937,-99.06214168,6,6,False,False,False
09,006,Iztacalco,0001,1003,2550,1332.0,60.0,65.0,1146.0,309.0,1184.0,46.0,542.0,642.0,741.0,239.0,837.0,125.0,20.43010752688172,32.25371120107962,45.77702702702703,0900600011003,19.38608273,-99.06231753,4,4,False,False,False
09,006,Iztacalco,0001,1018,2119,1103.0,43.0,57.0,936.0,213.0,978.0,11.0,441.0,530.0,572.0,254.0,723.0,100.0,15.352697095435685,44.40559440559441,45.0920245398773,0900600011018,19.38844602,-99.091128535,6,6,False,False,False
09,006,Iztacalco,0001,1022,2024,1094.0,52.0,58.0,937.0,253.0,966.0,27.0,434.0,531.0,541.0,220.0,684.0,110.0,20.029239766081872,40.66543438077634,44.927536231884055,0900600011022,19.38365099,-99.06337469,1,2,False,False,False
09,006,Iztacalco,0001,1037,2212,1125.0,53.0,80.0,952.0,215.0,994.0,31.0,341.0,651.0,444.0,148.0,737.0,133.0,22.25237449118046,33.33333333333333,34.30583501006036,0900600011037,19.386276105,-99.09577834000001,5,6,False,False,False
09,006,Iztacalco,0001,1041,4529,2374.0,128.0,181.0,1946.0,426.0,2063.0,39.0,984.0,1078.0,968.0,459.0,1520.0,309.0,22.894736842105264,47.417355371900825,47.69752787203102,0900600011041,19.38679433,-99.11327791,5,5,False,False,False
09,006,Iztacalco,0001,1056,4258,2239.0,121.0,170.0,1818.0,332.0,1914.0,40.0,802.0,1108.0,1062.0,454.0,1486.0,291.0,22.27456258411844,42.749529190207156,41.901776384535005,0900600011056,19.3823167,-99.11896547,2,4,False,False,False
09,006,Iztacalco,0001,1060,3704,1952.0,144.0,145.0,1559.0,321.0,1644.0,30.0,805.0,836.0,906.0,359.0,1238.0,289.0,25.767366720516964,39.624724061810156,48.96593673965937,0900600011060,19.38381621,-99.11824022,2,2,True,False,False
09,006,Iztacalco,0001,1075,2887,1527.0,74.0,86.0,1256.0,288.0,1324.0,22.0,554.0,768.0,575.0,251.0,968.0,160.0,18.801652892561986,43.65217391304348,41.842900302114806,0900600011075,19.38340542,-99.11290395,4,5,False,False,False
09,006,Iztacalco,0001,108A,4564,2316.0,135.0,176.0,1882.0,365.0,1993.0,45.0,922.0,1067.0,1026.0,392.0,1517.0,311.0,23.467369808833226,38.20662768031189,46.261916708479674,090060001108A,19.382742020000002,-99.09575602999999,2,3,False,False,False
09,006,Iztacalco,0001,1094,4236,2263.0,120.0,113.0,1960.0,410.0,2022.0,24.0,865.0,1151.0,1430.0,593.0,1550.0,233.0,16.580645161290324,41.46853146853147,42.77942631058358,0900600011094,19.398809565,-99.09550764,5,5,False,False,False
09,006,Iztacalco,0001,1107,4414,2324.0,128.0,155.0,1949.0,369.0,2022.0,35.0,796.0,1225.0,1342.0,571.0,1580.0,283.0,20.126582278481013,42.54843517138599,39.366963402571706,0900600011107,19.39799471,-99.092542635,4,4,False,False,False
09,006,Iztacalco,0001,1111,1413,784.0,31.0,41.0,698.0,226.0,719.0,10.0,337.0,382.0,494.0,233.0,472.0,72.0,17.372881355932204,47.16599190283401,46.87065368567455,0900600011111,19.395807935,-99.12075953499999,3,3,False,False,False
09,006,Iztacalco,0001,1126,5768,2964.0,170.0,195.0,2470.0,459.0,2580.0,71.0,951.0,1621.0,1757.0,682.0,2011.0,365.0,21.680755842864247,38.816163915765515,36.860465116279066,0900600011126,19.39630591,-99.11687969,3,3,False,False,False
09,006,Iztacalco,0001,1130,3560,1794.0,120.0,128.0,1463.0,273.0,1535.0,27.0,700.0,831.0,775.0,294.0,1190.0,248.0,23.10924369747899,37.93548387096774,45.60260586319218,0900600011130,19.385020519999998,-99.09737851,3,4,False,False,False
09,006,Iztacalco,0001,115A,2063,1063.0,67.0,73.0,840.0,171.0,893.0,11.0,420.0,470.0,540.0,198.0,669.0,140.0,22.57100149476831,36.666666666666664,47.03247480403135,090060001115A,19.38078432,-99.097615015,1,3,False,False,False
09,006,Iztacalco,0001,1164,915,487.0,31.0,36.0,381.0,81.0,417.0,8.0,208.0,207.0,214.0,84.0,300.0,67.0,25.0,39.25233644859813,49.88009592326139,0900600011164,19.38210401,-99.09969167,3,5,True,False,False
09,006,Iztacalco,0001,1179,8203,4212.0,275.0,319.0,3449.0,510.0,3621.0,58.0,1489.0,2126.0,2650.0,1077.0,2939.0,594.0,22.18441646818646,40.64150943396226,41.12123722728528,0900600011179,19.41060395,-99.06625711000001,3,6,False,False,False
09,006,Iztacalco,0001,1183,2241,1245.0,53.0,104.0,1022.0,218.0,1066.0,14.0,429.0,637.0,676.0,356.0,804.0,157.0,21.26865671641791,52.662721893491124,40.243902439024396,0900600011183,19.40658349,-99.06582594,2,4,False,False,False
09,006,Iztacalco,0001,1198,2099,1074.0,67.0,81.0,903.0,229.0,943.0,4.0,407.0,535.0,685.0,295.0,674.0,148.0,22.551928783382788,43.06569343065693,43.16012725344645,0900600011198,19.40768928,-99.07253473,3,6,False,False,False
09,006,Iztacalco,0001,1200,4449,2349.0,113.0,165.0,1978.0,426.0,2071.0,43.0,907.0,1160.0,1430.0,594.0,1552.0,278.0,20.682989690721648,41.53846153846154,43.79526798647996,0900600011200,19.409858415000002,-99.06990162,4,7,False,False,False
09,007,Iztapalapa,0001,0017,5868,3086.0,207.0,211.0,2533.0,448.0,2660.0,35.0,1108.0,1549.0,1649.0,690.0,2085.0,418.0,21.72661870503597,41.84354154032747,41.65413533834587,0900700010017,19.39802437,-99.05446616,1,1,False,False,False
09,007,Iztapalapa,0001,0021,7518,3946.0,217.0,252.0,3219.0,650.0,3391.0,87.0,1600.0,1787.0,2288.0,870.0,2569.0,469.0,21.64266251459712,38.02447552447553,47.18372161604247,0900700010021,19.39319549,-99.0566596,4,4,False,False,False
09,007,Iztapalapa,0001,0036,10273,5418.0,278.0,321.0,4565.0,855.0,4774.0,107.0,2095.0,2672.0,3130.0,1195.0,3710.0,599.0,19.02964959568733,38.17891373801917,43.88353581901969,0900700010036,19.38846088,-99.05227018,3,4,False,False,False
09,007,Iztapalapa,0001,0040,3860,2059.0,88.0,117.0,1716.0,445.0,1794.0,39.0,905.0,886.0,1080.0,455.0,1271.0,205.0,19.19748229740362,42.129629629629626,50.44593088071348,0900700010040,19.39388566,-99.04633461,4,4,False,False,False
09,007,Iztapalapa,0001,0055,3701,2004.0,57.0,83.0,1789.0,611.0,1851.0,37.0,951.0,899.0,1196.0,563.0,1178.0,140.0,15.025466893039049,47.07357859531773,51.3776337115073,0900700010055,19.3894121,-99.08314086,2,2,False,False,False
09,007,Iztapalapa,0001,006A,2957,1566.0,55.0,115.0,1316.0,310.0,1372.0,34.0,677.0,690.0,771.0,322.0,1006.0,170.0,20.278330019880716,41.76394293125811,49.34402332361516,090070001006A,19.387110395,-99.05815497,4,5,False,False,False
09,007,Iztapalapa,0001,0074,2480,1309.0,86.0,91.0,1066.0,266.0,1124.0,16.0,594.0,529.0,657.0,250.0,800.0,177.0,24.125,38.051750380517504,52.84697508896797,0900700010074,19.39122586,-99.04732867,4,5,True,False,False
09,007,Iztapalapa,0001,0089,2144,1140.0,46.0,53.0,989.0,245.0,1029.0,28.0,483.0,545.0,656.0,278.0,744.0,99.0,17.06989247311828,42.3780487804878,46.93877551020408,0900700010089,19.39224457,-99.04349758,3,4,False,False,False
09,007,Iztapalapa,0001,0093,1677,870.0,29.0,45.0,754.0,264.0,784.0,12.0,430.0,354.0,508.0,176.0,490.0,74.0,17.551020408163264,34.645669291338585,54.8469387755102,0900700010093,19.38793064,-99.08728037,4,4,False,False,False
09,007,Iztapalapa,0001,0106,1524,817.0,24.0,33.0,725.0,207.0,739.0,10.0,414.0,322.0,473.0,202.0,518.0,57.0,12.934362934362934,42.706131078224104,56.021650879566984,0900700010106,19.389209765,-99.08619033,4,4,False,False,False
09,007,Iztapalapa,0001,0110,1932,1027.0,36.0,40.0,923.0,331.0,942.0,14.0,452.0,490.0,677.0,282.0,592.0,76.0,15.202702702702704,41.65435745937962,47.983014861995755,0900700010110,19.38735868,-99.08235269,2,2,False,False,False
09,007,Iztapalapa,0001,013A,2880,1565.0,78.0,92.0,1296.0,288.0,1369.0,25.0,634.0,735.0,820.0,392.0,1008.0,170.0,19.345238095238095,47.80487804878049,46.31117604090577,090070001013A,19.38614696,-99.05634825,3,4,False,False,False
09,007,Iztapalapa,0001,0144,1855,1015.0,50.0,66.0,885.0,230.0,908.0,24.0,437.0,470.0,516.0,250.0,655.0,116.0,21.374045801526716,48.44961240310077,48.12775330396476,0900700010144,19.38733499,-99.04964549,4,6,False,False,False
09,007,Iztapalapa,0001,0178,2948,1540.0,64.0,82.0,1324.0,345.0,1376.0,37.0,652.0,720.0,890.0,367.0,979.0,146.0,18.692543411644536,41.235955056179776,47.383720930232556,0900700010178,19.387721535,-99.03584499,1,2,False,False,False
09,007,Iztapalapa,0001,0182,2946,1561.0,45.0,76.0,1354.0,384.0,1410.0,19.0,758.0,651.0,921.0,377.0,970.0,121.0,14.432989690721648,40.933767643865366,53.758865248226954,0900700010182,19.384538645,-99.08966524,4,4,False,False,False
09,007,Iztapalapa,0001,0197,2762,1511.0,45.0,53.0,1346.0,424.0,1392.0,31.0,692.0,699.0,890.0,356.0,922.0,98.0,13.99132321041215,40.0,49.712643678160916,0900700010197,19.38384268,-99.085026505,2,2,False,False,False
09,007,Iztapalapa,0001,0214,6202,3206.0,188.0,244.0,2600.0,464.0,2743.0,88.0,1353.0,1389.0,1622.0,641.0,2136.0,432.0,24.344569288389515,39.519112207151665,49.32555596062705,0900700010214,19.37946355,-99.06367761499999,0,1,True,False,True
09,007,Iztapalapa,0001,0233,1933,1034.0,48.0,56.0,863.0,220.0,906.0,13.0,438.0,466.0,528.0,226.0,643.0,104.0,18.195956454121305,42.803030303030305,48.34437086092716,0900700010233,19.38125719,-99.0537156,3,5,False,False,False
09,007,Iztapalapa,0001,0248,1549,824.0,25.0,48.0,704.0,184.0,737.0,17.0,408.0,326.0,425.0,156.0,520.0,73.0,17.307692307692307,36.705882352941174,55.359565807327,0900700010248,19.38248945,-99.05154643,4,6,False,False,False
09,007,Iztapalapa,0001,0252,3188,1669.0,89.0,100.0,1392.0,335.0,1456.0,39.0,633.0,820.0,829.0,369.0,1057.0,189.0,21.570482497634817,44.51145958986731,43.47527472527473,0900700010252,19.38472435,-99.05048569,4,6,False,False,False
09,007,Iztapalapa,0001,0271,4150,2218.0,94.0,121.0,1875.0,430.0,1962.0,48.0,912.0,1049.0,1198.0,520.0,1445.0,215.0,18.200692041522494,43.40567612687813,46.48318042813456,0900700010271,19.38423747,-99.02712536499999,1,1,False,False,False
09,007,Iztapalapa,0001,0286,2480,1323.0,66.0,79.0,1108.0,318.0,1151.0,38.0,582.0,568.0,664.0,289.0,790.0,145.0,23.16455696202532,43.52409638554217,50.56472632493484,0900700010286,19.38353972,-99.03541233,2,3,False,False,False
09,007,Iztapalapa,0001,0290,1588,788.0,29.0,40.0,672.0,186.0,701.0,15.0,388.0,313.0,436.0,164.0,486.0,69.0,17.28395061728395,37.61467889908257,55.349500713266764,0900700010290,19.3811004,-99.03496962,3,5,False,False,False
09,007,Iztapalapa,0001,0303,1103,588.0,19.0,38.0,479.0,129.0,500.0,11.0,269.0,231.0,299.0,141.0,350.0,57.0,19.428571428571427,47.15719063545151,53.800000000000004,0900700010303,19.38135703,-99.03636741,2,4,False,False,False
09,007,Iztapalapa,0001,0318,3528,2048.0,69.0,102.0,1764.0,425.0,1837.0,18.0,960.0,873.0,927.0,335.0,1339.0,171.0,14.115011202389843,36.13807982740022,52.2591181273816,0900700010318,19.383230245,-99.02407296999999,1,1,False,False,False
09,007,Iztapalapa,0001,0322,4540,2405.0,92.0,135.0,2064.0,514.0,2149.0,42.0,967.0,1182.0,1332.0,475.0,1550.0,227.0,17.35483870967742,35.66066066066066,44.997673336435554,0900700010322,19.38001188,-99.12018107,2,5,False,False,False
09,007,Iztapalapa,0001,0337,5329,2761.0,138.0,206.0,2292.0,483.0,2386.0,30.0,1086.0,1295.0,1559.0,607.0,1809.0,344.0,20.674405749032616,38.93521488133419,45.51550712489522,0900700010337,19.3796148,-99.11700175,2,3,False,False,False
09,007,Iztapalapa,0001,0356,5122,2637.0,157.0,164.0,2229.0,460.0,2319.0,93.0,965.0,1352.0,1458.0,640.0,1769.0,321.0,23.403052572074618,43.895747599451305,41.61276412246658,0900700010356,19.37800549,-99.11107763,2,6,False,False,False
09,007,Iztapalapa,0001,0360,5255,2717.0,152.0,173.0,2237.0,416.0,2342.0,28.0,935.0,1402.0,1491.0,598.0,1821.0,325.0,19.384953322350356,40.10731052984574,39.92314261315115,0900700010360,19.375701865,-99.1110333,2,5,False,False,False
09,007,Iztapalapa,0001,0375,6884,3573.0,168.0,230.0,3014.0,632.0,3150.0,70.0,1294.0,1839.0,1571.0,627.0,2382.0,398.0,19.64735516372796,39.91088478676003,41.079365079365076,0900700010375,19.378644575,-99.104513775,2,4,False,False,False
09,007,Iztapalapa,0001,038A,5123,2653.0,164.0,179.0,2183.0,474.0,2290.0,52.0,1187.0,1094.0,1344.0,453.0,1709.0,343.0,23.112931538911642,33.705357142857146,51.83406113537118,090070001038A,19.37471945,-99.10352790499999,2,5,False,False,False
09,007,Iztapalapa,0001,0407,6972,3575.0,267.0,273.0,2793.0,472.0,2981.0,68.0,1472.0,1507.0,1780.0,565.0,2321.0,540.0,26.195605342524775,31.741573033707866,49.37940288493794,0900700010407,19.3781391,-99.07566896,0,0,True,True,True
09,007,Iztapalapa,0001,0411,4975,2591.0,169.0,232.0,2047.0,358.0,2162.0,60.0,900.0,1252.0,1295.0,447.0,1689.0,401.0,27.29425695677916,34.51737451737451,41.62812210915819,0900700010411,19.377677765,-99.07084395000001,0,1,True,False,True
09,007,Iztapalapa,0001,0426,8211,4213.0,287.0,306.0,3404.0,679.0,3590.0,89.0,1652.0,1935.0,2134.0,752.0,2725.0,593.0,25.027522935779817,35.23898781630741,46.01671309192201,0900700010426,19.37378384,-99.06856333,0,1,True,False,True
09,007,Iztapalapa,0001,0445,3848,2046.0,124.0,142.0,1649.0,375.0,1728.0,38.0,850.0,876.0,1073.0,460.0,1274.0,266.0,23.861852433281005,42.87045666356011,49.18981481481482,0900700010445,19.37736653,-99.03500454,2,3,False,False,False
09,007,Iztapalapa,0001,0464,4863,2511.0,130.0,199.0,2013.0,357.0,2123.0,21.0,893.0,1222.0,1381.0,502.0,1656.0,329.0,21.135265700483092,36.35047067342506,42.06311822892134,0900700010464,19.37397504,-99.02478399,1,2,False,False,False
09,007,Iztapalapa,0001,0479,4554,2379.0,148.0,189.0,1929.0,354.0,2028.0,55.0,998.0,1028.0,1263.0,406.0,1575.0,337.0,24.88888888888889,32.145684877276324,49.21104536489152,0900700010479,19.380217934999997,-99.019288165,1,1,True,False,False
09,007,Iztapalapa,0001,0483,6782,3684.0,127.0,167.0,3197.0,823.0,3340.0,50.0,1411.0,1925.0,2270.0,1053.0,2374.0,294.0,14.490311710193765,46.38766519823789,42.24550898203593,0900700010483,19.372974225,-99.13073346,2,4,False,False,False
09,007,Iztapalapa,0001,0498,5441,2879.0,127.0,152.0,2474.0,602.0,2580.0,43.0,1167.0,1409.0,1676.0,817.0,1872.0,279.0,17.200854700854702,48.747016706443915,45.23255813953489,0900700010498,19.37094668,-99.13525499,2,4,False,False,False
09,007,Iztapalapa,0001,0500,6227,3363.0,143.0,164.0,2882.0,768.0,2977.0,55.0,1294.0,1677.0,2020.0,857.0,2114.0,307.0,17.123935666982025,42.42574257425743,43.46657709103124,0900700010500,19.372433954999998,-99.12819164999999,2,4,False,False,False
09,007,Iztapalapa,0001,0515,7149,3869.0,152.0,187.0,3364.0,914.0,3478.0,58.0,1398.0,2075.0,2328.0,1036.0,2450.0,339.0,16.20408163265306,44.50171821305842,40.195514663599766,0900700010515,19.371432425000002,-99.12476802,2,5,False,False,False
09,007,Iztapalapa,0001,0534,4645,2459.0,98.0,123.0,2119.0,565.0,2207.0,43.0,1093.0,1111.0,1372.0,613.0,1554.0,221.0,16.988416988416986,44.67930029154519,49.524241051200725,0900700010534,19.371455785000002,-99.111258605,2,5,False,False,False
09,007,Iztapalapa,0001,0553,5795,2948.0,204.0,229.0,2393.0,502.0,2514.0,63.0,1196.0,1315.0,1573.0,530.0,1891.0,433.0,26.229508196721312,33.693579148124606,47.573587907716785,0900700010553,19.37065543,-99.07552746,0,0,True,True,True
09,007,Iztapalapa,0001,0568,5839,3080.0,160.0,192.0,2598.0,645.0,2701.0,79.0,1256.0,1443.0,1698.0,743.0,1953.0,352.0,22.06861239119304,43.75736160188457,46.501295816364305,0900700010568,19.36957626,-99.07173634,0,0,False,False,False
09,007,Iztapalapa,0001,0572,5325,2730.0,166.0,185.0,2202.0,435.0,2314.0,48.0,985.0,1327.0,1445.0,431.0,1767.0,351.0,22.58064516129032,29.826989619377166,42.566983578219535,0900700010572,19.36657893,-99.06875871,0,0,False,False,False
09,007,Iztapalapa,0001,0587,2637,1420.0,88.0,100.0,1161.0,253.0,1215.0,27.0,619.0,595.0,763.0,360.0,908.0,188.0,23.6784140969163,47.182175622542594,50.946502057613166,0900700010587,19.370764790000003,-99.033278395,3,4,False,False,False
09,007,Iztapalapa,0001,0591,3807,2026.0,101.0,123.0,1702.0,415.0,1779.0,11.0,801.0,971.0,1120.0,452.0,1287.0,224.0,18.25951825951826,40.35714285714286,45.02529510961214,0900700010591,19.36924947,-99.03139068,4,5,False,False,False
09,007,Iztapalapa,0001,0604,3653,1923.0,119.0,143.0,1568.0,351.0,1653.0,24.0,807.0,842.0,935.0,420.0,1217.0,262.0,23.500410846343467,44.919786096256686,48.82032667876588,0900700010604,19.37003991,-99.02740157,3,4,False,False,False
09,007,Iztapalapa,0001,0619,5610,2856.0,179.0,219.0,2317.0,406.0,2447.0,67.0,1055.0,1390.0,1627.0,632.0,1911.0,398.0,24.332810047095762,38.84449907805777,43.11401716387413,0900700010619,19.371354825,-99.020463695,1,2,True,False,False
09,007,Iztapalapa,0001,0623,5433,2809.0,156.0,200.0,2309.0,429.0,2420.0,47.0,1108.0,1309.0,1600.0,572.0,1880.0,356.0,21.436170212765955,35.75,45.78512396694215,0900700010623,19.37765282,-99.01565858,0,0,False,False,False
09,007,Iztapalapa,0001,0638,4162,2152.0,150.0,166.0,1705.0,321.0,1796.0,45.0,879.0,914.0,1154.0,420.0,1384.0,316.0,26.083815028901736,36.3951473136915,48.942093541202674,0900700010638,19.375047575,-99.01129414,0,0,True,True,True
09,007,Iztapalapa,0001,0642,2515,1306.0,36.0,53.0,1163.0,370.0,1206.0,41.0,581.0,622.0,925.0,391.0,793.0,89.0,16.39344262295082,42.270270270270274,48.175787728026535,0900700010642,19.36363444,-99.13672246,4,7,False,False,False
09,007,Iztapalapa,0001,0657,1916,1004.0,26.0,38.0,910.0,329.0,937.0,19.0,497.0,440.0,604.0,196.0,581.0,64.0,14.285714285714285,32.450331125827816,53.04162219850587,0900700010657,19.36463537,-99.13013533,2,7,False,False,False
09,007,Iztapalapa,0001,0676,2699,1438.0,46.0,76.0,1259.0,375.0,1293.0,28.0,609.0,683.0,883.0,406.0,884.0,122.0,16.968325791855204,45.97961494903737,47.09976798143852,0900700010676,19.368160165,-99.12014826999999,1,6,False,False,False
09,007,Iztapalapa,0001,0680,3125,1658.0,63.0,84.0,1450.0,429.0,1488.0,34.0,714.0,773.0,934.0,399.0,1021.0,147.0,17.72771792360431,42.71948608137045,47.983870967741936,0900700010680,19.36579923,-99.11795199,2,7,False,False,False
09,007,Iztapalapa,0001,0695,3633,1896.0,63.0,103.0,1630.0,474.0,1697.0,44.0,805.0,892.0,1093.0,435.0,1156.0,166.0,18.166089965397923,39.79871912168344,47.436652916912195,0900700010695,19.36554455,-99.1153696,2,8,False,False,False
09,007,Iztapalapa,0001,0708,4420,2313.0,89.0,115.0,1984.0,536.0,2069.0,64.0,1000.0,1065.0,1370.0,648.0,1448.0,204.0,18.50828729281768,47.2992700729927,48.332527791203475,0900700010708,19.36510335,-99.11258329500001,2,7,False,False,False
09,007,Iztapalapa,0001,0727,2181,1157.0,29.0,49.0,1023.0,267.0,1066.0,28.0,475.0,591.0,719.0,299.0,756.0,78.0,14.02116402116402,41.58553546592489,44.55909943714822,0900700010727,19.36298566,-99.10818997,1,4,False,False,False
09,007,Iztapalapa,0001,0731,11610,5944.0,385.0,529.0,4676.0,782.0,4931.0,80.0,2374.0,2554.0,2942.0,1021.0,3894.0,914.0,25.526450950179765,34.704282800815776,48.1443926181302,0900700010731,19.36434827,-99.10056716,1,1,True,False,False
09,007,Iztapalapa,0001,0746,7993,4106.0,299.0,282.0,3311.0,656.0,3492.0,127.0,1627.0,1857.0,1978.0,745.0,2655.0,581.0,26.666666666666668,37.664307381193126,46.5922107674685,0900700010746,19.36077491,-99.09321483,2,2,True,False,False
09,007,Iztapalapa,0001,0750,9308,4723.0,350.0,433.0,3738.0,652.0,3944.0,62.0,1796.0,2131.0,2353.0,836.0,3086.0,783.0,27.381723914452365,35.529111772205695,45.537525354969574,0900700010750,19.36418913,-99.08777411,2,2,True,False,False
09,007,Iztapalapa,0001,0765,3454,1814.0,97.0,105.0,1508.0,355.0,1592.0,24.0,749.0,835.0,925.0,406.0,1153.0,202.0,19.601040763226365,43.891891891891895,47.04773869346734,0900700010765,19.367987215,-99.02617252,2,2,False,False,False
09,007,Iztapalapa,0001,077A,4047,2096.0,146.0,154.0,1708.0,364.0,1798.0,20.0,805.0,987.0,1012.0,413.0,1344.0,300.0,23.809523809523807,40.81027667984189,44.771968854282534,090070001077A,19.36604842,-99.02474093,2,3,False,False,False
09,007,Iztapalapa,0001,0784,6393,3319.0,193.0,205.0,2701.0,552.0,2830.0,97.0,1331.0,1495.0,1672.0,685.0,2149.0,398.0,23.033969288040947,40.9688995215311,47.03180212014134,0900700010784,19.36722304,-99.01485264499999,3,4,False,False,False
09,007,Iztapalapa,0001,0801,3649,1950.0,51.0,81.0,1776.0,548.0,1822.0,27.0,831.0,990.0,1337.0,551.0,1228.0,132.0,12.947882736156352,41.21166791323859,45.609220636663004,0900700010801,19.3604744,-99.13587349,4,8,False,False,False
09,007,Iztapalapa,0001,0816,1207,665.0,13.0,24.0,604.0,225.0,614.0,16.0,291.0,322.0,395.0,164.0,379.0,37.0,13.984168865435356,41.51898734177215,47.39413680781759,0900700010816,19.36247654,-99.12642644499999,2,8,False,False,False
09,007,Iztapalapa,0001,0820,1112,614.0,15.0,31.0,556.0,213.0,568.0,8.0,282.0,285.0,375.0,160.0,343.0,46.0,15.743440233236154,42.66666666666667,49.647887323943664,0900700010820,19.363313435000002,-99.12395802500001,3,8,False,False,False
09,007,Iztapalapa,0001,0835,6828,3554.0,244.0,295.0,2787.0,513.0,2963.0,43.0,1548.0,1410.0,1729.0,608.0,2274.0,539.0,25.593667546174142,35.16483516483517,52.24434694566318,0900700010835,19.36291026,-99.02050259,2,3,True,False,False
09,007,Iztapalapa,0001,084A,7352,3732.0,229.0,288.0,2950.0,483.0,3130.0,50.0,1411.0,1716.0,2005.0,666.0,2467.0,517.0,22.98338062423997,33.21695760598504,45.07987220447284,090070001084A,19.3608854,-99.01550671,3,4,False,False,False
09,007,Iztapalapa,0001,0854,3289,1707.0,107.0,132.0,1373.0,252.0,1441.0,51.0,797.0,640.0,829.0,285.0,1121.0,239.0,25.869759143621767,34.37876960193004,55.308813324080496,0900700010854,19.36391652,-99.00928873,1,2,True,False,False
09,007,Iztapalapa,0001,0888,4544,2415.0,158.0,182.0,1944.0,393.0,2034.0,42.0,1021.0,1009.0,1099.0,467.0,1551.0,340.0,24.629271437782077,42.493175614194726,50.196656833824974,0900700010888,19.36797343,-98.99541459,1,1,True,False,False
09,007,Iztapalapa,0001,0892,2220,1155.0,71.0,79.0,917.0,214.0,972.0,17.0,524.0,448.0,537.0,270.0,703.0,150.0,23.75533428165007,50.27932960893855,53.90946502057613,0900700010892,19.36613506,-98.99383356,1,1,False,False,False
09,007,Iztapalapa,0001,0905,2580,1367.0,41.0,54.0,1237.0,413.0,1267.0,41.0,575.0,692.0,951.0,445.0,824.0,95.0,16.50485436893204,46.79284963196635,45.38279400157853,0900700010905,19.3587659,-99.13441628999999,2,7,False,False,False
09,007,Iztapalapa,0001,091A,1444,791.0,18.0,34.0,715.0,279.0,730.0,22.0,384.0,346.0,478.0,212.0,436.0,52.0,16.972477064220186,44.35146443514644,52.602739726027394,090070001091A,19.360758824999998,-99.126033095,2,7,False,False,False
09,007,Iztapalapa,0001,0924,3759,2034.0,75.0,86.0,1794.0,475.0,1847.0,18.0,782.0,1064.0,1298.0,578.0,1319.0,161.0,13.570887035633056,44.53004622496148,42.33892799133731,0900700010924,19.35861913,-99.12518893000001,2,8,False,False,False
09,007,Iztapalapa,0001,0939,4294,2309.0,88.0,106.0,2053.0,650.0,2119.0,48.0,1004.0,1114.0,1378.0,569.0,1403.0,194.0,17.248752672843906,41.29172714078375,47.38084001887683,0900700010939,19.36131111,-99.1207562,2,7,False,False,False
09,007,Iztapalapa,0001,0943,3439,1815.0,59.0,64.0,1616.0,564.0,1673.0,48.0,843.0,829.0,1042.0,460.0,1052.0,123.0,16.254752851711025,44.145873320537426,50.388523610280934,0900700010943,19.3610818,-99.11588233,3,7,False,False,False
09,007,Iztapalapa,0001,0958,5599,2931.0,101.0,129.0,2560.0,783.0,2641.0,70.0,1214.0,1413.0,1567.0,746.0,1777.0,230.0,16.882386043894204,47.60689215060626,45.967436577054144,0900700010958,19.3611429,-99.11231631,1,5,False,False,False
09,007,Iztapalapa,0001,0962,8084,4169.0,270.0,325.0,3345.0,610.0,3536.0,66.0,1615.0,1906.0,2125.0,796.0,2735.0,595.0,24.16819012797075,37.45882352941177,45.67307692307692,0900700010962,19.35833338,-99.10414279,2,3,True,False,False
09,007,Iztapalapa,0001,0977,7001,3605.0,213.0,241.0,2969.0,636.0,3107.0,90.0,1375.0,1729.0,1823.0,692.0,2333.0,454.0,23.317616802400345,37.95940756993966,44.25490827164467,0900700010977,19.36071118,-99.09622167,2,2,False,False,False
09,007,Iztapalapa,0001,0981,6435,3399.0,169.0,233.0,2825.0,596.0,2951.0,69.0,1343.0,1604.0,1646.0,619.0,2229.0,402.0,21.130551816958278,37.60631834750912,45.5099966113182,0900700010981,19.35988931,-99.09033241,2,2,False,False,False
09,007,Iztapalapa,0001,1000,5229,2624.0,142.0,193.0,2147.0,372.0,2253.0,18.0,1052.0,1200.0,1557.0,523.0,1775.0,335.0,19.887323943661972,33.59023763648041,46.69329782512206,0900700011000,19.35899881,-99.07080768,0,0,False,False,False
09,007,Iztapalapa,0001,1015,6358,3231.0,169.0,189.0,2700.0,584.0,2805.0,55.0,1321.0,1482.0,1873.0,711.0,2116.0,358.0,19.5179584120983,37.960491190603314,47.09447415329768,0900700011015,19.35716639,-99.06615787499999,0,1,False,False,False
09,007,Iztapalapa,0001,1034,6566,3472.0,138.0,158.0,2991.0,780.0,3123.0,72.0,1536.0,1583.0,1858.0,812.0,2211.0,296.0,16.644052464947986,43.70290635091496,49.183477425552354,0900700011034,19.35856722,-99.05983201,0,1,False,False,False
09,007,Iztapalapa,0001,1049,4690,2482.0,107.0,144.0,2070.0,520.0,2164.0,47.0,1090.0,1071.0,1271.0,535.0,1550.0,251.0,19.225806451612904,42.09284028324154,50.36968576709797,0900700011049,19.359971035,-99.055468375,0,1,False,False,False
09,007,Iztapalapa,0001,1053,7253,3864.0,134.0,193.0,3315.0,911.0,3455.0,53.0,1820.0,1621.0,2057.0,908.0,2404.0,327.0,15.806988352745424,44.14195430238211,52.67727930535456,0900700011053,19.35520984,-99.054142025,3,5,False,False,False
09,007,Iztapalapa,0001,1087,5902,3043.0,181.0,271.0,2377.0,350.0,2516.0,16.0,1253.0,1259.0,1528.0,627.0,2027.0,452.0,23.088307844104587,41.03403141361257,49.80127186009539,0900700011087,19.36095939,-99.03854157,1,3,False,False,False
09,007,Iztapalapa,0001,1091,4232,2181.0,145.0,176.0,1707.0,277.0,1801.0,35.0,792.0,1009.0,1301.0,675.0,1430.0,321.0,24.895104895104893,51.88316679477325,43.97556912826207,0900700011091,19.359499425000003,-99.03172209499999,1,4,True,False,False
09,007,Iztapalapa,0001,1104,6367,3302.0,194.0,309.0,2590.0,434.0,2749.0,72.0,1454.0,1289.0,1683.0,685.0,2156.0,503.0,26.669758812615957,40.70112893642305,52.89196071298654,0900700011104,19.35699454,-99.02505857,1,4,True,False,False
09,007,Iztapalapa,0001,1123,3739,229.0,17.0,22.0,174.0,28.0,188.0,11.0,92.0,96.0,121.0,37.0,146.0,39.0,34.24657534246575,30.57851239669421,48.93617021276596,0900700011123,19.3562913,-99.01114606,2,2,True,False,False
09,007,Iztapalapa,0001,1138,4768,2391.0,165.0,194.0,1923.0,277.0,2026.0,41.0,990.0,1035.0,1277.0,451.0,1646.0,359.0,24.30133657351154,35.317149569303055,48.864758144126355,0900700011138,19.359583525,-99.004891915,1,1,True,False,False
09,007,Iztapalapa,0001,1142,3200,1705.0,82.0,108.0,1409.0,345.0,1489.0,39.0,703.0,784.0,812.0,393.0,1064.0,190.0,21.522556390977442,48.399014778325125,47.21289456010746,0900700011142,19.362682715,-98.997493425,1,1,False,False,False
09,007,Iztapalapa,0001,1157,2662,1418.0,80.0,93.0,1174.0,251.0,1225.0,24.0,603.0,618.0,705.0,322.0,923.0,173.0,21.34344528710726,45.673758865248224,49.224489795918366,0900700011157,19.36237818,-98.99577909,1,1,False,False,False
09,007,Iztapalapa,0001,1176,2180,1134.0,36.0,36.0,1021.0,306.0,1055.0,22.0,487.0,568.0,770.0,338.0,715.0,72.0,13.146853146853147,43.896103896103895,46.161137440758296,0900700011176,19.35390592,-99.11935348,2,5,False,False,False
09,007,Iztapalapa,0001,1180,2051,1079.0,39.0,50.0,947.0,304.0,972.0,35.0,440.0,532.0,651.0,268.0,643.0,89.0,19.284603421461895,41.16743471582181,45.267489711934154,0900700011180,19.35324317,-99.11342819,1,3,False,False,False
09,007,Iztapalapa,0001,1195,3664,1951.0,65.0,72.0,1732.0,541.0,1794.0,37.0,820.0,973.0,1172.0,449.0,1191.0,137.0,14.609571788413097,38.310580204778155,45.70791527313266,0900700011195,19.351218154999998,-99.10912439,2,3,False,False,False
09,007,Iztapalapa,0001,1208,991,518.0,30.0,37.0,429.0,81.0,452.0,9.0,201.0,250.0,295.0,107.0,348.0,67.0,21.839080459770116,36.271186440677965,44.469026548672566,0900700011208,19.35424522,-99.10565866,2,3,False,False,False
09,007,Iztapalapa,0001,1227,5183,2659.0,139.0,166.0,2190.0,445.0,2307.0,48.0,1031.0,1275.0,1435.0,503.0,1745.0,305.0,20.229226361031518,35.052264808362374,44.690073688773296,0900700011227,19.3555043,-99.09502109,1,1,False,False,False
09,007,Iztapalapa,0001,1246,4327,2244.0,115.0,142.0,1847.0,396.0,1948.0,40.0,923.0,1018.0,1254.0,435.0,1451.0,257.0,20.468642315644384,34.688995215311,47.38193018480493,0900700011246,19.35243704,-99.07376848,0,1,False,False,False
09,007,Iztapalapa,0001,1250,3051,1615.0,80.0,102.0,1358.0,290.0,1413.0,36.0,650.0,762.0,851.0,351.0,1068.0,182.0,20.411985018726593,41.24559341950646,46.00141542816702,0900700011250,19.35306908,-99.07030793,0,1,False,False,False
09,007,Iztapalapa,0001,1265,3915,2038.0,108.0,92.0,1724.0,429.0,1800.0,55.0,837.0,961.0,1163.0,433.0,1295.0,200.0,19.69111969111969,37.23129836629407,46.5,0900700011265,19.35311499,-99.06473594,1,4,False,False,False
09,007,Iztapalapa,0001,127A,2174,1113.0,36.0,47.0,990.0,281.0,1022.0,26.0,511.0,509.0,625.0,261.0,709.0,83.0,15.373765867418902,41.760000000000005,50.0,090070001127A,19.348931085,-99.059267165,3,8,False,False,False
09,007,Iztapalapa,0001,1284,1379,744.0,23.0,38.0,652.0,181.0,684.0,9.0,380.0,304.0,360.0,151.0,471.0,61.0,14.8619957537155,41.94444444444444,55.55555555555556,0900700011284,19.351722515,-99.054755735,4,8,False,False,False
09,007,Iztapalapa,0001,1299,3461,1815.0,83.0,113.0,1533.0,347.0,1594.0,18.0,742.0,847.0,955.0,414.0,1186.0,196.0,18.043844856661046,43.35078534031413,46.5495608531995,0900700011299,19.34694666,-99.05247088,7,11,False,False,False
09,007,Iztapalapa,0001,1301,4045,2154.0,104.0,91.0,1804.0,437.0,1880.0,32.0,931.0,946.0,1162.0,475.0,1367.0,195.0,16.605705925384054,40.87779690189329,49.52127659574468,0900700011301,19.34730041,-99.05093711,7,10,False,False,False
09,007,Iztapalapa,0001,1316,3355,1771.0,128.0,133.0,1426.0,290.0,1500.0,26.0,722.0,774.0,818.0,399.0,1136.0,261.0,25.264084507042256,48.77750611246944,48.13333333333333,0900700011316,19.3501793,-99.04387929,4,4,True,False,False
09,007,Iztapalapa,0001,134A,4839,2513.0,200.0,225.0,1907.0,310.0,2030.0,48.0,934.0,1096.0,1305.0,434.0,1597.0,425.0,29.618033813400125,33.25670498084291,46.00985221674877,090070001134A,19.35639386,-98.99582155,3,3,True,False,False
09,007,Iztapalapa,0001,1354,5489,2913.0,123.0,164.0,2469.0,596.0,2572.0,54.0,1190.0,1378.0,1554.0,590.0,1873.0,287.0,18.206086492258407,37.96653796653796,46.26749611197511,0900700011354,19.34815641,-99.114393705,2,2,False,False,False
09,007,Iztapalapa,0001,1369,6296,3261.0,171.0,206.0,2684.0,531.0,2826.0,70.0,1299.0,1522.0,1801.0,660.0,2153.0,377.0,20.761727821644218,36.64630760688507,45.96602972399151,0900700011369,19.346245505,-99.10931932,2,2,False,False,False
09,007,Iztapalapa,0001,1388,5484,2825.0,159.0,219.0,2256.0,358.0,2386.0,45.0,1092.0,1292.0,1442.0,515.0,1898.0,378.0,22.286617492096944,35.714285714285715,45.76697401508801,0900700011388,19.34554131,-99.102322265,1,1,False,False,False
09,007,Iztapalapa,0001,141A,4046,2118.0,86.0,145.0,1773.0,361.0,1857.0,37.0,721.0,1136.0,1175.0,565.0,1412.0,231.0,18.980169971671387,48.08510638297872,38.826063543349484,090070001141A,19.3472689,-99.0747259,0,1,False,False,False
09,007,Iztapalapa,0001,1424,2881,1526.0,83.0,83.0,1276.0,251.0,1324.0,27.0,620.0,703.0,847.0,356.0,1025.0,166.0,18.829268292682926,42.03069657615112,46.82779456193353,0900700011424,19.34576849,-99.07146324,0,2,False,False,False
09,007,Iztapalapa,0001,1439,2585,1392.0,46.0,68.0,1208.0,348.0,1248.0,40.0,575.0,673.0,786.0,322.0,860.0,114.0,17.906976744186046,40.966921119592875,46.07371794871795,0900700011439,19.348810575,-99.066192105,2,6,False,False,False
09,007,Iztapalapa,0001,1443,1973,1035.0,32.0,51.0,925.0,275.0,949.0,27.0,483.0,466.0,580.0,235.0,650.0,83.0,16.923076923076923,40.51724137931034,50.89567966280295,0900700011443,19.35017454,-99.06221425,2,7,False,False,False
09,007,Iztapalapa,0001,1458,1726,907.0,35.0,54.0,789.0,250.0,816.0,26.0,401.0,414.0,521.0,211.0,539.0,89.0,21.335807050092765,40.49904030710173,49.1421568627451,0900700011458,19.3476473,-99.06258353,2,7,False,False,False
09,007,Iztapalapa,0001,1462,2160,1175.0,21.0,58.0,1024.0,271.0,1059.0,27.0,547.0,509.0,613.0,236.0,753.0,79.0,14.07702523240372,38.499184339314844,51.652502360717655,0900700011462,19.34705083,-99.058786875,3,8,False,False,False
09,007,Iztapalapa,0001,1477,2157,1149.0,25.0,52.0,1023.0,344.0,1052.0,18.0,524.0,528.0,671.0,210.0,679.0,77.0,13.991163475699558,31.296572280178836,49.80988593155893,0900700011477,19.347052775,-99.05653119,4,9,False,False,False
09,007,Iztapalapa,0001,1481,2435,1295.0,47.0,46.0,1157.0,376.0,1197.0,27.0,624.0,573.0,769.0,269.0,781.0,93.0,15.364916773367476,34.980494148244475,52.130325814536334,0900700011481,19.34518163,-99.055387085,5,9,False,False,False
09,007,Iztapalapa,0001,1496,2524,1316.0,67.0,89.0,1094.0,258.0,1157.0,31.0,571.0,582.0,635.0,263.0,836.0,156.0,22.36842105263158,41.41732283464567,49.351771823681936,0900700011496,19.34606733,-99.04429407,5,6,False,False,False
09,007,Iztapalapa,0001,1509,4535,2355.0,165.0,186.0,1861.0,298.0,1968.0,43.0,879.0,1083.0,1123.0,377.0,1563.0,351.0,25.207933461292388,33.57079252003562,44.66463414634146,0900700011509,19.35250336,-99.03788458,2,4,True,False,False
09,007,Iztapalapa,0001,1513,5064,2635.0,176.0,197.0,2074.0,329.0,2192.0,65.0,1166.0,1019.0,1410.0,473.0,1745.0,373.0,25.100286532951287,33.54609929078014,53.193430656934304,0900700011513,19.3532691,-99.03252125,0,3,True,False,True
09,007,Iztapalapa,0001,1566,9689,5001.0,282.0,339.0,4089.0,782.0,4287.0,64.0,1934.0,2351.0,2739.0,1010.0,3307.0,621.0,20.713637738131236,36.874771814530845,45.11313272684861,0900700011566,19.33945071,-99.11165568,3,3,False,False,False
09,007,Iztapalapa,0001,159A,6649,3493.0,214.0,232.0,2848.0,566.0,3000.0,74.0,1263.0,1733.0,1822.0,703.0,2282.0,446.0,22.78702892199825,38.583973655323824,42.1,090070001159A,19.34184548,-99.07458901,0,1,False,False,False
09,007,Iztapalapa,0001,1621,4393,2273.0,115.0,148.0,1889.0,364.0,1988.0,48.0,927.0,1058.0,1253.0,462.0,1525.0,263.0,20.39344262295082,36.87150837988827,46.62977867203219,0900700011621,19.339881425,-99.0614896,3,5,False,False,False
09,007,Iztapalapa,0001,1636,2883,1491.0,80.0,79.0,1225.0,232.0,1291.0,22.0,664.0,627.0,798.0,252.0,993.0,159.0,18.22759315206445,31.57894736842105,51.43299767621998,0900700011636,19.33950801,-99.059284925,3,4,False,False,False
09,007,Iztapalapa,0001,1640,4166,2129.0,119.0,148.0,1764.0,344.0,1850.0,25.0,877.0,973.0,1146.0,389.0,1420.0,267.0,20.56338028169014,33.94415357766143,47.4054054054054,0900700011640,19.34064709,-99.05575752,4,7,False,False,False
09,007,Iztapalapa,0001,1655,2448,1250.0,59.0,93.0,1031.0,215.0,1082.0,27.0,493.0,587.0,679.0,273.0,816.0,152.0,21.936274509803923,40.20618556701031,45.5637707948244,0900700011655,19.33952501,-99.05142818,3,6,False,False,False
09,007,Iztapalapa,0001,166A,3498,1789.0,78.0,103.0,1521.0,412.0,1589.0,63.0,794.0,792.0,835.0,384.0,1109.0,181.0,22.00180342651037,45.98802395209581,49.968533668974196,090070001166A,19.3441265,-99.04419922,4,4,False,False,False
09,007,Iztapalapa,0001,1674,3237,1691.0,93.0,115.0,1409.0,359.0,1471.0,62.0,707.0,763.0,802.0,351.0,1050.0,208.0,25.71428571428571,43.765586034912715,48.06254248810333,0900700011674,19.34641732,-99.04054603,3,4,True,False,False
09,007,Iztapalapa,0001,1689,2788,1456.0,74.0,68.0,1243.0,312.0,1294.0,55.0,571.0,722.0,717.0,285.0,931.0,142.0,21.160042964554243,39.74895397489539,44.12673879443586,0900700011689,19.34564097,-99.03730398,2,3,False,False,False
09,007,Iztapalapa,0001,1693,2012,1074.0,48.0,67.0,902.0,218.0,945.0,37.0,452.0,492.0,518.0,206.0,684.0,115.0,22.22222222222222,39.768339768339764,47.83068783068783,0900700011693,19.34527418,-99.03426883,3,4,False,False,False
09,007,Iztapalapa,0001,1706,7319,3866.0,253.0,302.0,3041.0,458.0,3218.0,68.0,1599.0,1617.0,1903.0,732.0,2583.0,555.0,24.119241192411923,38.46558066211245,49.68924798011187,0900700011706,19.347198745,-99.030344775,1,5,False,False,False
09,007,Iztapalapa,0001,1710,7600,3883.0,263.0,309.0,3117.0,528.0,3294.0,64.0,1553.0,1738.0,2015.0,724.0,2589.0,572.0,24.565469293163382,35.930521091811414,47.14632665452337,0900700011710,19.34877311,-99.02302154,1,2,True,False,False
09,007,Iztapalapa,0001,1759,3567,1851.0,138.0,139.0,1454.0,246.0,1542.0,37.0,744.0,798.0,928.0,342.0,1208.0,277.0,25.99337748344371,36.853448275862064,48.249027237354085,0900700011759,19.34054407,-99.04192495,5,5,True,False,False
09,007,Iztapalapa,0001,1763,6474,3330.0,239.0,297.0,2648.0,491.0,2799.0,88.0,1303.0,1488.0,1660.0,590.0,2157.0,536.0,28.929068150208625,35.54216867469879,46.55234012147195,0900700011763,19.3406662,-99.03806014,6,7,True,False,False
09,007,Iztapalapa,0001,1778,6931,3559.0,196.0,283.0,2919.0,525.0,3049.0,61.0,1203.0,1840.0,1994.0,713.0,2394.0,479.0,22.55639097744361,35.75727181544634,39.455559199737614,0900700011778,19.33762913,-99.10848146,3,3,False,False,False
09,007,Iztapalapa,0001,1814,3694,1905.0,108.0,120.0,1583.0,368.0,1658.0,44.0,851.0,804.0,1021.0,385.0,1215.0,228.0,22.386831275720166,37.70812928501469,51.32689987937273,0900700011814,19.33684285,-99.06011688,3,4,False,False,False
09,007,Iztapalapa,0001,1833,3848,2022.0,101.0,143.0,1679.0,370.0,1750.0,25.0,849.0,901.0,1079.0,389.0,1309.0,244.0,20.55003819709702,36.05189990732159,48.51428571428571,0900700011833,19.33301072,-99.1064524,3,4,False,False,False
09,007,Iztapalapa,0001,1848,3531,1799.0,102.0,117.0,1467.0,296.0,1539.0,63.0,762.0,774.0,994.0,389.0,1171.0,219.0,24.08198121263877,39.13480885311871,49.512670565302145,0900700011848,19.33140513,-99.10763968,4,6,False,False,False
09,007,Iztapalapa,0001,1852,5424,2862.0,176.0,174.0,2375.0,440.0,2489.0,54.0,1169.0,1316.0,1369.0,578.0,1935.0,350.0,20.878552971576227,42.220598977355735,46.96665327440739,0900700011852,19.328477364999998,-99.10463878,2,4,False,False,False
09,007,Iztapalapa,0001,1867,11278,5872.0,332.0,491.0,4734.0,870.0,4967.0,94.0,2326.0,2633.0,3115.0,1188.0,3864.0,823.0,23.731884057971016,38.138041733547354,46.82907187437085,0900700011867,19.32632812,-99.09920242999999,2,4,False,False,False
09,007,Iztapalapa,0001,1890,5546,2828.0,122.0,165.0,2366.0,553.0,2481.0,63.0,1127.0,1350.0,1457.0,488.0,1813.0,287.0,19.305019305019304,33.493479752916954,45.425231761386534,0900700011890,19.32492185,-99.07717055,3,3,False,False,False
09,007,Iztapalapa,0001,1918,4953,2564.0,147.0,154.0,2129.0,481.0,2223.0,55.0,1129.0,1093.0,1282.0,520.0,1648.0,301.0,21.601941747572813,40.5616224648986,50.787224471434996,0900700011918,19.32827531,-99.06497455,2,2,False,False,False
09,007,Iztapalapa,0001,1941,4248,2250.0,63.0,91.0,2038.0,617.0,2097.0,25.0,1083.0,1013.0,1381.0,528.0,1421.0,154.0,12.596762843068262,38.23316437364229,51.645207439198856,0900700011941,19.31800683,-99.09624698,2,3,False,False,False
09,007,Iztapalapa,0001,1960,3765,1970.0,83.0,95.0,1697.0,358.0,1775.0,22.0,800.0,970.0,1149.0,518.0,1339.0,178.0,14.936519790888722,45.08268059181898,45.07042253521127,0900700011960,19.3207569,-99.07774899500001,3,3,False,False,False
09,007,Iztapalapa,0001,1975,3499,1847.0,94.0,127.0,1513.0,212.0,1588.0,17.0,689.0,898.0,1172.0,447.0,1301.0,221.0,18.293620292083013,38.13993174061434,43.387909319899244,0900700011975,19.3220944,-99.07436055,3,3,False,False,False
09,007,Iztapalapa,0001,198A,6035,3092.0,175.0,193.0,2559.0,502.0,2684.0,43.0,1262.0,1415.0,1765.0,640.0,2057.0,368.0,19.980554205153137,36.26062322946176,47.0193740685544,090070001198A,19.318177225,-99.072277955,5,6,False,False,False
09,007,Iztapalapa,0001,1994,13946,3330.0,126.0,158.0,2967.0,350.0,3046.0,41.0,1854.0,1188.0,1153.0,440.0,2617.0,284.0,12.41880015284677,38.161318300086734,60.86671043992121,0900700011994,19.32059425,-99.06890858,1,1,False,False,False
09,007,Iztapalapa,0001,2047,9950,5067.0,349.0,386.0,4069.0,706.0,4288.0,88.0,2113.0,2168.0,2610.0,891.0,3363.0,735.0,24.47219744275944,34.13793103448276,49.27705223880597,0900700012047,19.31565253,-99.06756761,2,3,True,False,False
09,007,Iztapalapa,0001,2051,11206,5740.0,498.0,579.0,4326.0,537.0,4635.0,46.0,1897.0,2736.0,2896.0,1034.0,3789.0,1077.0,29.63842702560042,35.704419889502766,40.927723840345195,0900700012051,19.31521225,-99.0557178,1,1,True,False,False
09,007,Iztapalapa,0001,2070,4041,2104.0,153.0,171.0,1623.0,273.0,1759.0,27.0,828.0,926.0,1187.0,472.0,1350.0,324.0,26.0,39.76411120471778,47.072200113700966,0900700012070,19.306696085,-99.08131636,1,1,True,False,False
09,007,Iztapalapa,0001,2085,5799,2969.0,193.0,216.0,2345.0,440.0,2476.0,73.0,1177.0,1296.0,1883.0,763.0,1905.0,409.0,25.30183727034121,40.520446096654275,47.53634894991923,0900700012085,19.30845857,-99.080119595,4,4,True,False,False
09,007,Iztapalapa,0001,209A,3734,1932.0,127.0,156.0,1547.0,275.0,1638.0,31.0,689.0,946.0,985.0,356.0,1272.0,283.0,24.68553459119497,36.14213197969543,42.06349206349206,090070001209A,19.31066709,-99.07166974,4,5,True,False,False
09,007,Iztapalapa,0001,2102,3577,1839.0,131.0,150.0,1420.0,218.0,1511.0,26.0,760.0,747.0,877.0,309.0,1202.0,281.0,25.540765391014975,35.23375142531357,50.29781601588353,0900700012102,19.31043849,-99.069547295,4,5,True,False,False
09,007,Iztapalapa,0001,2117,3108,1540.0,116.0,119.0,1258.0,225.0,1315.0,32.0,701.0,614.0,824.0,279.0,1033.0,235.0,25.84704743465634,33.859223300970875,53.30798479087453,0900700012117,19.307482475,-99.06978741,4,5,True,False,False
09,007,Iztapalapa,0001,2140,7841,4001.0,238.0,276.0,3210.0,561.0,3385.0,67.0,1575.0,1806.0,2054.0,683.0,2649.0,514.0,21.932804832012078,33.25219084712756,46.5288035450517,0900700012140,19.3046047,-99.07515748,3,4,False,False,False
09,007,Iztapalapa,0001,2155,3769,1909.0,129.0,135.0,1529.0,260.0,1626.0,52.0,839.0,783.0,1033.0,304.0,1269.0,264.0,24.901497241922772,29.428848015488867,51.5990159901599,0900700012155,19.30269668,-99.07141696,3,6,True,False,False
09,007,Iztapalapa,0001,216A,3673,1906.0,116.0,128.0,1489.0,258.0,1588.0,26.0,753.0,834.0,967.0,300.0,1231.0,244.0,21.933387489845654,31.023784901758017,47.41813602015114,090070001216A,19.301730820000003,-99.06809612500001,4,8,False,False,False
09,007,Iztapalapa,0001,2174,2349,1207.0,57.0,88.0,966.0,179.0,1021.0,22.0,418.0,600.0,675.0,225.0,787.0,145.0,21.21982210927573,33.33333333333333,40.94025465230167,0900700012174,19.30478055,-99.06588817,4,6,False,False,False
09,007,Iztapalapa,0001,2189,2349,1237.0,69.0,92.0,999.0,207.0,1059.0,19.0,543.0,516.0,659.0,250.0,792.0,161.0,22.727272727272727,37.93626707132019,51.27478753541076,0900700012189,19.30105825,-99.06591169,3,6,False,False,False
09,007,Iztapalapa,0001,2193,2575,1354.0,68.0,98.0,1108.0,241.0,1160.0,22.0,432.0,728.0,696.0,251.0,867.0,166.0,21.68396770472895,36.06321839080459,37.24137931034483,0900700012193,19.29669826,-99.06724191,5,8,False,False,False
09,007,Iztapalapa,0001,2206,1638,840.0,43.0,49.0,717.0,163.0,747.0,14.0,346.0,399.0,474.0,169.0,554.0,92.0,19.133574007220215,35.654008438818565,46.3186077643909,0900700012206,19.29747989,-99.06484445,4,7,False,False,False
09,007,Iztapalapa,0001,2371,1682,881.0,40.0,53.0,757.0,191.0,780.0,32.0,349.0,430.0,448.0,193.0,566.0,93.0,22.084805653710244,43.080357142857146,44.743589743589745,0900700012371,19.38744444,-99.03318111,1,1,False,False,False
09,007,Iztapalapa,0001,2386,3610,1937.0,88.0,113.0,1643.0,387.0,1717.0,36.0,673.0,1037.0,1032.0,437.0,1256.0,201.0,18.869426751592357,42.34496124031008,39.196272568433315,0900700012386,19.38609101,-99.03295792,1,1,False,False,False
09,007,Iztapalapa,0001,2390,3965,2100.0,82.0,115.0,1797.0,487.0,1863.0,43.0,919.0,943.0,1091.0,420.0,1310.0,197.0,18.3206106870229,38.4967919340055,49.32903918411165,0900700012390,19.38418004,-99.07984754,2,2,False,False,False
09,007,Iztapalapa,0001,2403,293,139.0,6.0,14.0,110.0,8.0,116.0,3.0,5.0,111.0,87.0,31.0,102.0,20.0,22.54901960784314,35.63218390804598,4.310344827586207,0900700012403,19.37975208,-99.07716688,1,1,False,False,False
09,007,Iztapalapa,0001,2437,5076,2585.0,148.0,187.0,2091.0,461.0,2179.0,46.0,993.0,1175.0,1180.0,500.0,1630.0,335.0,23.37423312883436,42.3728813559322,45.5713630105553,0900700012437,19.37451337,-99.03704691,3,4,False,False,False
09,007,Iztapalapa,0001,2441,4457,2330.0,145.0,191.0,1851.0,389.0,1954.0,36.0,980.0,974.0,1155.0,520.0,1462.0,336.0,25.444596443228455,45.02164502164502,50.15353121801432,0900700012441,19.37518078,-99.03361905,3,4,True,False,False
09,007,Iztapalapa,0001,2456,4606,2235.0,186.0,210.0,1707.0,292.0,1807.0,58.0,796.0,1007.0,1287.0,376.0,1415.0,396.0,32.08480565371025,29.215229215229215,44.05091311566132,0900700012456,19.37789796,-99.09909398,2,4,True,False,False
09,007,Iztapalapa,0001,2460,4473,2239.0,179.0,185.0,1743.0,278.0,1858.0,40.0,851.0,1002.0,1157.0,360.0,1465.0,364.0,27.57679180887372,31.11495246326707,45.80193756727664,0900700012460,19.37515686,-99.10036191500001,0,2,True,False,True
09,007,Iztapalapa,0001,2494,1941,998.0,48.0,83.0,814.0,158.0,861.0,12.0,423.0,438.0,449.0,194.0,656.0,131.0,21.798780487804876,43.207126948775056,49.12891986062718,0900700012494,19.36527058,-99.00149981,2,2,False,False,False
09,007,Iztapalapa,0001,2507,2181,1117.0,51.0,65.0,949.0,208.0,990.0,12.0,531.0,450.0,553.0,221.0,741.0,116.0,17.27395411605938,39.963833634719705,53.63636363636364,0900700012507,19.36385415,-99.00139328,2,2,False,False,False
09,007,Iztapalapa,0001,2511,996,533.0,13.0,17.0,480.0,155.0,488.0,17.0,254.0,234.0,350.0,153.0,325.0,30.0,14.461538461538462,43.714285714285715,52.04918032786885,0900700012511,19.366658,-99.1249085,2,6,False,False,False
09,007,Iztapalapa,0001,2526,1056,564.0,19.0,27.0,509.0,167.0,522.0,5.0,231.0,290.0,384.0,161.0,342.0,46.0,14.912280701754385,41.92708333333333,44.252873563218394,0900700012526,19.36754198,-99.12266395,1,5,False,False,False
09,007,Iztapalapa,0001,2530,10096,5227.0,353.0,397.0,4186.0,712.0,4437.0,58.0,2074.0,2357.0,2722.0,1019.0,3474.0,750.0,23.258491652274035,37.43570903747245,46.74329501915709,0900700012530,19.355925675,-99.0179378,1,3,False,False,False
09,007,Iztapalapa,0001,2545,6946,3609.0,254.0,298.0,2837.0,468.0,2997.0,55.0,1502.0,1489.0,1821.0,597.0,2369.0,552.0,25.622625580413676,32.78418451400329,50.116783450116785,0900700012545,19.35295892,-99.021379575,1,2,True,False,False
09,007,Iztapalapa,0001,255A,4901,2556.0,131.0,160.0,2129.0,455.0,2224.0,33.0,1046.0,1173.0,1396.0,513.0,1674.0,291.0,19.35483870967742,36.74785100286533,47.03237410071942,090070001255A,19.35087258,-99.08265767,0,0,False,False,False
09,007,Iztapalapa,0001,2564,6800,3487.0,281.0,297.0,2728.0,401.0,2904.0,69.0,1367.0,1529.0,1820.0,676.0,2327.0,578.0,27.804039535883113,37.142857142857146,47.07300275482093,0900700012564,19.35408404,-99.00417142,0,0,True,True,True
09,007,Iztapalapa,0001,2579,4417,2240.0,156.0,165.0,1802.0,364.0,1921.0,46.0,978.0,941.0,1168.0,428.0,1438.0,321.0,25.521557719054243,36.64383561643836,50.91098386257158,0900700012579,19.35366546,-99.00865086,0,0,True,True,True
09,007,Iztapalapa,0001,2600,4667,2381.0,127.0,183.0,1957.0,414.0,2063.0,46.0,1013.0,1037.0,1244.0,478.0,1543.0,310.0,23.071937783538562,38.42443729903537,49.10324769752788,0900700012600,19.351010275,-99.014399915,0,0,False,False,False
09,007,Iztapalapa,0001,2615,7690,3984.0,303.0,335.0,3089.0,509.0,3304.0,57.0,1688.0,1603.0,2016.0,643.0,2580.0,638.0,26.937984496124027,31.89484126984127,51.08958837772397,0900700012615,19.351823445,-99.001424405,2,2,True,False,False
09,007,Iztapalapa,0001,262A,5432,2797.0,213.0,232.0,2168.0,381.0,2329.0,50.0,1121.0,1206.0,1491.0,504.0,1787.0,445.0,27.700055959709008,33.80281690140845,48.13224559896951,090070001262A,19.35003598,-98.99696876,2,3,True,False,False
09,007,Iztapalapa,0001,2634,4200,2125.0,147.0,206.0,1671.0,311.0,1756.0,44.0,861.0,894.0,1137.0,361.0,1360.0,353.0,29.191176470588236,31.75021987686895,49.03189066059225,0900700012634,19.35230186,-98.99574852,3,3,True,False,False
09,007,Iztapalapa,0001,2649,4309,2180.0,149.0,154.0,1762.0,333.0,1867.0,48.0,989.0,876.0,1155.0,373.0,1429.0,303.0,24.56263121063681,32.294372294372295,52.972683449384036,0900700012649,19.353307955,-98.992362815,4,4,True,False,False
09,007,Iztapalapa,0001,2653,3427,1801.0,121.0,134.0,1388.0,252.0,1493.0,32.0,679.0,810.0,933.0,361.0,1136.0,255.0,25.264084507042256,38.69239013933547,45.478901540522436,0900700012653,19.34769611,-98.99048828,3,4,True,False,False
09,007,Iztapalapa,0001,2668,3460,1760.0,137.0,167.0,1344.0,253.0,1418.0,56.0,727.0,688.0,929.0,337.0,1091.0,304.0,32.997250229147575,36.27556512378902,51.26939351198872,0900700012668,19.34829696,-98.988267,3,4,True,False,False
09,007,Iztapalapa,0001,2672,1034,512.0,43.0,52.0,394.0,50.0,418.0,6.0,199.0,214.0,275.0,102.0,344.0,95.0,29.360465116279073,37.09090909090909,47.60765550239234,0900700012672,19.338116890000002,-99.09290694500001,1,2,True,False,False
09,007,Iztapalapa,0001,2687,4656,2408.0,132.0,170.0,1940.0,389.0,2043.0,38.0,995.0,1045.0,1151.0,372.0,1551.0,302.0,21.92134107027724,32.319721980886186,48.702887909936365,0900700012687,19.34698979,-99.08349571,0,0,False,False,False
09,007,Iztapalapa,0001,2691,7217,3719.0,263.0,250.0,2981.0,532.0,3154.0,82.0,1541.0,1611.0,1917.0,668.0,2449.0,513.0,24.29563086974275,34.846113719353156,48.85859226379201,0900700012691,19.34563365,-99.01867228,0,0,True,True,True
09,007,Iztapalapa,0001,2704,5016,2536.0,156.0,197.0,1984.0,331.0,2122.0,38.0,1048.0,1069.0,1420.0,545.0,1653.0,353.0,23.65396249243799,38.38028169014084,49.38737040527804,0900700012704,19.34741739,-98.99866988,3,4,False,False,False
09,007,Iztapalapa,0001,2719,4678,2450.0,179.0,203.0,1907.0,344.0,2011.0,45.0,967.0,1039.0,1261.0,418.0,1563.0,382.0,27.319257837492,33.1482950039651,48.08552958727002,0900700012719,19.34756507,-98.9934673,3,4,True,False,False
09,007,Iztapalapa,0001,2723,3252,1657.0,126.0,156.0,1252.0,204.0,1351.0,39.0,705.0,646.0,835.0,326.0,1048.0,282.0,30.62977099236641,39.04191616766467,52.18356772760918,0900700012723,19.34653622,-98.9860816,2,3,True,False,False
09,007,Iztapalapa,0001,2738,6698,3443.0,226.0,310.0,2689.0,524.0,2877.0,82.0,1352.0,1517.0,1791.0,602.0,2165.0,536.0,28.545034642032334,33.61250697934115,46.99339589850538,0900700012738,19.34502026,-99.00881098,2,2,True,False,False
09,007,Iztapalapa,0001,2757,5483,2862.0,174.0,218.0,2284.0,487.0,2421.0,60.0,1240.0,1180.0,1502.0,518.0,1797.0,392.0,25.153032832498607,34.48735019973369,51.218504750103264,0900700012757,19.34111107,-99.01890319,0,0,True,True,True
09,007,Iztapalapa,0001,2776,7954,4127.0,300.0,291.0,3303.0,577.0,3490.0,83.0,1515.0,1972.0,2151.0,702.0,2726.0,591.0,24.724871606749815,32.63598326359833,43.40974212034384,0900700012776,19.34070737,-99.024294885,4,5,True,False,False
09,007,Iztapalapa,0001,2780,6872,3572.0,231.0,301.0,2836.0,543.0,2997.0,58.0,1421.0,1574.0,1764.0,761.0,2293.0,532.0,25.730484081988664,43.140589569160994,47.41408074741408,0900700012780,19.34323946,-99.01086018500001,1,1,True,False,False
09,007,Iztapalapa,0001,2795,4830,2518.0,175.0,206.0,1951.0,342.0,2079.0,44.0,1028.0,1045.0,1304.0,500.0,1609.0,381.0,26.413921690490987,38.34355828220859,49.44684944684944,0900700012795,19.34527476,-98.99889657,2,3,True,False,False
09,007,Iztapalapa,0001,2808,4320,2231.0,137.0,144.0,1866.0,429.0,1939.0,42.0,924.0,1015.0,1223.0,493.0,1437.0,281.0,22.477383437717467,40.31071136549468,47.65342960288809,0900700012808,19.34183005,-99.06558889,2,6,False,False,False
09,007,Iztapalapa,0001,2812,3581,1826.0,94.0,108.0,1521.0,300.0,1593.0,29.0,667.0,925.0,965.0,361.0,1221.0,202.0,18.91891891891892,37.409326424870464,41.8706842435656,0900700012812,19.34059092,-99.06908138,0,1,False,False,False
09,007,Iztapalapa,0001,2831,4795,2550.0,167.0,163.0,2086.0,412.0,2194.0,41.0,996.0,1192.0,1366.0,525.0,1674.0,330.0,22.16248506571087,38.433382137628115,45.39653600729262,0900700012831,19.33455905,-99.079917825,1,1,False,False,False
09,007,Iztapalapa,0001,2846,4936,2518.0,149.0,167.0,2022.0,414.0,2156.0,59.0,1008.0,1146.0,1316.0,432.0,1608.0,316.0,23.32089552238806,32.82674772036474,46.75324675324675,0900700012846,19.338115105,-99.06911163000001,1,2,False,False,False
09,007,Iztapalapa,0001,2850,3639,1910.0,120.0,151.0,1543.0,283.0,1621.0,44.0,805.0,814.0,1023.0,348.0,1260.0,271.0,25.0,34.01759530791789,49.660703269586676,0900700012850,19.33689463,-99.06537159,2,3,True,False,False
09,007,Iztapalapa,0001,287A,2859,1469.0,83.0,89.0,1197.0,231.0,1264.0,28.0,601.0,660.0,822.0,318.0,966.0,172.0,20.70393374741201,38.68613138686132,47.54746835443038,090070001287A,19.33715885,-99.05847415,3,5,False,False,False
09,007,Iztapalapa,0001,2884,3464,1797.0,94.0,119.0,1495.0,313.0,1565.0,28.0,784.0,779.0,999.0,358.0,1182.0,213.0,20.38917089678511,35.83583583583583,50.095846645367416,0900700012884,19.33697581,-99.05496335000001,3,4,False,False,False
09,007,Iztapalapa,0001,2899,6559,3386.0,242.0,287.0,2610.0,466.0,2776.0,84.0,1296.0,1476.0,1628.0,633.0,2144.0,529.0,28.591417910447763,38.88206388206388,46.68587896253602,0900700012899,19.33930873,-99.03328413,6,7,True,False,False
09,007,Iztapalapa,0001,2901,7668,3974.0,244.0,303.0,3168.0,574.0,3340.0,63.0,1565.0,1770.0,2066.0,817.0,2594.0,547.0,23.515805705474172,39.54501452081317,46.8562874251497,0900700012901,19.33649113,-99.02957086,4,5,False,False,False
09,007,Iztapalapa,0001,2920,5442,2798.0,184.0,250.0,2196.0,398.0,2317.0,77.0,939.0,1375.0,1660.0,708.0,1798.0,434.0,28.420467185761954,42.65060240963855,40.52654294346137,0900700012920,19.34322996,-98.99681472,2,4,True,False,False
09,007,Iztapalapa,0001,2935,5663,2940.0,210.0,235.0,2236.0,422.0,2413.0,54.0,1220.0,1192.0,1430.0,527.0,1814.0,445.0,27.50826901874311,36.85314685314685,50.55946953999171,0900700012935,19.345208285,-98.99421446,4,6,True,False,False
09,007,Iztapalapa,0001,294A,3012,1594.0,114.0,130.0,1266.0,228.0,1336.0,23.0,633.0,702.0,774.0,337.0,1038.0,244.0,25.722543352601157,43.54005167958656,47.380239520958085,090070001294A,19.34281663,-98.99044774000001,1,3,True,False,False
09,007,Iztapalapa,0001,2954,1974,1030.0,86.0,89.0,796.0,140.0,855.0,20.0,421.0,433.0,535.0,198.0,656.0,175.0,29.72560975609756,37.00934579439252,49.239766081871345,0900700012954,19.34217549,-98.98672837,1,3,True,False,False
09,007,Iztapalapa,0001,2969,2472,1306.0,93.0,113.0,986.0,164.0,1053.0,28.0,514.0,538.0,660.0,240.0,822.0,206.0,28.467153284671532,36.36363636363637,48.812915479582145,0900700012969,19.34296522,-98.983359635,1,2,True,False,False
09,007,Iztapalapa,0001,2973,3752,1945.0,149.0,178.0,1529.0,274.0,1623.0,37.0,765.0,854.0,1014.0,383.0,1255.0,327.0,29.00398406374502,37.77120315581854,47.13493530499076,0900700012973,19.341088825,-98.99103298,1,3,True,False,False
09,007,Iztapalapa,0001,2988,7510,3830.0,235.0,308.0,3113.0,641.0,3270.0,80.0,1551.0,1715.0,2150.0,765.0,2472.0,543.0,25.202265372168288,35.581395348837205,47.43119266055046,0900700012988,19.33235162,-99.0976279,3,5,True,False,False
09,007,Iztapalapa,0001,3026,2493,1288.0,81.0,74.0,1061.0,231.0,1103.0,15.0,532.0,570.0,671.0,299.0,830.0,155.0,20.481927710843372,44.560357675111774,48.23209428830462,0900700013026,19.329670880000002,-99.05770462000001,2,3,False,False,False
09,007,Iztapalapa,0001,3030,5682,2915.0,162.0,211.0,2372.0,479.0,2483.0,42.0,1201.0,1270.0,1446.0,599.0,1893.0,373.0,21.922873745377707,41.42461964038728,48.368908578332665,0900700013030,19.33192463,-99.04818001,4,6,False,False,False
09,007,Iztapalapa,0001,3045,6787,3522.0,218.0,286.0,2786.0,551.0,2944.0,63.0,1231.0,1710.0,1752.0,586.0,2235.0,504.0,25.369127516778523,33.44748858447489,41.81385869565217,0900700013045,19.33323703,-99.04409702,5,7,True,False,False
09,007,Iztapalapa,0001,305A,6494,3377.0,234.0,289.0,2650.0,462.0,2807.0,40.0,1338.0,1462.0,1625.0,570.0,2188.0,523.0,25.73126142595978,35.07692307692308,47.666547915924475,090070001305A,19.3346251,-99.039638645,6,7,True,False,False
09,007,Iztapalapa,0001,3064,7629,3919.0,267.0,327.0,3044.0,533.0,3241.0,51.0,1415.0,1822.0,1957.0,746.0,2511.0,594.0,25.686977299880525,38.11957077158917,43.659364393705644,0900700013064,19.33089223,-99.03955659,6,7,True,False,False
09,007,Iztapalapa,0001,3079,6741,3457.0,215.0,302.0,2728.0,470.0,2900.0,30.0,1284.0,1616.0,1683.0,626.0,2258.0,517.0,24.224977856510186,37.19548425430778,44.275862068965516,0900700013079,19.32807902,-99.042781945,6,7,True,False,False
09,007,Iztapalapa,0001,3083,5621,2801.0,187.0,238.0,2215.0,450.0,2353.0,45.0,1140.0,1213.0,1400.0,433.0,1765.0,425.0,26.628895184135974,30.928571428571427,48.448788780280495,0900700013083,19.33662385,-99.01666846,0,0,True,True,True
09,007,Iztapalapa,0001,3100,5076,2578.0,156.0,228.0,1969.0,344.0,2118.0,45.0,986.0,1129.0,1310.0,427.0,1625.0,384.0,26.400000000000002,32.595419847328245,46.553352219074604,0900700013100,19.33855209,-99.00785211,2,2,True,False,False
09,007,Iztapalapa,0001,3115,5980,3076.0,221.0,285.0,2373.0,362.0,2526.0,36.0,1221.0,1302.0,1602.0,528.0,2011.0,506.0,26.95176529090005,32.958801498127336,48.33729216152019,0900700013115,19.34020721,-98.99851457,2,4,True,False,False
09,007,Iztapalapa,0001,3134,1927,1015.0,80.0,84.0,772.0,124.0,832.0,14.0,329.0,502.0,550.0,205.0,648.0,164.0,27.469135802469136,37.27272727272727,39.543269230769226,0900700013134,19.33731743,-98.98925751,0,2,True,False,True
09,007,Iztapalapa,0001,3149,3862,2021.0,147.0,175.0,1540.0,253.0,1642.0,26.0,843.0,795.0,1036.0,368.0,1287.0,322.0,27.03962703962704,35.521235521235525,51.339829476248475,0900700013149,19.33994547,-98.98715207000001,1,3,True,False,False
09,007,Iztapalapa,0001,3153,3560,1811.0,136.0,179.0,1375.0,223.0,1450.0,33.0,684.0,761.0,890.0,330.0,1152.0,315.0,30.208333333333332,37.07865168539326,47.172413793103445,0900700013153,19.33969119,-98.98348075,1,3,True,False,False
09,007,Iztapalapa,0001,3204,6595,3436.0,245.0,261.0,2662.0,466.0,2840.0,58.0,1396.0,1444.0,1684.0,643.0,2196.0,506.0,25.683060109289617,38.18289786223278,49.15492957746479,0900700013204,19.32857115,-99.03752285,5,6,True,False,False
09,007,Iztapalapa,0001,3219,7613,3877.0,287.0,345.0,3061.0,488.0,3251.0,44.0,1540.0,1703.0,2043.0,742.0,2573.0,632.0,26.272833268558106,36.31913852178169,47.370039987696096,0900700013219,19.328909025,-99.03473642,6,7,True,False,False
09,007,Iztapalapa,0001,3223,7231,3753.0,291.0,315.0,2871.0,487.0,3057.0,31.0,1469.0,1587.0,1821.0,651.0,2384.0,606.0,26.71979865771812,35.749588138385505,48.05364736669937,0900700013223,19.33276103,-99.03137808,7,7,True,False,False
09,007,Iztapalapa,0001,3238,6000,3089.0,189.0,240.0,2459.0,470.0,2616.0,85.0,1347.0,1269.0,1593.0,526.0,1989.0,429.0,25.84213172448467,33.01946013810421,51.49082568807339,0900700013238,19.33489329,-99.02169854,2,2,True,False,False
09,007,Iztapalapa,0001,3242,8092,4236.0,309.0,368.0,3232.0,576.0,3477.0,90.0,1784.0,1688.0,2189.0,748.0,2656.0,677.0,28.87801204819277,34.17085427135678,51.30859936727064,0900700013242,19.338944124999998,-99.004795635,2,2,True,False,False
09,007,Iztapalapa,0001,3257,4049,2074.0,166.0,195.0,1563.0,243.0,1685.0,20.0,923.0,758.0,1060.0,404.0,1320.0,361.0,28.863636363636363,38.113207547169814,54.77744807121662,0900700013257,19.332050575,-99.01496209000001,0,0,True,True,True
09,007,Iztapalapa,0001,3276,6422,3306.0,237.0,270.0,2622.0,476.0,2769.0,75.0,1371.0,1394.0,1719.0,547.0,2146.0,507.0,27.12022367194781,31.82082606166376,49.512459371614305,0900700013276,19.33107943,-99.01996761,0,0,True,True,True
09,007,Iztapalapa,0001,3295,5190,2663.0,177.0,213.0,2115.0,408.0,2242.0,43.0,1036.0,1206.0,1368.0,548.0,1707.0,390.0,25.36613942589338,40.058479532163744,46.208742194469224,0900700013295,19.32817459,-99.04516084,6,8,True,False,False
09,007,Iztapalapa,0001,3327,7178,3654.0,211.0,271.0,2934.0,584.0,3094.0,96.0,1555.0,1534.0,1859.0,691.0,2350.0,482.0,24.595744680851066,37.1705217859064,50.25856496444732,0900700013327,19.322752755,-99.05660787,2,2,True,False,False
09,007,Iztapalapa,0001,3346,6680,3436.0,294.0,324.0,2599.0,391.0,2798.0,74.0,1467.0,1326.0,1706.0,596.0,2208.0,618.0,31.34057971014493,34.93552168815944,52.43030736240172,0900700013346,19.33496612,-99.00421066,2,2,True,False,False
09,007,Iztapalapa,0001,3365,2467,1267.0,95.0,115.0,959.0,157.0,1030.0,19.0,535.0,488.0,629.0,218.0,802.0,210.0,28.553615960099748,34.65818759936407,51.94174757281553,0900700013365,19.33866123,-98.984516,0,2,True,False,True
09,007,Iztapalapa,0001,337A,7522,3900.0,231.0,299.0,3074.0,591.0,3265.0,50.0,1515.0,1744.0,2070.0,764.0,2483.0,530.0,23.358840112766817,36.908212560386474,46.40122511485452,090070001337A,19.32100854,-99.06352095,0,0,False,False,False
09,007,Iztapalapa,0001,3401,7248,3763.0,248.0,300.0,2925.0,480.0,3111.0,59.0,1447.0,1660.0,1871.0,742.0,2445.0,548.0,24.826175869120654,39.65793693212186,46.51237544198007,0900700013401,19.325308935000002,-99.03660999499999,4,5,True,False,False
09,007,Iztapalapa,0001,3420,4302,2177.0,189.0,211.0,1620.0,211.0,1757.0,26.0,877.0,878.0,1039.0,336.0,1409.0,400.0,30.234208658623135,32.338787295476415,49.91462720546386,0900700013420,19.33477429,-98.98265184,0,0,True,True,True
09,007,Iztapalapa,0001,3488,4965,2538.0,160.0,198.0,2032.0,357.0,2159.0,56.0,1039.0,1116.0,1611.0,622.0,1675.0,358.0,24.71641791044776,38.60955927995034,48.12413154238073,0900700013488,19.30670799,-99.08325937000001,1,1,True,False,False
09,007,Iztapalapa,0001,3492,5625,2917.0,208.0,263.0,2301.0,414.0,2427.0,67.0,1170.0,1254.0,1684.0,675.0,1887.0,471.0,28.51086380498145,40.08313539192399,48.20766378244747,0900700013492,19.30297528,-99.08418994,1,1,True,False,False
09,007,Iztapalapa,0001,3505,5709,2968.0,201.0,211.0,2378.0,484.0,2512.0,78.0,989.0,1512.0,1540.0,556.0,1894.0,412.0,25.87117212249208,36.103896103896105,39.37101910828025,0900700013505,19.30135985,-99.07790378,3,6,True,False,False
09,007,Iztapalapa,0001,351A,5705,2989.0,188.0,221.0,2378.0,460.0,2531.0,48.0,1235.0,1290.0,1497.0,491.0,1918.0,409.0,23.826903023983313,32.79893119572478,48.79494271039115,090070001351A,19.298372575,-99.07533984,3,6,False,False,False
09,007,Iztapalapa,0001,3539,4545,2351.0,151.0,166.0,1877.0,349.0,1985.0,43.0,914.0,1069.0,1272.0,447.0,1528.0,317.0,23.56020942408377,35.14150943396226,46.04534005037784,0900700013539,19.29504664,-99.07636558,3,6,False,False,False
09,007,Iztapalapa,0001,3558,1463,760.0,28.0,50.0,653.0,125.0,684.0,11.0,325.0,356.0,412.0,179.0,528.0,78.0,16.856060606060606,43.44660194174757,47.514619883040936,0900700013558,19.3895672,-99.04440075,3,4,False,False,False
09,007,Iztapalapa,0001,3562,1809,980.0,58.0,72.0,787.0,159.0,836.0,16.0,344.0,492.0,479.0,228.0,628.0,130.0,23.248407643312103,47.59916492693111,41.14832535885167,0900700013562,19.38742987,-99.04059928,3,4,False,False,False
09,007,Iztapalapa,0001,3577,2169,1153.0,71.0,90.0,937.0,197.0,991.0,13.0,431.0,560.0,593.0,298.0,740.0,161.0,23.513513513513516,50.252951096121414,43.491422805247225,0900700013577,19.38614714,-99.04034174,2,3,False,False,False
09,007,Iztapalapa,0001,3581,3942,2036.0,138.0,137.0,1672.0,325.0,1755.0,34.0,732.0,1021.0,1153.0,450.0,1347.0,275.0,22.93986636971047,39.028620988725066,41.70940170940171,0900700013581,19.38473349,-99.04466631,3,5,False,False,False
09,007,Iztapalapa,0001,3596,4594,2356.0,149.0,203.0,1921.0,365.0,2013.0,27.0,914.0,1096.0,1394.0,659.0,1556.0,352.0,24.357326478149098,47.27403156384505,45.40486835568803,0900700013596,19.38314875,-99.04258583500001,2,3,True,False,False
09,007,Iztapalapa,0001,3613,1441,757.0,27.0,37.0,646.0,180.0,672.0,5.0,307.0,359.0,428.0,171.0,466.0,64.0,14.806866952789699,39.953271028037385,45.68452380952381,0900700013613,19.3904201,-99.0400923,2,3,False,False,False
09,007,Iztapalapa,0001,3628,1158,631.0,20.0,30.0,549.0,127.0,582.0,7.0,268.0,314.0,378.0,156.0,422.0,50.0,13.507109004739338,41.269841269841265,46.04810996563574,0900700013628,19.39100851,-99.03899135,2,3,False,False,False
09,007,Iztapalapa,0001,3632,6682,3534.0,188.0,203.0,2965.0,627.0,3089.0,59.0,1191.0,1895.0,2002.0,875.0,2338.0,391.0,19.24721984602224,43.70629370629371,38.55616704435093,0900700013632,19.37827428,-99.11436366,3,5,False,False,False
09,007,Iztapalapa,0001,3647,2443,1278.0,58.0,83.0,1057.0,218.0,1102.0,21.0,486.0,615.0,735.0,282.0,839.0,141.0,19.30870083432658,38.36734693877551,44.1016333938294,0900700013647,19.37363971,-99.11490103,2,5,False,False,False
09,007,Iztapalapa,0001,3651,2692,1379.0,89.0,94.0,1136.0,209.0,1197.0,33.0,509.0,687.0,783.0,247.0,927.0,183.0,23.300970873786408,31.545338441890163,42.52297410192147,0900700013651,19.36405724,-99.08021518,2,2,False,False,False
09,007,Iztapalapa,0001,3666,1770,905.0,36.0,45.0,791.0,191.0,813.0,13.0,377.0,436.0,648.0,275.0,600.0,81.0,15.666666666666668,42.43827160493827,46.371463714637144,0900700013666,19.36322241,-99.076249685,1,1,False,False,False
09,007,Iztapalapa,0001,3670,4143,2163.0,132.0,121.0,1780.0,344.0,1877.0,20.0,883.0,994.0,1234.0,555.0,1436.0,253.0,19.011142061281337,44.97568881685575,47.04315396909963,0900700013670,19.36069332,-99.07138231,0,0,False,False,False
09,007,Iztapalapa,0001,369A,2858,1471.0,77.0,97.0,1207.0,290.0,1269.0,37.0,615.0,651.0,763.0,376.0,917.0,174.0,23.00981461286805,49.279161205766705,48.46335697399527,090070001369A,19.37003552,-99.00004714,0,0,False,False,False
09,007,Iztapalapa,0001,3702,2668,1406.0,60.0,84.0,1166.0,280.0,1225.0,27.0,625.0,595.0,648.0,275.0,886.0,144.0,19.30022573363431,42.43827160493827,51.02040816326531,0900700013702,19.36776884,-98.99925601,1,1,False,False,False
09,007,Iztapalapa,0001,3717,2261,1161.0,70.0,85.0,957.0,226.0,992.0,32.0,452.0,535.0,557.0,251.0,731.0,155.0,25.581395348837212,45.062836624775585,45.564516129032256,0900700013717,19.36743083,-98.9982234,1,1,True,False,False
09,007,Iztapalapa,0001,3721,4549,2343.0,98.0,107.0,2009.0,508.0,2098.0,22.0,1063.0,1035.0,1280.0,575.0,1501.0,205.0,15.123251165889407,44.921875,50.66730219256434,0900700013721,19.361795255,-99.06224065,0,0,False,False,False
09,007,Iztapalapa,0001,3740,4482,2399.0,115.0,136.0,2019.0,442.0,2109.0,60.0,1000.0,1107.0,1333.0,520.0,1577.0,251.0,19.720989220038046,39.00975243810953,47.4158368895211,0900700013740,19.35425964,-99.09932114,1,1,False,False,False
09,007,Iztapalapa,0001,3755,3456,1803.0,83.0,107.0,1523.0,275.0,1589.0,17.0,660.0,929.0,1007.0,379.0,1248.0,190.0,16.58653846153846,37.63654419066535,41.53555695405915,0900700013755,19.35035018,-99.09532937,1,1,False,False,False
09,007,Iztapalapa,0001,376A,1613,826.0,45.0,53.0,683.0,149.0,708.0,33.0,243.0,463.0,478.0,182.0,534.0,98.0,24.531835205992508,38.07531380753138,34.32203389830508,090070001376A,19.357631845,-99.090151615,2,2,True,False,False
09,007,Iztapalapa,0001,3774,3474,1843.0,99.0,124.0,1514.0,329.0,1592.0,54.0,783.0,808.0,929.0,350.0,1185.0,223.0,23.375527426160335,37.67491926803014,49.18341708542713,0900700013774,19.35464986,-99.0877285,2,2,False,False,False
09,007,Iztapalapa,0001,3789,3719,1929.0,122.0,135.0,1574.0,263.0,1647.0,40.0,740.0,903.0,1077.0,429.0,1311.0,257.0,22.65446224256293,39.83286908077994,44.93017607771706,0900700013789,19.3497114,-99.10125433,1,1,False,False,False
09,007,Iztapalapa,0001,3793,4417,2244.0,132.0,157.0,1801.0,347.0,1915.0,37.0,930.0,985.0,1287.0,533.0,1454.0,289.0,22.420907840440165,41.41414141414141,48.56396866840731,0900700013793,19.352441,-99.09852514,1,1,False,False,False
09,007,Iztapalapa,0001,3806,2080,1074.0,57.0,83.0,871.0,169.0,909.0,22.0,380.0,528.0,598.0,222.0,702.0,140.0,23.076923076923077,37.12374581939799,41.8041804180418,0900700013806,19.343036145,-99.10518046,2,2,False,False,False
09,007,Iztapalapa,0001,3810,5245,2769.0,172.0,225.0,2202.0,402.0,2320.0,39.0,982.0,1335.0,1528.0,614.0,1800.0,397.0,24.22222222222222,40.18324607329843,42.32758620689655,0900700013810,19.34200692,-99.10585223,2,2,True,False,False
09,007,Iztapalapa,0001,3825,3400,1756.0,102.0,124.0,1448.0,294.0,1507.0,34.0,694.0,808.0,892.0,316.0,1154.0,226.0,22.530329289428074,35.42600896860987,46.05175846051758,0900700013825,19.34085856,-99.10153698,2,3,False,False,False
09,007,Iztapalapa,0001,383A,3575,1872.0,116.0,121.0,1548.0,312.0,1608.0,33.0,736.0,872.0,1037.0,437.0,1236.0,237.0,21.844660194174757,42.14079074252652,45.77114427860697,090070001383A,19.344894955,-99.066650565,2,6,False,False,False
09,007,Iztapalapa,0001,3844,1550,809.0,51.0,48.0,655.0,136.0,691.0,8.0,283.0,408.0,474.0,207.0,519.0,99.0,20.616570327552985,43.67088607594937,40.95513748191028,0900700013844,19.34395463,-99.06399015,3,7,False,False,False
09,007,Iztapalapa,0001,3859,2090,1096.0,60.0,72.0,908.0,183.0,941.0,10.0,391.0,550.0,578.0,254.0,725.0,132.0,19.586206896551726,43.944636678200695,41.55154091392136,0900700013859,19.335715184999998,-99.048689615,4,5,False,False,False
09,007,Iztapalapa,0001,3863,4153,2126.0,140.0,183.0,1697.0,296.0,1790.0,45.0,901.0,887.0,1083.0,393.0,1401.0,323.0,26.266952177016417,36.288088642659275,50.33519553072626,0900700013863,19.33984916,-99.04646711,5,5,True,False,False
09,007,Iztapalapa,0001,3897,3937,2059.0,115.0,131.0,1718.0,391.0,1800.0,26.0,833.0,957.0,1078.0,392.0,1327.0,246.0,20.497362471740768,36.36363636363637,46.27777777777778,0900700013897,19.31593005,-99.07379182,5,6,False,False,False
09,007,Iztapalapa,0001,390A,4006,2069.0,116.0,128.0,1729.0,412.0,1787.0,43.0,833.0,953.0,1092.0,407.0,1317.0,244.0,21.791951404707667,37.27106227106227,46.614437604924454,090070001390A,19.31556874,-99.07713905,5,5,False,False,False
09,007,Iztapalapa,0001,3914,5355,2807.0,137.0,176.0,2374.0,524.0,2467.0,45.0,1075.0,1388.0,1512.0,590.0,1850.0,313.0,19.35135135135135,39.021164021164026,43.57519254154844,0900700013914,19.31159341,-99.07846613,5,5,False,False,False
09,007,Iztapalapa,0001,3967,3638,1903.0,109.0,128.0,1560.0,301.0,1647.0,33.0,783.0,862.0,1008.0,368.0,1259.0,237.0,21.445591739475773,36.507936507936506,47.540983606557376,0900700013967,19.3516128,-99.090686315,0,0,False,False,False
09,007,Iztapalapa,0001,3971,4809,2453.0,152.0,186.0,2021.0,323.0,2129.0,19.0,860.0,1263.0,1457.0,545.0,1698.0,338.0,21.024734982332156,37.40562800274537,40.39455143259747,0900700013971,19.350736384999998,-99.084780325,0,0,False,False,False
09,007,Iztapalapa,0001,3986,2232,1186.0,64.0,75.0,991.0,205.0,1021.0,17.0,441.0,578.0,698.0,304.0,786.0,139.0,19.84732824427481,43.553008595988544,43.192948090107734,0900700013986,19.338711995,-99.081935695,0,0,False,False,False
09,007,Iztapalapa,0001,3990,3618,1911.0,106.0,139.0,1564.0,277.0,1637.0,24.0,667.0,970.0,1130.0,433.0,1287.0,245.0,20.9013209013209,38.318584070796454,40.74526572999389,0900700013990,19.33842608,-99.08263119,0,0,False,False,False
09,007,Iztapalapa,0001,401A,2883,1456.0,89.0,101.0,1172.0,173.0,1242.0,28.0,525.0,716.0,881.0,289.0,999.0,190.0,21.82182182182182,32.803632236095346,42.270531400966185,090070001401A,19.336065464999997,-99.10206232,3,4,False,False,False
09,007,Iztapalapa,0001,4024,8391,4310.0,303.0,352.0,3397.0,494.0,3592.0,38.0,1515.0,2068.0,2304.0,816.0,2903.0,655.0,23.87185669996555,35.41666666666667,42.17706013363029,0900700014024,19.33785391,-99.09793547,2,3,False,False,False
09,007,Iztapalapa,0001,4039,5385,2794.0,166.0,180.0,2269.0,433.0,2392.0,45.0,1172.0,1219.0,1530.0,668.0,1836.0,346.0,21.296296296296298,43.66013071895425,48.99665551839465,0900700014039,19.334502505000003,-99.054020595,2,3,False,False,False
09,007,Iztapalapa,0001,4043,4417,2287.0,135.0,156.0,1838.0,441.0,1941.0,46.0,866.0,1073.0,1180.0,443.0,1397.0,291.0,24.123120973514673,37.54237288135593,44.616177228232864,0900700014043,19.33584677,-99.05013066,3,4,True,False,False
09,007,Iztapalapa,0001,4058,3227,1668.0,91.0,115.0,1340.0,307.0,1408.0,10.0,642.0,764.0,803.0,330.0,1033.0,206.0,20.90997095837367,41.0958904109589,45.596590909090914,0900700014058,19.33072764,-99.05911095,1,2,False,False,False
09,007,Iztapalapa,0001,4062,2990,1543.0,112.0,112.0,1270.0,256.0,1320.0,30.0,633.0,685.0,796.0,295.0,1014.0,224.0,25.04930966469428,37.06030150753769,47.95454545454545,0900700014062,19.325914490000002,-99.06286157,1,1,True,False,False
09,007,Iztapalapa,0001,4077,4751,2427.0,193.0,230.0,1826.0,269.0,1950.0,38.0,1043.0,906.0,1210.0,400.0,1557.0,423.0,29.608220937700708,33.057851239669425,53.48717948717949,0900700014077,19.33760926,-99.01477686000001,0,0,True,True,True
09,007,Iztapalapa,0001,4081,5245,2674.0,228.0,250.0,1994.0,268.0,2148.0,58.0,988.0,1158.0,1283.0,437.0,1726.0,478.0,31.05446118192352,34.06079501169135,45.99627560521415,0900700014081,19.33906226,-99.01147061,1,1,True,False,False
09,007,Iztapalapa,0001,4096,6341,3294.0,267.0,289.0,2528.0,338.0,2690.0,32.0,1315.0,1366.0,1515.0,484.0,2190.0,556.0,26.84931506849315,31.94719471947195,48.88475836431227,0900700014096,19.32810577,-99.03130450500001,5,5,True,False,False
09,007,Iztapalapa,0001,4109,7678,3846.0,315.0,417.0,2929.0,325.0,3115.0,36.0,1423.0,1690.0,1907.0,641.0,2604.0,732.0,29.493087557603687,33.61300471945464,45.68218298555377,0900700014109,19.32465149,-99.03019843,3,3,True,False,False
09,007,Iztapalapa,0001,4113,2033,1067.0,55.0,60.0,900.0,220.0,944.0,14.0,439.0,492.0,660.0,254.0,680.0,115.0,18.970588235294116,38.484848484848484,46.50423728813559,0900700014113,19.334835480000002,-99.07207806,1,2,False,False,False
09,007,Iztapalapa,0001,4128,1861,999.0,48.0,60.0,848.0,208.0,882.0,21.0,382.0,500.0,665.0,272.0,640.0,108.0,20.15625,40.902255639097746,43.31065759637188,0900700014128,19.33523968,-99.06861837,1,2,False,False,False
09,007,Iztapalapa,0001,4147,508,273.0,16.0,20.0,205.0,43.0,218.0,3.0,89.0,121.0,151.0,75.0,162.0,36.0,24.074074074074073,49.668874172185426,40.825688073394495,0900700014147,19.3322548,-99.07487284999999,1,1,False,False,False
09,007,Iztapalapa,0001,4151,1449,732.0,51.0,53.0,589.0,97.0,632.0,10.0,262.0,370.0,376.0,131.0,492.0,104.0,23.170731707317074,34.840425531914896,41.45569620253164,0900700014151,19.332227325,-99.07140104000001,1,1,False,False,False
09,007,Iztapalapa,0001,4166,2650,1396.0,65.0,69.0,1191.0,342.0,1249.0,31.0,593.0,655.0,802.0,318.0,849.0,134.0,19.434628975265017,39.65087281795511,47.47798238590873,0900700014166,19.33007144,-99.07305083,1,1,False,False,False
09,007,Iztapalapa,0001,4170,4478,2289.0,168.0,202.0,1805.0,318.0,1924.0,37.0,893.0,1025.0,1125.0,391.0,1487.0,370.0,27.37054472091459,34.75555555555555,46.41372141372141,0900700014170,19.32066074,-99.05855124,1,1,True,False,False
09,007,Iztapalapa,0001,4185,3902,2041.0,118.0,151.0,1634.0,242.0,1727.0,19.0,784.0,941.0,1067.0,383.0,1392.0,269.0,20.689655172413794,35.8950328022493,45.39664157498552,0900700014185,19.31733831,-99.06062986,0,0,False,False,False
09,007,Iztapalapa,0001,419A,3319,1756.0,117.0,114.0,1448.0,246.0,1510.0,34.0,638.0,870.0,1053.0,375.0,1202.0,231.0,22.04658901830283,35.61253561253561,42.25165562913907,090070001419A,19.3274289,-99.051052315,3,5,False,False,False
09,007,Iztapalapa,0001,4202,3513,1805.0,115.0,141.0,1420.0,245.0,1512.0,37.0,712.0,798.0,873.0,325.0,1175.0,256.0,24.93617021276596,37.22794959908362,47.08994708994709,0900700014202,19.32568279,-99.04930706,2,4,True,False,False
09,007,Iztapalapa,0001,4217,3246,1677.0,87.0,109.0,1367.0,234.0,1451.0,21.0,542.0,909.0,916.0,331.0,1133.0,196.0,19.152691968225948,36.135371179039296,37.35354927636113,0900700014217,19.323806465,-99.047984465,3,4,False,False,False
09,007,Iztapalapa,0001,4236,8000,4184.0,350.0,418.0,3121.0,384.0,3347.0,58.0,1566.0,1779.0,2099.0,812.0,2737.0,768.0,30.179028132992325,38.6850881372082,46.78816850911264,0900700014236,19.32160796,-99.04290634,5,6,True,False,False
09,007,Iztapalapa,0001,4240,5046,2624.0,189.0,261.0,2003.0,227.0,2131.0,44.0,993.0,1132.0,1288.0,453.0,1776.0,450.0,27.815315315315313,35.170807453416145,46.59784138901924,0900700014240,19.32838603,-99.02617972,1,1,True,False,False
09,007,Iztapalapa,0001,426A,5157,2638.0,252.0,284.0,1940.0,218.0,2092.0,38.0,956.0,1135.0,1280.0,387.0,1722.0,536.0,33.33333333333333,30.234375000000004,45.69789674952199,090070001426A,19.33007924,-98.97665793,0,0,True,True,True
09,007,Iztapalapa,0001,4274,6175,3128.0,317.0,328.0,2238.0,203.0,2403.0,52.0,1326.0,1076.0,1448.0,463.0,2035.0,645.0,34.250614250614255,31.97513812154696,55.181023720349565,0900700014274,19.327051400000002,-98.97697829500001,0,0,True,True,True
09,007,Iztapalapa,0001,4289,3047,1589.0,113.0,143.0,1182.0,144.0,1253.0,27.0,647.0,605.0,780.0,282.0,1038.0,256.0,27.26396917148362,36.15384615384615,51.636073423782925,0900700014289,19.32829586,-98.97209729,0,0,True,True,True
09,007,Iztapalapa,0001,4293,5256,2766.0,238.0,273.0,2023.0,191.0,2174.0,40.0,937.0,1237.0,1293.0,385.0,1832.0,511.0,30.0764192139738,29.775715390564578,43.10027598896044,0900700014293,19.32926609,-98.96968104,0,0,True,True,True
09,007,Iztapalapa,0001,4306,1814,948.0,56.0,73.0,786.0,170.0,813.0,19.0,352.0,460.0,505.0,205.0,616.0,129.0,24.025974025974026,40.5940594059406,43.29643296432965,0900700014306,19.30072701,-99.0816012,2,3,False,False,False
09,007,Iztapalapa,0001,4310,2911,1487.0,78.0,101.0,1211.0,261.0,1274.0,19.0,594.0,677.0,826.0,271.0,950.0,179.0,20.842105263157894,32.80871670702179,46.62480376766091,0900700014310,19.29944411,-99.07812993,3,6,False,False,False
09,007,Iztapalapa,0001,4325,1681,876.0,38.0,59.0,714.0,169.0,753.0,7.0,343.0,410.0,466.0,161.0,545.0,97.0,19.08256880733945,34.54935622317596,45.55112881806109,0900700014325,19.29676973,-99.07995948,1,4,False,False,False
09,007,Iztapalapa,0001,433A,4019,2063.0,110.0,175.0,1653.0,308.0,1744.0,24.0,601.0,1138.0,1072.0,322.0,1345.0,285.0,22.973977695167285,30.037313432835823,34.461009174311926,090070001433A,19.29555912,-99.07130582,4,8,False,False,False
09,007,Iztapalapa,0001,4344,2790,1446.0,83.0,96.0,1147.0,247.0,1232.0,28.0,541.0,690.0,704.0,344.0,900.0,179.0,23.0,48.86363636363637,43.91233766233766,0900700014344,19.29341362,-99.07100842,3,7,False,False,False
09,007,Iztapalapa,0001,4359,2616,1383.0,85.0,92.0,1125.0,242.0,1181.0,14.0,512.0,667.0,637.0,251.0,883.0,177.0,21.630804077010193,39.403453689167975,43.353090601185436,0900700014359,19.29215046,-99.06996799,4,8,False,False,False
09,007,Iztapalapa,0001,4363,6175,3192.0,240.0,284.0,2461.0,359.0,2631.0,47.0,1127.0,1500.0,1636.0,610.0,2102.0,524.0,27.164605137963843,37.286063569682156,42.83542379323451,0900700014363,19.29473641,-99.06317376,5,8,True,False,False
09,007,Iztapalapa,0001,4382,2196,1168.0,63.0,94.0,939.0,170.0,986.0,22.0,390.0,596.0,596.0,258.0,769.0,157.0,23.27698309492848,43.288590604026844,39.553752535496955,0900700014382,19.29113703,-99.06695501,3,6,False,False,False
09,007,Iztapalapa,0001,4397,1640,866.0,41.0,49.0,726.0,171.0,759.0,13.0,288.0,470.0,391.0,166.0,555.0,90.0,18.55855855855856,42.45524296675192,37.94466403162055,0900700014397,19.29013913,-99.06521748,3,6,False,False,False
09,007,Iztapalapa,0001,440A,1408,737.0,43.0,55.0,574.0,131.0,607.0,8.0,268.0,339.0,348.0,126.0,443.0,98.0,23.927765237020317,36.206896551724135,44.15156507413509,090070001440A,19.28867862,-99.0665432,3,5,False,False,False
09,007,Iztapalapa,0001,4414,8028,4200.0,195.0,229.0,3557.0,741.0,3693.0,97.0,1508.0,2181.0,2519.0,1081.0,2816.0,424.0,18.501420454545457,42.91385470424772,40.83401028973734,0900700014414,19.321623709999997,-99.08450509,4,4,False,False,False
09,007,Iztapalapa,0001,4429,2049,1126.0,48.0,67.0,982.0,241.0,1010.0,23.0,439.0,571.0,759.0,389.0,741.0,115.0,18.62348178137652,51.25164690382081,43.46534653465346,0900700014429,19.32180871,-99.09449492,2,3,False,False,False
09,007,Iztapalapa,0001,4433,3751,2023.0,67.0,113.0,1736.0,394.0,1803.0,24.0,749.0,1052.0,1251.0,494.0,1342.0,180.0,15.201192250372578,39.48840927258194,41.54187465335552,0900700014433,19.31885747,-99.08877336,2,3,False,False,False
09,007,Iztapalapa,0001,4448,2475,1282.0,58.0,85.0,1100.0,272.0,1140.0,15.0,491.0,649.0,856.0,356.0,828.0,143.0,19.082125603864732,41.58878504672897,43.07017543859649,0900700014448,19.318313105,-99.08567264999999,4,4,False,False,False
09,007,Iztapalapa,0001,4452,1960,1053.0,40.0,49.0,933.0,302.0,956.0,13.0,457.0,499.0,647.0,281.0,631.0,89.0,16.164817749603806,43.431221020092735,47.80334728033473,0900700014452,19.316733385,-99.08920532,2,2,False,False,False
09,007,Iztapalapa,0001,4467,2193,1204.0,57.0,73.0,972.0,204.0,1031.0,12.0,474.0,556.0,637.0,265.0,768.0,130.0,18.489583333333336,41.60125588697017,45.97478176527643,0900700014467,19.31620455,-99.08878692,2,2,False,False,False
09,007,Iztapalapa,0001,4471,2274,1190.0,63.0,76.0,977.0,171.0,1034.0,7.0,452.0,581.0,665.0,294.0,806.0,139.0,18.11414392059553,44.21052631578947,43.7137330754352,0900700014471,19.31453916,-99.08821279,2,2,False,False,False
09,007,Iztapalapa,0001,4503,4051,2127.0,131.0,128.0,1764.0,324.0,1856.0,13.0,847.0,1004.0,1101.0,394.0,1440.0,259.0,18.88888888888889,35.78564940962761,45.63577586206897,0900700014503,19.37158805,-99.00738129000001,0,0,False,False,False
09,007,Iztapalapa,0001,4522,749,414.0,32.0,23.0,323.0,56.0,333.0,4.0,144.0,189.0,218.0,94.0,267.0,55.0,22.09737827715356,43.11926605504588,43.24324324324324,0900700014522,19.37617782,-99.05302554,3,5,False,False,False
09,007,Iztapalapa,0001,4541,1011,533.0,32.0,49.0,432.0,75.0,447.0,6.0,192.0,255.0,275.0,114.0,357.0,81.0,24.369747899159663,41.45454545454545,42.95302013422819,0900700014541,19.374213095,-99.05155021,3,4,True,False,False
09,007,Iztapalapa,0001,4560,969,539.0,26.0,36.0,429.0,49.0,453.0,4.0,220.0,233.0,244.0,110.0,380.0,62.0,17.36842105263158,45.08196721311475,48.56512141280353,0900700014560,19.37587093,-99.05880808,3,4,False,False,False
09,007,Iztapalapa,0001,4594,1164,638.0,40.0,67.0,486.0,88.0,509.0,3.0,194.0,314.0,314.0,147.0,398.0,107.0,27.63819095477387,46.81528662420382,38.1139489194499,0900700014594,19.373837315000003,-99.0561238,3,4,True,False,False
09,007,Iztapalapa,0001,4611,751,402.0,31.0,25.0,337.0,67.0,347.0,8.0,152.0,195.0,244.0,124.0,270.0,56.0,23.703703703703706,50.81967213114754,43.804034582132566,0900700014611,19.37303723,-99.05427023,3,4,False,False,False
09,007,Iztapalapa,0001,4645,1184,618.0,38.0,48.0,497.0,83.0,521.0,42.0,251.0,270.0,376.0,190.0,414.0,86.0,30.917874396135264,50.53191489361703,48.17658349328215,0900700014645,19.37313818,-99.05089212,3,3,True,False,False
09,007,Iztapalapa,0001,465A,2794,1437.0,118.0,141.0,1124.0,179.0,1176.0,21.0,491.0,685.0,783.0,297.0,945.0,259.0,29.629629629629626,37.93103448275862,41.75170068027211,090070001465A,19.370944895,-99.04972537,3,3,True,False,False
09,007,Iztapalapa,0001,4664,3439,1783.0,117.0,157.0,1410.0,255.0,1480.0,49.0,733.0,743.0,826.0,370.0,1155.0,274.0,27.965367965367964,44.794188861985475,49.527027027027025,0900700014664,19.37084022,-99.038472365,3,4,True,False,False
09,007,Iztapalapa,0001,4679,440,236.0,22.0,15.0,183.0,29.0,200.0,8.0,97.0,103.0,128.0,62.0,154.0,37.0,29.22077922077922,48.4375,48.5,0900700014679,19.36941873,-99.03568419999999,3,4,True,False,False
09,007,Iztapalapa,0001,4683,2771,1460.0,105.0,111.0,1171.0,175.0,1231.0,28.0,625.0,603.0,792.0,255.0,996.0,216.0,24.497991967871485,32.196969696969695,50.77173030056864,0900700014683,19.36746359,-99.03470901,3,4,True,False,False
09,007,Iztapalapa,0001,4698,3320,1693.0,137.0,143.0,1307.0,143.0,1405.0,8.0,686.0,719.0,916.0,386.0,1164.0,280.0,24.742268041237114,42.13973799126637,48.82562277580072,0900700014698,19.374367165,-99.061739175,1,2,True,False,False
09,007,Iztapalapa,0001,472A,5525,2879.0,168.0,182.0,2391.0,525.0,2506.0,60.0,1143.0,1358.0,1390.0,605.0,1866.0,350.0,21.972132904608788,43.52517985611511,45.610534716679965,090070001472A,19.3603067,-99.05132559,1,1,False,False,False
09,007,Iztapalapa,0001,4734,11587,6020.0,314.0,419.0,4973.0,1058.0,5213.0,112.0,2378.0,2826.0,3001.0,1259.0,3915.0,733.0,21.58365261813538,41.95268243918694,45.61672741223863,0900700014734,19.35220337,-99.04977464,3,5,False,False,False
09,007,Iztapalapa,0001,4749,6128,3128.0,213.0,266.0,2458.0,448.0,2632.0,37.0,1335.0,1294.0,1566.0,570.0,2010.0,479.0,25.671641791044774,36.39846743295019,50.72188449848024,0900700014749,19.32294258,-99.04975993,2,3,True,False,False
09,007,Iztapalapa,0001,4768,3740,1963.0,102.0,149.0,1591.0,289.0,1665.0,26.0,786.0,876.0,1054.0,374.0,1302.0,251.0,21.274961597542244,35.483870967741936,47.207207207207205,0900700014768,19.33084575,-99.05367131,2,3,False,False,False
09,007,Iztapalapa,0001,4772,4280,2200.0,158.0,163.0,1738.0,335.0,1829.0,38.0,947.0,880.0,1137.0,382.0,1403.0,321.0,25.588025659301493,33.5971855760774,51.776927282668126,0900700014772,19.32936296,-99.051298335,2,4,True,False,False
09,007,Iztapalapa,0001,4791,2135,1109.0,46.0,61.0,946.0,182.0,981.0,7.0,372.0,609.0,638.0,264.0,764.0,107.0,14.921465968586386,41.37931034482759,37.920489296636084,0900700014791,19.35893575,-99.07680961,1,1,False,False,False
09,007,Iztapalapa,0001,4804,2676,1384.0,94.0,96.0,1139.0,247.0,1199.0,19.0,541.0,656.0,770.0,292.0,892.0,190.0,23.430493273542602,37.922077922077925,45.120934111759794,0900700014804,19.33956168,-99.084255635,0,0,False,False,False
09,007,Iztapalapa,0001,4838,1560,808.0,56.0,73.0,633.0,112.0,667.0,16.0,341.0,326.0,404.0,146.0,521.0,129.0,27.83109404990403,36.13861386138614,51.12443778110944,0900700014838,19.339915155,-98.977939575,0,0,True,True,True
09,007,Iztapalapa,0001,4842,1895,980.0,85.0,80.0,735.0,82.0,796.0,9.0,368.0,428.0,486.0,158.0,653.0,165.0,26.64624808575804,32.510288065843625,46.231155778894475,0900700014842,19.330355259999997,-98.97366801000001,0,0,True,True,True
09,007,Iztapalapa,0001,4857,5508,2763.0,261.0,306.0,2069.0,186.0,2210.0,29.0,1078.0,1130.0,1435.0,467.0,1883.0,567.0,31.651619755708975,32.54355400696864,48.77828054298642,0900700014857,19.32474389,-99.02574001,0,0,True,True,True
09,007,Iztapalapa,0001,4861,3584,1789.0,162.0,165.0,1323.0,126.0,1424.0,23.0,722.0,700.0,836.0,238.0,1197.0,327.0,29.239766081871345,28.4688995215311,50.70224719101124,0900700014861,19.32257103,-99.02857224,0,0,True,True,True
09,007,Iztapalapa,0001,4876,5532,2859.0,253.0,279.0,2093.0,267.0,2253.0,34.0,1023.0,1219.0,1411.0,431.0,1826.0,532.0,30.996714129244253,30.54571226080794,45.40612516644474,0900700014876,19.33640554,-98.99679139,2,3,True,False,False
09,007,Iztapalapa,0001,4880,5581,2890.0,214.0,264.0,2167.0,267.0,2320.0,37.0,1121.0,1195.0,1397.0,432.0,1900.0,478.0,27.105263157894736,30.923407301360058,48.31896551724138,0900700014880,19.33674522,-98.99928236,2,3,True,False,False
09,007,Iztapalapa,0001,4895,3426,1829.0,84.0,111.0,1554.0,276.0,1613.0,21.0,609.0,1002.0,1155.0,487.0,1278.0,195.0,16.901408450704224,42.16450216450217,37.75573465592065,0900700014895,19.3842927,-99.07105333,4,4,False,False,False
09,007,Iztapalapa,0001,4908,5488,2872.0,169.0,174.0,2352.0,447.0,2472.0,47.0,1198.0,1266.0,1527.0,550.0,1905.0,343.0,20.47244094488189,36.01833660772757,48.46278317152103,0900700014908,19.382505575000003,-99.069889705,3,3,False,False,False
09,007,Iztapalapa,0001,4912,6803,3528.0,180.0,249.0,2923.0,602.0,3073.0,50.0,1404.0,1668.0,1930.0,729.0,2321.0,429.0,20.63765618267988,37.7720207253886,45.6882525219655,0900700014912,19.35714977,-99.08009417,1,1,False,False,False
09,007,Iztapalapa,0001,4927,6812,3555.0,212.0,223.0,2962.0,487.0,3092.0,58.0,1252.0,1838.0,2165.0,803.0,2475.0,435.0,19.91919191919192,37.09006928406466,40.49159120310479,0900700014927,19.35590048,-99.08122275,1,1,False,False,False
09,007,Iztapalapa,0001,4931,5485,2845.0,194.0,223.0,2251.0,392.0,2392.0,44.0,1170.0,1222.0,1488.0,573.0,1859.0,417.0,24.79827864443249,38.50806451612903,48.91304347826087,0900700014931,19.348949935,-99.00890486,0,0,True,True,True
09,007,Iztapalapa,0001,4946,5350,2784.0,188.0,184.0,2242.0,395.0,2371.0,58.0,1144.0,1226.0,1505.0,598.0,1847.0,372.0,23.280996210070384,39.73421926910299,48.24968367777309,0900700014946,19.347643735,-99.012866785,0,0,False,False,False
09,007,Iztapalapa,0001,4965,4114,2107.0,82.0,112.0,1770.0,446.0,1860.0,37.0,836.0,1021.0,1102.0,353.0,1324.0,194.0,17.447129909365557,32.03266787658802,44.946236559139784,0900700014965,19.32237282,-99.09405875499999,2,3,False,False,False
09,007,Iztapalapa,0001,497A,1927,1022.0,55.0,67.0,847.0,137.0,888.0,12.0,384.0,503.0,594.0,255.0,710.0,122.0,18.87323943661972,42.92929292929293,43.24324324324324,090070001497A,19.35074409,-99.077182545,0,0,False,False,False
09,007,Iztapalapa,0001,4984,4002,2125.0,120.0,141.0,1742.0,287.0,1822.0,36.0,736.0,1084.0,1151.0,433.0,1455.0,261.0,20.412371134020617,37.61946133796699,40.39517014270033,0900700014984,19.34742958,-99.08138416,0,0,False,False,False
09,007,Iztapalapa,0001,4999,3431,1760.0,109.0,122.0,1455.0,287.0,1519.0,40.0,632.0,885.0,858.0,299.0,1168.0,231.0,23.20205479452055,34.84848484848485,41.60631994733377,0900700014999,19.341695555,-99.03054187999999,4,5,False,False,False
09,007,Iztapalapa,0001,5003,3643,1948.0,88.0,139.0,1597.0,270.0,1657.0,32.0,652.0,1003.0,1054.0,383.0,1327.0,227.0,19.51770911831198,36.337760910815945,39.348219674109835,0900700015003,19.34180378,-99.026693015,4,5,False,False,False
09,007,Iztapalapa,0001,5018,2989,1540.0,108.0,90.0,1248.0,237.0,1329.0,23.0,650.0,679.0,811.0,310.0,1011.0,198.0,21.8595450049456,38.224414303329226,48.90895410082769,0900700015018,19.33421321,-99.06101783,1,2,False,False,False
09,007,Iztapalapa,0001,5037,2646,1342.0,100.0,125.0,1047.0,174.0,1109.0,20.0,533.0,574.0,692.0,231.0,873.0,225.0,28.06414662084765,33.38150289017341,48.06131650135257,0900700015037,19.33928212,-98.97850466,0,0,True,True,True
09,007,Iztapalapa,0001,5041,3291,1696.0,160.0,153.0,1275.0,153.0,1363.0,26.0,720.0,642.0,872.0,311.0,1122.0,313.0,30.213903743315505,35.6651376146789,52.82465150403522,0900700015041,19.33727454,-98.97778708999999,0,0,True,True,True
09,007,Iztapalapa,0001,5056,806,423.0,29.0,33.0,343.0,67.0,362.0,4.0,140.0,221.0,251.0,99.0,276.0,62.0,23.91304347826087,39.44223107569721,38.67403314917127,0900700015056,19.32726085,-99.052927945,2,3,False,False,False
09,007,Iztapalapa,0001,5060,5931,3094.0,169.0,216.0,2519.0,495.0,2659.0,52.0,1198.0,1455.0,1592.0,549.0,2024.0,385.0,21.59090909090909,34.484924623115575,45.05453177886424,0900700015060,19.32662102,-99.05510133499999,2,3,False,False,False
09,007,Iztapalapa,0001,5075,3792,1960.0,146.0,194.0,1492.0,228.0,1584.0,43.0,758.0,825.0,1014.0,344.0,1264.0,340.0,30.300632911392405,33.92504930966469,47.85353535353536,0900700015075,19.328842765,-99.02251658,1,1,True,False,False
09,007,Iztapalapa,0001,508A,3945,2042.0,159.0,194.0,1528.0,204.0,1640.0,22.0,807.0,825.0,1066.0,335.0,1324.0,353.0,28.323262839879153,31.425891181988742,49.20731707317073,090070001508A,19.32769563,-99.02022775,0,0,True,True,True
09,007,Iztapalapa,0001,5094,1516,793.0,48.0,57.0,675.0,47.0,705.0,3.0,268.0,437.0,514.0,216.0,628.0,105.0,17.197452229299362,42.023346303501945,38.01418439716312,0900700015094,19.36969259,-99.00783404,1,1,False,False,False
09,007,Iztapalapa,0001,5107,4853,2484.0,149.0,176.0,2047.0,327.0,2145.0,27.0,872.0,1271.0,1464.0,547.0,1720.0,325.0,20.46511627906977,37.36338797814208,40.65268065268065,0900700015107,19.36556723,-99.00547313,1,1,False,False,False
09,007,Iztapalapa,0001,5111,7653,3971.0,179.0,231.0,3381.0,480.0,3537.0,32.0,1405.0,2132.0,2594.0,976.0,2901.0,410.0,15.236125473974491,37.62528912875867,39.722929035906134,0900700015111,19.35794298,-99.06335177,0,2,False,False,False
09,007,Iztapalapa,0001,5126,4853,2539.0,110.0,155.0,2155.0,404.0,2244.0,23.0,964.0,1279.0,1492.0,586.0,1751.0,265.0,16.44774414620217,39.27613941018767,42.95900178253119,0900700015126,19.35725349,-99.06143420000001,1,4,False,False,False
09,007,Iztapalapa,0001,5130,2592,1362.0,66.0,89.0,1145.0,227.0,1198.0,36.0,530.0,666.0,741.0,308.0,918.0,155.0,20.806100217864923,41.56545209176788,44.24040066777963,0900700015130,19.33359898,-99.06956662,1,2,False,False,False
09,007,Iztapalapa,0001,5145,4478,2348.0,164.0,162.0,1921.0,317.0,2008.0,36.0,864.0,1143.0,1344.0,571.0,1604.0,326.0,22.568578553615957,42.485119047619044,43.02788844621514,0900700015145,19.33060476,-99.06780724000001,2,2,False,False,False
09,007,Iztapalapa,0001,515A,1634,832.0,52.0,66.0,675.0,125.0,706.0,17.0,270.0,436.0,399.0,164.0,550.0,118.0,24.545454545454547,41.10275689223057,38.243626062322946,090070001515A,19.2906222,-99.072425735,3,6,True,False,False
09,007,Iztapalapa,0001,5179,1573,857.0,58.0,62.0,673.0,100.0,713.0,22.0,292.0,419.0,405.0,174.0,573.0,120.0,24.781849912739965,42.96296296296296,40.95371669004207,0900700015179,19.37826743,-99.05209131,3,4,True,False,False
09,007,Iztapalapa,0001,5183,3932,2047.0,191.0,181.0,1522.0,178.0,1633.0,17.0,698.0,933.0,903.0,445.0,1344.0,372.0,28.943452380952383,49.28017718715393,42.74341702388242,0900700015183,19.37824705,-99.05159969,3,5,True,False,False
09,007,Iztapalapa,0001,5198,5541,2766.0,267.0,305.0,2067.0,249.0,2197.0,23.0,1035.0,1161.0,1372.0,531.0,1818.0,572.0,32.72827282728273,38.70262390670554,47.10969503868912,0900700015198,19.36881957,-99.05068564,2,2,True,False,False
09,007,Iztapalapa,0001,5200,4699,2412.0,194.0,276.0,1801.0,200.0,1932.0,11.0,862.0,1070.0,1151.0,455.0,1601.0,470.0,30.04372267332917,39.53084274543875,44.616977225672876,0900700015200,19.364771044999998,-99.05045028,2,2,True,False,False
09,007,Iztapalapa,0001,5215,5858,3029.0,200.0,252.0,2453.0,367.0,2581.0,28.0,1178.0,1396.0,1486.0,509.0,2086.0,452.0,23.010546500479386,34.25302826379543,45.64122433165439,0900700015215,19.331005575,-99.080599495,1,1,False,False,False
09,007,Iztapalapa,0001,522A,2314,1191.0,61.0,79.0,998.0,186.0,1037.0,26.0,413.0,624.0,734.0,259.0,812.0,140.0,20.44334975369458,35.28610354223433,39.82642237222758,090070001522A,19.330179635,-99.084924865,1,2,False,False,False
09,007,Iztapalapa,0001,5249,3208,1688.0,74.0,125.0,1421.0,151.0,1479.0,22.0,561.0,917.0,1116.0,389.0,1270.0,199.0,17.401574803149604,34.85663082437276,37.93103448275862,0900700015249,19.3276996,-99.08592583,1,2,False,False,False
09,007,Iztapalapa,0001,5253,4458,2315.0,186.0,212.0,1787.0,183.0,1897.0,19.0,792.0,1102.0,1350.0,535.0,1604.0,398.0,25.997506234413965,39.62962962962963,41.75013178703216,0900700015253,19.37548515,-99.03059468,3,4,True,False,False
09,007,Iztapalapa,0001,5268,5103,2663.0,227.0,236.0,2076.0,248.0,2194.0,15.0,1045.0,1145.0,1447.0,563.0,1828.0,463.0,26.148796498905906,38.90808569454043,47.629899726526894,0900700015268,19.37340556,-99.02941559,3,4,True,False,False
09,007,Iztapalapa,0001,5272,3347,1720.0,76.0,93.0,1484.0,356.0,1542.0,31.0,674.0,865.0,1189.0,428.0,1128.0,169.0,17.73049645390071,35.996635828427245,43.7094682230869,0900700015272,19.373761985,-99.119801465,2,4,False,False,False
09,007,Iztapalapa,0001,5287,2360,1274.0,53.0,59.0,1118.0,283.0,1155.0,8.0,571.0,582.0,887.0,409.0,835.0,112.0,14.37125748502994,46.11048478015783,49.43722943722943,0900700015287,19.37204728,-99.12206021,2,4,False,False,False
09,007,Iztapalapa,0001,5291,3411,1756.0,139.0,148.0,1312.0,165.0,1411.0,37.0,747.0,663.0,910.0,315.0,1147.0,287.0,28.247602441150825,34.61538461538461,52.94117647058824,0900700015291,19.34732848,-99.00467829499999,2,2,True,False,False
09,007,Iztapalapa,0001,5304,5300,2739.0,189.0,236.0,2113.0,370.0,2254.0,84.0,1066.0,1185.0,1384.0,477.0,1743.0,425.0,29.202524383247276,34.46531791907515,47.29370008873114,0900700015304,19.34256818,-99.00406133,2,2,True,False,False
09,007,Iztapalapa,0001,5319,3414,1750.0,143.0,134.0,1328.0,211.0,1443.0,27.0,702.0,739.0,949.0,448.0,1117.0,277.0,27.21575649059982,47.20758693361433,48.64864864864865,0900700015319,19.3409537,-98.99344464,2,4,True,False,False
09,007,Iztapalapa,0001,5323,3240,1674.0,148.0,163.0,1261.0,150.0,1346.0,28.0,634.0,710.0,845.0,275.0,1111.0,311.0,30.51305130513051,32.544378698224854,47.102526002971764,0900700015323,19.33680993,-98.99244053,0,2,True,False,True
09,007,Iztapalapa,0001,5338,6974,3561.0,309.0,382.0,2630.0,294.0,2791.0,32.0,1411.0,1376.0,1715.0,581.0,2336.0,691.0,30.950342465753423,33.87755102040816,50.5553565030455,0900700015338,19.33172415,-99.01285794,0,0,True,True,True
09,007,Iztapalapa,0001,5342,5210,2609.0,283.0,256.0,1957.0,191.0,2090.0,32.0,1011.0,1077.0,1302.0,495.0,1766.0,539.0,32.33295583238958,38.0184331797235,48.3732057416268,0900700015342,19.33406126,-99.00730417,1,1,True,False,False
09,007,Iztapalapa,0001,5357,3042,1621.0,91.0,101.0,1344.0,265.0,1414.0,34.0,501.0,912.0,843.0,330.0,1079.0,192.0,20.945319740500462,39.14590747330961,35.431400282885434,0900700015357,19.31680866,-99.08162437,4,4,False,False,False
09,007,Iztapalapa,0001,5361,2123,1092.0,68.0,111.0,770.0,26.0,859.0,7.0,518.0,341.0,531.0,95.0,744.0,179.0,25.0,17.890772128060263,60.30267753201397,0900700015361,19.31551085,-99.07949226,5,5,True,False,False
09,007,Iztapalapa,0001,5376,961,509.0,38.0,56.0,357.0,7.0,387.0,0.0,185.0,202.0,246.0,74.0,350.0,94.0,26.857142857142858,30.081300813008134,47.80361757105943,0900700015376,19.31022579,-99.08462983,3,3,True,False,False
09,007,Iztapalapa,0001,5380,8787,4471.0,373.0,454.0,3474.0,424.0,3677.0,87.0,1695.0,1980.0,2255.0,769.0,3050.0,827.0,29.9672131147541,34.1019955654102,46.0973619798749,0900700015380,19.31693335,-99.04481329,3,4,True,False,False
09,007,Iztapalapa,0001,5395,3565,1825.0,125.0,174.0,1400.0,131.0,1489.0,30.0,667.0,822.0,808.0,504.0,1269.0,299.0,25.925925925925924,62.37623762376238,44.7951645399597,0900700015395,19.31427144,-99.04520059,3,4,True,False,False
09,007,Iztapalapa,0001,5408,2285,1188.0,89.0,105.0,952.0,141.0,995.0,15.0,426.0,567.0,556.0,244.0,811.0,194.0,25.770653514180026,43.884892086330936,42.814070351758794,0900700015408,19.28869408,-99.07230741,3,6,True,False,False
09,007,Iztapalapa,0001,5412,2677,1420.0,89.0,102.0,1137.0,144.0,1201.0,40.0,468.0,733.0,673.0,310.0,993.0,191.0,23.26283987915408,46.062407132243685,38.96752706078268,0900700015412,19.2893485,-99.07137568,3,6,False,False,False
09,007,Iztapalapa,0001,5427,4283,2242.0,157.0,192.0,1805.0,236.0,1889.0,36.0,777.0,1112.0,1141.0,558.0,1569.0,349.0,24.53792224346718,48.90446976336547,41.13287453679195,0900700015427,19.28723136,-99.06885518,3,5,True,False,False
09,007,Iztapalapa,0001,5431,2463,1314.0,42.0,65.0,1125.0,271.0,1183.0,16.0,553.0,626.0,804.0,339.0,854.0,107.0,14.402810304449648,42.16417910447761,46.74556213017752,0900700015431,19.37185068,-99.106316,1,3,False,False,False
09,007,Iztapalapa,0001,5446,4124,2186.0,97.0,132.0,1861.0,517.0,1935.0,47.0,889.0,1043.0,1245.0,541.0,1344.0,229.0,20.535714285714285,43.45381526104418,45.94315245478036,0900700015446,19.36593749,-99.10976378,1,5,False,False,False
09,007,Iztapalapa,0001,5450,3458,1828.0,99.0,136.0,1465.0,296.0,1551.0,34.0,774.0,777.0,852.0,288.0,1169.0,235.0,23.011120615911036,33.80281690140845,49.90328820116054,0900700015450,19.32511232,-99.06005669,2,2,False,False,False
09,007,Iztapalapa,0001,5465,1777,945.0,48.0,59.0,775.0,123.0,812.0,12.0,342.0,467.0,546.0,214.0,652.0,107.0,18.25153374233129,39.1941391941392,42.11822660098522,0900700015465,19.3252005,-99.0623698,1,1,False,False,False
09,007,Iztapalapa,0001,547A,3413,1797.0,127.0,148.0,1435.0,137.0,1515.0,28.0,703.0,810.0,973.0,356.0,1298.0,275.0,23.343605546995377,36.58787255909558,46.4026402640264,090070001547A,19.37903827,-99.05582111,2,4,False,False,False
09,007,Iztapalapa,0001,5484,4151,2211.0,114.0,135.0,1840.0,273.0,1927.0,19.0,815.0,1110.0,1374.0,590.0,1567.0,249.0,17.102744097000638,42.94032023289665,42.29372080954852,0900700015484,19.374866,-99.05427924,3,5,False,False,False
09,007,Iztapalapa,0001,5499,4474,2295.0,192.0,211.0,1774.0,244.0,1870.0,40.0,826.0,1042.0,1115.0,335.0,1530.0,403.0,28.954248366013076,30.04484304932735,44.17112299465241,0900700015499,19.321111950000002,-99.0409756,5,7,True,False,False
09,007,Iztapalapa,0001,5501,6014,3085.0,292.0,327.0,2289.0,192.0,2446.0,38.0,1099.0,1345.0,1465.0,515.0,2097.0,619.0,31.330472103004293,35.153583617747444,44.930498773507765,0900700015501,19.31960026,-99.039855015,4,6,True,False,False
09,007,Iztapalapa,0001,5516,4913,2540.0,218.0,248.0,1869.0,186.0,2027.0,29.0,854.0,1166.0,1184.0,480.0,1683.0,466.0,29.411764705882355,40.54054054054054,42.13122841637889,0900700015516,19.32057389,-99.03729948,4,6,True,False,False
09,007,Iztapalapa,0001,5520,3557,1766.0,188.0,153.0,1340.0,148.0,1438.0,10.0,745.0,683.0,831.0,355.0,1192.0,341.0,29.446308724832214,42.71961492178099,51.80806675938804,0900700015520,19.317400685000003,-99.041436695,3,4,True,False,False
09,007,Iztapalapa,0001,5535,4112,2072.0,109.0,135.0,1727.0,302.0,1806.0,57.0,791.0,1015.0,1229.0,499.0,1425.0,244.0,21.12280701754386,40.60211554109031,43.798449612403104,0900700015535,19.329003915,-99.07313350499999,1,1,False,False,False
09,007,Iztapalapa,0001,554A,2658,1405.0,79.0,109.0,1167.0,123.0,1227.0,9.0,520.0,706.0,872.0,295.0,1044.0,188.0,18.869731800766285,33.830275229357795,42.379788101059496,090070001554A,19.32788318,-99.075137,2,2,False,False,False
09,007,Iztapalapa,0001,5554,2894,1520.0,90.0,126.0,1185.0,222.0,1257.0,25.0,604.0,649.0,774.0,343.0,963.0,216.0,25.02596053997923,44.315245478036175,48.050914876690534,0900700015554,19.33973729,-99.02270047,4,4,True,False,False
09,007,Iztapalapa,0001,5569,4114,2126.0,150.0,155.0,1684.0,223.0,1773.0,28.0,827.0,942.0,1233.0,461.0,1461.0,305.0,22.79260780287474,37.38848337388483,46.64410603496898,0900700015569,19.33955383,-99.01946455,0,0,False,False,False
09,007,Iztapalapa,0001,5573,3451,1789.0,123.0,172.0,1371.0,184.0,1473.0,20.0,694.0,777.0,871.0,268.0,1187.0,295.0,26.537489469250207,30.76923076923077,47.114731839782756,0900700015573,19.333434075,-99.02609176,3,3,True,False,False
09,007,Iztapalapa,0001,5588,4157,2130.0,173.0,209.0,1640.0,267.0,1748.0,24.0,812.0,933.0,1065.0,361.0,1373.0,382.0,29.570284049526585,33.89671361502347,46.453089244851256,0900700015588,19.33130252,-99.02343127,2,2,True,False,False
09,007,Iztapalapa,0001,5592,1833,962.0,40.0,69.0,835.0,217.0,870.0,12.0,435.0,435.0,511.0,217.0,618.0,109.0,19.57928802588997,42.465753424657535,50.0,0900700015592,19.38271281,-99.0368823,1,3,False,False,False
09,007,Iztapalapa,0001,5605,4180,2190.0,155.0,177.0,1769.0,219.0,1883.0,25.0,762.0,1120.0,1289.0,525.0,1550.0,332.0,23.032258064516128,40.729247478665634,40.46733935209772,0900700015605,19.37653306,-99.0405523,2,4,False,False,False
09,007,Iztapalapa,0001,5624,3644,1904.0,100.0,135.0,1599.0,316.0,1665.0,20.0,732.0,931.0,977.0,363.0,1283.0,235.0,19.875292283710056,37.15455475946776,43.96396396396396,0900700015624,19.30695794,-99.08798836,0,0,False,False,False
09,007,Iztapalapa,0001,5639,1737,919.0,74.0,74.0,698.0,105.0,747.0,23.0,365.0,380.0,463.0,184.0,593.0,148.0,28.836424957841484,39.740820734341256,48.86211512717537,0900700015639,19.379026405,-99.0511343,3,5,True,False,False
09,007,Iztapalapa,0001,5643,836,431.0,28.0,29.0,357.0,72.0,373.0,6.0,143.0,227.0,253.0,108.0,285.0,57.0,22.105263157894736,42.68774703557312,38.337801608579085,0900700015643,19.37816625,-99.04917125,3,5,False,False,False
09,007,Iztapalapa,0001,5658,7959,4109.0,428.0,491.0,2934.0,240.0,3149.0,36.0,1289.0,1853.0,2021.0,805.0,2694.0,919.0,35.44914625092799,39.83176645225136,40.933629723721815,0900700015658,19.37438428,-99.04451872,3,4,True,False,False
09,007,Iztapalapa,0001,5662,2312,1184.0,108.0,99.0,925.0,130.0,974.0,26.0,406.0,565.0,588.0,245.0,795.0,207.0,29.30817610062893,41.66666666666667,41.68377823408625,0900700015662,19.370993415,-99.04793943,3,3,True,False,False
09,007,Iztapalapa,0001,5677,5416,2743.0,183.0,230.0,2216.0,350.0,2336.0,91.0,1043.0,1291.0,1367.0,480.0,1866.0,413.0,27.009646302250808,35.11338697878566,44.648972602739725,0900700015677,19.36795463,-99.036462175,3,4,True,False,False
09,007,Iztapalapa,0001,5681,6838,3579.0,265.0,290.0,2876.0,344.0,3018.0,32.0,1182.0,1834.0,2372.0,961.0,2532.0,555.0,23.183254344391784,40.51433389544688,39.165009940357855,0900700015681,19.36662665,-99.03199089,3,4,False,False,False
09,007,Iztapalapa,0001,5696,1765,906.0,69.0,74.0,702.0,90.0,745.0,3.0,282.0,463.0,567.0,230.0,612.0,143.0,23.856209150326798,40.56437389770723,37.852348993288594,0900700015696,19.36301229,-99.02791282,2,4,False,False,False
09,007,Iztapalapa,0001,5709,2911,1513.0,83.0,92.0,1269.0,283.0,1326.0,33.0,599.0,720.0,814.0,329.0,986.0,175.0,21.095334685598377,40.417690417690416,45.17345399698341,0900700015709,19.33596415,-99.08124724,0,0,False,False,False
09,007,Iztapalapa,0001,5713,3338,1702.0,91.0,118.0,1413.0,254.0,1477.0,17.0,650.0,824.0,1007.0,354.0,1159.0,209.0,19.499568593615184,35.15392254220457,44.008124576844956,0900700015713,19.33465031,-99.082791985,0,0,False,False,False
09,007,Iztapalapa,0001,5728,1591,824.0,73.0,72.0,629.0,66.0,660.0,12.0,263.0,397.0,374.0,114.0,563.0,145.0,27.886323268206038,30.481283422459892,39.84848484848485,0900700015728,19.323009185,-99.045858435,4,5,True,False,False
09,007,Iztapalapa,0001,5732,2692,1375.0,101.0,100.0,1104.0,150.0,1160.0,15.0,510.0,648.0,776.0,305.0,954.0,201.0,22.641509433962266,39.3041237113402,43.96551724137931,0900700015732,19.32221485,-99.04500804,4,5,False,False,False
09,007,Iztapalapa,0001,5747,1979,1036.0,51.0,72.0,841.0,159.0,894.0,16.0,401.0,493.0,520.0,190.0,682.0,123.0,20.381231671554254,36.53846153846153,44.85458612975391,0900700015747,19.37534191,-99.00653621,0,0,False,False,False
09,007,Iztapalapa,0001,5751,1984,996.0,57.0,64.0,815.0,166.0,858.0,17.0,442.0,413.0,536.0,165.0,649.0,121.0,21.263482280431433,30.783582089552237,51.515151515151516,0900700015751,19.373218665,-99.00734514,0,0,False,False,False
09,007,Iztapalapa,0001,5766,2047,1051.0,74.0,73.0,839.0,147.0,885.0,11.0,385.0,498.0,536.0,180.0,692.0,147.0,22.832369942196532,33.582089552238806,43.50282485875706,0900700015766,19.37519122,-99.00538478,0,0,False,False,False
09,007,Iztapalapa,0001,5770,1531,807.0,38.0,38.0,676.0,134.0,715.0,11.0,328.0,387.0,449.0,241.0,542.0,76.0,16.051660516605164,53.67483296213808,45.87412587412587,0900700015770,19.3710904,-99.00538526,0,0,False,False,False
09,007,Iztapalapa,0001,5802,463,237.0,17.0,17.0,188.0,33.0,196.0,5.0,84.0,111.0,141.0,46.0,155.0,34.0,25.161290322580644,32.62411347517731,42.857142857142854,0900700015802,19.374175205,-99.05451761500001,3,5,True,False,False
09,007,Iztapalapa,0001,5821,468,271.0,12.0,13.0,232.0,44.0,241.0,0.0,115.0,126.0,146.0,64.0,188.0,25.0,13.297872340425531,43.83561643835616,47.71784232365145,0900700015821,19.373476205,-99.05309500499999,3,4,False,False,False
09,007,Iztapalapa,0001,5836,492,259.0,10.0,18.0,215.0,36.0,227.0,5.0,98.0,129.0,164.0,65.0,179.0,28.0,18.435754189944134,39.63414634146341,43.17180616740088,0900700015836,19.372085,-99.05378674,3,4,False,False,False
09,007,Iztapalapa,0001,5840,755,382.0,22.0,32.0,319.0,61.0,331.0,8.0,153.0,176.0,206.0,95.0,258.0,54.0,24.031007751937985,46.116504854368934,46.22356495468278,0900700015840,19.372893625,-99.052225515,3,3,False,False,False
09,007,Iztapalapa,0001,5855,560,297.0,24.0,25.0,232.0,51.0,248.0,4.0,121.0,126.0,150.0,83.0,181.0,49.0,29.2817679558011,55.333333333333336,48.79032258064516,0900700015855,19.37187582,-99.05168338,3,3,True,False,False
09,007,Iztapalapa,0001,586A,2523,1326.0,57.0,85.0,1100.0,123.0,1157.0,9.0,502.0,650.0,825.0,336.0,977.0,142.0,15.455475946775845,40.72727272727273,43.38807260155575,090070001586A,19.31006122,-99.09174592,1,1,False,False,False
09,007,Iztapalapa,0001,5874,1628,871.0,36.0,49.0,741.0,145.0,778.0,7.0,349.0,429.0,520.0,180.0,596.0,85.0,15.436241610738255,34.61538461538461,44.8586118251928,0900700015874,19.31367128,-99.089892225,2,2,False,False,False
09,007,Iztapalapa,0001,5889,2195,1125.0,74.0,72.0,897.0,85.0,952.0,6.0,384.0,566.0,667.0,224.0,812.0,146.0,18.7192118226601,33.5832083958021,40.33613445378151,0900700015889,19.33322688,-99.08833474,1,2,False,False,False
09,007,Iztapalapa,0001,5893,5778,3104.0,175.0,188.0,2564.0,362.0,2681.0,48.0,1141.0,1536.0,1708.0,627.0,2202.0,363.0,18.66485013623978,36.7096018735363,42.55874673629243,0900700015893,19.331623235000002,-99.08871589,1,2,False,False,False
09,007,Iztapalapa,0001,5906,3780,2018.0,102.0,153.0,1679.0,264.0,1745.0,20.0,800.0,942.0,1128.0,442.0,1415.0,255.0,19.434628975265017,39.184397163120565,45.845272206303726,0900700015906,19.331051205,-99.06401,2,2,False,False,False
09,007,Iztapalapa,0001,5910,3698,1929.0,107.0,138.0,1585.0,184.0,1653.0,30.0,640.0,1011.0,1164.0,434.0,1401.0,245.0,19.628836545324766,37.2852233676976,38.717483363581366,0900700015910,19.33169704,-99.06143686,1,2,False,False,False
09,007,Iztapalapa,0001,5925,3653,1917.0,96.0,121.0,1602.0,211.0,1688.0,17.0,683.0,1005.0,1293.0,534.0,1391.0,217.0,16.822429906542055,41.29930394431555,40.46208530805687,0900700015925,19.328628039999998,-99.08478252500001,1,2,False,False,False
09,007,Iztapalapa,0001,593A,3627,1904.0,136.0,177.0,1470.0,177.0,1573.0,16.0,643.0,928.0,1095.0,446.0,1293.0,313.0,25.444702242846095,40.730593607305934,40.87730451366815,090070001593A,19.32873026,-99.08048446000001,2,2,True,False,False
09,008,La Magdalena Contreras,0001,0014,1704,940.0,23.0,28.0,843.0,274.0,870.0,16.0,428.0,441.0,666.0,307.0,569.0,51.0,11.775043936731107,46.0960960960961,49.195402298850574,0900800010014,19.334206825,-99.216932245,1,5,False,False,False
09,008,La Magdalena Contreras,0001,0029,1293,722.0,17.0,18.0,656.0,218.0,674.0,14.0,363.0,309.0,480.0,260.0,438.0,35.0,11.187214611872145,54.166666666666664,53.85756676557863,0900800010029,19.33180195,-99.2121069,1,4,False,False,False
09,008,La Magdalena Contreras,0001,0033,594,320.0,7.0,9.0,289.0,100.0,297.0,8.0,140.0,157.0,224.0,101.0,189.0,16.0,12.698412698412698,45.089285714285715,47.13804713804714,0900800010033,19.33267558,-99.21065324,1,4,False,False,False
09,008,La Magdalena Contreras,0001,0048,2569,1438.0,46.0,54.0,1278.0,432.0,1312.0,25.0,610.0,701.0,960.0,459.0,846.0,100.0,14.775413711583923,47.8125,46.493902439024396,0900800010048,19.335652595,-99.21041688,2,5,False,False,False
09,008,La Magdalena Contreras,0001,0052,2382,1303.0,34.0,36.0,1177.0,388.0,1215.0,19.0,540.0,673.0,817.0,324.0,789.0,70.0,11.280101394169835,39.657282741738065,44.44444444444444,0900800010052,19.32758862,-99.22237621,3,6,False,False,False
09,008,La Magdalena Contreras,0001,0071,1074,614.0,19.0,17.0,554.0,202.0,568.0,11.0,261.0,304.0,406.0,222.0,352.0,36.0,13.352272727272727,54.679802955665025,45.95070422535211,0900800010071,19.33170738,-99.2175543,3,6,False,False,False
09,008,La Magdalena Contreras,0001,0086,3234,1790.0,63.0,67.0,1570.0,431.0,1621.0,32.0,583.0,1029.0,1177.0,438.0,1139.0,130.0,14.223002633889376,37.21325403568394,35.96545342381246,0900800010086,19.325127215000002,-99.218316425,3,5,False,False,False
09,008,La Magdalena Contreras,0001,0090,6182,3213.0,174.0,204.0,2630.0,593.0,2764.0,72.0,1295.0,1460.0,1597.0,607.0,2037.0,378.0,22.091310751104565,38.00876643706951,46.852387843704776,0900800010090,19.32528535,-99.24778803,3,3,False,False,False
09,008,La Magdalena Contreras,0001,0103,5677,3003.0,145.0,175.0,2472.0,534.0,2589.0,50.0,1105.0,1480.0,1494.0,498.0,1938.0,320.0,19.09184726522188,33.33333333333333,42.68057164928544,0900800010103,19.325838519999998,-99.24488281000001,3,3,False,False,False
09,008,La Magdalena Contreras,0001,0118,5588,3019.0,94.0,135.0,2606.0,680.0,2722.0,43.0,1239.0,1477.0,1603.0,577.0,1926.0,229.0,14.122533748701974,35.99500935745477,45.518001469507716,0900800010118,19.323637955000002,-99.23159649499999,2,3,False,False,False
09,008,La Magdalena Contreras,0001,0122,1839,989.0,30.0,43.0,895.0,257.0,915.0,26.0,374.0,537.0,559.0,215.0,638.0,73.0,15.517241379310345,38.46153846153847,40.87431693989071,0900800010122,19.32500116,-99.223748445,3,5,False,False,False
09,008,La Magdalena Contreras,0001,0137,7781,4080.0,218.0,281.0,3297.0,599.0,3483.0,73.0,1703.0,1767.0,2050.0,766.0,2698.0,499.0,21.200889547813194,37.36585365853659,48.8946310651737,0900800010137,19.31947999,-99.24744574,6,6,False,False,False
09,008,La Magdalena Contreras,0001,0141,4742,2453.0,105.0,148.0,2055.0,441.0,2141.0,41.0,919.0,1216.0,1336.0,467.0,1614.0,253.0,18.21561338289963,34.955089820359284,42.92386735170481,0900800010141,19.3219321,-99.24438056,5,5,False,False,False
09,008,La Magdalena Contreras,0001,0156,3779,1961.0,104.0,119.0,1628.0,325.0,1687.0,44.0,766.0,920.0,1021.0,373.0,1303.0,223.0,20.491174213353798,36.53281096963761,45.40604623592176,0900800010156,19.32251255,-99.24038418,4,4,False,False,False
09,008,La Magdalena Contreras,0001,0160,4021,2011.0,101.0,133.0,1680.0,381.0,1779.0,27.0,710.0,1066.0,1072.0,400.0,1299.0,234.0,20.092378752886837,37.3134328358209,39.910061832490165,0900800010160,19.32100708,-99.239056045,4,4,False,False,False
09,008,La Magdalena Contreras,0001,0175,1415,766.0,34.0,38.0,669.0,191.0,693.0,16.0,298.0,395.0,442.0,134.0,478.0,72.0,18.410041841004183,30.316742081447963,43.001443001443,0900800010175,19.32202565,-99.22992843,2,6,False,False,False
09,008,La Magdalena Contreras,0001,018A,2321,1216.0,53.0,64.0,1047.0,263.0,1099.0,17.0,461.0,632.0,669.0,269.0,784.0,117.0,17.091836734693878,40.20926756352765,41.94722474977252,090080001018A,19.31755119,-99.22791866,1,5,False,False,False
09,008,La Magdalena Contreras,0001,0194,3249,1712.0,72.0,93.0,1499.0,412.0,1539.0,37.0,681.0,848.0,980.0,355.0,1087.0,165.0,18.58325666973321,36.224489795918366,44.2495126705653,0900800010194,19.31910616,-99.22369317,3,8,False,False,False
09,008,La Magdalena Contreras,0001,0207,5197,2731.0,147.0,143.0,2330.0,570.0,2424.0,63.0,1128.0,1296.0,1440.0,533.0,1760.0,290.0,20.05681818181818,37.01388888888889,46.53465346534654,0900800010207,19.31760387,-99.24569734,5,5,False,False,False
09,008,La Magdalena Contreras,0001,0211,5516,2902.0,160.0,167.0,2460.0,560.0,2572.0,39.0,1192.0,1376.0,1525.0,721.0,1900.0,327.0,19.263157894736842,47.278688524590166,46.3452566096423,0900800010211,19.31903581,-99.24229869,5,5,False,False,False
09,008,La Magdalena Contreras,0001,0226,3917,2107.0,90.0,115.0,1747.0,375.0,1833.0,54.0,868.0,963.0,1097.0,447.0,1372.0,205.0,18.877551020408163,40.74749316317229,47.35406437534097,0900800010226,19.30996761,-99.24902722,5,6,False,False,False
09,008,La Magdalena Contreras,0001,0230,4286,2228.0,111.0,154.0,1886.0,441.0,1967.0,38.0,906.0,1059.0,1279.0,490.0,1445.0,265.0,20.968858131487888,38.31118060985145,46.05998983223182,0900800010230,19.310039590000002,-99.24732879999999,6,7,False,False,False
09,008,La Magdalena Contreras,0001,0245,2847,1513.0,104.0,95.0,1249.0,304.0,1307.0,15.0,627.0,679.0,777.0,297.0,945.0,199.0,22.645502645502646,38.22393822393823,47.972456006120886,0900800010245,19.31278847,-99.24428983,7,9,False,False,False
09,008,La Magdalena Contreras,0001,025A,3734,2060.0,84.0,124.0,1758.0,441.0,1836.0,40.0,791.0,1036.0,1035.0,416.0,1317.0,208.0,18.83067577828398,40.193236714975846,43.08278867102396,090080001025A,19.311092934999998,-99.23685279,3,4,False,False,False
09,008,La Magdalena Contreras,0001,0264,5201,2704.0,125.0,162.0,2228.0,481.0,2353.0,37.0,1072.0,1281.0,1461.0,591.0,1747.0,287.0,18.546078992558673,40.4517453798768,45.55886102847429,0900800010264,19.313500025,-99.23128507499999,0,5,False,False,False
09,008,La Magdalena Contreras,0001,0283,4642,2507.0,114.0,118.0,2183.0,655.0,2270.0,64.0,1016.0,1190.0,1448.0,569.0,1528.0,232.0,19.3717277486911,39.295580110497234,44.757709251101325,0900800010283,19.31228967,-99.22086959,1,5,False,False,False
09,008,La Magdalena Contreras,0001,0298,2262,1140.0,61.0,78.0,932.0,190.0,982.0,22.0,451.0,530.0,618.0,229.0,742.0,139.0,21.69811320754717,37.055016181229774,45.926680244399186,0900800010298,19.30640738,-99.24950313,3,4,False,False,False
09,008,La Magdalena Contreras,0001,0300,6547,3534.0,181.0,232.0,2883.0,580.0,3062.0,47.0,1348.0,1702.0,1734.0,634.0,2303.0,413.0,19.973947025618756,36.562860438292965,44.02351404310908,0900800010300,19.30528928,-99.24817507,3,4,False,False,False
09,008,La Magdalena Contreras,0001,0315,4031,2132.0,96.0,129.0,1769.0,397.0,1875.0,36.0,895.0,978.0,1149.0,433.0,1372.0,225.0,19.02332361516035,37.68494342906876,47.733333333333334,0900800010315,19.30325022,-99.24388596,4,5,False,False,False
09,008,La Magdalena Contreras,0001,032A,5394,2891.0,131.0,158.0,2434.0,581.0,2551.0,64.0,1111.0,1438.0,1515.0,639.0,1853.0,289.0,19.05018888289261,42.17821782178218,43.5515484123873,090080001032A,19.30568121,-99.23686075,2,3,False,False,False
09,008,La Magdalena Contreras,0001,0334,2848,1491.0,78.0,69.0,1263.0,320.0,1312.0,35.0,604.0,705.0,757.0,292.0,943.0,147.0,19.300106044538705,38.57331571994716,46.03658536585366,0900800010334,19.307347880000002,-99.232781475,1,2,False,False,False
09,008,La Magdalena Contreras,0001,0349,9652,5055.0,283.0,377.0,4122.0,785.0,4339.0,90.0,2037.0,2292.0,2558.0,883.0,3337.0,660.0,22.475277195085404,34.519155590304926,46.94630099101175,0900800010349,19.29742251,-99.24341577,6,6,False,False,False
09,008,La Magdalena Contreras,0001,0353,4361,2280.0,79.0,113.0,1924.0,450.0,2023.0,53.0,932.0,1086.0,1193.0,478.0,1474.0,192.0,16.621438263229308,40.067057837384745,46.07019278299555,0900800010353,19.30420022,-99.23478498,2,3,False,False,False
09,008,La Magdalena Contreras,0001,0387,9890,5078.0,298.0,422.0,4069.0,729.0,4281.0,111.0,2057.0,2217.0,2524.0,908.0,3340.0,720.0,24.880239520958085,35.97464342313788,48.04952113992058,0900800010387,19.315114115,-99.25939324000001,4,4,True,False,False
09,008,La Magdalena Contreras,0001,0404,8605,4427.0,250.0,318.0,3593.0,757.0,3818.0,70.0,1915.0,1886.0,2268.0,808.0,2836.0,568.0,22.496473906911145,35.626102292768955,50.15715034049241,0900800010404,19.30938141,-99.26251412,1,1,False,False,False
09,008,La Magdalena Contreras,0001,0423,8887,4602.0,326.0,377.0,3603.0,543.0,3816.0,67.0,1714.0,2093.0,2362.0,752.0,3060.0,703.0,25.163398692810457,31.837425910245553,44.91614255765199,0900800010423,19.30174751,-99.25713087,3,4,True,False,False
09,008,La Magdalena Contreras,0001,0438,6170,3137.0,227.0,264.0,2462.0,354.0,2620.0,73.0,1122.0,1494.0,1634.0,508.0,2108.0,491.0,26.755218216318788,31.08935128518972,42.824427480916036,0900800010438,19.30877186,-99.26818227,1,1,True,False,False
09,008,La Magdalena Contreras,0001,0457,7657,3871.0,301.0,364.0,3004.0,372.0,3190.0,82.0,1401.0,1786.0,2003.0,619.0,2632.0,665.0,28.381458966565347,30.903644533200197,43.91849529780564,0900800010457,19.29720993,-99.256894725,1,1,True,False,False
09,008,La Magdalena Contreras,0001,0461,9520,4888.0,383.0,438.0,3783.0,475.0,4011.0,86.0,1756.0,2250.0,2403.0,884.0,3308.0,821.0,27.41837968561064,36.78734914689971,43.779606083271005,0900800010461,19.292430064999998,-99.24429225,4,4,True,False,False
09,008,La Magdalena Contreras,0001,0476,6192,3092.0,284.0,318.0,2314.0,251.0,2474.0,30.0,1088.0,1385.0,1566.0,512.0,2063.0,602.0,30.63499757634513,32.69476372924649,43.977364591754245,0900800010476,19.271754065000003,-99.245544075,0,1,True,False,True
09,008,La Magdalena Contreras,0001,0495,4250,2245.0,109.0,112.0,1897.0,485.0,2003.0,42.0,921.0,1080.0,1206.0,572.0,1412.0,221.0,18.626062322946176,47.42951907131012,45.981028457314025,0900800010495,19.31010605,-99.22953311,1,6,False,False,False
09,008,La Magdalena Contreras,0001,0512,8047,4151.0,267.0,353.0,3269.0,547.0,3466.0,70.0,1825.0,1633.0,2210.0,834.0,2722.0,620.0,25.349008082292436,37.737556561085974,52.65435660703982,0900800010512,19.31947178,-99.25658529,5,6,True,False,False
09,008,La Magdalena Contreras,0001,0527,8287,4239.0,267.0,355.0,3360.0,604.0,3547.0,79.0,1567.0,1954.0,2134.0,721.0,2756.0,622.0,25.435413642960814,33.786316776007496,44.17817874259938,0900800010527,19.31863473,-99.2533445,5,5,True,False,False
09,008,La Magdalena Contreras,0001,0531,4235,2186.0,135.0,190.0,1733.0,299.0,1833.0,29.0,886.0,942.0,1045.0,416.0,1434.0,325.0,24.686192468619247,39.80861244019139,48.336061102018554,0900800010531,19.312019225,-99.25345497,5,6,True,False,False
09,008,La Magdalena Contreras,0001,0546,5931,3014.0,178.0,261.0,2417.0,368.0,2539.0,53.0,1100.0,1433.0,1475.0,573.0,2049.0,439.0,24.011713030746705,38.847457627118644,43.32414336352895,0900800010546,19.31493901,-99.25665853,4,4,False,False,False
09,008,La Magdalena Contreras,0001,0550,6008,3100.0,154.0,238.0,2496.0,451.0,2638.0,55.0,1155.0,1477.0,1527.0,540.0,2045.0,392.0,21.858190709046454,35.36345776031434,43.783169067475356,0900800010550,19.31322451,-99.25741312,5,5,False,False,False
09,008,La Magdalena Contreras,0001,0565,4313,2243.0,125.0,180.0,1828.0,360.0,1920.0,20.0,964.0,943.0,1202.0,424.0,1468.0,305.0,22.138964577656676,35.27454242928453,50.208333333333336,0900800010565,19.30581771,-99.256860085,2,3,False,False,False
09,008,La Magdalena Contreras,0001,057A,9341,4805.0,350.0,446.0,3672.0,447.0,3909.0,72.0,1733.0,2158.0,2402.0,776.0,3225.0,796.0,26.91472868217054,32.306411323896754,44.33358915323612,090080001057A,19.30139812,-99.26208432,1,1,True,False,False
09,008,La Magdalena Contreras,0001,0584,5314,2770.0,195.0,230.0,2123.0,255.0,2267.0,35.0,1134.0,1126.0,1376.0,562.0,1868.0,425.0,24.62526766595289,40.843023255813954,50.02205558006175,0900800010584,19.30358031,-99.26896854,0,0,True,True,True
09,008,La Magdalena Contreras,0001,0599,1898,952.0,90.0,75.0,707.0,81.0,750.0,15.0,313.0,437.0,506.0,160.0,626.0,165.0,28.753993610223645,31.620553359683797,41.733333333333334,0900800010599,19.28299833,-99.24520772,0,0,True,True,True
09,009,Milpa Alta,0001,0026,3378,1760.0,109.0,112.0,1448.0,316.0,1526.0,25.0,688.0,833.0,900.0,315.0,1132.0,221.0,21.73144876325088,35.0,45.085190039318476,0900900010026,19.192241135,-99.02294304,2,4,False,False,False
09,009,Milpa Alta,0001,0308,3177,1630.0,102.0,130.0,1290.0,252.0,1363.0,40.0,522.0,830.0,773.0,271.0,1038.0,232.0,26.204238921001927,35.058214747736095,38.297872340425535,0900900010308,19.19519471,-99.02699617,2,4,True,False,False
09,009,Milpa Alta,0001,0312,4448,2270.0,155.0,217.0,1807.0,317.0,1919.0,31.0,679.0,1231.0,1123.0,357.0,1490.0,372.0,27.046979865771814,31.789848619768478,35.38301198540907,0900900010312,19.18966176,-99.02733988,2,4,True,False,False
09,009,Milpa Alta,0001,0327,2324,1208.0,79.0,98.0,965.0,196.0,1027.0,32.0,410.0,617.0,632.0,182.0,769.0,177.0,27.17815344603381,28.79746835443038,39.92210321324245,0900900010327,19.19249814,-99.02146529,2,4,True,False,False
09,009,Milpa Alta,0001,0331,2761,1419.0,80.0,126.0,1120.0,210.0,1178.0,22.0,457.0,718.0,661.0,209.0,910.0,206.0,25.054945054945055,31.61875945537065,38.79456706281834,0900900010331,19.189464185,-99.018907445,2,4,True,False,False
09,009,Milpa Alta,0001,0492,416,208.0,14.0,16.0,158.0,21.0,174.0,8.0,70.0,102.0,110.0,30.0,137.0,30.0,27.73722627737226,27.27272727272727,40.229885057471265,0900900010492,19.200652079999998,-99.02962513,1,1,True,False,False
09,009,Milpa Alta,0001,0505,722,354.0,27.0,35.0,286.0,36.0,299.0,4.0,100.0,199.0,175.0,68.0,250.0,62.0,26.400000000000002,38.857142857142854,33.44481605351171,0900900010505,19.20145764,-99.01771946,1,1,True,False,False
09,009,Milpa Alta,0001,0562,987,501.0,49.0,46.0,384.0,57.0,403.0,13.0,169.0,229.0,247.0,88.0,327.0,95.0,33.02752293577982,35.62753036437247,41.935483870967744,0900900010562,19.19597778,-99.03216023,1,1,True,False,False
09,009,Milpa Alta,0011,0401,10423,5350.0,378.0,397.0,4212.0,639.0,4502.0,75.0,2085.0,2411.0,2791.0,1123.0,3573.0,775.0,23.789532605653513,40.23647438194195,46.31274988893825,0900900110401,19.21931936,-98.99471222,1,1,False,False,False
09,009,Milpa Alta,0011,0416,3231,1696.0,107.0,137.0,1340.0,225.0,1426.0,30.0,628.0,798.0,865.0,290.0,1115.0,244.0,24.573991031390136,33.52601156069364,44.03927068723703,0900900110416,19.217647065,-98.98985007499999,1,1,True,False,False
09,009,Milpa Alta,0011,0420,7426,3824.0,273.0,287.0,2991.0,473.0,3178.0,69.0,1471.0,1703.0,1918.0,623.0,2518.0,560.0,24.980142970611595,32.481751824817515,46.286972938955316,0900900110420,19.21487427,-98.99492818,1,1,True,False,False
09,009,Milpa Alta,0011,0435,5442,2798.0,208.0,275.0,2123.0,297.0,2273.0,52.0,943.0,1327.0,1341.0,437.0,1826.0,483.0,29.299014238773275,32.587621178225206,41.487021557413115,0900900110435,19.21543711,-98.99100586,1,1,True,False,False
09,009,Milpa Alta,0011,051A,971,483.0,37.0,60.0,371.0,32.0,396.0,9.0,200.0,196.0,244.0,62.0,339.0,97.0,31.268436578171094,25.40983606557377,50.505050505050505,090090011051A,19.208851535,-98.98455637,0,0,True,True,True
09,009,Milpa Alta,0015,012A,4933,2582.0,159.0,195.0,1996.0,325.0,2132.0,52.0,1083.0,1042.0,1331.0,390.0,1671.0,354.0,24.296828246558945,29.301277235161532,50.79737335834896,090090015012A,19.20631589,-99.06845595,0,0,True,True,True
09,009,Milpa Alta,0017,0365,4952,2526.0,198.0,228.0,1958.0,271.0,2099.0,37.0,832.0,1265.0,1286.0,412.0,1687.0,426.0,27.445168938944875,32.03732503888025,39.63792282039066,0900900170365,19.19912929,-99.00874202,0,0,True,True,True
09,009,Milpa Alta,0017,037A,3368,1704.0,119.0,170.0,1291.0,167.0,1387.0,42.0,497.0,886.0,863.0,289.0,1124.0,289.0,29.448398576512457,33.48783314020857,35.83273251622206,090090017037A,19.1958035,-99.00375093,0,0,True,True,True
09,009,Milpa Alta,0017,0384,3799,1950.0,140.0,190.0,1518.0,221.0,1605.0,26.0,552.0,1050.0,977.0,319.0,1297.0,330.0,27.44795682343871,32.650972364380756,34.39252336448598,0900900170384,19.19117848,-99.00774912,0,0,True,True,True
09,009,Milpa Alta,0017,0399,1635,840.0,50.0,79.0,658.0,96.0,689.0,12.0,277.0,411.0,446.0,185.0,562.0,129.0,25.088967971530252,41.47982062780269,40.20319303338171,0900900170399,19.18742007,-98.99432487,0,0,True,True,True
09,009,Milpa Alta,0024,0191,5998,3116.0,235.0,282.0,2368.0,347.0,2552.0,39.0,1150.0,1398.0,1520.0,483.0,2021.0,517.0,27.51113310242454,31.776315789473685,45.06269592476489,0900900240191,19.18710339,-99.07263766,0,1,True,False,True
09,009,Milpa Alta,0024,0204,4866,2553.0,226.0,255.0,1901.0,308.0,2041.0,29.0,1046.0,992.0,1243.0,401.0,1593.0,481.0,32.015065913371,32.260659694288016,51.24938755512004,0900900240204,19.18599449,-99.07452522,0,1,True,False,True
09,009,Milpa Alta,0024,0219,4502,2325.0,160.0,216.0,1757.0,263.0,1884.0,59.0,884.0,999.0,1124.0,315.0,1494.0,376.0,29.116465863453815,28.02491103202847,46.92144373673036,0900900240219,19.18454615,-99.07060756499999,0,1,True,False,True
09,009,Milpa Alta,0024,0577,1152,587.0,53.0,48.0,438.0,43.0,474.0,10.0,220.0,253.0,292.0,78.0,395.0,101.0,28.10126582278481,26.71232876712329,46.41350210970464,0900900240577,19.17626561,-99.07191957500001,0,1,True,False,True
09,009,Milpa Alta,0024,0581,382,189.0,15.0,19.0,151.0,13.0,159.0,3.0,68.0,89.0,100.0,29.0,138.0,34.0,26.811594202898554,28.999999999999996,42.76729559748428,0900900240581,19.18525993,-99.06176104,0,1,True,False,True
09,009,Milpa Alta,0024,0596,681,366.0,26.0,28.0,271.0,39.0,297.0,7.0,151.0,146.0,179.0,70.0,232.0,54.0,26.29310344827586,39.10614525139665,50.841750841750844,0900900240596,19.188358115,-99.08252285500001,0,0,True,True,True
09,009,Milpa Alta,0029,044A,1588,815.0,53.0,63.0,670.0,159.0,701.0,12.0,251.0,450.0,414.0,153.0,511.0,116.0,25.048923679060664,36.95652173913043,35.805991440798856,090090029044A,19.20265389,-99.050336125,1,2,True,False,False
09,009,Milpa Alta,0029,0454,1395,674.0,54.0,60.0,523.0,98.0,553.0,22.0,224.0,323.0,367.0,98.0,425.0,114.0,32.0,26.70299727520436,40.50632911392405,0900900290454,19.20335034,-99.04766567,0,1,True,False,True
09,009,Milpa Alta,0029,0469,3035,1542.0,111.0,137.0,1201.0,172.0,1260.0,17.0,404.0,856.0,766.0,227.0,1029.0,248.0,25.75315840621963,29.634464751958223,32.06349206349206,0900900290469,19.199474865,-99.051292665,1,2,True,False,False
09,009,Milpa Alta,0029,0473,3057,1589.0,143.0,133.0,1208.0,184.0,1285.0,23.0,430.0,847.0,755.0,253.0,1024.0,276.0,29.19921875,33.50993377483444,33.46303501945525,0900900290473,19.19844234,-99.04929588,1,2,True,False,False
09,009,Milpa Alta,0033,0346,5875,3012.0,236.0,293.0,2280.0,310.0,2441.0,43.0,1178.0,1257.0,1475.0,454.0,1970.0,529.0,29.03553299492386,30.77966101694915,48.25891028267104,0900900330346,19.19333828,-99.09043585,0,0,True,True,True
09,009,Milpa Alta,0033,0350,9142,4682.0,340.0,409.0,3636.0,462.0,3848.0,53.0,1833.0,2008.0,2314.0,683.0,3174.0,749.0,25.267800882167613,29.515989628349175,47.63513513513514,0900900330350,19.19235912,-99.09204723,0,0,True,True,True
09,009,Milpa Alta,0033,0488,1830,971.0,70.0,75.0,772.0,103.0,823.0,11.0,324.0,497.0,444.0,181.0,669.0,145.0,23.318385650224215,40.765765765765764,39.3681652490887,0900900330488,19.20399187,-99.09992862,0,0,False,False,False
09,009,Milpa Alta,0036,0223,3527,1863.0,143.0,128.0,1480.0,250.0,1561.0,34.0,696.0,865.0,957.0,323.0,1230.0,271.0,24.796747967479675,33.75130616509927,44.58680333119795,0900900360223,19.17707848,-98.9981389,1,1,True,False,False
09,009,Milpa Alta,0036,0238,3357,1775.0,107.0,133.0,1402.0,255.0,1483.0,34.0,595.0,887.0,882.0,307.0,1147.0,240.0,23.888404533565826,34.807256235827666,40.12137559002023,0900900360238,19.17595709,-98.99872919,1,1,False,False,False
09,009,Milpa Alta,0036,0242,4831,2488.0,204.0,204.0,1900.0,256.0,2020.0,30.0,951.0,1069.0,1191.0,383.0,1644.0,408.0,26.642335766423358,32.157850545759864,47.07920792079208,0900900360242,19.17355667,-98.99674331,1,1,True,False,False
09,009,Milpa Alta,0152,0613,2338,1179.0,91.0,113.0,912.0,131.0,953.0,26.0,242.0,708.0,611.0,148.0,781.0,204.0,29.449423815621,24.222585924713584,25.39349422875131,0900901520613,19.17801644,-99.03199699000001,0,1,True,False,True
09,009,Milpa Alta,0152,0628,1950,1007.0,85.0,98.0,768.0,128.0,813.0,29.0,300.0,510.0,501.0,139.0,640.0,183.0,33.125,27.744510978043913,36.90036900369004,0900901520628,19.17590448,-99.03264633,0,1,True,False,True
09,009,Milpa Alta,0300,0632,2109,1071.0,87.0,95.0,817.0,115.0,875.0,38.0,448.0,426.0,510.0,175.0,702.0,182.0,31.339031339031337,34.31372549019608,51.2,0900903000632,19.21150146,-98.97235605,1,2,True,False,False
09,009,Milpa Alta,0300,0647,1969,986.0,78.0,107.0,747.0,107.0,801.0,16.0,431.0,370.0,498.0,185.0,640.0,185.0,31.406250000000004,37.148594377510044,53.807740324594256,0900903000647,19.20911484,-98.9693718,1,2,True,False,False
09,010,Álvaro Obregón,0001,0012,1720,956.0,35.0,40.0,838.0,270.0,864.0,20.0,402.0,462.0,547.0,253.0,568.0,75.0,16.725352112676056,46.25228519195612,46.52777777777778,0901000010012,19.40162238,-99.19979512,3,4,False,False,False
09,010,Álvaro Obregón,0001,0027,2510,1336.0,54.0,72.0,1169.0,366.0,1212.0,23.0,559.0,653.0,838.0,365.0,803.0,126.0,18.55541718555417,43.556085918854414,46.12211221122112,0901000010027,19.403008495,-99.19623864,3,4,False,False,False
09,010,Álvaro Obregón,0001,0031,3440,1812.0,69.0,103.0,1545.0,370.0,1594.0,41.0,708.0,880.0,1003.0,418.0,1175.0,172.0,18.127659574468087,41.67497507477567,44.416562107904646,0901000010031,19.39939293,-99.20422735,2,3,False,False,False
09,010,Álvaro Obregón,0001,0046,5330,2800.0,144.0,189.0,2293.0,482.0,2411.0,51.0,1036.0,1374.0,1394.0,584.0,1811.0,333.0,21.20375483158476,41.89383070301291,42.96972210700954,0901000010046,19.39708788,-99.20455230499999,5,6,False,False,False
09,010,Álvaro Obregón,0001,0050,4144,2080.0,121.0,122.0,1713.0,360.0,1803.0,49.0,748.0,1054.0,1238.0,526.0,1353.0,243.0,21.581670362158167,42.48788368336026,41.48641153632834,0901000010050,19.3981399,-99.19681078,4,6,False,False,False
09,010,Álvaro Obregón,0001,0065,5548,2874.0,135.0,165.0,2458.0,560.0,2554.0,126.0,1030.0,1517.0,1839.0,786.0,1898.0,300.0,22.444678609062173,42.74061990212072,40.32889584964761,0901000010065,19.39676621,-99.19249798,3,5,False,False,False
09,010,Álvaro Obregón,0001,0084,2608,1346.0,57.0,71.0,1135.0,263.0,1177.0,21.0,533.0,643.0,839.0,305.0,872.0,128.0,17.087155963302752,36.35280095351609,45.28462192013593,0901000010084,19.39390556,-99.2085355,6,8,False,False,False
09,010,Álvaro Obregón,0001,0099,3822,1969.0,92.0,130.0,1629.0,357.0,1691.0,38.0,752.0,932.0,959.0,380.0,1272.0,222.0,20.440251572327046,39.62460896767466,44.47072738024838,0901000010099,19.39546443,-99.20795199,5,8,False,False,False
09,010,Álvaro Obregón,0001,0101,1491,788.0,35.0,40.0,684.0,188.0,706.0,15.0,213.0,493.0,426.0,201.0,496.0,75.0,18.14516129032258,47.183098591549296,30.1699716713881,0901000010101,19.39348133,-99.20336377,8,12,False,False,False
09,010,Álvaro Obregón,0001,0116,4232,2104.0,140.0,166.0,1699.0,334.0,1795.0,46.0,764.0,1026.0,1174.0,572.0,1365.0,306.0,25.787545787545792,48.722316865417376,42.56267409470752,0901000010116,19.39778268,-99.1986259,5,7,True,False,False
09,010,Álvaro Obregón,0001,0135,21198,11128.0,662.0,683.0,9457.0,1086.0,9771.0,76.0,3003.0,6625.0,8070.0,3132.0,8371.0,1345.0,16.9752717715924,38.81040892193309,30.733804114215534,0901000010135,19.38964135,-99.19187938,4,6,False,False,False
09,010,Álvaro Obregón,0001,014A,4198,2194.0,121.0,143.0,1833.0,411.0,1907.0,45.0,792.0,1112.0,1277.0,481.0,1422.0,264.0,21.729957805907173,37.66640563821457,41.53120083901416,090100001014A,19.389508,-99.21140735,4,6,False,False,False
09,010,Álvaro Obregón,0001,0169,2493,1278.0,72.0,77.0,1083.0,233.0,1142.0,18.0,627.0,515.0,599.0,241.0,850.0,149.0,19.647058823529413,40.23372287145242,54.903677758318736,0901000010169,19.38815116,-99.21542774,6,6,False,False,False
09,010,Álvaro Obregón,0001,0173,4303,2281.0,128.0,149.0,1875.0,427.0,1958.0,62.0,928.0,1030.0,1270.0,545.0,1448.0,277.0,23.41160220994475,42.91338582677165,47.3953013278856,0901000010173,19.387283795000002,-99.21419510999999,6,8,False,False,False
09,010,Álvaro Obregón,0001,0188,675,368.0,14.0,17.0,311.0,100.0,328.0,9.0,169.0,159.0,260.0,119.0,211.0,31.0,18.95734597156398,45.76923076923077,51.52439024390244,0901000010188,19.38992684,-99.20748504,7,9,False,False,False
09,010,Álvaro Obregón,0001,0192,654,359.0,14.0,15.0,316.0,89.0,323.0,10.0,138.0,185.0,291.0,120.0,227.0,29.0,17.180616740088105,41.23711340206185,42.72445820433436,0901000010192,19.389655695000002,-99.202922245,6,9,False,False,False
09,010,Álvaro Obregón,0001,0239,975,531.0,23.0,24.0,473.0,139.0,490.0,13.0,230.0,260.0,367.0,165.0,334.0,47.0,17.964071856287426,44.95912806539509,46.93877551020408,0901000010239,19.38769541,-99.20290871,6,9,False,False,False
09,010,Álvaro Obregón,0001,0243,7522,3856.0,205.0,251.0,3167.0,698.0,3301.0,88.0,1551.0,1746.0,1998.0,752.0,2469.0,456.0,22.033211826650465,37.63763763763764,46.98576189033626,0901000010243,19.387122259999998,-99.20218478999999,6,9,False,False,False
09,010,Álvaro Obregón,0001,0258,734,408.0,9.0,11.0,368.0,136.0,379.0,8.0,200.0,179.0,257.0,120.0,232.0,20.0,12.068965517241379,46.69260700389105,52.770448548812666,0901000010258,19.38771092,-99.209055025,7,9,False,False,False
09,010,Álvaro Obregón,0001,0262,451,246.0,9.0,7.0,223.0,74.0,232.0,11.0,104.0,126.0,154.0,69.0,149.0,16.0,18.120805369127517,44.8051948051948,44.827586206896555,0901000010262,19.38794886,-99.20838216,7,9,False,False,False
09,010,Álvaro Obregón,0001,0277,456,248.0,5.0,6.0,221.0,79.0,229.0,0.0,123.0,106.0,153.0,66.0,142.0,11.0,7.746478873239436,43.13725490196079,53.7117903930131,0901000010277,19.38772575,-99.20499964,6,9,False,False,False
09,010,Álvaro Obregón,0001,0296,2489,1312.0,60.0,73.0,1091.0,278.0,1138.0,19.0,525.0,613.0,693.0,283.0,813.0,133.0,18.696186961869618,40.83694083694084,46.1335676625659,0901000010296,19.382029869999997,-99.24031907,7,7,False,False,False
09,010,Álvaro Obregón,0001,0309,3842,2030.0,82.0,112.0,1704.0,385.0,1782.0,57.0,803.0,975.0,1063.0,408.0,1319.0,194.0,19.02956785443518,38.38193791157102,45.06172839506173,0901000010309,19.38028417,-99.24520954,3,4,False,False,False
09,010,Álvaro Obregón,0001,0313,5423,2856.0,172.0,193.0,2330.0,420.0,2444.0,61.0,1013.0,1428.0,1301.0,515.0,1910.0,365.0,22.30366492146597,39.58493466564181,41.44844517184943,0901000010313,19.380393745,-99.24012952,9,9,False,False,False
09,010,Álvaro Obregón,0001,0328,6914,3505.0,179.0,243.0,2912.0,618.0,3062.0,109.0,1421.0,1630.0,1949.0,802.0,2294.0,422.0,23.147340889276375,41.14930733709595,46.40757674722404,0901000010328,19.38246204,-99.23543254,9,9,False,False,False
09,010,Álvaro Obregón,0001,0332,4719,2439.0,170.0,155.0,2011.0,387.0,2113.0,55.0,929.0,1180.0,1360.0,528.0,1624.0,325.0,23.39901477832512,38.82352941176471,43.965925224798866,0901000010332,19.38308673,-99.23267849,7,7,False,False,False
09,010,Álvaro Obregón,0001,0347,3737,1926.0,129.0,157.0,1553.0,283.0,1639.0,35.0,677.0,958.0,1094.0,423.0,1270.0,286.0,25.275590551181104,38.6654478976234,41.30567419158023,0901000010347,19.38378817,-99.23056506500001,6,6,True,False,False
09,010,Álvaro Obregón,0001,0351,4430,2266.0,180.0,173.0,1821.0,323.0,1908.0,41.0,816.0,1092.0,1292.0,449.0,1498.0,353.0,26.301735647530037,34.75232198142415,42.76729559748428,0901000010351,19.38279731,-99.22766209,9,9,True,False,False
09,010,Álvaro Obregón,0001,0370,3343,1735.0,115.0,145.0,1376.0,237.0,1459.0,27.0,701.0,757.0,948.0,338.0,1139.0,260.0,25.197541703248465,35.654008438818565,48.046607265250174,0901000010370,19.385288680000002,-99.21901783,5,5,True,False,False
09,010,Álvaro Obregón,0001,0385,3058,1533.0,100.0,126.0,1220.0,166.0,1279.0,29.0,616.0,661.0,690.0,267.0,1054.0,226.0,24.193548387096776,38.69565217391304,48.16262705238468,0901000010385,19.383540250000003,-99.21646311,6,6,True,False,False
09,010,Álvaro Obregón,0001,0417,1933,1041.0,32.0,50.0,929.0,276.0,959.0,15.0,419.0,537.0,674.0,316.0,653.0,82.0,14.854517611026033,46.88427299703264,43.691345151199165,0901000010417,19.38560194,-99.20005552,4,7,False,False,False
09,010,Álvaro Obregón,0001,0421,5467,2839.0,186.0,206.0,2298.0,499.0,2416.0,43.0,1054.0,1361.0,1417.0,546.0,1799.0,392.0,24.180100055586436,38.53211009174312,43.62582781456953,0901000010421,19.38015654,-99.20053531,3,5,True,False,False
09,010,Álvaro Obregón,0001,0440,4748,2483.0,154.0,200.0,1964.0,339.0,2089.0,54.0,963.0,1122.0,1303.0,501.0,1625.0,354.0,25.107692307692307,38.44973138910207,46.09861177596936,0901000010440,19.37762974,-99.23254959,9,9,True,False,False
09,010,Álvaro Obregón,0001,0455,3157,1619.0,72.0,95.0,1396.0,310.0,1447.0,29.0,674.0,769.0,831.0,299.0,1086.0,167.0,18.047882136279927,35.98074608904934,46.579129232895646,0901000010455,19.37289861,-99.23203227,8,9,False,False,False
09,010,Álvaro Obregón,0001,0474,9421,4790.0,294.0,345.0,3881.0,781.0,4084.0,102.0,1996.0,2084.0,2413.0,964.0,3100.0,639.0,23.903225806451616,39.950269374222955,48.87365328109696,0901000010474,19.37896881,-99.20788446,6,7,False,False,False
09,010,Álvaro Obregón,0001,0489,3751,1952.0,113.0,156.0,1585.0,289.0,1669.0,30.0,796.0,871.0,1031.0,338.0,1296.0,269.0,23.070987654320987,32.78370514064016,47.693229478729776,0901000010489,19.37609384,-99.2126781,6,6,False,False,False
09,010,Álvaro Obregón,0001,0493,4638,2439.0,135.0,161.0,2046.0,501.0,2126.0,36.0,1001.0,1123.0,1324.0,558.0,1545.0,296.0,21.488673139158575,42.14501510574018,47.083725305738476,0901000010493,19.37515726,-99.20466199,4,4,False,False,False
09,010,Álvaro Obregón,0001,0506,2719,1421.0,71.0,108.0,1162.0,226.0,1224.0,29.0,524.0,697.0,707.0,291.0,936.0,179.0,22.22222222222222,41.15983026874116,42.810457516339866,0901000010506,19.376341605,-99.203769065,4,4,False,False,False
09,010,Álvaro Obregón,0001,0510,3573,1919.0,70.0,97.0,1678.0,452.0,1723.0,43.0,700.0,1021.0,1207.0,575.0,1226.0,167.0,17.128874388254488,47.63877381938691,40.62681369704005,0901000010510,19.375935,-99.19704252,5,8,False,False,False
09,010,Álvaro Obregón,0001,0525,2348,1292.0,39.0,73.0,1139.0,317.0,1168.0,18.0,487.0,678.0,772.0,375.0,822.0,112.0,15.815085158150852,48.575129533678755,41.69520547945205,0901000010525,19.373863165,-99.1936488,5,9,False,False,False
09,010,Álvaro Obregón,0001,053A,4574,2380.0,109.0,150.0,2013.0,449.0,2096.0,47.0,973.0,1122.0,1296.0,540.0,1564.0,259.0,19.565217391304348,41.66666666666667,46.42175572519084,090100001053A,19.369173215,-99.23371832500001,4,5,False,False,False
09,010,Álvaro Obregón,0001,0544,2482,1289.0,59.0,68.0,1093.0,269.0,1133.0,30.0,477.0,656.0,761.0,288.0,824.0,127.0,19.053398058252426,37.844940867279895,42.10061782877317,0901000010544,19.37000892,-99.2318262,6,7,False,False,False
09,010,Álvaro Obregón,0001,0559,2371,1244.0,44.0,46.0,1095.0,290.0,1137.0,18.0,504.0,628.0,822.0,302.0,805.0,90.0,13.41614906832298,36.73965936739659,44.327176781002635,0901000010559,19.36882023,-99.22377633,3,3,False,False,False
09,010,Álvaro Obregón,0001,0563,9225,4809.0,285.0,362.0,3937.0,825.0,4102.0,108.0,1865.0,2231.0,2552.0,973.0,3112.0,647.0,24.260925449871465,38.1269592476489,45.465626523647,0901000010563,19.37235115,-99.21698233,5,5,True,False,False
09,010,Álvaro Obregón,0001,0578,6964,3619.0,166.0,211.0,3056.0,754.0,3195.0,58.0,1473.0,1715.0,2020.0,780.0,2302.0,377.0,18.89661164205039,38.613861386138616,46.10328638497653,0901000010578,19.37161616,-99.21486532,4,4,False,False,False
09,010,Álvaro Obregón,0001,0597,3848,2007.0,96.0,118.0,1678.0,391.0,1751.0,36.0,780.0,966.0,1083.0,411.0,1287.0,214.0,19.425019425019425,37.95013850415512,44.54597372929754,0901000010597,19.374180165,-99.207954355,5,5,False,False,False
09,010,Álvaro Obregón,0001,060A,2671,1403.0,59.0,73.0,1226.0,312.0,1269.0,31.0,504.0,759.0,779.0,336.0,914.0,132.0,17.833698030634572,43.13222079589217,39.71631205673759,090100001060A,19.37442564,-99.2008072,5,5,False,False,False
09,010,Álvaro Obregón,0001,0614,2078,1099.0,30.0,44.0,956.0,313.0,999.0,34.0,500.0,497.0,659.0,306.0,643.0,74.0,16.796267496111973,46.4339908952959,50.050050050050054,0901000010614,19.37263494,-99.19975409,4,7,False,False,False
09,010,Álvaro Obregón,0001,0629,2510,1385.0,36.0,51.0,1222.0,361.0,1261.0,29.0,571.0,686.0,838.0,333.0,861.0,87.0,13.472706155632984,39.73747016706444,45.28152260111023,0901000010629,19.373575765,-99.197761255,5,8,False,False,False
09,010,Álvaro Obregón,0001,0633,1888,1013.0,45.0,44.0,870.0,246.0,901.0,17.0,418.0,483.0,574.0,254.0,624.0,89.0,16.98717948717949,44.25087108013937,46.392896781354054,0901000010633,19.37161252,-99.1960638,5,8,False,False,False
09,010,Álvaro Obregón,0001,0648,1560,844.0,31.0,28.0,762.0,300.0,783.0,15.0,348.0,433.0,650.0,280.0,462.0,59.0,16.017316017316016,43.07692307692308,44.44444444444444,0901000010648,19.37052297,-99.19363912,5,8,False,False,False
09,010,Álvaro Obregón,0001,0667,5010,2629.0,158.0,184.0,2136.0,409.0,2240.0,47.0,968.0,1269.0,1460.0,511.0,1727.0,342.0,22.52460914881297,35.0,43.214285714285715,0901000010667,19.3665439,-99.23711423,5,6,False,False,False
09,010,Álvaro Obregón,0001,0671,4314,2261.0,82.0,122.0,1968.0,509.0,2024.0,15.0,864.0,1151.0,1504.0,546.0,1459.0,204.0,15.01028101439342,36.3031914893617,42.68774703557312,0901000010671,19.366670364999997,-99.23311047,5,6,False,False,False
09,010,Álvaro Obregón,0001,0686,2695,1431.0,56.0,52.0,1295.0,430.0,1327.0,21.0,629.0,695.0,905.0,304.0,865.0,108.0,14.913294797687863,33.591160220994475,47.40015071590053,0901000010686,19.3672034,-99.22829893,3,4,False,False,False
09,010,Álvaro Obregón,0001,0690,3546,1859.0,65.0,93.0,1626.0,418.0,1675.0,29.0,662.0,1012.0,1232.0,504.0,1208.0,158.0,15.480132450331126,40.909090909090914,39.52238805970149,0901000010690,19.36620268,-99.20293093500001,5,6,False,False,False
09,010,Álvaro Obregón,0001,0703,1913,1092.0,25.0,39.0,971.0,282.0,1013.0,9.0,460.0,552.0,743.0,384.0,689.0,64.0,10.595065312046444,51.68236877523553,45.409674234945705,0901000010703,19.36825301,-99.20892782,4,4,False,False,False
09,010,Álvaro Obregón,0001,0718,969,519.0,12.0,23.0,462.0,147.0,474.0,9.0,217.0,257.0,349.0,142.0,315.0,35.0,13.968253968253968,40.68767908309456,45.78059071729958,0901000010718,19.3681919,-99.20788218,5,5,False,False,False
09,010,Álvaro Obregón,0001,0722,2280,1219.0,55.0,62.0,1060.0,299.0,1095.0,25.0,460.0,633.0,838.0,373.0,761.0,117.0,18.659658344283837,44.51073985680191,42.00913242009132,0901000010722,19.36694141,-99.20525011,6,6,False,False,False
09,010,Álvaro Obregón,0001,0737,621,338.0,11.0,15.0,307.0,86.0,311.0,8.0,128.0,183.0,289.0,145.0,221.0,26.0,15.384615384615385,50.17301038062284,41.157556270096464,0901000010737,19.36781105,-99.20392086,5,6,False,False,False
09,010,Álvaro Obregón,0001,0741,3250,1721.0,86.0,100.0,1457.0,344.0,1520.0,37.0,748.0,770.0,912.0,404.0,1113.0,186.0,20.035938903863432,44.29824561403509,49.21052631578947,0901000010741,19.36981988,-99.19963697,5,7,False,False,False
09,010,Álvaro Obregón,0001,0756,1488,807.0,26.0,32.0,711.0,203.0,734.0,17.0,300.0,434.0,524.0,227.0,508.0,58.0,14.763779527559054,43.320610687022906,40.87193460490463,0901000010756,19.366663145,-99.20274848,6,7,False,False,False
09,010,Álvaro Obregón,0001,0760,841,477.0,15.0,21.0,414.0,124.0,428.0,13.0,183.0,245.0,311.0,156.0,290.0,36.0,16.896551724137932,50.160771704180064,42.757009345794394,0901000010760,19.36671373,-99.2012032,4,6,False,False,False
09,010,Álvaro Obregón,0001,0775,1396,782.0,18.0,33.0,690.0,231.0,718.0,15.0,350.0,366.0,536.0,283.0,459.0,51.0,14.37908496732026,52.79850746268657,48.74651810584958,0901000010775,19.3676365,-99.19956702,4,6,False,False,False
09,010,Álvaro Obregón,0001,078A,1113,597.0,26.0,17.0,529.0,165.0,548.0,11.0,252.0,294.0,425.0,214.0,364.0,43.0,14.835164835164836,50.35294117647059,45.98540145985402,090100001078A,19.36920505,-99.19710929,5,8,False,False,False
09,010,Álvaro Obregón,0001,0794,757,395.0,13.0,12.0,358.0,119.0,369.0,4.0,165.0,204.0,294.0,126.0,239.0,25.0,12.133891213389122,42.857142857142854,44.71544715447154,0901000010794,19.36883587,-99.19667245,5,8,False,False,False
09,010,Álvaro Obregón,0001,0807,1866,1032.0,25.0,46.0,906.0,264.0,946.0,22.0,392.0,553.0,683.0,343.0,642.0,71.0,14.485981308411214,50.219619326500734,41.43763213530655,0901000010807,19.3676309,-99.1973837,5,7,False,False,False
09,010,Álvaro Obregón,0001,0811,1230,676.0,16.0,21.0,617.0,192.0,629.0,4.0,249.0,379.0,497.0,227.0,425.0,37.0,9.647058823529411,45.67404426559356,39.58664546899841,0901000010811,19.36915702,-99.19340928,4,8,False,False,False
09,010,Álvaro Obregón,0001,0826,779,433.0,13.0,22.0,374.0,129.0,383.0,11.0,162.0,221.0,278.0,122.0,245.0,35.0,18.775510204081634,43.884892086330936,42.297650130548305,0901000010826,19.366223055,-99.19910826,4,6,False,False,False
09,010,Álvaro Obregón,0001,0830,774,430.0,9.0,18.0,384.0,117.0,393.0,10.0,178.0,215.0,303.0,121.0,267.0,27.0,13.857677902621724,39.93399339933993,45.29262086513995,0901000010830,19.36599043,-99.19439621,4,7,False,False,False
09,010,Álvaro Obregón,0001,0845,1543,820.0,38.0,34.0,721.0,199.0,744.0,12.0,292.0,450.0,529.0,229.0,522.0,72.0,16.091954022988507,43.28922495274102,39.247311827956985,0901000010845,19.365254815,-99.19374515,4,6,False,False,False
09,010,Álvaro Obregón,0001,0864,5942,3075.0,185.0,250.0,2473.0,472.0,2602.0,33.0,1259.0,1335.0,1396.0,518.0,2001.0,435.0,23.388305847076463,37.106017191977074,48.3858570330515,0901000010864,19.36147147,-99.24873515,2,3,False,False,False
09,010,Álvaro Obregón,0001,0898,2279,1207.0,69.0,90.0,998.0,226.0,1045.0,24.0,514.0,525.0,638.0,225.0,772.0,159.0,23.704663212435236,35.26645768025078,49.186602870813395,0901000010898,19.35891568,-99.23149016,3,4,False,False,False
09,010,Álvaro Obregón,0001,0900,2362,1194.0,54.0,72.0,987.0,237.0,1041.0,25.0,483.0,557.0,657.0,226.0,750.0,126.0,20.133333333333333,34.39878234398782,46.39769452449568,0901000010900,19.357609305,-99.22994053,2,3,False,False,False
09,010,Álvaro Obregón,0001,0915,2776,1504.0,46.0,65.0,1334.0,386.0,1374.0,16.0,645.0,728.0,897.0,313.0,948.0,111.0,13.39662447257384,34.894091415830545,46.943231441048034,0901000010915,19.36480184,-99.21801873,1,1,False,False,False
09,010,Álvaro Obregón,0001,092A,2553,1344.0,58.0,101.0,1140.0,253.0,1180.0,16.0,528.0,647.0,718.0,256.0,887.0,159.0,19.729425028184895,35.65459610027855,44.74576271186441,090100001092A,19.364187485000002,-99.2022003,4,5,False,False,False
09,010,Álvaro Obregón,0001,0949,1094,566.0,22.0,27.0,512.0,168.0,520.0,10.0,230.0,290.0,381.0,162.0,344.0,49.0,17.151162790697676,42.51968503937008,44.230769230769226,0901000010949,19.357705005,-99.210430675,2,2,False,False,False
09,010,Álvaro Obregón,0001,0953,1943,1088.0,48.0,70.0,965.0,289.0,985.0,19.0,385.0,598.0,684.0,276.0,676.0,118.0,20.266272189349113,40.35087719298245,39.08629441624365,0901000010953,19.35864659,-99.2064498,2,2,False,False,False
09,010,Álvaro Obregón,0001,0968,4987,2695.0,129.0,155.0,2329.0,697.0,2423.0,33.0,1001.0,1414.0,1641.0,671.0,1632.0,284.0,19.42401960784314,40.8897014015844,41.31242261659101,0901000010968,19.359898845,-99.199374615,5,6,False,False,False
09,010,Álvaro Obregón,0001,0972,3219,1712.0,82.0,88.0,1490.0,414.0,1528.0,23.0,596.0,930.0,1172.0,436.0,1076.0,170.0,17.936802973977695,37.20136518771331,39.00523560209424,0901000010972,19.361621525,-99.195702515,3,6,False,False,False
09,010,Álvaro Obregón,0001,0987,1969,1089.0,51.0,38.0,988.0,293.0,1011.0,22.0,364.0,643.0,787.0,333.0,695.0,89.0,15.971223021582734,42.31257941550191,36.003956478733926,0901000010987,19.36111116,-99.18908024000001,5,9,False,False,False
09,010,Álvaro Obregón,0001,0991,2679,1496.0,46.0,62.0,1349.0,431.0,1387.0,37.0,536.0,849.0,883.0,313.0,918.0,108.0,15.795206971677562,35.44733861834655,38.64455659697188,0901000010991,19.35768721,-99.18369147,5,7,False,False,False
09,010,Álvaro Obregón,0001,1006,2910,1578.0,46.0,63.0,1385.0,375.0,1439.0,23.0,541.0,895.0,938.0,341.0,1010.0,109.0,13.06930693069307,36.353944562899784,37.595552466990966,0901000011006,19.35945172,-99.17491305,2,2,False,False,False
09,010,Álvaro Obregón,0001,1010,2582,1385.0,46.0,75.0,1218.0,352.0,1253.0,18.0,504.0,747.0,871.0,334.0,866.0,121.0,16.05080831408776,38.346727898966705,40.22346368715084,0901000011010,19.355609285,-99.20399895,2,2,False,False,False
09,010,Álvaro Obregón,0001,1025,681,360.0,25.0,21.0,301.0,67.0,312.0,0.0,97.0,215.0,243.0,93.0,234.0,46.0,19.65811965811966,38.2716049382716,31.08974358974359,0901000011025,19.35420989,-99.21548627,1,1,False,False,False
09,010,Álvaro Obregón,0001,103A,1813,982.0,36.0,49.0,850.0,255.0,881.0,13.0,372.0,509.0,586.0,211.0,595.0,85.0,16.470588235294116,36.00682593856656,42.22474460839955,090100001103A,19.34790352,-99.20725388,2,5,False,False,False
09,010,Álvaro Obregón,0001,1044,2563,1464.0,59.0,46.0,1302.0,408.0,1339.0,42.0,490.0,847.0,803.0,346.0,894.0,105.0,16.44295302013423,43.08841843088418,36.59447348767737,0901000011044,19.354675620000002,-99.19057166,4,6,False,False,False
09,010,Álvaro Obregón,0001,1059,3145,1715.0,68.0,73.0,1529.0,523.0,1569.0,43.0,609.0,955.0,1336.0,520.0,1006.0,141.0,18.290258449304176,38.92215568862276,38.81453154875717,0901000011059,19.35197595,-99.18619883,4,6,False,False,False
09,010,Álvaro Obregón,0001,1063,3028,1673.0,57.0,75.0,1480.0,444.0,1517.0,48.0,605.0,906.0,982.0,364.0,1036.0,132.0,17.374517374517374,37.06720977596741,39.88134475939354,0901000011063,19.35335495,-99.176876525,0,4,False,False,False
09,010,Álvaro Obregón,0001,1078,5883,3037.0,145.0,163.0,2535.0,529.0,2655.0,53.0,1093.0,1534.0,1693.0,633.0,2006.0,308.0,17.996011964107677,37.38924985233314,41.16760828625235,0901000011078,19.34727127,-99.23121468,3,3,False,False,False
09,010,Álvaro Obregón,0001,110A,3881,2124.0,64.0,85.0,1877.0,602.0,1940.0,45.0,710.0,1216.0,1347.0,625.0,1275.0,149.0,15.215686274509805,46.39940608760208,36.597938144329895,090100001110A,19.34420914,-99.20238756,1,6,False,False,False
09,010,Álvaro Obregón,0001,1114,864,491.0,12.0,12.0,438.0,142.0,455.0,8.0,164.0,291.0,280.0,97.0,296.0,24.0,10.81081081081081,34.64285714285714,36.043956043956044,0901000011114,19.349297749999998,-99.193488435,2,5,False,False,False
09,010,Álvaro Obregón,0001,1129,1218,735.0,19.0,25.0,674.0,227.0,690.0,39.0,279.0,411.0,381.0,144.0,447.0,44.0,18.568232662192393,37.79527559055118,40.43478260869565,0901000011129,19.34862948,-99.18945807,3,5,False,False,False
09,010,Álvaro Obregón,0001,1133,2203,1215.0,24.0,46.0,1089.0,330.0,1122.0,52.0,398.0,713.0,767.0,322.0,759.0,70.0,16.073781291172594,41.98174706649283,35.47237076648842,0901000011133,19.34677577,-99.18549376,3,4,False,False,False
09,010,Álvaro Obregón,0001,1148,5277,2857.0,91.0,144.0,2536.0,693.0,2619.0,32.0,1115.0,1495.0,1597.0,441.0,1843.0,235.0,14.487249050461203,27.614276768941764,42.573501336387935,0901000011148,19.3411999,-99.25344651,0,0,False,False,False
09,010,Álvaro Obregón,0001,1152,2719,1451.0,38.0,51.0,1293.0,397.0,1332.0,20.0,628.0,696.0,849.0,236.0,896.0,89.0,12.165178571428571,27.79740871613663,47.147147147147145,0901000011152,19.34439217,-99.24040735,1,1,False,False,False
09,010,Álvaro Obregón,0001,1171,13918,7438.0,358.0,436.0,6343.0,1331.0,6592.0,90.0,2617.0,3961.0,4635.0,1962.0,5012.0,794.0,17.637669592976856,42.33009708737864,39.699635922330096,0901000011171,19.34280052,-99.21448692,2,4,False,False,False
09,010,Álvaro Obregón,0001,1186,3320,1807.0,66.0,80.0,1587.0,482.0,1658.0,25.0,684.0,973.0,1119.0,479.0,1105.0,146.0,15.475113122171946,42.80607685433423,41.25452352231604,0901000011186,19.34100376,-99.20823408,3,8,False,False,False
09,010,Álvaro Obregón,0001,1190,3425,1852.0,52.0,71.0,1666.0,464.0,1709.0,31.0,801.0,897.0,1207.0,515.0,1202.0,123.0,12.81198003327787,42.66777133388567,46.86951433586893,0901000011190,19.34162111,-99.198162465,3,7,False,False,False
09,010,Álvaro Obregón,0001,1203,396,212.0,3.0,10.0,194.0,61.0,198.0,5.0,73.0,124.0,154.0,68.0,133.0,13.0,13.533834586466165,44.15584415584416,36.868686868686865,0901000011203,19.34282564,-99.1907021,3,3,False,False,False
09,010,Álvaro Obregón,0001,1218,2825,1448.0,93.0,81.0,1280.0,265.0,1317.0,19.0,514.0,801.0,1035.0,384.0,1015.0,174.0,19.014778325123153,37.10144927536232,39.02809415337889,0901000011218,19.33792785,-99.21457495,2,6,False,False,False
09,010,Álvaro Obregón,0001,1222,4628,2495.0,100.0,112.0,2178.0,639.0,2242.0,51.0,1131.0,1107.0,1424.0,618.0,1539.0,212.0,17.08901884340481,43.39887640449438,50.44603033006244,0901000011222,19.33935047,-99.20541403,3,8,False,False,False
09,010,Álvaro Obregón,0001,1237,4443,2359.0,98.0,79.0,2090.0,667.0,2157.0,48.0,1014.0,1140.0,1470.0,603.0,1423.0,177.0,15.811665495432187,41.0204081632653,47.009735744089014,0901000011237,19.336200475,-99.20290703500001,3,6,False,False,False
09,010,Álvaro Obregón,0001,1241,5752,3113.0,108.0,142.0,2779.0,732.0,2863.0,67.0,1104.0,1740.0,2169.0,944.0,2047.0,250.0,15.486077186126037,43.52236053480867,38.5609500523926,0901000011241,19.337704875,-99.196658165,2,6,False,False,False
09,010,Álvaro Obregón,0001,1260,3638,2077.0,50.0,78.0,1890.0,479.0,1952.0,57.0,803.0,1082.0,968.0,323.0,1411.0,128.0,13.111268603827073,33.367768595041326,41.13729508196721,0901000011260,19.33110778,-99.21003955,2,3,False,False,False
09,010,Álvaro Obregón,0001,1275,3017,1716.0,32.0,45.0,1603.0,459.0,1629.0,40.0,644.0,960.0,802.0,226.0,1144.0,77.0,10.227272727272728,28.179551122194514,39.53345610804174,0901000011275,19.33025158,-99.19923239,1,2,False,False,False
09,010,Álvaro Obregón,0001,128A,2309,1286.0,34.0,62.0,1128.0,351.0,1158.0,28.0,457.0,677.0,692.0,234.0,777.0,96.0,15.958815958815958,33.81502890173411,39.46459412780656,090100001128A,19.31595375,-99.21835458000001,1,5,False,False,False
09,010,Álvaro Obregón,0001,1294,3322,1951.0,30.0,29.0,1818.0,442.0,1862.0,44.0,734.0,1078.0,874.0,259.0,1376.0,59.0,7.4854651162790695,29.63386727688787,39.41997851772288,0901000011294,19.31924513,-99.20307042,0,1,False,False,False
09,010,Álvaro Obregón,0001,1307,2914,1636.0,55.0,71.0,1454.0,376.0,1488.0,15.0,604.0,878.0,853.0,249.0,1078.0,126.0,13.079777365491651,29.191090269636575,40.59139784946236,0901000011307,19.30842299,-99.21319751,0,0,False,False,False
09,010,Álvaro Obregón,0001,1330,8619,4429.0,235.0,315.0,3657.0,648.0,3832.0,50.0,1754.0,2068.0,2276.0,771.0,3009.0,550.0,19.940179461615156,33.87521968365554,45.77244258872651,0901000011330,19.33268787,-99.26911836,2,2,False,False,False
09,010,Álvaro Obregón,0001,1345,7215,3780.0,221.0,266.0,3057.0,615.0,3215.0,66.0,1530.0,1679.0,1885.0,685.0,2442.0,487.0,22.645372645372646,36.339522546419104,47.58942457231726,0901000011345,19.32944761,-99.27224842,2,2,False,False,False
09,010,Álvaro Obregón,0001,135A,6908,3538.0,255.0,288.0,2836.0,515.0,2994.0,55.0,1432.0,1560.0,1743.0,503.0,2321.0,543.0,25.764756570443776,28.858290304073435,47.82899131596526,090100001135A,19.32738487,-99.28404517999999,1,1,True,False,False
09,010,Álvaro Obregón,0001,1364,6072,3149.0,176.0,246.0,2530.0,475.0,2672.0,48.0,1208.0,1463.0,1596.0,615.0,2055.0,422.0,22.871046228710462,38.53383458646616,45.209580838323355,0901000011364,19.31671744,-99.26513326,3,3,False,False,False
09,010,Álvaro Obregón,0001,1379,2298,1217.0,67.0,91.0,1027.0,183.0,1064.0,11.0,418.0,637.0,682.0,232.0,844.0,158.0,20.023696682464458,34.01759530791789,39.285714285714285,0901000011379,19.37833533,-99.25434685,0,0,False,False,False
09,010,Álvaro Obregón,0001,1434,5554,2864.0,145.0,204.0,2386.0,522.0,2503.0,37.0,1164.0,1329.0,1360.0,485.0,1864.0,349.0,20.70815450643777,35.661764705882355,46.50419496604075,0901000011434,19.393237075000002,-99.21166614,4,6,False,False,False
09,010,Álvaro Obregón,0001,1453,4876,2463.0,162.0,200.0,1964.0,288.0,2071.0,61.0,1012.0,1053.0,1005.0,395.0,1676.0,362.0,25.238663484486874,39.30348258706468,48.865282472235634,0901000011453,19.38391327,-99.21373721,6,6,True,False,False
09,010,Álvaro Obregón,0001,1468,2600,1363.0,102.0,128.0,1040.0,168.0,1101.0,15.0,523.0,576.0,654.0,280.0,872.0,230.0,28.09633027522936,42.813455657492355,47.502270663033606,0901000011468,19.38285495,-99.22340564,7,7,True,False,False
09,010,Álvaro Obregón,0001,1472,3788,1956.0,156.0,181.0,1501.0,216.0,1597.0,34.0,714.0,874.0,881.0,304.0,1285.0,337.0,28.871595330739297,34.50624290578887,44.70882905447714,0901000011472,19.37896561,-99.24969233,2,3,True,False,False
09,010,Álvaro Obregón,0001,1487,4629,2440.0,187.0,200.0,1911.0,302.0,2025.0,36.0,835.0,1189.0,1294.0,457.0,1609.0,387.0,26.289620882535736,35.316846986089644,41.23456790123457,0901000011487,19.37924369,-99.22904602,8,8,True,False,False
09,010,Álvaro Obregón,0001,1519,4650,2351.0,160.0,188.0,1810.0,306.0,1922.0,42.0,889.0,1030.0,1169.0,424.0,1504.0,348.0,25.930851063829785,36.27031650983747,46.25390218522373,0901000011519,19.3797792,-99.21575461500001,5,5,True,False,False
09,010,Álvaro Obregón,0001,1523,3528,1834.0,129.0,157.0,1435.0,243.0,1522.0,40.0,681.0,840.0,914.0,320.0,1192.0,286.0,27.348993288590606,35.010940919037196,44.74375821287779,0901000011523,19.380727710000002,-99.211328405,8,8,True,False,False
09,010,Álvaro Obregón,0001,1542,2898,1492.0,103.0,133.0,1204.0,154.0,1249.0,12.0,449.0,794.0,889.0,293.0,1050.0,236.0,23.61904761904762,32.95838020247469,35.948759007205766,0901000011542,19.36699063,-99.26166664,1,1,False,False,False
09,010,Álvaro Obregón,0001,1557,6638,3399.0,225.0,293.0,2688.0,445.0,2838.0,65.0,1332.0,1500.0,1898.0,705.0,2243.0,518.0,25.99197503343736,37.14436248682824,46.93446088794926,0901000011557,19.37321916,-99.22889126,8,9,True,False,False
09,010,Álvaro Obregón,0001,1561,3060,1573.0,113.0,154.0,1196.0,194.0,1271.0,14.0,554.0,715.0,841.0,346.0,1002.0,267.0,28.043912175648707,41.14149821640904,43.58772619984264,0901000011561,19.37319549,-99.23588313,7,8,True,False,False
09,010,Álvaro Obregón,0001,1580,6453,3347.0,184.0,232.0,2774.0,593.0,2910.0,67.0,1376.0,1527.0,1787.0,640.0,2181.0,416.0,22.145804676753784,35.814213766088415,47.28522336769759,0901000011580,19.37409739,-99.223469455,6,6,False,False,False
09,010,Álvaro Obregón,0001,1595,6197,3138.0,203.0,270.0,2465.0,394.0,2631.0,64.0,1281.0,1348.0,1499.0,621.0,2071.0,473.0,25.929502655721876,41.42761841227485,48.68871151653364,0901000011595,19.367601710000002,-99.24434091500001,3,5,True,False,False
09,010,Álvaro Obregón,0001,1627,5748,2977.0,176.0,222.0,2424.0,420.0,2558.0,47.0,959.0,1588.0,1508.0,509.0,2004.0,398.0,22.205588822355292,33.753315649867375,37.49022673964034,0901000011627,19.35777553,-99.23745818,3,4,False,False,False
09,010,Álvaro Obregón,0001,1631,4992,2622.0,134.0,174.0,2117.0,393.0,2224.0,50.0,835.0,1385.0,1176.0,479.0,1724.0,308.0,20.765661252900234,40.7312925170068,37.54496402877698,0901000011631,19.35547978,-99.24058224,2,3,False,False,False
09,010,Álvaro Obregón,0001,1646,4731,2479.0,165.0,185.0,1970.0,404.0,2080.0,55.0,1079.0,997.0,1091.0,416.0,1566.0,350.0,25.862068965517242,38.13015582034831,51.87500000000001,0901000011646,19.35457581,-99.2366824,4,5,True,False,False
09,010,Álvaro Obregón,0001,1650,4628,2381.0,167.0,192.0,1863.0,319.0,1968.0,39.0,980.0,982.0,1149.0,375.0,1544.0,359.0,25.777202072538863,32.637075718015666,49.796747967479675,0901000011650,19.3553679,-99.23436683,3,4,True,False,False
09,010,Álvaro Obregón,0001,1665,1940,1011.0,47.0,48.0,859.0,198.0,892.0,8.0,308.0,581.0,518.0,173.0,661.0,95.0,15.582450832072617,33.397683397683394,34.52914798206278,0901000011665,19.35371389,-99.24059188,2,3,False,False,False
09,010,Álvaro Obregón,0001,167A,8067,4177.0,249.0,307.0,3389.0,633.0,3569.0,70.0,1673.0,1883.0,2220.0,999.0,2756.0,556.0,22.71407837445573,45.0,46.87587559540488,090100001167A,19.32561062,-99.26087262,4,5,False,False,False
09,010,Álvaro Obregón,0001,1684,5661,2965.0,150.0,183.0,2447.0,499.0,2579.0,66.0,1122.0,1452.0,1562.0,565.0,1948.0,333.0,20.482546201232033,36.17157490396927,43.505234587049245,0901000011684,19.32925902,-99.25390184,2,3,False,False,False
09,010,Álvaro Obregón,0001,1699,9388,4888.0,278.0,344.0,3979.0,729.0,4192.0,67.0,1793.0,2397.0,2476.0,913.0,3250.0,622.0,21.2,36.87399030694669,42.771946564885496,0901000011699,19.331591345,-99.2462311,1,1,False,False,False
09,010,Álvaro Obregón,0001,1716,7042,3575.0,231.0,248.0,2815.0,523.0,3016.0,73.0,1170.0,1844.0,1859.0,812.0,2292.0,479.0,24.083769633507853,43.67939752555137,38.793103448275865,0901000011716,19.32198123,-99.26115695499999,4,5,False,False,False
09,010,Álvaro Obregón,0001,1720,4093,2067.0,158.0,221.0,1586.0,194.0,1698.0,19.0,671.0,1027.0,1012.0,267.0,1392.0,379.0,28.59195402298851,26.383399209486164,39.5170789163722,0901000011720,19.32290637,-99.28555084,1,1,True,False,False
09,010,Álvaro Obregón,0001,1735,9161,4658.0,301.0,390.0,3720.0,556.0,3924.0,69.0,1751.0,2166.0,2270.0,669.0,3164.0,691.0,24.020227560050568,29.47136563876652,44.62283384301733,0901000011735,19.32357744,-99.26777806,4,5,False,False,False
09,010,Álvaro Obregón,0001,174A,9998,5091.0,358.0,451.0,4028.0,589.0,4287.0,101.0,1796.0,2479.0,2604.0,848.0,3439.0,809.0,26.461180575748767,32.565284178187405,41.894098437135526,090100001174A,19.31720215,-99.26835066999999,1,1,True,False,False
09,010,Álvaro Obregón,0001,1754,3230,1644.0,118.0,130.0,1316.0,188.0,1395.0,24.0,532.0,861.0,850.0,313.0,1128.0,248.0,24.113475177304963,36.8235294117647,38.13620071684588,0901000011754,19.30547142,-99.26992517,1,1,False,False,False
09,010,Álvaro Obregón,0001,1769,9985,5077.0,339.0,420.0,4035.0,618.0,4275.0,64.0,1987.0,2276.0,2631.0,846.0,3417.0,759.0,24.08545507755341,32.155074116305585,46.47953216374269,0901000011769,19.33326638,-99.27947919,2,2,False,False,False
09,010,Álvaro Obregón,0001,1773,4680,2478.0,137.0,164.0,2047.0,469.0,2143.0,54.0,987.0,1155.0,1250.0,523.0,1578.0,301.0,22.49683143219265,41.839999999999996,46.0569295380308,0901000011773,19.393301785,-99.19515078,5,7,False,False,False
09,010,Álvaro Obregón,0001,1788,4219,2179.0,110.0,177.0,1748.0,298.0,1847.0,32.0,775.0,1070.0,755.0,285.0,1450.0,287.0,22.0,37.74834437086093,41.959935029778016,0901000011788,19.388104985,-99.19756654,3,6,False,False,False
09,010,Álvaro Obregón,0001,1792,3160,1642.0,102.0,109.0,1335.0,271.0,1398.0,19.0,680.0,718.0,921.0,314.0,1064.0,211.0,21.616541353383457,34.093376764386534,48.640915593705294,0901000011792,19.3907098,-99.20792157,7,9,False,False,False
09,010,Álvaro Obregón,0001,1805,3603,1870.0,101.0,142.0,1540.0,312.0,1613.0,28.0,678.0,934.0,952.0,358.0,1228.0,243.0,22.068403908794785,37.60504201680672,42.033477991320524,0901000011805,19.392172600000002,-99.20114183,7,11,False,False,False
09,010,Álvaro Obregón,0001,181A,5355,2786.0,137.0,178.0,2286.0,445.0,2394.0,27.0,1095.0,1297.0,1561.0,584.0,1841.0,315.0,18.576860401955457,37.41191543882127,45.73934837092732,090100001181A,19.35004274,-99.22418964,2,2,False,False,False
09,010,Álvaro Obregón,0001,1824,4908,2594.0,144.0,175.0,2160.0,402.0,2258.0,38.0,949.0,1304.0,1598.0,608.0,1758.0,319.0,20.30716723549488,38.04755944931164,42.028343666961916,0901000011824,19.34759935,-99.226513345,2,2,False,False,False
09,010,Álvaro Obregón,0001,1839,4896,2547.0,181.0,173.0,2085.0,412.0,2183.0,34.0,956.0,1222.0,1372.0,507.0,1673.0,354.0,23.19187089061566,36.9533527696793,43.79294548786074,0901000011839,19.3493448,-99.2217731,3,3,False,False,False
09,010,Álvaro Obregón,0001,1843,8392,4455.0,232.0,286.0,3705.0,750.0,3893.0,43.0,1715.0,2164.0,2452.0,1041.0,2955.0,518.0,18.98477157360406,42.45513866231648,44.05342923195479,0901000011843,19.3417587,-99.23143233,3,5,False,False,False
09,010,Álvaro Obregón,0001,1858,12053,6481.0,290.0,380.0,5564.0,1332.0,5754.0,113.0,2455.0,3259.0,3893.0,1492.0,4232.0,670.0,18.50189035916824,38.32519907526329,42.66597149808828,0901000011858,19.338238165,-99.22815708,1,4,False,False,False
09,010,Álvaro Obregón,0001,1881,4044,2091.0,94.0,141.0,1820.0,400.0,1871.0,15.0,785.0,1084.0,1270.0,418.0,1420.0,235.0,17.6056338028169,32.91338582677165,41.95617316942811,0901000011881,19.352846505,-99.24577406,1,2,False,False,False
09,010,Álvaro Obregón,0001,1913,3983,2104.0,74.0,158.0,1755.0,385.0,1835.0,33.0,855.0,975.0,1122.0,505.0,1370.0,232.0,19.34306569343066,45.00891265597148,46.59400544959128,0901000011913,19.38493126,-99.22610133,6,6,False,False,False
09,010,Álvaro Obregón,0001,1928,2144,1107.0,38.0,65.0,954.0,255.0,993.0,16.0,442.0,550.0,670.0,309.0,699.0,103.0,17.02432045779685,46.11940298507463,44.51158106747231,0901000011928,19.38685941,-99.22233195,4,4,False,False,False
09,010,Álvaro Obregón,0001,1932,2659,1384.0,103.0,147.0,1062.0,157.0,1114.0,16.0,490.0,624.0,749.0,250.0,905.0,250.0,29.392265193370164,33.37783711615487,43.98563734290844,0901000011932,19.37946858,-99.22538185,8,8,True,False,False
09,010,Álvaro Obregón,0001,1947,4280,2199.0,129.0,156.0,1836.0,428.0,1923.0,29.0,844.0,1075.0,1253.0,405.0,1408.0,285.0,22.301136363636363,32.322426177174776,43.889755590223615,0901000011947,19.37502418,-99.22448596,6,6,False,False,False
09,010,Álvaro Obregón,0001,1951,6009,3104.0,229.0,300.0,2306.0,298.0,2489.0,45.0,1123.0,1359.0,1638.0,629.0,2008.0,529.0,28.585657370517932,38.400488400488406,45.118521494576136,0901000011951,19.381889,-99.22030156,6,6,True,False,False
09,010,Álvaro Obregón,0001,1966,3156,1632.0,95.0,92.0,1380.0,351.0,1438.0,29.0,694.0,743.0,930.0,331.0,1029.0,187.0,20.99125364431487,35.59139784946236,48.261474269819196,0901000011966,19.37771326,-99.22206424,6,6,False,False,False
09,010,Álvaro Obregón,0001,1970,4427,2340.0,153.0,172.0,1880.0,349.0,1988.0,45.0,1011.0,976.0,1234.0,410.0,1531.0,325.0,24.16721097322012,33.22528363047002,50.855130784708244,0901000011970,19.37838033,-99.21861796,7,7,True,False,False
09,010,Álvaro Obregón,0001,1985,4355,2215.0,157.0,193.0,1704.0,270.0,1825.0,35.0,810.0,1012.0,1024.0,368.0,1434.0,350.0,26.84797768479777,35.9375,44.38356164383562,0901000011985,19.376944950000002,-99.21574175,6,6,True,False,False
09,010,Álvaro Obregón,0001,199A,3207,1654.0,109.0,133.0,1275.0,227.0,1365.0,33.0,616.0,745.0,816.0,255.0,1048.0,242.0,26.240458015267176,31.25,45.12820512820513,090100001199A,19.378956435,-99.21160542,6,6,True,False,False
09,010,Álvaro Obregón,0001,2019,3273,1717.0,126.0,149.0,1328.0,226.0,1411.0,25.0,741.0,667.0,782.0,330.0,1102.0,275.0,27.223230490018146,42.19948849104859,52.51594613749114,0901000012019,19.36826678,-99.2438441,3,5,True,False,False
09,010,Álvaro Obregón,0001,2023,4169,2188.0,143.0,180.0,1712.0,260.0,1809.0,30.0,807.0,999.0,1081.0,495.0,1452.0,323.0,24.311294765840223,45.79093432007401,44.61028192371476,0901000012023,19.36148912,-99.24130429,2,5,True,False,False
09,010,Álvaro Obregón,0001,2038,4207,2139.0,159.0,192.0,1680.0,287.0,1786.0,36.0,825.0,953.0,1010.0,371.0,1393.0,351.0,27.781765972720745,36.73267326732673,46.192609182530795,0901000012038,19.35905027,-99.24027754,3,5,True,False,False
09,010,Álvaro Obregón,0001,2042,3847,2021.0,153.0,157.0,1579.0,258.0,1677.0,30.0,784.0,891.0,1055.0,509.0,1321.0,310.0,25.73807721423164,48.24644549763033,46.75014907573048,0901000012042,19.32846861,-99.25510932,3,4,True,False,False
09,010,Álvaro Obregón,0001,2057,3669,1912.0,110.0,152.0,1550.0,332.0,1636.0,67.0,724.0,911.0,1008.0,372.0,1218.0,262.0,27.011494252873565,36.904761904761905,44.25427872860636,0901000012057,19.32968563,-99.24894906,2,2,True,False,False
09,010,Álvaro Obregón,0001,2061,8541,4428.0,218.0,368.0,3470.0,372.0,3710.0,36.0,1742.0,1958.0,2594.0,784.0,3098.0,586.0,20.07746933505487,30.223592906707786,46.95417789757413,0901000012061,19.38525859,-99.22720774499999,7,7,False,False,False
09,010,Álvaro Obregón,0001,2076,3152,1634.0,93.0,97.0,1308.0,276.0,1381.0,28.0,673.0,707.0,771.0,310.0,1032.0,190.0,21.124031007751938,40.20752269779507,48.73280231716148,0901000012076,19.39737269,-99.21737702,1,1,False,False,False
09,010,Álvaro Obregón,0001,2080,2501,1305.0,66.0,75.0,1101.0,204.0,1143.0,6.0,432.0,710.0,806.0,309.0,897.0,141.0,16.387959866220736,38.33746898263028,37.79527559055118,0901000012080,19.363227455,-99.24894896500001,2,3,False,False,False
09,010,Álvaro Obregón,0001,2095,5597,2849.0,164.0,185.0,2332.0,414.0,2457.0,35.0,960.0,1494.0,1598.0,604.0,1918.0,349.0,20.020855057351408,37.79724655819774,39.072039072039075,0901000012095,19.36263048,-99.24759495,2,3,False,False,False
09,010,Álvaro Obregón,0001,2108,3889,2019.0,99.0,143.0,1622.0,327.0,1720.0,38.0,824.0,894.0,788.0,310.0,1295.0,242.0,21.62162162162162,39.340101522842644,47.906976744186046,0901000012108,19.38403655,-99.20421514,6,8,False,False,False
09,010,Álvaro Obregón,0001,2112,9888,5122.0,310.0,416.0,4065.0,583.0,4312.0,59.0,1761.0,2539.0,2612.0,1032.0,3482.0,726.0,22.544514646754738,39.50995405819295,40.83951762523191,0901000012112,19.38182768,-99.20823672,6,8,False,False,False
09,010,Álvaro Obregón,0001,2131,1859,1045.0,43.0,53.0,914.0,248.0,949.0,20.0,459.0,489.0,573.0,332.0,666.0,96.0,17.417417417417415,57.940663176265275,48.366701791359326,0901000012131,19.372850645,-99.20478625,6,6,False,False,False
09,010,Álvaro Obregón,0001,2146,2832,1453.0,78.0,89.0,1256.0,296.0,1300.0,33.0,509.0,785.0,993.0,479.0,960.0,167.0,20.833333333333336,48.23766364551863,39.15384615384615,0901000012146,19.380127549999997,-99.193630185,4,6,False,False,False
09,010,Álvaro Obregón,0001,2150,4588,2452.0,101.0,140.0,2086.0,540.0,2174.0,34.0,959.0,1214.0,1611.0,756.0,1546.0,241.0,17.78783958602846,46.927374301675975,44.11223551057958,0901000012150,19.3797407,-99.19319639,4,6,False,False,False
09,010,Álvaro Obregón,0001,2165,3201,1671.0,87.0,95.0,1365.0,297.0,1446.0,24.0,664.0,781.0,912.0,349.0,1068.0,182.0,19.288389513108616,38.26754385964912,45.91977869986169,0901000012165,19.37296273,-99.21181545,4,4,False,False,False
09,010,Álvaro Obregón,0001,2184,1979,1030.0,39.0,65.0,878.0,208.0,910.0,10.0,396.0,514.0,608.0,270.0,670.0,104.0,17.01492537313433,44.40789473684211,43.51648351648352,0901000012184,19.356274475,-99.215531795,1,1,False,False,False
09,010,Álvaro Obregón,0001,2199,4398,2293.0,111.0,128.0,1889.0,377.0,1992.0,33.0,868.0,1115.0,1139.0,462.0,1512.0,239.0,17.989417989417987,40.56189640035118,43.57429718875502,0901000012199,19.35302616,-99.21733331,0,0,False,False,False
09,010,Álvaro Obregón,0001,2201,3148,1632.0,86.0,116.0,1302.0,232.0,1380.0,21.0,586.0,793.0,807.0,279.0,1070.0,202.0,20.8411214953271,34.572490706319705,42.46376811594203,0901000012201,19.35519963,-99.25796863,1,1,False,False,False
09,010,Álvaro Obregón,0001,2216,4171,2146.0,166.0,213.0,1605.0,229.0,1725.0,37.0,767.0,957.0,994.0,419.0,1376.0,379.0,30.23255813953488,42.15291750503018,44.46376811594203,0901000012216,19.3565547,-99.25052611999999,2,3,True,False,False
09,010,Álvaro Obregón,0001,2220,3537,1833.0,123.0,153.0,1421.0,224.0,1502.0,21.0,716.0,784.0,779.0,262.0,1197.0,276.0,24.81203007518797,33.632862644415916,47.66977363515313,0901000012220,19.35964475,-99.24528749999999,3,5,True,False,False
09,010,Álvaro Obregón,0001,2235,2796,1459.0,89.0,93.0,1198.0,219.0,1258.0,18.0,473.0,781.0,772.0,329.0,979.0,182.0,20.42900919305414,42.61658031088083,37.59936406995231,0901000012235,19.35713475,-99.24251629,2,4,False,False,False
09,010,Álvaro Obregón,0001,224A,3148,1679.0,92.0,120.0,1392.0,251.0,1463.0,24.0,691.0,771.0,820.0,344.0,1141.0,212.0,20.683610867659947,41.951219512195124,47.23171565276829,090100001224A,19.35926346,-99.23209833,2,3,False,False,False
09,010,Álvaro Obregón,0001,2254,4676,2453.0,129.0,173.0,2037.0,358.0,2130.0,21.0,910.0,1215.0,1371.0,493.0,1679.0,302.0,19.237641453245978,35.95915390226112,42.72300469483568,0901000012254,19.362305794999997,-99.22601598,2,2,False,False,False
09,010,Álvaro Obregón,0001,2269,1809,928.0,54.0,73.0,738.0,119.0,782.0,9.0,328.0,450.0,565.0,212.0,619.0,127.0,21.97092084006462,37.52212389380531,41.94373401534527,0901000012269,19.3647254,-99.22088279,0,0,False,False,False
09,010,Álvaro Obregón,0001,2288,5792,2986.0,147.0,176.0,2546.0,473.0,2659.0,52.0,1174.0,1481.0,1500.0,575.0,2073.0,323.0,18.08972503617945,38.333333333333336,44.151936818352766,0901000012288,19.36063092,-99.22751248,2,2,False,False,False
09,010,Álvaro Obregón,0001,2292,6933,3641.0,215.0,239.0,3044.0,476.0,3181.0,35.0,1302.0,1874.0,2037.0,826.0,2568.0,454.0,19.042056074766357,40.549828178694156,40.93052499214084,0901000012292,19.359546950000002,-99.21977089,0,0,False,False,False
09,010,Álvaro Obregón,0001,2305,4002,2031.0,164.0,198.0,1541.0,226.0,1652.0,25.0,790.0,856.0,1003.0,403.0,1315.0,362.0,29.429657794676807,40.17946161515454,47.82082324455206,0901000012305,19.35777158,-99.25078458,2,3,True,False,False
09,010,Álvaro Obregón,0001,231A,2927,1533.0,91.0,125.0,1265.0,208.0,1329.0,24.0,534.0,791.0,815.0,329.0,1057.0,216.0,22.705771050141912,40.3680981595092,40.18058690744921,090100001231A,19.358124404999998,-99.25526503500001,2,2,False,False,False
09,010,Álvaro Obregón,0001,2324,2742,1391.0,107.0,110.0,1103.0,174.0,1167.0,11.0,542.0,625.0,668.0,283.0,929.0,217.0,24.542518837459635,42.365269461077844,46.44387317909169,0901000012324,19.35912896,-99.25403752,2,3,True,False,False
09,010,Álvaro Obregón,0001,2339,3534,2082.0,101.0,157.0,1649.0,188.0,1752.0,6.0,643.0,1099.0,855.0,366.0,1461.0,258.0,18.069815195071868,42.80701754385965,36.70091324200913,0901000012339,19.37303519,-99.24628702999999,3,3,False,False,False
09,010,Álvaro Obregón,0001,2343,4863,2466.0,175.0,216.0,1874.0,273.0,1991.0,23.0,952.0,1035.0,1193.0,489.0,1601.0,391.0,25.85883822610868,40.98910310142498,47.81516825715721,0901000012343,19.37207088,-99.23899526,5,6,True,False,False
09,010,Álvaro Obregón,0001,2358,3083,1654.0,100.0,130.0,1325.0,162.0,1394.0,13.0,548.0,841.0,826.0,272.0,1163.0,230.0,20.894239036973346,32.92978208232446,39.31133428981349,0901000012358,19.36499481,-99.25963093,3,3,False,False,False
09,010,Álvaro Obregón,0001,2362,2279,1208.0,49.0,78.0,1016.0,211.0,1064.0,20.0,455.0,608.0,593.0,281.0,805.0,127.0,18.26086956521739,47.38617200674536,42.76315789473684,0901000012362,19.37226274,-99.2083453,5,5,False,False,False
09,010,Álvaro Obregón,0001,2377,2502,1353.0,64.0,61.0,1154.0,195.0,1205.0,10.0,509.0,694.0,764.0,343.0,959.0,125.0,14.077163712200209,44.89528795811518,42.24066390041494,0901000012377,19.370472825,-99.20938903,4,4,False,False,False
09,011,Tláhuac,0001,001A,5957,3123.0,218.0,227.0,2538.0,337.0,2675.0,37.0,1113.0,1561.0,1760.0,666.0,2201.0,445.0,21.899136756019992,37.84090909090909,41.60747663551402,090110001001A,19.30794084,-99.05541958,3,3,False,False,False
09,011,Tláhuac,0001,0039,6748,3461.0,187.0,265.0,2853.0,515.0,2981.0,65.0,1396.0,1577.0,1973.0,701.0,2338.0,452.0,22.112917023096664,35.529650278763306,46.82992284468299,0901100010039,19.29861152,-99.03799675,3,4,False,False,False
09,011,Tláhuac,0001,0043,5601,2863.0,191.0,235.0,2233.0,368.0,2369.0,35.0,1325.0,1040.0,1370.0,442.0,1865.0,426.0,24.718498659517426,32.262773722627735,55.93077247783875,0901100010043,19.298102174999997,-99.032288565,3,4,True,False,False
09,011,Tláhuac,0001,0058,4075,2127.0,114.0,124.0,1803.0,362.0,1874.0,46.0,878.0,993.0,1242.0,517.0,1441.0,238.0,19.70853573907009,41.626409017713364,46.85165421558165,0901100010058,19.30261209,-99.06180542,4,5,False,False,False
09,011,Tláhuac,0001,0077,3150,1659.0,79.0,129.0,1356.0,286.0,1424.0,25.0,720.0,704.0,893.0,342.0,1070.0,208.0,21.77570093457944,38.297872340425535,50.56179775280899,0901100010077,19.29722838,-99.0542248,6,9,False,False,False
09,011,Tláhuac,0001,0096,3480,1851.0,89.0,125.0,1518.0,278.0,1600.0,27.0,612.0,985.0,953.0,414.0,1240.0,214.0,19.435483870967744,43.441762854144805,38.25,0901100010096,19.29642929,-99.04832350999999,5,8,False,False,False
09,011,Tláhuac,0001,0113,2643,1379.0,78.0,106.0,1112.0,221.0,1171.0,29.0,595.0,575.0,750.0,298.0,891.0,184.0,23.905723905723907,39.733333333333334,50.81127241673783,0901100010113,19.29420928,-99.03635628,4,6,False,False,False
09,011,Tláhuac,0001,0128,3792,1923.0,116.0,164.0,1514.0,242.0,1620.0,27.0,856.0,760.0,951.0,296.0,1272.0,280.0,24.135220125786162,31.125131440588856,52.8395061728395,0901100010128,19.29573343,-99.03046563000001,3,4,True,False,False
09,011,Tláhuac,0001,0132,5343,2781.0,185.0,214.0,2239.0,393.0,2357.0,43.0,1039.0,1313.0,1493.0,659.0,1846.0,399.0,23.943661971830984,44.13931681178835,44.08145948239287,0901100010132,19.29165415,-99.01861489,0,0,False,False,False
09,011,Tláhuac,0001,0147,3155,1617.0,82.0,102.0,1308.0,242.0,1377.0,27.0,737.0,638.0,870.0,375.0,1066.0,184.0,19.793621013133208,43.103448275862064,53.522149600580974,0901100010147,19.29555868,-99.0155667,0,0,False,False,False
09,011,Tláhuac,0001,0151,1796,942.0,56.0,81.0,760.0,121.0,803.0,17.0,405.0,398.0,507.0,184.0,639.0,137.0,24.100156494522693,36.29191321499014,50.43586550435866,0901100010151,19.29551328,-99.0121823,0,0,False,False,False
09,011,Tláhuac,0001,0166,2853,1461.0,88.0,106.0,1192.0,190.0,1252.0,23.0,618.0,630.0,774.0,282.0,1002.0,194.0,21.656686626746506,36.434108527131784,49.36102236421725,0901100010166,19.29360748,-99.01261912,0,0,False,False,False
09,011,Tláhuac,0001,0170,4060,2102.0,116.0,138.0,1694.0,249.0,1800.0,31.0,952.0,844.0,1149.0,326.0,1445.0,254.0,19.72318339100346,28.37249782419495,52.888888888888886,0901100010170,19.29451199,-99.00583815,0,0,False,False,False
09,011,Tláhuac,0001,0185,4384,2314.0,128.0,168.0,1844.0,248.0,1958.0,17.0,1000.0,954.0,1225.0,421.0,1596.0,296.0,19.61152882205514,34.36734693877551,51.072522982635334,0901100010185,19.294295085,-98.99884979000001,1,1,False,False,False
09,011,Tláhuac,0001,0202,3995,2079.0,113.0,133.0,1700.0,329.0,1802.0,64.0,857.0,934.0,1080.0,372.0,1371.0,246.0,22.61123267687819,34.44444444444444,47.55826859045505,0901100010202,19.290261729999997,-99.047295865,3,6,False,False,False
09,011,Tláhuac,0001,0217,5895,3093.0,183.0,219.0,2512.0,446.0,2646.0,48.0,1145.0,1497.0,1650.0,606.0,2066.0,402.0,21.781219748305904,36.72727272727273,43.272864701436134,0901100010217,19.287009125,-99.04245316,3,5,False,False,False
09,011,Tláhuac,0001,0240,3183,1685.0,107.0,112.0,1354.0,219.0,1439.0,29.0,722.0,714.0,889.0,345.0,1135.0,219.0,21.85022026431718,38.80764904386952,50.173731758165395,0901100010240,19.290317119999997,-99.01450159000001,0,0,False,False,False
09,011,Tláhuac,0001,0255,1754,930.0,60.0,60.0,743.0,115.0,783.0,12.0,408.0,368.0,480.0,178.0,628.0,120.0,21.019108280254777,37.083333333333336,52.10727969348659,0901100010255,19.28868775,-99.006121065,1,1,False,False,False
09,011,Tláhuac,0001,026A,2090,1057.0,66.0,84.0,847.0,142.0,884.0,13.0,436.0,447.0,669.0,206.0,705.0,150.0,23.120567375886523,30.792227204783256,49.321266968325794,090110001026A,19.284071125,-99.009309065,0,0,False,False,False
09,011,Tláhuac,0001,0274,3768,1954.0,117.0,165.0,1532.0,249.0,1631.0,47.0,794.0,834.0,1047.0,365.0,1283.0,282.0,25.64302416212003,34.86150907354346,48.681790312691604,0901100010274,19.288022915,-99.00238055,1,1,True,False,False
09,011,Tláhuac,0001,0289,3179,1611.0,103.0,111.0,1293.0,200.0,1376.0,25.0,656.0,714.0,852.0,311.0,1093.0,214.0,21.866422689844462,36.502347417840376,47.674418604651166,0901100010289,19.283312365,-99.00274025499999,1,1,False,False,False
09,011,Tláhuac,0001,0306,2664,1381.0,76.0,119.0,1117.0,210.0,1181.0,26.0,514.0,666.0,715.0,291.0,907.0,195.0,24.366041896361633,40.6993006993007,43.52243861134632,0901100010306,19.28722721,-99.05698729,1,3,True,False,False
09,011,Tláhuac,0001,0310,3465,1781.0,100.0,124.0,1428.0,300.0,1505.0,44.0,642.0,862.0,952.0,347.0,1128.0,224.0,23.75886524822695,36.44957983193277,42.6578073089701,0901100010310,19.28731444,-99.05996504,2,3,False,False,False
09,011,Tláhuac,0001,0325,3675,1913.0,110.0,123.0,1580.0,378.0,1664.0,64.0,726.0,938.0,1021.0,412.0,1202.0,233.0,24.708818635607322,40.35259549461313,43.62980769230769,0901100010325,19.28711318,-99.06190638,3,4,True,False,False
09,011,Tláhuac,0001,0344,1211,624.0,23.0,41.0,536.0,113.0,560.0,4.0,264.0,296.0,324.0,139.0,423.0,64.0,16.07565011820331,42.901234567901234,47.14285714285714,0901100010344,19.2794499,-99.00941636,0,0,False,False,False
09,011,Tláhuac,0001,0359,2251,1171.0,56.0,70.0,970.0,213.0,1020.0,16.0,476.0,544.0,605.0,228.0,757.0,126.0,18.758256274768826,37.68595041322314,46.666666666666664,0901100010359,19.27885958,-99.00595138,0,1,False,False,False
09,011,Tláhuac,0001,0363,2660,1378.0,74.0,101.0,1086.0,204.0,1158.0,29.0,610.0,545.0,705.0,259.0,882.0,175.0,23.12925170068027,36.737588652482266,52.67702936096719,0901100010363,19.278430185,-99.00242677,0,1,False,False,False
09,011,Tláhuac,0001,0378,2181,1124.0,77.0,91.0,889.0,161.0,942.0,20.0,424.0,518.0,507.0,156.0,728.0,168.0,25.82417582417583,30.76923076923077,45.010615711252655,0901100010378,19.277928955,-98.999811765,0,1,True,False,True
09,011,Tláhuac,0001,0382,1053,541.0,23.0,37.0,429.0,72.0,465.0,10.0,232.0,233.0,302.0,99.0,357.0,60.0,19.607843137254903,32.78145695364238,49.89247311827957,0901100010382,19.27462988,-98.99786422,0,1,False,False,False
09,011,Tláhuac,0001,0397,1728,900.0,54.0,72.0,717.0,124.0,757.0,11.0,388.0,368.0,459.0,158.0,593.0,126.0,23.102866779089375,34.42265795206972,51.2549537648613,0901100010397,19.27808773,-98.99498836,0,0,False,False,False
09,011,Tláhuac,0001,040A,1655,873.0,63.0,71.0,680.0,115.0,721.0,6.0,391.0,330.0,425.0,137.0,565.0,134.0,24.778761061946902,32.23529411764706,54.23023578363384,090110001040A,19.27573166,-98.99621187,0,1,True,False,True
09,011,Tláhuac,0001,0414,1716,884.0,53.0,78.0,708.0,134.0,752.0,11.0,427.0,322.0,432.0,119.0,574.0,131.0,24.738675958188153,27.546296296296298,56.78191489361703,0901100010414,19.27216553,-98.994939805,0,1,True,False,True
09,011,Tláhuac,0001,0433,2480,1299.0,73.0,78.0,1060.0,221.0,1116.0,26.0,543.0,572.0,650.0,275.0,839.0,151.0,21.096543504171635,42.30769230769231,48.655913978494624,0901100010433,19.27061979,-99.00488358,0,1,False,False,False
09,011,Tláhuac,0001,0448,1599,826.0,60.0,78.0,658.0,127.0,688.0,22.0,361.0,327.0,403.0,136.0,531.0,138.0,30.131826741996232,33.7468982630273,52.470930232558146,0901100010448,19.274663214999997,-99.00292781499999,0,1,True,False,True
09,011,Tláhuac,0001,0452,9689,4979.0,318.0,393.0,3999.0,703.0,4202.0,71.0,2115.0,2077.0,2488.0,855.0,3296.0,711.0,23.725728155339805,34.364951768488744,50.33317467872441,0901100010452,19.26867425,-98.99911567,0,1,False,False,False
09,011,Tláhuac,0001,0575,5666,2943.0,158.0,241.0,2302.0,394.0,2448.0,57.0,1172.0,1265.0,1484.0,506.0,1908.0,399.0,23.89937106918239,34.097035040431265,47.875816993464056,0901100010575,19.28553252,-98.99542394,1,1,False,False,False
09,011,Tláhuac,0001,0594,7502,3815.0,307.0,339.0,2937.0,431.0,3114.0,59.0,1483.0,1623.0,1927.0,604.0,2506.0,646.0,28.13248204309657,31.344058121432276,47.62363519588953,0901100010594,19.30991265,-99.04321774,2,3,True,False,False
09,011,Tláhuac,0001,0607,5135,2678.0,189.0,183.0,2101.0,406.0,2230.0,49.0,940.0,1282.0,1360.0,616.0,1695.0,372.0,24.837758112094395,45.294117647058826,42.152466367713004,0901100010607,19.31196387,-99.03856235,1,2,True,False,False
09,011,Tláhuac,0001,0626,3835,2015.0,98.0,127.0,1680.0,303.0,1756.0,30.0,771.0,983.0,1103.0,460.0,1377.0,225.0,18.51851851851852,41.704442429737085,43.90660592255125,0901100010626,19.29576321,-99.05358357,6,8,False,False,False
09,011,Tláhuac,0001,0630,2814,1445.0,73.0,108.0,1200.0,255.0,1248.0,35.0,566.0,680.0,776.0,326.0,945.0,181.0,22.857142857142858,42.01030927835052,45.3525641025641,0901100010630,19.29360447,-99.05651653,4,7,False,False,False
09,011,Tláhuac,0001,0645,4898,2579.0,149.0,177.0,2099.0,430.0,2213.0,70.0,1026.0,1183.0,1231.0,516.0,1669.0,326.0,23.72678250449371,41.917140536149475,46.362403976502485,0901100010645,19.29306304,-99.05054994,4,7,False,False,False
09,011,Tláhuac,0001,065A,3703,1906.0,108.0,140.0,1518.0,262.0,1611.0,25.0,810.0,801.0,951.0,320.0,1256.0,248.0,21.73566878980892,33.64879074658255,50.27932960893855,090110001065A,19.29158874,-99.03421792,4,6,False,False,False
09,011,Tláhuac,0001,0664,6573,3343.0,216.0,260.0,2668.0,414.0,2823.0,67.0,1327.0,1496.0,1839.0,667.0,2254.0,476.0,24.0905057675244,36.26971179989125,47.006730428622035,0901100010664,19.29004323,-99.05333643,3,5,False,False,False
09,011,Tláhuac,0001,0679,3892,1956.0,146.0,169.0,1537.0,236.0,1636.0,71.0,909.0,726.0,1031.0,356.0,1301.0,315.0,29.669485011529595,34.52958292919496,55.56234718826406,0901100010679,19.28847879,-99.03266613,2,3,True,False,False
09,011,Tláhuac,0001,0753,8372,4329.0,301.0,359.0,3398.0,558.0,3596.0,64.0,1874.0,1718.0,2268.0,824.0,2840.0,660.0,25.492957746478872,36.33156966490299,52.1134593993326,0901100010753,19.3019123,-99.02058137,0,0,True,True,True
09,011,Tláhuac,0001,0772,2516,1257.0,113.0,106.0,963.0,86.0,1020.0,26.0,527.0,493.0,628.0,190.0,877.0,219.0,27.936145952109463,30.254777070063692,51.66666666666667,0901100010772,19.253346735,-99.00434134,3,3,True,False,False
09,011,Tláhuac,0001,0819,2145,1068.0,97.0,110.0,815.0,90.0,865.0,13.0,377.0,485.0,560.0,193.0,725.0,207.0,30.344827586206897,34.464285714285715,43.58381502890173,0901100010819,19.241682830000002,-99.007941215,1,1,True,False,False
09,011,Tláhuac,0001,0927,3863,1959.0,117.0,142.0,1599.0,272.0,1674.0,20.0,724.0,948.0,1043.0,413.0,1327.0,259.0,21.024868123587037,39.59731543624161,43.24970131421744,0901100010927,19.291093175,-99.03815669,5,7,False,False,False
09,011,Tláhuac,0001,0931,4259,2208.0,142.0,182.0,1709.0,261.0,1818.0,23.0,888.0,926.0,1131.0,387.0,1448.0,324.0,23.964088397790057,34.217506631299734,48.84488448844885,0901100010931,19.284943034999998,-99.03815686499999,2,3,False,False,False
09,011,Tláhuac,0001,0946,3676,1876.0,111.0,145.0,1510.0,271.0,1595.0,35.0,805.0,790.0,933.0,366.0,1239.0,256.0,23.486682808716708,39.228295819935695,50.470219435736674,0901100010946,19.266672110000002,-99.00477222,0,1,False,False,False
09,011,Tláhuac,0001,0950,7862,4020.0,269.0,359.0,3159.0,528.0,3354.0,51.0,1617.0,1732.0,1932.0,694.0,2631.0,628.0,25.8076776890916,35.92132505175984,48.211091234347045,0901100010950,19.26078781,-99.00503356,2,2,True,False,False
09,011,Tláhuac,0001,0984,4106,2102.0,120.0,152.0,1714.0,339.0,1802.0,34.0,1011.0,790.0,1073.0,337.0,1375.0,272.0,22.254545454545454,31.407269338303824,56.10432852386238,0901100010984,19.24431695,-98.99914231,5,6,False,False,False
09,011,Tláhuac,0001,0999,2558,1329.0,90.0,93.0,1066.0,222.0,1128.0,28.0,658.0,468.0,651.0,231.0,844.0,183.0,25.0,35.483870967741936,58.333333333333336,0901100010999,19.246566455,-98.996398415,2,3,True,False,False
09,011,Tláhuac,0001,1056,1877,962.0,44.0,83.0,802.0,125.0,836.0,8.0,327.0,509.0,621.0,223.0,677.0,127.0,19.940915805022154,35.909822866344605,39.11483253588517,0901100011056,19.28610054,-99.05219567,1,3,False,False,False
09,011,Tláhuac,0001,1075,2196,1145.0,58.0,85.0,955.0,165.0,995.0,11.0,353.0,642.0,764.0,334.0,790.0,143.0,19.49367088607595,43.717277486910994,35.47738693467337,0901100011075,19.28250553,-99.05540368,1,2,False,False,False
09,011,Tláhuac,0001,108A,2415,1252.0,73.0,86.0,1030.0,156.0,1078.0,5.0,431.0,646.0,789.0,315.0,874.0,159.0,18.76430205949657,39.92395437262358,39.98144712430427,090110001108A,19.27978393,-99.05277181,0,0,False,False,False
09,011,Tláhuac,0001,1094,548,267.0,30.0,20.0,206.0,23.0,220.0,4.0,104.0,115.0,129.0,49.0,183.0,50.0,29.508196721311474,37.98449612403101,47.27272727272727,0901100011094,19.28563359,-99.06755009,3,3,True,False,False
09,011,Tláhuac,0001,1111,4445,2308.0,166.0,228.0,1798.0,318.0,1909.0,31.0,887.0,1019.0,1166.0,394.0,1480.0,394.0,28.716216216216218,33.79073756432247,46.4641173389209,0901100011111,19.30933439,-99.0382772,1,2,True,False,False
09,011,Tláhuac,0001,1145,3396,1758.0,98.0,115.0,1462.0,213.0,1523.0,22.0,658.0,865.0,1077.0,411.0,1249.0,213.0,18.815052041633308,38.16155988857939,43.20420223243598,0901100011145,19.30337864,-99.04056138,3,4,False,False,False
09,011,Tláhuac,0001,122A,3513,1820.0,114.0,160.0,1437.0,213.0,1522.0,24.0,682.0,837.0,971.0,372.0,1224.0,274.0,24.34640522875817,38.31101956745623,44.809461235216816,090110001122A,19.30702284,-99.04191049,2,3,True,False,False
09,011,Tláhuac,0001,1234,2980,1580.0,107.0,83.0,1259.0,187.0,1336.0,24.0,582.0,748.0,936.0,367.0,1072.0,190.0,19.962686567164177,39.20940170940171,43.56287425149701,0901100011234,19.30462608,-99.03780278,2,3,False,False,False
09,011,Tláhuac,0001,1249,5265,2764.0,171.0,259.0,2171.0,316.0,2312.0,25.0,1090.0,1217.0,1370.0,538.0,1855.0,430.0,24.528301886792452,39.270072992700726,47.14532871972318,0901100011249,19.29705111,-99.06098631,4,5,True,False,False
09,011,Tláhuac,0001,1253,2582,1319.0,61.0,82.0,1143.0,230.0,1190.0,34.0,573.0,617.0,740.0,311.0,913.0,143.0,19.386637458926614,42.027027027027025,48.15126050420168,0901100011253,19.29558363,-99.05776639,5,7,False,False,False
09,011,Tláhuac,0001,1268,4936,2604.0,169.0,226.0,2108.0,316.0,2199.0,56.0,961.0,1236.0,1480.0,508.0,1792.0,395.0,25.167410714285715,34.32432432432432,43.70168258299227,0901100011268,19.29546,-99.04549946,5,7,True,False,False
09,011,Tláhuac,0001,1272,2822,1484.0,84.0,116.0,1208.0,158.0,1257.0,15.0,600.0,651.0,906.0,315.0,1050.0,200.0,20.476190476190474,34.7682119205298,47.7326968973747,0901100011272,19.292405405,-99.04172731,4,7,False,False,False
09,011,Tláhuac,0001,1287,1979,1043.0,60.0,68.0,814.0,113.0,842.0,6.0,323.0,519.0,537.0,234.0,701.0,128.0,19.115549215406563,43.575418994413404,38.36104513064133,0901100011287,19.292184725,-99.061143825,5,7,False,False,False
09,011,Tláhuac,0001,1291,3091,1598.0,98.0,117.0,1323.0,261.0,1390.0,29.0,655.0,734.0,860.0,355.0,1062.0,215.0,22.975517890772128,41.27906976744186,47.122302158273385,0901100011291,19.28916004,-99.05645881000001,2,4,False,False,False
09,011,Tláhuac,0001,1304,1301,657.0,37.0,44.0,569.0,73.0,592.0,5.0,230.0,360.0,435.0,174.0,496.0,81.0,17.338709677419356,40.0,38.85135135135135,0901100011304,19.2833551,-99.0564237,1,2,False,False,False
09,011,Tláhuac,0001,1319,1886,990.0,50.0,69.0,829.0,134.0,860.0,13.0,231.0,628.0,652.0,321.0,695.0,119.0,18.992805755395683,49.233128834355824,26.86046511627907,0901100011319,19.28098513,-99.052342415,1,2,False,False,False
09,011,Tláhuac,0001,1323,702,368.0,11.0,21.0,319.0,37.0,329.0,5.0,112.0,217.0,219.0,93.0,282.0,32.0,13.120567375886525,42.465753424657535,34.04255319148936,0901100011323,19.28067356,-99.050710565,1,1,False,False,False
09,011,Tláhuac,0001,1338,3577,1843.0,121.0,167.0,1454.0,163.0,1542.0,15.0,694.0,847.0,1031.0,441.0,1291.0,288.0,23.470178156467856,42.77400581959263,45.0064850843061,0901100011338,19.30194503,-99.04859209,6,6,False,False,False
09,011,Tláhuac,0001,1342,945,506.0,36.0,35.0,411.0,76.0,429.0,5.0,173.0,253.0,321.0,130.0,335.0,71.0,22.686567164179106,40.49844236760124,40.32634032634033,0901100011342,19.30045126,-99.04206968,3,4,False,False,False
09,011,Tláhuac,0001,1357,9088,4722.0,323.0,404.0,3754.0,410.0,3975.0,58.0,1597.0,2376.0,2813.0,979.0,3344.0,727.0,23.47488038277512,34.80270174191255,40.17610062893082,0901100011357,19.31026532,-99.048857925,4,4,False,False,False
09,011,Tláhuac,0001,1361,4873,2535.0,142.0,194.0,2065.0,256.0,2161.0,31.0,928.0,1230.0,1611.0,581.0,1809.0,336.0,20.287451630735212,36.06455617628802,42.94308190652475,0901100011361,19.30612643,-99.05024387,4,4,False,False,False
09,011,Tláhuac,0001,1376,7148,3692.0,217.0,269.0,3015.0,361.0,3207.0,53.0,1264.0,1941.0,2324.0,1038.0,2654.0,486.0,20.308967596081388,44.6643717728055,39.41378235110695,0901100011376,19.28427979,-99.04156503,2,3,False,False,False
09,011,Tláhuac,0001,1380,2511,1239.0,112.0,111.0,920.0,80.0,996.0,11.0,540.0,455.0,648.0,205.0,840.0,223.0,27.857142857142858,31.635802469135804,54.21686746987952,0901100011380,19.277241465,-99.036575985,1,1,True,False,False
09,011,Tláhuac,0001,1395,1799,931.0,100.0,98.0,652.0,61.0,708.0,4.0,353.0,355.0,434.0,131.0,591.0,198.0,34.179357021996616,30.184331797235025,49.85875706214689,0901100011395,19.281834615,-99.03022641999999,0,0,True,True,True
09,011,Tláhuac,0001,1412,3617,1788.0,165.0,193.0,1338.0,93.0,1428.0,18.0,667.0,760.0,888.0,226.0,1245.0,358.0,30.200803212851408,25.45045045045045,46.70868347338936,0901100011412,19.304547415000002,-99.03442819,0,1,True,False,True
09,011,Tláhuac,0001,1427,5292,2740.0,169.0,206.0,2195.0,390.0,2328.0,43.0,1147.0,1175.0,1322.0,480.0,1805.0,375.0,23.157894736842106,36.30862329803328,49.269759450171826,0901100011427,19.268537215000002,-99.00681406000001,0,1,False,False,False
09,011,Tláhuac,0001,1431,5167,2600.0,221.0,235.0,1995.0,224.0,2142.0,41.0,1037.0,1102.0,1326.0,370.0,1771.0,456.0,28.063241106719367,27.90346907993967,48.41269841269841,0901100011431,19.26138993,-99.0162523,3,4,True,False,False
09,011,Tláhuac,0001,1446,3561,1817.0,124.0,166.0,1430.0,227.0,1506.0,24.0,674.0,828.0,935.0,328.0,1203.0,290.0,26.101413133832086,35.08021390374332,44.754316069057104,0901100011446,19.28470753,-99.0342723,2,2,True,False,False
09,011,Tláhuac,0001,1450,3046,1543.0,120.0,167.0,1189.0,95.0,1258.0,18.0,573.0,685.0,823.0,268.0,1094.0,287.0,27.879341864716633,32.56379100850547,45.548489666136724,0901100011450,19.28259554,-99.03458346,1,1,True,False,False
09,011,Tláhuac,0001,1465,4499,2353.0,134.0,184.0,1886.0,209.0,1985.0,28.0,809.0,1174.0,1409.0,470.0,1677.0,318.0,20.63208109719738,33.35699077359829,40.75566750629723,0901100011465,19.30722615,-99.04700316,4,4,False,False,False
09,011,Tláhuac,0001,147A,4283,2168.0,162.0,194.0,1773.0,211.0,1855.0,21.0,833.0,1015.0,1207.0,401.0,1562.0,356.0,24.13572343149808,33.222866611433304,44.905660377358494,090110001147A,19.30730482,-99.04503548,3,4,True,False,False
09,011,Tláhuac,0001,1484,5241,2737.0,161.0,192.0,2209.0,474.0,2342.0,50.0,1178.0,1162.0,1373.0,488.0,1735.0,353.0,23.227665706051873,35.542607428987615,50.29888983774552,0901100011484,19.256576445,-99.009129785,3,4,False,False,False
09,011,Tláhuac,0001,1499,6166,3195.0,209.0,258.0,2506.0,356.0,2670.0,33.0,1300.0,1367.0,1552.0,512.0,2150.0,467.0,23.25581395348837,32.98969072164948,48.68913857677903,0901100011499,19.244288665,-99.01029087,1,1,False,False,False
09,011,Tláhuac,0001,1535,1920,961.0,89.0,114.0,672.0,44.0,726.0,4.0,355.0,371.0,485.0,113.0,628.0,203.0,32.961783439490446,23.298969072164947,48.89807162534435,0901100011535,19.2781523,-99.0282358,0,0,True,True,True
09,011,Tláhuac,0001,154A,2156,1120.0,86.0,100.0,895.0,87.0,946.0,21.0,410.0,536.0,611.0,236.0,808.0,186.0,25.61881188118812,38.62520458265139,43.34038054968288,090110001154A,19.312701429999997,-99.04648943000001,3,4,True,False,False
09,011,Tláhuac,0011,072A,4723,2388.0,149.0,184.0,1891.0,372.0,2016.0,41.0,1011.0,1004.0,1077.0,345.0,1519.0,333.0,24.621461487820934,32.03342618384401,50.148809523809526,090110011072A,19.22389522,-98.96486366,1,2,True,False,False
09,011,Tláhuac,0011,1037,4071,2093.0,176.0,170.0,1654.0,255.0,1748.0,36.0,901.0,845.0,890.0,297.0,1399.0,346.0,27.305218012866334,33.37078651685393,51.54462242562929,0901100111037,19.226260365,-98.96512172999999,1,2,True,False,False
09,011,Tláhuac,0011,1041,5116,2601.0,192.0,232.0,2013.0,306.0,2150.0,44.0,1064.0,1084.0,1224.0,346.0,1707.0,424.0,27.416520210896312,28.26797385620915,49.48837209302326,0901100111041,19.22534739,-98.96166817,1,2,True,False,False
09,011,Tláhuac,0021,0787,1696,887.0,58.0,67.0,718.0,121.0,751.0,13.0,352.0,399.0,471.0,184.0,597.0,125.0,23.115577889447238,39.06581740976646,46.870838881491345,0901100210787,19.22775839,-98.99394773,1,1,False,False,False
09,011,Tláhuac,0021,0791,406,199.0,16.0,16.0,158.0,29.0,166.0,4.0,90.0,76.0,95.0,22.0,129.0,32.0,27.906976744186046,23.157894736842106,54.21686746987952,0901100210791,19.24083906,-98.99273642,3,4,True,False,False
09,011,Tláhuac,0021,1003,11218,5683.0,374.0,460.0,4483.0,634.0,4772.0,119.0,2440.0,2327.0,2974.0,994.0,3849.0,834.0,24.759677838399586,33.422999327505046,51.131601005867566,0901100211003,19.2386473,-99.00319953,5,6,True,False,False
09,011,Tláhuac,0021,1018,3055,1585.0,93.0,112.0,1306.0,307.0,1364.0,33.0,688.0,670.0,790.0,298.0,999.0,205.0,23.823823823823822,37.721518987341774,50.43988269794721,0901100211018,19.24186457,-98.99534226,4,5,False,False,False
09,011,Tláhuac,0021,1022,2720,1366.0,95.0,106.0,1089.0,177.0,1152.0,17.0,620.0,528.0,739.0,263.0,912.0,201.0,23.903508771929825,35.588633288227335,53.81944444444444,0901100211022,19.23247522,-98.99139246499999,2,2,False,False,False
09,011,Tláhuac,0021,115A,8857,4496.0,348.0,418.0,3471.0,468.0,3678.0,71.0,1867.0,1809.0,2274.0,829.0,3003.0,766.0,27.872127872127873,36.45558487247141,50.76128330614465,090110021115A,19.23195157,-98.999670965,5,5,True,False,False
09,011,Tláhuac,0024,0734,2619,1387.0,101.0,111.0,1066.0,175.0,1152.0,19.0,606.0,545.0,705.0,206.0,891.0,212.0,25.925925925925924,29.219858156028366,52.604166666666664,0901100240734,19.216521525,-98.973496845,1,2,True,False,False
09,011,Tláhuac,0024,1183,1088,575.0,43.0,53.0,431.0,56.0,461.0,14.0,236.0,223.0,273.0,127.0,375.0,96.0,29.333333333333332,46.52014652014652,51.19305856832972,0901100241183,19.2196924,-98.9699203,1,3,True,False,False
09,011,Tláhuac,0024,1408,832,413.0,33.0,38.0,309.0,31.0,329.0,3.0,179.0,150.0,218.0,42.0,278.0,71.0,26.618705035971225,19.26605504587156,54.40729483282675,0901100241408,19.215112089999998,-98.976385325,1,2,True,False,False
09,011,Tláhuac,0026,0965,4504,2258.0,145.0,199.0,1771.0,266.0,1890.0,37.0,1090.0,799.0,1213.0,406.0,1505.0,344.0,25.315614617940202,33.47073371805441,57.67195767195767,0901100260965,19.31271454,-98.96623226,0,1,True,False,True
09,011,Tláhuac,0026,097A,4795,2456.0,178.0,207.0,1926.0,311.0,2050.0,53.0,1046.0,1003.0,1236.0,375.0,1615.0,385.0,27.120743034055728,30.339805825242717,51.02439024390244,090110026097A,19.308329290000003,-98.96833902,0,1,True,False,True
09,011,Tláhuac,0026,1164,2209,1117.0,88.0,108.0,827.0,99.0,891.0,22.0,463.0,425.0,605.0,202.0,728.0,196.0,29.945054945054945,33.388429752066116,51.96408529741863,0901100261164,19.32149419,-98.96240811,0,0,True,True,True
09,011,Tláhuac,0110,1107,3050,1560.0,182.0,171.0,1049.0,63.0,1148.0,8.0,471.0,667.0,841.0,294.0,986.0,353.0,36.61257606490872,34.95838287752676,41.027874564459935,0901101101107,19.28833139,-99.02602051,2,2,True,False,False
09,012,Tlalpan,0001,0017,1691,953.0,26.0,37.0,846.0,306.0,871.0,27.0,359.0,510.0,692.0,307.0,540.0,63.0,16.666666666666664,44.36416184971098,41.21699196326062,0901200010017,19.31048928,-99.22386429,2,6,False,False,False
09,012,Tlalpan,0001,0021,671,371.0,9.0,16.0,328.0,90.0,341.0,4.0,137.0,204.0,204.0,71.0,238.0,25.0,12.184873949579831,34.80392156862745,40.17595307917888,0901200010021,19.30701423,-99.22266776,2,6,False,False,False
09,012,Tlalpan,0001,0040,1162,661.0,22.0,16.0,597.0,220.0,609.0,11.0,252.0,357.0,417.0,132.0,377.0,38.0,12.9973474801061,31.654676258992804,41.37931034482759,0901200010040,19.30271563,-99.23256373,4,5,False,False,False
09,012,Tlalpan,0001,0074,1813,975.0,27.0,28.0,886.0,319.0,910.0,24.0,419.0,491.0,630.0,185.0,567.0,55.0,13.932980599647266,29.365079365079367,46.043956043956044,0901200010074,19.30157429,-99.18926669000001,3,3,False,False,False
09,012,Tlalpan,0001,0093,1875,1051.0,24.0,43.0,966.0,386.0,979.0,27.0,406.0,572.0,800.0,420.0,580.0,67.0,16.206896551724135,52.5,41.4708886618999,0901200010093,19.297463309999998,-99.185489245,4,5,False,False,False
09,012,Tlalpan,0001,0106,305,164.0,10.0,6.0,142.0,37.0,146.0,0.0,39.0,107.0,123.0,68.0,105.0,16.0,15.238095238095239,55.28455284552846,26.71232876712329,0901200010106,19.30119313,-99.17944463500001,4,4,False,False,False
09,012,Tlalpan,0001,0125,3367,1767.0,67.0,92.0,1486.0,293.0,1567.0,43.0,654.0,911.0,936.0,431.0,1193.0,159.0,16.932103939647945,46.047008547008545,41.735800893426934,0901200010125,19.30045098,-99.17712411,3,3,False,False,False
09,012,Tlalpan,0001,013A,3264,1759.0,80.0,89.0,1510.0,308.0,1582.0,29.0,642.0,938.0,994.0,452.0,1202.0,169.0,16.472545757071547,45.47283702213279,40.581542351453855,090120001013A,19.299918705,-99.17462650499999,3,4,False,False,False
09,012,Tlalpan,0001,0144,2232,1225.0,52.0,74.0,1058.0,291.0,1095.0,28.0,453.0,638.0,708.0,333.0,767.0,126.0,20.078226857887874,47.03389830508475,41.369863013698634,0901200010144,19.29539239,-99.17479086,4,8,False,False,False
09,012,Tlalpan,0001,0159,3220,1676.0,80.0,100.0,1430.0,276.0,1488.0,32.0,647.0,840.0,992.0,471.0,1154.0,180.0,18.370883882149048,47.479838709677416,43.48118279569893,0901200010159,19.29993581,-99.17223093000001,2,3,False,False,False
09,012,Tlalpan,0001,0163,3244,1692.0,63.0,84.0,1455.0,326.0,1524.0,38.0,741.0,780.0,928.0,407.0,1129.0,147.0,16.386182462356068,43.85775862068966,48.62204724409449,0901200010163,19.3000421,-99.16854244,0,2,False,False,False
09,012,Tlalpan,0001,0178,2841,1525.0,66.0,80.0,1297.0,343.0,1359.0,22.0,630.0,726.0,858.0,362.0,954.0,146.0,17.61006289308176,42.19114219114219,46.35761589403973,0901200010178,19.297448995,-99.16887797999999,2,6,False,False,False
09,012,Tlalpan,0001,0182,6006,3132.0,142.0,180.0,2556.0,541.0,2671.0,96.0,1247.0,1420.0,1631.0,632.0,2015.0,322.0,20.744416873449133,38.74923359901901,46.68663421939348,0901200010182,19.29617416,-99.16118248,3,5,False,False,False
09,012,Tlalpan,0001,0197,1985,1081.0,23.0,42.0,982.0,324.0,1009.0,12.0,467.0,542.0,708.0,266.0,658.0,65.0,11.702127659574469,37.570621468926554,46.28344895936571,0901200010197,19.306672489999997,-99.13329238,0,2,False,False,False
09,012,Tlalpan,0001,020A,1693,934.0,15.0,29.0,856.0,347.0,874.0,12.0,478.0,396.0,561.0,242.0,509.0,44.0,11.00196463654224,43.13725490196079,54.69107551487414,090120001020A,19.30578576,-99.13145898,0,2,False,False,False
09,012,Tlalpan,0001,0214,1867,1023.0,22.0,31.0,926.0,381.0,961.0,29.0,521.0,436.0,580.0,215.0,545.0,53.0,15.045871559633028,37.06896551724138,54.21436004162331,0901200010214,19.29736268,-99.13652482,1,3,False,False,False
09,012,Tlalpan,0001,0229,1868,1021.0,28.0,27.0,924.0,310.0,956.0,37.0,451.0,504.0,650.0,246.0,614.0,55.0,14.983713355048861,37.84615384615385,47.17573221757323,0901200010229,19.29725954,-99.1319996,1,5,False,False,False
09,012,Tlalpan,0001,0233,3761,2055.0,42.0,76.0,1858.0,583.0,1907.0,23.0,962.0,944.0,1302.0,510.0,1275.0,118.0,11.058823529411764,39.1705069124424,50.44572627163083,0901200010233,19.30281448,-99.1248631,2,4,False,False,False
09,012,Tlalpan,0001,0248,576,314.0,8.0,7.0,282.0,112.0,292.0,3.0,160.0,132.0,179.0,69.0,170.0,15.0,10.588235294117647,38.547486033519554,54.794520547945204,0901200010248,19.29909352,-99.125168805,2,4,False,False,False
09,012,Tlalpan,0001,0267,1902,1072.0,35.0,41.0,964.0,347.0,988.0,24.0,404.0,581.0,682.0,310.0,617.0,76.0,16.207455429497568,45.45454545454545,40.89068825910931,0901200010267,19.30102266,-99.11620744,2,2,False,False,False
09,012,Tlalpan,0001,0303,5375,2790.0,135.0,178.0,2303.0,418.0,2422.0,48.0,1148.0,1269.0,1491.0,576.0,1885.0,313.0,19.151193633952253,38.6317907444668,47.398843930635834,0901200010303,19.29547033,-99.23177846,4,4,False,False,False
09,012,Tlalpan,0001,0318,3591,1898.0,96.0,105.0,1601.0,358.0,1665.0,38.0,827.0,837.0,1082.0,414.0,1243.0,201.0,19.227674979887368,38.262476894639555,49.669669669669666,0901200010318,19.292677975,-99.22866427,5,6,False,False,False
09,012,Tlalpan,0001,0322,4837,2499.0,144.0,152.0,2006.0,340.0,2118.0,57.0,855.0,1263.0,1351.0,565.0,1666.0,296.0,21.18847539015606,41.820873427091044,40.36827195467422,0901200010322,19.29571968,-99.2259939,5,6,False,False,False
09,012,Tlalpan,0001,0337,4009,2057.0,94.0,155.0,1706.0,362.0,1784.0,41.0,745.0,1033.0,1153.0,458.0,1344.0,249.0,21.577380952380953,39.722463139635735,41.76008968609865,0901200010337,19.29351354,-99.22273094,6,7,False,False,False
09,012,Tlalpan,0001,0341,2923,1525.0,53.0,70.0,1305.0,322.0,1369.0,12.0,561.0,804.0,862.0,310.0,983.0,123.0,13.73346897253306,35.96287703016242,40.97881665449233,0901200010341,19.29228845,-99.21709796,3,4,False,False,False
09,012,Tlalpan,0001,0360,4479,2353.0,94.0,125.0,2058.0,513.0,2126.0,36.0,874.0,1249.0,1472.0,670.0,1545.0,219.0,16.50485436893204,45.516304347826086,41.11006585136406,0901200010360,19.29444673,-99.18281847,6,7,False,False,False
09,012,Tlalpan,0001,0375,1884,1026.0,33.0,35.0,904.0,255.0,934.0,30.0,379.0,553.0,624.0,266.0,649.0,68.0,15.10015408320493,42.628205128205124,40.57815845824411,0901200010375,19.29453255,-99.17886667,4,7,False,False,False
09,012,Tlalpan,0001,038A,769,431.0,5.0,14.0,408.0,221.0,412.0,15.0,222.0,188.0,147.0,62.0,187.0,19.0,18.181818181818183,42.17687074829932,53.883495145631066,090120001038A,19.290314865,-99.1678832,3,10,False,False,False
09,012,Tlalpan,0001,0394,1458,809.0,12.0,35.0,694.0,207.0,737.0,11.0,369.0,368.0,403.0,177.0,487.0,47.0,11.90965092402464,43.920595533498755,50.067842605156045,0901200010394,19.294029455,-99.16735722,3,10,False,False,False
09,012,Tlalpan,0001,0407,935,532.0,10.0,14.0,497.0,192.0,506.0,32.0,247.0,253.0,256.0,111.0,305.0,24.0,18.360655737704917,43.359375,48.81422924901186,0901200010407,19.2942295,-99.16273206,4,9,False,False,False
09,012,Tlalpan,0001,0411,1095,595.0,9.0,20.0,544.0,192.0,555.0,20.0,254.0,301.0,386.0,157.0,352.0,29.0,13.920454545454545,40.67357512953368,45.765765765765764,0901200010411,19.29275372,-99.15994913,3,7,False,False,False
09,012,Tlalpan,0001,0426,2154,1172.0,37.0,59.0,1056.0,276.0,1081.0,17.0,476.0,600.0,636.0,300.0,780.0,96.0,14.487179487179489,47.16981132075472,44.03330249768732,0901200010426,19.29143497,-99.15639609,3,5,False,False,False
09,012,Tlalpan,0001,0430,2844,1522.0,67.0,66.0,1350.0,348.0,1383.0,64.0,606.0,777.0,941.0,388.0,1002.0,133.0,19.660678642714572,41.2327311370882,43.817787418655094,0901200010430,19.29584102,-99.15245873,3,5,False,False,False
09,012,Tlalpan,0001,0445,2730,1413.0,53.0,69.0,1226.0,315.0,1276.0,26.0,495.0,779.0,879.0,351.0,911.0,122.0,16.245883644346872,39.93174061433447,38.793103448275865,0901200010445,19.299524325,-99.147080335,2,5,False,False,False
09,012,Tlalpan,0001,045A,3668,1925.0,65.0,74.0,1699.0,507.0,1747.0,35.0,864.0,882.0,1119.0,428.0,1192.0,139.0,14.597315436241612,38.248436103663984,49.45621064682312,090120001045A,19.29753891,-99.139554765,2,4,False,False,False
09,012,Tlalpan,0001,0464,1353,730.0,24.0,32.0,660.0,204.0,678.0,16.0,331.0,346.0,466.0,185.0,456.0,56.0,15.789473684210526,39.69957081545064,48.82005899705015,0901200010464,19.29615255,-99.13489158,1,4,False,False,False
09,012,Tlalpan,0001,0479,681,358.0,10.0,17.0,317.0,84.0,322.0,4.0,147.0,175.0,245.0,83.0,233.0,27.0,13.304721030042918,33.87755102040816,45.65217391304348,0901200010479,19.29458222,-99.1279789,2,5,False,False,False
09,012,Tlalpan,0001,0483,3367,1781.0,50.0,55.0,1636.0,565.0,1677.0,37.0,839.0,836.0,1187.0,477.0,1071.0,105.0,13.258636788048554,40.18534119629318,50.029815146094215,0901200010483,19.29493123,-99.12199426000001,3,5,False,False,False
09,012,Tlalpan,0001,0498,2920,1530.0,39.0,64.0,1372.0,386.0,1410.0,18.0,610.0,800.0,1000.0,370.0,986.0,103.0,12.271805273833673,37.0,43.262411347517734,0901200010498,19.29258035,-99.114913565,3,3,False,False,False
09,012,Tlalpan,0001,0500,7264,3790.0,232.0,335.0,3050.0,484.0,3204.0,47.0,1548.0,1650.0,1924.0,688.0,2566.0,567.0,23.92829306313328,35.75883575883576,48.31460674157304,0901200010500,19.29102154,-99.23816728,4,4,False,False,False
09,012,Tlalpan,0001,0515,4311,2255.0,111.0,158.0,1835.0,332.0,1942.0,23.0,790.0,1145.0,1239.0,483.0,1503.0,269.0,19.42781104457751,38.983050847457626,40.679711637487124,0901200010515,19.29167179,-99.2359099,3,3,False,False,False
09,012,Tlalpan,0001,052A,3220,1655.0,76.0,98.0,1418.0,287.0,1470.0,18.0,622.0,846.0,976.0,361.0,1131.0,174.0,16.976127320954905,36.98770491803279,42.31292517006803,090120001052A,19.291612245,-99.23312502,4,4,False,False,False
09,012,Tlalpan,0001,0534,1952,1025.0,29.0,35.0,934.0,309.0,960.0,25.0,441.0,518.0,653.0,248.0,625.0,64.0,14.24,37.97856049004594,45.9375,0901200010534,19.291860085,-99.146487695,3,6,False,False,False
09,012,Tlalpan,0001,0549,2808,1506.0,40.0,62.0,1327.0,423.0,1365.0,24.0,631.0,731.0,905.0,345.0,904.0,102.0,13.938053097345133,38.12154696132597,46.227106227106226,0901200010549,19.29320927,-99.14566974,3,6,False,False,False
09,012,Tlalpan,0001,0553,4048,2170.0,88.0,97.0,1900.0,455.0,1965.0,25.0,883.0,1079.0,1332.0,584.0,1445.0,185.0,14.53287197231834,43.84384384384384,44.93638676844784,0901200010553,19.290887235,-99.137961115,2,3,False,False,False
09,012,Tlalpan,0001,0568,3668,1932.0,72.0,90.0,1695.0,518.0,1759.0,57.0,868.0,888.0,1133.0,466.0,1177.0,162.0,18.60662701784197,41.1297440423654,49.34621944286526,0901200010568,19.29380964,-99.13728373,2,4,False,False,False
09,012,Tlalpan,0001,0572,3323,1872.0,43.0,53.0,1704.0,590.0,1756.0,41.0,874.0,882.0,1261.0,578.0,1114.0,96.0,12.29802513464991,45.83663758921491,49.772209567198175,0901200010572,19.29183492,-99.12587205,2,5,False,False,False
09,012,Tlalpan,0001,0587,2820,1561.0,40.0,51.0,1419.0,520.0,1447.0,22.0,708.0,739.0,1028.0,508.0,899.0,91.0,12.569521690767518,49.416342412451364,48.92881824464409,0901200010587,19.29216352,-99.12095493,3,6,False,False,False
09,012,Tlalpan,0001,0591,938,515.0,10.0,15.0,465.0,174.0,482.0,8.0,262.0,219.0,308.0,110.0,291.0,25.0,11.34020618556701,35.714285714285715,54.356846473029044,0901200010591,19.2907628,-99.11872414,3,6,False,False,False
09,012,Tlalpan,0001,0604,4628,2372.0,135.0,156.0,1951.0,347.0,2037.0,42.0,869.0,1168.0,1311.0,487.0,1604.0,291.0,20.76059850374065,37.147215865751335,42.66077565046637,0901200010604,19.28489628,-99.23752097,1,1,False,False,False
09,012,Tlalpan,0001,0619,3406,1780.0,100.0,118.0,1464.0,290.0,1544.0,30.0,683.0,853.0,907.0,341.0,1174.0,218.0,21.12436115843271,37.59647188533627,44.23575129533679,0901200010619,19.285523875000003,-99.232455895,2,2,False,False,False
09,012,Tlalpan,0001,0623,3257,1748.0,80.0,88.0,1476.0,321.0,1533.0,32.0,706.0,827.0,894.0,361.0,1155.0,168.0,17.316017316017316,40.380313199105146,46.053489889106324,0901200010623,19.2884574,-99.228859,4,5,False,False,False
09,012,Tlalpan,0001,0638,3105,1595.0,64.0,107.0,1369.0,328.0,1407.0,32.0,552.0,852.0,934.0,336.0,1041.0,171.0,19.500480307396735,35.974304068522486,39.23240938166311,0901200010638,19.28899542,-99.22496601,5,6,False,False,False
09,012,Tlalpan,0001,0642,2514,1308.0,52.0,59.0,1116.0,277.0,1166.0,33.0,556.0,609.0,734.0,250.0,839.0,111.0,17.163289630512516,34.05994550408719,47.684391080617495,0901200010642,19.28893333,-99.22188874,5,6,False,False,False
09,012,Tlalpan,0001,0657,1833,982.0,43.0,60.0,831.0,213.0,863.0,10.0,338.0,522.0,518.0,164.0,618.0,103.0,18.284789644012946,31.66023166023166,39.1657010428737,0901200010657,19.288181180000002,-99.218460075,4,5,False,False,False
09,012,Tlalpan,0001,0676,3407,1828.0,82.0,98.0,1570.0,384.0,1630.0,34.0,680.0,949.0,1046.0,411.0,1186.0,180.0,18.043844856661046,39.29254302103251,41.717791411042946,0901200010676,19.28884991,-99.18317585,8,10,False,False,False
09,012,Tlalpan,0001,0680,1570,878.0,25.0,46.0,776.0,234.0,804.0,20.0,337.0,461.0,540.0,277.0,542.0,71.0,16.789667896678967,51.2962962962963,41.91542288557214,0901200010680,19.290412494999998,-99.17816601999999,7,11,False,False,False
09,012,Tlalpan,0001,0708,4664,2432.0,116.0,153.0,2023.0,390.0,2111.0,32.0,798.0,1312.0,1365.0,555.0,1633.0,269.0,18.432333129210043,40.65934065934066,37.80198957839887,0901200010708,19.28864732,-99.13034699,2,5,False,False,False
09,012,Tlalpan,0001,0712,2381,1323.0,48.0,52.0,1196.0,392.0,1228.0,26.0,597.0,631.0,885.0,423.0,804.0,100.0,15.671641791044777,47.79661016949153,48.615635179153095,0901200010712,19.29084115,-99.12704306,2,5,False,False,False
09,012,Tlalpan,0001,0727,2064,1142.0,30.0,37.0,1024.0,376.0,1052.0,21.0,572.0,480.0,762.0,389.0,648.0,67.0,13.580246913580247,51.0498687664042,54.372623574144484,0901200010727,19.29078167,-99.12413397,3,7,False,False,False
09,012,Tlalpan,0001,0731,1730,918.0,26.0,32.0,827.0,283.0,843.0,30.0,442.0,401.0,573.0,206.0,544.0,58.0,16.176470588235293,35.95113438045375,52.431791221826806,0901200010731,19.28999386,-99.12102281,3,6,False,False,False
09,012,Tlalpan,0001,0746,1681,927.0,20.0,33.0,830.0,292.0,849.0,25.0,420.0,427.0,614.0,301.0,538.0,53.0,14.49814126394052,49.0228013029316,49.46996466431096,0901200010746,19.28763561,-99.12720321,2,6,False,False,False
09,012,Tlalpan,0001,0750,1093,635.0,16.0,22.0,570.0,194.0,582.0,16.0,270.0,309.0,409.0,217.0,376.0,38.0,14.361702127659576,53.0562347188264,46.391752577319586,0901200010750,19.28891224,-99.12524488,2,6,False,False,False
09,012,Tlalpan,0001,0765,2229,1245.0,30.0,47.0,1120.0,386.0,1148.0,32.0,542.0,604.0,840.0,413.0,734.0,77.0,14.850136239782016,49.166666666666664,47.21254355400697,0901200010765,19.28825788,-99.12358551,2,6,False,False,False
09,012,Tlalpan,0001,077A,5418,2816.0,163.0,193.0,2264.0,389.0,2391.0,51.0,1085.0,1303.0,1537.0,554.0,1875.0,356.0,21.706666666666667,36.044242029928434,45.37850271852781,090120001077A,19.27994142,-99.24111902,0,1,False,False,False
09,012,Tlalpan,0001,0784,3857,1999.0,115.0,151.0,1601.0,312.0,1690.0,47.0,709.0,981.0,1079.0,437.0,1289.0,266.0,24.282389449185416,40.50046339202966,41.95266272189349,0901200010784,19.2794714,-99.23703989500001,1,1,True,False,False
09,012,Tlalpan,0001,0799,3477,1792.0,92.0,106.0,1482.0,328.0,1553.0,34.0,683.0,869.0,1004.0,389.0,1154.0,198.0,20.103986135181977,38.745019920318725,43.97939471989697,0901200010799,19.279400080000002,-99.23424014,2,2,False,False,False
09,012,Tlalpan,0001,0801,3896,2045.0,110.0,126.0,1667.0,324.0,1747.0,53.0,782.0,964.0,1115.0,434.0,1343.0,236.0,21.518987341772153,38.9237668161435,44.76244991413852,0901200010801,19.2800615,-99.23224676,2,2,False,False,False
09,012,Tlalpan,0001,0816,3627,1878.0,84.0,114.0,1563.0,278.0,1650.0,41.0,756.0,892.0,996.0,395.0,1285.0,198.0,18.59922178988327,39.65863453815261,45.81818181818182,0901200010816,19.282412625,-99.22820958,2,2,False,False,False
09,012,Tlalpan,0001,0820,3260,1670.0,67.0,102.0,1405.0,307.0,1465.0,23.0,663.0,801.0,964.0,296.0,1098.0,169.0,17.48633879781421,30.70539419087137,45.255972696245735,0901200010820,19.28323263,-99.22368379,3,5,False,False,False
09,012,Tlalpan,0001,0835,2361,1253.0,43.0,72.0,1043.0,225.0,1090.0,16.0,482.0,607.0,676.0,222.0,818.0,115.0,16.014669926650367,32.84023668639053,44.22018348623853,0901200010835,19.283604295,-99.22065466500001,3,5,False,False,False
09,012,Tlalpan,0001,084A,2339,1206.0,56.0,82.0,990.0,211.0,1042.0,8.0,442.0,600.0,702.0,221.0,779.0,138.0,18.741976893453145,31.48148148148148,42.41842610364684,090120001084A,19.28226257,-99.2173889,2,5,False,False,False
09,012,Tlalpan,0001,0854,1138,584.0,11.0,28.0,509.0,140.0,529.0,10.0,238.0,289.0,345.0,124.0,369.0,39.0,13.279132791327914,35.94202898550725,44.99054820415879,0901200010854,19.28147264,-99.21484457,2,4,False,False,False
09,012,Tlalpan,0001,0869,4651,2413.0,111.0,159.0,2001.0,403.0,2105.0,34.0,924.0,1179.0,1289.0,502.0,1598.0,270.0,19.02377972465582,38.94491854150504,43.895486935866984,0901200010869,19.2813671,-99.2098712,0,1,False,False,False
09,012,Tlalpan,0001,0888,4587,2394.0,78.0,137.0,2042.0,410.0,2136.0,16.0,800.0,1335.0,1524.0,574.0,1632.0,215.0,14.154411764705882,37.664041994750654,37.453183520599254,0901200010888,19.284234875000003,-99.199556325,2,2,False,False,False
09,012,Tlalpan,0001,0892,5607,2970.0,142.0,189.0,2512.0,459.0,2603.0,32.0,1067.0,1527.0,1839.0,655.0,2053.0,331.0,17.68144179249878,35.617183251767266,40.991164041490585,0901200010892,19.28256232,-99.19439342999999,3,3,False,False,False
09,012,Tlalpan,0001,0905,4546,2423.0,127.0,158.0,2018.0,435.0,2106.0,43.0,940.0,1163.0,1406.0,665.0,1583.0,285.0,20.720151610865443,47.2972972972973,44.6343779677113,0901200010905,19.28435545,-99.18953139,6,6,False,False,False
09,012,Tlalpan,0001,091A,3968,2132.0,111.0,122.0,1768.0,343.0,1867.0,42.0,765.0,1095.0,1181.0,457.0,1425.0,233.0,19.298245614035086,38.69602032176122,40.974825923942156,090120001091A,19.28669648,-99.18548885,7,8,False,False,False
09,012,Tlalpan,0001,0924,5214,2808.0,93.0,132.0,2467.0,698.0,2550.0,45.0,969.0,1577.0,1831.0,878.0,1769.0,225.0,15.262860373092144,47.95193883123976,38.0,0901200010924,19.28561401,-99.18030485,7,9,False,False,False
09,012,Tlalpan,0001,0939,3144,1728.0,62.0,100.0,1496.0,460.0,1553.0,41.0,673.0,880.0,1056.0,466.0,1036.0,162.0,19.594594594594593,44.128787878787875,43.3354797166774,0901200010939,19.2840253,-99.17582206,5,8,False,False,False
09,012,Tlalpan,0001,0943,2352,1303.0,28.0,57.0,1180.0,382.0,1215.0,43.0,588.0,625.0,734.0,316.0,798.0,85.0,16.040100250626566,43.05177111716621,48.39506172839506,0901200010943,19.28476864,-99.17073798,3,9,False,False,False
09,012,Tlalpan,0001,0958,1529,888.0,13.0,23.0,817.0,342.0,834.0,48.0,463.0,361.0,390.0,153.0,475.0,36.0,17.684210526315788,39.23076923076923,55.51558752997602,0901200010958,19.28783954,-99.16722147,3,10,False,False,False
09,012,Tlalpan,0001,0962,1858,1004.0,17.0,41.0,900.0,242.0,924.0,15.0,380.0,541.0,600.0,243.0,658.0,58.0,11.094224924012158,40.5,41.125541125541126,0901200010962,19.287854940000003,-99.16218502000001,4,9,False,False,False
09,012,Tlalpan,0001,0981,2639,1448.0,61.0,65.0,1255.0,274.0,1304.0,32.0,500.0,801.0,769.0,307.0,981.0,126.0,16.106014271151885,39.92197659297789,38.34355828220859,0901200010981,19.28657209,-99.14604421,0,2,False,False,False
09,012,Tlalpan,0001,0996,695,368.0,9.0,12.0,332.0,107.0,342.0,10.0,155.0,187.0,193.0,74.0,225.0,21.0,13.777777777777779,38.34196891191709,45.32163742690059,0901200010996,19.28461647,-99.13907326,2,4,False,False,False
09,012,Tlalpan,0001,1000,1790,894.0,46.0,60.0,762.0,157.0,801.0,8.0,368.0,433.0,445.0,189.0,605.0,106.0,18.84297520661157,42.47191011235955,45.94257178526841,0901200011000,19.28557644,-99.13003828,2,5,False,False,False
09,012,Tlalpan,0001,1015,1631,843.0,21.0,28.0,755.0,200.0,786.0,48.0,308.0,477.0,478.0,207.0,555.0,49.0,17.47747747747748,43.30543933054393,39.18575063613232,0901200011015,19.28175523,-99.17094775,5,9,False,False,False
09,012,Tlalpan,0001,102A,3038,1638.0,45.0,70.0,1479.0,443.0,1524.0,31.0,618.0,904.0,1050.0,536.0,1036.0,115.0,14.092664092664092,51.04761904761905,40.55118110236221,090120001102A,19.28051708,-99.16604959,4,6,False,False,False
09,012,Tlalpan,0001,1034,1194,636.0,21.0,26.0,578.0,194.0,595.0,13.0,272.0,320.0,384.0,122.0,384.0,47.0,15.625,31.770833333333332,45.714285714285715,0901200011034,19.285012605,-99.15890364,3,6,False,False,False
09,012,Tlalpan,0001,1053,1405,783.0,35.0,47.0,685.0,166.0,712.0,14.0,265.0,445.0,524.0,182.0,519.0,82.0,18.497109826589593,34.73282442748092,37.21910112359551,0901200011053,19.27562066,-99.15793606,2,2,False,False,False
09,012,Tlalpan,0001,1068,2082,1156.0,43.0,53.0,1036.0,234.0,1071.0,14.0,477.0,591.0,676.0,256.0,802.0,96.0,13.715710723192021,37.8698224852071,44.537815126050425,0901200011068,19.27942913,-99.14272945,1,2,False,False,False
09,012,Tlalpan,0001,1072,9407,4949.0,226.0,289.0,4157.0,954.0,4329.0,90.0,1870.0,2455.0,2762.0,1110.0,3203.0,515.0,18.888541991882608,40.18826937002172,43.19704319704319,0901200011072,19.27502749,-99.17880407,1,1,False,False,False
09,012,Tlalpan,0001,1087,1070,583.0,16.0,20.0,533.0,154.0,547.0,11.0,247.0,300.0,440.0,193.0,379.0,36.0,12.401055408970976,43.86363636363637,45.155393053016454,0901200011087,19.278294,-99.17293764,4,4,False,False,False
09,012,Tlalpan,0001,1091,977,542.0,16.0,14.0,499.0,136.0,506.0,4.0,195.0,311.0,419.0,205.0,363.0,30.0,9.366391184573002,48.92601431980907,38.537549407114625,0901200011091,19.28014462,-99.17136917,6,8,False,False,False
09,012,Tlalpan,0001,1104,3069,1627.0,64.0,89.0,1372.0,289.0,1435.0,36.0,558.0,877.0,918.0,443.0,1083.0,153.0,17.451523545706372,48.25708061002179,38.88501742160278,0901200011104,19.276596830000003,-99.17124908,4,4,False,False,False
09,012,Tlalpan,0001,1119,4921,2626.0,94.0,139.0,2190.0,500.0,2303.0,50.0,960.0,1340.0,1357.0,633.0,1690.0,233.0,16.745562130177515,46.64701547531319,41.68475900998697,0901200011119,19.274724025,-99.17339479500001,4,4,False,False,False
09,012,Tlalpan,0001,1123,3913,2006.0,95.0,117.0,1718.0,384.0,1777.0,30.0,826.0,942.0,1048.0,439.0,1334.0,212.0,18.140929535232384,41.88931297709924,46.48283624085538,0901200011123,19.27450722,-99.17075436,4,4,False,False,False
09,012,Tlalpan,0001,1142,3328,1705.0,75.0,87.0,1468.0,300.0,1532.0,34.0,628.0,903.0,1027.0,424.0,1168.0,162.0,16.78082191780822,41.28529698149951,40.992167101827675,0901200011142,19.27066839,-99.17466014,2,2,False,False,False
09,012,Tlalpan,0001,1157,5346,2823.0,180.0,191.0,2310.0,486.0,2436.0,64.0,1065.0,1367.0,1543.0,572.0,1824.0,371.0,23.848684210526315,37.07064160725859,43.7192118226601,0901200011157,19.268946725,-99.16540266999999,4,4,False,False,False
09,012,Tlalpan,0001,1161,5990,3145.0,117.0,190.0,2674.0,585.0,2786.0,57.0,1193.0,1587.0,1659.0,626.0,2089.0,307.0,17.424605074198183,37.733574442435206,42.82124910265614,0901200011161,19.26983556,-99.17702868,1,1,False,False,False
09,012,Tlalpan,0001,1176,3254,1703.0,94.0,134.0,1394.0,292.0,1463.0,34.0,645.0,816.0,877.0,354.0,1102.0,228.0,23.77495462794918,40.364880273660205,44.087491455912506,0901200011176,19.26602252,-99.16846542,3,3,False,False,False
09,012,Tlalpan,0001,1195,5300,2772.0,154.0,181.0,2222.0,404.0,2346.0,47.0,1017.0,1326.0,1427.0,540.0,1818.0,335.0,21.012101210121013,37.8416257883672,43.350383631713555,0901200011195,19.25509715,-99.1771809,0,0,False,False,False
09,012,Tlalpan,0001,1212,3550,1824.0,127.0,187.0,1383.0,186.0,1472.0,9.0,595.0,873.0,838.0,288.0,1197.0,314.0,26.984126984126984,34.36754176610978,40.421195652173914,0901200011212,19.23492085,-99.16350462,0,0,True,True,True
09,012,Tlalpan,0001,1299,5328,2742.0,142.0,169.0,2274.0,473.0,2388.0,59.0,994.0,1389.0,1461.0,517.0,1801.0,311.0,20.544142143253747,35.38672142368241,41.62479061976549,0901200011299,19.27667082,-99.23205677,2,2,False,False,False
09,012,Tlalpan,0001,1316,6902,3521.0,181.0,270.0,2899.0,563.0,3052.0,35.0,1091.0,1957.0,1867.0,771.0,2336.0,451.0,20.804794520547944,41.29619710765935,35.74705111402359,0901200011316,19.27896036,-99.20511451,0,0,False,False,False
09,012,Tlalpan,0001,1369,5374,2728.0,154.0,197.0,2241.0,399.0,2354.0,29.0,1032.0,1319.0,1516.0,555.0,1842.0,351.0,20.629750271444085,36.60949868073879,43.840271877655056,0901200011369,19.29963708,-99.22303628,5,5,False,False,False
09,012,Tlalpan,0001,1388,3739,1905.0,111.0,133.0,1590.0,305.0,1654.0,22.0,716.0,936.0,1069.0,376.0,1285.0,244.0,20.700389105058363,35.17305893358279,43.288996372430475,0901200011388,19.300453535000003,-99.22617421999999,4,4,False,False,False
09,012,Tlalpan,0001,1424,4485,2342.0,153.0,175.0,1936.0,404.0,2018.0,38.0,897.0,1117.0,1292.0,506.0,1532.0,328.0,23.890339425587467,39.1640866873065,44.449950445986126,0901200011424,19.27093239,-99.18859996,2,2,False,False,False
09,012,Tlalpan,0001,1439,3716,1975.0,97.0,129.0,1588.0,327.0,1674.0,24.0,716.0,955.0,1034.0,353.0,1261.0,226.0,19.825535289452816,34.13926499032882,42.77180406212665,0901200011439,19.27648868,-99.2120141,2,4,False,False,False
09,012,Tlalpan,0001,1443,4658,2405.0,136.0,159.0,1948.0,351.0,2071.0,31.0,950.0,1118.0,1332.0,451.0,1597.0,295.0,20.413274890419537,33.85885885885886,45.87155963302752,0901200011443,19.27655555,-99.22243465,5,7,False,False,False
09,012,Tlalpan,0001,1458,3878,2022.0,96.0,139.0,1631.0,322.0,1721.0,28.0,795.0,923.0,1112.0,378.0,1309.0,235.0,20.091673032849503,33.992805755395686,46.19407321324811,0901200011458,19.27545134,-99.21832062,5,7,False,False,False
09,012,Tlalpan,0001,1462,11014,5679.0,303.0,437.0,4590.0,717.0,4826.0,74.0,1967.0,2853.0,3233.0,1312.0,3873.0,740.0,21.01729925122644,40.5815032477575,40.758392043099875,0901200011462,19.270140025000003,-99.20961684,2,3,False,False,False
09,012,Tlalpan,0001,1477,6749,3470.0,199.0,318.0,2739.0,482.0,2909.0,44.0,1184.0,1719.0,1774.0,669.0,2257.0,517.0,24.856003544528136,37.71138669673056,40.70127191474733,0901200011477,19.27368506,-99.22518826,6,8,True,False,False
09,012,Tlalpan,0001,1481,5592,2862.0,178.0,248.0,2282.0,420.0,2401.0,47.0,1082.0,1319.0,1628.0,711.0,1862.0,426.0,25.402792696025777,43.67321867321867,45.064556434818826,0901200011481,19.27023234,-99.219314725,5,7,True,False,False
09,012,Tlalpan,0001,1496,8186,4168.0,293.0,331.0,3304.0,549.0,3483.0,84.0,1682.0,1795.0,2276.0,846.0,2755.0,624.0,25.698729582577133,37.170474516695954,48.291702555268444,0901200011496,19.276113845,-99.240877705,1,2,True,False,False
09,012,Tlalpan,0001,1509,5341,2701.0,164.0,263.0,2090.0,301.0,2217.0,48.0,1057.0,1158.0,1455.0,517.0,1789.0,427.0,26.55114589155953,35.53264604810997,47.67704104645918,0901200011509,19.27198911,-99.23951393,1,2,True,False,False
09,012,Tlalpan,0001,1513,5884,3035.0,214.0,250.0,2340.0,362.0,2496.0,49.0,1137.0,1353.0,1574.0,621.0,1978.0,464.0,25.935288169868553,39.45362134688691,45.55288461538461,0901200011513,19.26888203,-99.225139215,4,4,True,False,False
09,012,Tlalpan,0001,1547,2859,1468.0,91.0,122.0,1157.0,160.0,1223.0,30.0,518.0,701.0,697.0,297.0,997.0,213.0,24.37311935807422,42.61119081779053,42.354865085854456,0901200011547,19.27479241,-99.20612601,2,2,True,False,False
09,012,Tlalpan,0001,1566,305,173.0,11.0,14.0,137.0,28.0,146.0,0.0,70.0,76.0,77.0,31.0,109.0,25.0,22.93577981651376,40.25974025974026,47.94520547945205,0901200011566,19.26720994,-99.1762545,2,2,False,False,False
09,012,Tlalpan,0001,1570,7052,3614.0,215.0,259.0,2928.0,415.0,3091.0,39.0,1376.0,1710.0,2035.0,714.0,2513.0,474.0,20.413847990449664,35.08599508599509,44.51633775477192,0901200011570,19.26726939,-99.207560975,2,2,False,False,False
09,012,Tlalpan,0001,1585,1883,933.0,51.0,80.0,727.0,122.0,779.0,27.0,283.0,496.0,459.0,154.0,605.0,131.0,26.115702479338843,33.551198257080614,36.32862644415918,0901200011585,19.255466645,-99.18518359000001,0,0,True,True,True
09,012,Tlalpan,0001,159A,3741,1946.0,114.0,142.0,1561.0,268.0,1648.0,22.0,644.0,1002.0,992.0,388.0,1293.0,256.0,21.500386697602476,39.11290322580645,39.07766990291262,090120001159A,19.247005029999997,-99.17527694500001,0,0,False,False,False
09,012,Tlalpan,0001,1602,5746,2966.0,214.0,308.0,2209.0,265.0,2388.0,26.0,1177.0,1211.0,1322.0,388.0,1944.0,522.0,28.189300411522634,29.34947049924357,49.28810720268007,0901200011602,19.23382411,-99.18005688,0,0,True,True,True
09,012,Tlalpan,0001,1617,6711,3508.0,255.0,327.0,2647.0,333.0,2845.0,28.0,1323.0,1516.0,1719.0,529.0,2314.0,582.0,26.36127917026793,30.773705642815592,46.50263620386643,0901200011617,19.23320323,-99.178581,0,0,True,True,True
09,012,Tlalpan,0001,1621,5835,3002.0,175.0,233.0,2448.0,379.0,2581.0,37.0,1000.0,1571.0,1602.0,557.0,2069.0,408.0,21.50797486708555,34.769038701622975,38.74467260751647,0901200011621,19.244513285,-99.168723465,1,1,False,False,False
09,012,Tlalpan,0001,1636,4273,2205.0,133.0,153.0,1763.0,285.0,1876.0,31.0,772.0,1100.0,1159.0,376.0,1478.0,286.0,21.44790257104195,32.44176013805004,41.15138592750533,0901200011636,19.250391535,-99.1644457,2,2,False,False,False
09,012,Tlalpan,0001,1640,7425,3779.0,214.0,248.0,3102.0,451.0,3247.0,48.0,1399.0,1847.0,2022.0,791.0,2651.0,462.0,19.238023387400983,39.11968348170129,43.0859254696643,0901200011640,19.251688960000003,-99.15886755,2,2,False,False,False
09,012,Tlalpan,0001,1655,1380,702.0,70.0,57.0,527.0,46.0,569.0,3.0,233.0,336.0,352.0,120.0,481.0,127.0,27.027027027027028,34.090909090909086,40.94903339191564,0901200011655,19.230670019999998,-99.16371198499999,0,0,True,True,True
09,012,Tlalpan,0001,173A,1732,856.0,74.0,83.0,654.0,58.0,691.0,17.0,301.0,388.0,453.0,166.0,596.0,157.0,29.194630872483224,36.64459161147903,43.56005788712012,090120001173A,19.2651509,-99.22813461,2,2,True,False,False
09,012,Tlalpan,0001,1744,4101,2107.0,129.0,171.0,1683.0,279.0,1775.0,29.0,807.0,968.0,1068.0,392.0,1404.0,300.0,23.433048433048434,36.70411985018727,45.46478873239437,0901200011744,19.25958733,-99.18601782,0,0,False,False,False
09,012,Tlalpan,0001,1890,434,222.0,8.0,15.0,190.0,45.0,195.0,6.0,69.0,126.0,117.0,37.0,145.0,23.0,20.0,31.62393162393162,35.38461538461539,0901200011890,19.29559887,-99.18359881,4,5,False,False,False
09,012,Tlalpan,0001,1903,1255,679.0,32.0,27.0,580.0,145.0,602.0,9.0,239.0,363.0,434.0,224.0,435.0,59.0,15.632183908045977,51.61290322580645,39.70099667774086,0901200011903,19.29534473,-99.17852896,4,7,False,False,False
09,012,Tlalpan,0001,1918,2803,1519.0,35.0,58.0,1363.0,478.0,1402.0,31.0,636.0,766.0,969.0,373.0,885.0,93.0,14.01129943502825,38.493292053663566,45.36376604850214,0901200011918,19.30300868,-99.12454238,2,4,False,False,False
09,012,Tlalpan,0001,1922,1080,630.0,20.0,27.0,556.0,178.0,571.0,10.0,274.0,297.0,449.0,212.0,378.0,47.0,15.079365079365079,47.216035634743875,47.98598949211909,0901200011922,19.29785996,-99.1229562,3,5,False,False,False
09,012,Tlalpan,0001,1937,1884,1015.0,16.0,43.0,908.0,312.0,943.0,10.0,440.0,503.0,645.0,275.0,596.0,59.0,11.577181208053691,42.63565891472868,46.65959703075291,0901200011937,19.29786284,-99.11847095,3,4,False,False,False
09,012,Tlalpan,0001,1941,1424,751.0,19.0,39.0,655.0,204.0,676.0,15.0,306.0,370.0,477.0,218.0,451.0,58.0,16.186252771618626,45.70230607966457,45.26627218934911,0901200011941,19.2951897,-99.11458526,3,3,False,False,False
09,012,Tlalpan,0001,1956,3097,1780.0,55.0,69.0,1589.0,480.0,1636.0,32.0,748.0,888.0,957.0,289.0,1109.0,124.0,14.066726780883679,30.198537095088817,45.72127139364303,0901200011956,19.30451409,-99.20299194,1,1,False,False,False
09,012,Tlalpan,0001,1960,2219,1273.0,40.0,48.0,1145.0,339.0,1178.0,28.0,508.0,665.0,700.0,210.0,806.0,88.0,14.392059553349876,30.0,43.12393887945671,0901200011960,19.29899176,-99.20773832,0,0,False,False,False
09,012,Tlalpan,0001,1975,4266,2329.0,72.0,95.0,2066.0,519.0,2131.0,35.0,984.0,1145.0,1454.0,613.0,1547.0,167.0,13.05753070458953,42.1595598349381,46.17550445800094,0901200011975,19.295753755,-99.1079444,0,0,False,False,False
09,012,Tlalpan,0001,198A,1589,861.0,28.0,45.0,755.0,257.0,781.0,19.0,423.0,358.0,515.0,240.0,498.0,73.0,18.473895582329316,46.601941747572816,54.16133162612036,090120001198A,19.299650905,-99.10412556,0,0,False,False,False
09,012,Tlalpan,0001,1994,3188,1681.0,78.0,121.0,1353.0,224.0,1440.0,12.0,894.0,543.0,1038.0,393.0,1129.0,199.0,18.689105403011514,37.861271676300575,62.083333333333336,0901200011994,19.29974262,-99.1032212,1,1,False,False,False
09,012,Tlalpan,0001,2009,7701,3982.0,227.0,295.0,3229.0,520.0,3391.0,65.0,1510.0,1879.0,2146.0,761.0,2709.0,522.0,21.668512366186786,35.461323392357876,44.529637275140075,0901200012009,19.26003143,-99.17056148,1,1,False,False,False
09,012,Tlalpan,0001,2013,8368,4384.0,259.0,330.0,3573.0,648.0,3745.0,52.0,1765.0,1975.0,2230.0,763.0,2925.0,589.0,21.914529914529915,34.215246636771305,47.12950600801068,0901200012013,19.25206571,-99.171973385,0,0,False,False,False
09,012,Tlalpan,0001,2047,5793,2981.0,182.0,255.0,2336.0,341.0,2488.0,44.0,1170.0,1316.0,1527.0,541.0,1995.0,437.0,24.110275689223055,35.42894564505566,47.025723472668815,0901200012047,19.27155544,-99.23385313,2,2,False,False,False
09,012,Tlalpan,0001,2051,4700,2374.0,166.0,204.0,1842.0,272.0,1961.0,38.0,844.0,1116.0,1318.0,510.0,1570.0,370.0,25.987261146496817,38.694992412746586,43.03926568077511,0901200012051,19.272689040000003,-99.229979255,3,3,True,False,False
09,012,Tlalpan,0001,2066,3434,1867.0,66.0,89.0,1630.0,397.0,1681.0,31.0,679.0,1000.0,1192.0,537.0,1233.0,155.0,15.085158150851582,45.0503355704698,40.3926234384295,0901200012066,19.302594035,-99.2204322,2,2,False,False,False
09,012,Tlalpan,0001,2070,1962,1087.0,31.0,39.0,979.0,290.0,1007.0,18.0,458.0,546.0,703.0,322.0,689.0,70.0,12.772133526850507,45.80369843527738,45.48162859980139,0901200012070,19.29987151,-99.21183334,1,1,False,False,False
09,012,Tlalpan,0001,2085,2529,1383.0,50.0,80.0,1211.0,284.0,1246.0,5.0,516.0,730.0,941.0,451.0,927.0,130.0,14.563106796116504,47.92773645058448,41.41252006420545,0901200012085,19.28034312,-99.18530705,7,7,False,False,False
09,012,Tlalpan,0001,2102,2730,1435.0,30.0,75.0,1272.0,354.0,1315.0,22.0,545.0,770.0,990.0,363.0,918.0,105.0,13.83442265795207,36.666666666666664,41.44486692015209,0901200012102,19.27595826,-99.16355028,3,3,False,False,False
09,012,Tlalpan,0001,2121,13974,7345.0,308.0,404.0,6231.0,1202.0,6520.0,94.0,2811.0,3697.0,4118.0,1393.0,5029.0,712.0,16.027043149731558,33.827100534239925,43.11349693251534,0901200012121,19.27292208,-99.1454146,2,2,False,False,False
09,012,Tlalpan,0001,2136,4691,2427.0,141.0,149.0,2039.0,420.0,2118.0,42.0,998.0,1114.0,1291.0,434.0,1619.0,290.0,20.506485484867202,33.61735089078234,47.11992445703494,0901200012136,19.270939395,-99.157775875,2,2,False,False,False
09,012,Tlalpan,0001,2140,6515,3354.0,163.0,221.0,2785.0,508.0,2920.0,63.0,1346.0,1571.0,1809.0,625.0,2277.0,384.0,19.63109354413702,34.54947484798231,46.09589041095891,0901200012140,19.268513405,-99.152894915,1,1,False,False,False
09,012,Tlalpan,0001,2155,4856,1704.0,142.0,196.0,1221.0,38.0,1335.0,11.0,909.0,426.0,743.0,83.0,1183.0,338.0,29.501267962806427,11.17092866756393,68.08988764044945,0901200012155,19.26198315,-99.14529211,1,2,True,False,False
09,012,Tlalpan,0001,216A,3015,1642.0,82.0,108.0,1429.0,336.0,1466.0,28.0,717.0,748.0,1080.0,456.0,1093.0,190.0,19.945105215004574,42.22222222222222,48.908594815825374,090120001216A,19.29576514,-99.11157304,2,2,False,False,False
09,012,Tlalpan,0001,2174,1993,1108.0,39.0,58.0,966.0,249.0,995.0,15.0,435.0,560.0,768.0,313.0,717.0,97.0,15.620641562064156,40.75520833333333,43.71859296482412,0901200012174,19.29991766,-99.11113526,1,1,False,False,False
09,012,Tlalpan,0001,2189,5279,2710.0,133.0,181.0,2217.0,418.0,2324.0,42.0,946.0,1372.0,1507.0,572.0,1799.0,314.0,19.788771539744303,37.95620437956204,40.70567986230637,0901200012189,19.28369859,-99.20624571,0,0,False,False,False
09,012,Tlalpan,0001,2193,5723,3004.0,165.0,230.0,2439.0,374.0,2566.0,31.0,1050.0,1512.0,1671.0,629.0,2065.0,395.0,20.62953995157385,37.642130460801916,40.91971940763835,0901200012193,19.28039342,-99.199581905,2,2,False,False,False
09,012,Tlalpan,0001,2206,4752,2460.0,179.0,212.0,1900.0,211.0,1998.0,56.0,873.0,1124.0,1184.0,441.0,1689.0,391.0,26.465364120781526,37.24662162162162,43.69369369369369,0901200012206,19.26886773,-99.2416464,0,1,True,False,True
09,012,Tlalpan,0001,2210,4455,2240.0,142.0,190.0,1745.0,194.0,1852.0,48.0,787.0,1057.0,1203.0,439.0,1551.0,332.0,24.500322372662797,36.49210307564422,42.49460043196544,0901200012210,19.26898799,-99.23794856,2,2,True,False,False
09,012,Tlalpan,0001,2225,6664,3371.0,225.0,318.0,2605.0,320.0,2794.0,54.0,1007.0,1786.0,1733.0,842.0,2285.0,543.0,26.126914660831506,48.586266589728794,36.04151753758053,0901200012225,19.27626341,-99.18345424,3,3,True,False,False
09,012,Tlalpan,0001,223A,7153,3652.0,222.0,264.0,2939.0,484.0,3107.0,66.0,1349.0,1754.0,1951.0,755.0,2455.0,486.0,22.484725050916495,38.69810353664787,43.41808818796267,090120001223A,19.27255658,-99.18682101,2,2,False,False,False
09,012,Tlalpan,0001,2244,2254,1169.0,43.0,60.0,1009.0,227.0,1045.0,19.0,329.0,713.0,765.0,284.0,782.0,103.0,15.601023017902813,37.12418300653595,31.483253588516746,0901200012244,19.27512831,-99.16387664999999,3,3,False,False,False
09,012,Tlalpan,0001,2259,1778,934.0,39.0,61.0,796.0,220.0,820.0,7.0,324.0,494.0,574.0,235.0,576.0,100.0,18.57638888888889,40.94076655052265,39.51219512195122,0901200012259,19.27227697,-99.15925578,2,2,False,False,False
09,012,Tlalpan,0001,2263,6035,3171.0,214.0,248.0,2556.0,453.0,2682.0,42.0,1201.0,1473.0,1645.0,614.0,2103.0,462.0,23.96576319543509,37.32522796352583,44.780014914243104,0901200012263,19.2674223,-99.16056068,2,2,False,False,False
09,012,Tlalpan,0001,2278,3299,1710.0,95.0,125.0,1368.0,223.0,1450.0,19.0,640.0,806.0,839.0,350.0,1145.0,220.0,20.87336244541485,41.716328963051254,44.13793103448276,0901200012278,19.27205708,-99.192618465,3,3,False,False,False
09,012,Tlalpan,0001,2282,5014,2612.0,138.0,213.0,2097.0,265.0,2211.0,23.0,866.0,1345.0,1393.0,506.0,1832.0,351.0,20.41484716157205,36.32447954055994,39.1677973767526,0901200012282,19.27613036,-99.18881089,4,4,False,False,False
09,012,Tlalpan,0001,2348,638,327.0,24.0,29.0,253.0,29.0,268.0,7.0,120.0,148.0,155.0,61.0,224.0,53.0,26.785714285714285,39.35483870967742,44.776119402985074,0901200012348,19.228544194999998,-99.16563282499999,0,0,True,True,True
09,012,Tlalpan,0001,2441,10407,5390.0,309.0,400.0,4297.0,646.0,4558.0,78.0,2194.0,2351.0,2750.0,988.0,3651.0,709.0,21.555738153930427,35.92727272727273,48.13514699429574,0901200012441,19.23936567,-99.15078246,0,0,False,False,False
09,012,Tlalpan,0001,2456,2522,1291.0,67.0,102.0,1023.0,161.0,1076.0,23.0,485.0,589.0,651.0,212.0,862.0,169.0,22.2737819025522,32.565284178187405,45.07434944237918,0901200012456,19.24425865,-99.145457495,1,1,False,False,False
09,012,Tlalpan,0019,2460,1532,775.0,74.0,71.0,591.0,66.0,632.0,30.0,345.0,285.0,402.0,110.0,525.0,145.0,33.33333333333333,27.363184079601986,54.58860759493671,0901200192460,19.13320328,-99.17827072,0,0,True,True,True
09,012,Tlalpan,0019,2475,1665,829.0,63.0,105.0,626.0,91.0,661.0,14.0,371.0,289.0,404.0,98.0,535.0,168.0,34.018691588785046,24.257425742574256,56.12708018154312,0901200192475,19.13565975,-99.1733427,0,0,True,True,True
09,012,Tlalpan,0026,1528,7452,3898.0,256.0,325.0,3028.0,435.0,3224.0,54.0,1494.0,1723.0,1916.0,662.0,2593.0,581.0,24.48900887003471,34.55114822546973,46.339950372208435,0901200261528,19.22239424,-99.2008925,1,1,True,False,False
09,012,Tlalpan,0026,1532,6957,3579.0,251.0,306.0,2730.0,403.0,2919.0,61.0,1317.0,1594.0,1838.0,536.0,2327.0,557.0,26.557799742157286,29.16213275299238,45.11819116135663,0901200261532,19.21773778,-99.20634641,2,2,True,False,False
09,012,Tlalpan,0026,166A,1406,721.0,47.0,48.0,572.0,73.0,601.0,11.0,272.0,329.0,380.0,100.0,499.0,95.0,21.24248496993988,26.31578947368421,45.25790349417637,090120026166A,19.229930815,-99.195373205,0,0,False,False,False
09,012,Tlalpan,0026,1674,6579,3401.0,241.0,280.0,2622.0,406.0,2774.0,61.0,1264.0,1507.0,1785.0,519.0,2216.0,521.0,26.263537906137184,29.075630252100844,45.56596971881759,0901200261674,19.22715664,-99.20090005,0,0,True,True,True
09,012,Tlalpan,0026,1689,3496,1798.0,127.0,162.0,1369.0,160.0,1464.0,18.0,686.0,776.0,933.0,263.0,1209.0,289.0,25.392886683209266,28.188638799571276,46.85792349726776,0901200261689,19.225406725,-99.20552591,1,1,True,False,False
09,012,Tlalpan,0026,1706,1747,881.0,55.0,74.0,706.0,104.0,749.0,13.0,290.0,459.0,458.0,142.0,602.0,129.0,23.588039867109632,31.004366812227076,38.71829105473965,0901200261706,19.21222792,-99.2116844,2,2,False,False,False
09,012,Tlalpan,0026,1710,785,390.0,22.0,25.0,316.0,42.0,336.0,11.0,156.0,178.0,215.0,61.0,274.0,47.0,21.16788321167883,28.37209302325581,46.42857142857143,0901200261710,19.21784719,-99.19465309,0,0,False,False,False
09,012,Tlalpan,0026,2297,1773,888.0,55.0,67.0,710.0,99.0,750.0,11.0,327.0,423.0,452.0,165.0,611.0,122.0,21.76759410801964,36.50442477876106,43.6,0901200262297,19.217258445,-99.214358125,2,2,False,False,False
09,012,Tlalpan,0026,2329,357,183.0,10.0,12.0,149.0,15.0,155.0,4.0,64.0,91.0,106.0,21.0,134.0,22.0,19.402985074626866,19.81132075471698,41.29032258064516,0901200262329,19.21590917,-99.21627018,2,2,False,False,False
09,012,Tlalpan,0026,2403,2553,1263.0,100.0,130.0,959.0,97.0,1031.0,21.0,409.0,621.0,648.0,217.0,862.0,230.0,29.118329466357306,33.48765432098765,39.67022308438409,0901200262403,19.214763455,-99.183599155,0,0,True,True,True
09,012,Tlalpan,0026,2418,2997,1512.0,89.0,177.0,1112.0,130.0,1196.0,33.0,509.0,686.0,823.0,249.0,982.0,266.0,30.448065173116092,30.25516403402187,42.558528428093645,0901200262418,19.21296742,-99.17918182,0,0,True,True,True
09,012,Tlalpan,0027,1763,3975,1968.0,161.0,159.0,1554.0,185.0,1640.0,17.0,706.0,933.0,1038.0,338.0,1369.0,320.0,24.616508400292183,32.5626204238921,43.048780487804876,0901200271763,19.204988425,-99.15285445,4,4,True,False,False
09,012,Tlalpan,0027,1778,5838,2994.0,235.0,306.0,2239.0,302.0,2398.0,42.0,979.0,1412.0,1441.0,493.0,1937.0,541.0,30.098089829633455,34.21235253296322,40.825688073394495,0901200271778,19.204445630000002,-99.14599763,4,5,True,False,False
09,012,Tlalpan,0027,1782,6970,3541.0,259.0,343.0,2665.0,316.0,2853.0,55.0,1309.0,1541.0,1740.0,603.0,2349.0,602.0,27.969348659003828,34.6551724137931,45.88152821591308,0901200271782,19.20152558,-99.13600428,2,3,True,False,False
09,012,Tlalpan,0027,1797,9291,4641.0,372.0,468.0,3500.0,348.0,3775.0,79.0,1686.0,2079.0,2351.0,757.0,3152.0,840.0,29.156091370558375,32.19906422798809,44.662251655629134,0901200271797,19.19332955,-99.144655175,2,3,True,False,False
09,012,Tlalpan,0027,180A,1369,658.0,57.0,42.0,522.0,71.0,545.0,7.0,231.0,313.0,373.0,127.0,451.0,99.0,23.503325942350333,34.048257372654156,42.38532110091743,090120027180A,19.19830024,-99.15318533,2,3,False,False,False
09,012,Tlalpan,0027,2028,4151,2190.0,163.0,194.0,1716.0,288.0,1812.0,28.0,831.0,978.0,993.0,356.0,1428.0,357.0,26.96078431372549,35.85095669687814,45.860927152317885,0901200272028,19.201209945000002,-99.14403573999999,4,5,True,False,False
09,012,Tlalpan,0027,2032,4369,2380.0,154.0,210.0,1844.0,321.0,1956.0,76.0,883.0,1071.0,1057.0,398.0,1523.0,364.0,28.890347997373606,37.65373699148534,45.14314928425358,0901200272032,19.20033495,-99.14131075,3,4,True,False,False
09,012,Tlalpan,0027,230A,1924,982.0,68.0,77.0,788.0,97.0,835.0,7.0,360.0,475.0,506.0,186.0,691.0,145.0,21.99710564399421,36.75889328063241,43.11377245508982,090120027230A,19.20886556,-99.16117101,3,3,False,False,False
09,012,Tlalpan,0027,2422,3200,1560.0,113.0,136.0,1213.0,135.0,1295.0,14.0,573.0,721.0,807.0,213.0,1078.0,249.0,24.397031539888683,26.394052044609666,44.24710424710425,0901200272422,19.211818725,-99.158627025,3,3,True,False,False
09,012,Tlalpan,0135,1227,4058,2029.0,200.0,221.0,1448.0,102.0,1568.0,35.0,637.0,930.0,1029.0,248.0,1346.0,421.0,33.87815750371471,24.101068999028183,40.625,0901201351227,19.23955592,-99.23442934,0,0,True,True,True
09,013,Xochimilco,0001,0014,6567,3482.0,164.0,208.0,2933.0,713.0,3058.0,78.0,1369.0,1688.0,1962.0,755.0,2220.0,372.0,20.27027027027027,38.481141692150864,44.7678221059516,0901300010014,19.279346605,-99.13727278,3,6,False,False,False
09,013,Xochimilco,0001,0029,2146,1145.0,33.0,52.0,1020.0,341.0,1055.0,19.0,519.0,535.0,654.0,233.0,679.0,85.0,15.316642120765833,35.62691131498471,49.19431279620853,0901300010029,19.283548545000002,-99.12824368,2,6,False,False,False
09,013,Xochimilco,0001,0033,2991,1607.0,37.0,53.0,1453.0,529.0,1491.0,32.0,769.0,719.0,1045.0,425.0,924.0,90.0,13.203463203463203,40.66985645933015,51.57612340710932,0901300010033,19.27699549,-99.12837694,1,4,False,False,False
09,013,Xochimilco,0001,0067,8457,4446.0,177.0,227.0,3837.0,954.0,3986.0,88.0,1794.0,2188.0,2514.0,893.0,2883.0,404.0,17.065556711758585,35.52108194112967,45.00752634219769,0901300010067,19.27217542,-99.13510364,3,8,False,False,False
09,013,Xochimilco,0001,0086,2233,1186.0,54.0,55.0,1041.0,268.0,1072.0,6.0,418.0,652.0,735.0,291.0,773.0,109.0,14.877102199223804,39.59183673469388,38.992537313432834,0901300010086,19.268447405,-99.11930114,2,5,False,False,False
09,013,Xochimilco,0001,0090,7010,3527.0,336.0,360.0,2582.0,239.0,2789.0,36.0,1202.0,1581.0,1845.0,610.0,2343.0,696.0,31.241997439180537,33.06233062330624,43.09788454643241,0901300010090,19.275189734999998,-99.11276623,0,1,True,False,True
09,013,Xochimilco,0001,0122,3234,1744.0,68.0,85.0,1485.0,371.0,1559.0,35.0,827.0,728.0,857.0,347.0,1114.0,153.0,16.87612208258528,40.49008168028005,53.046824887748556,0901300010122,19.26613393,-99.10365221,3,4,False,False,False
09,013,Xochimilco,0001,0137,3296,1700.0,82.0,106.0,1434.0,360.0,1488.0,34.0,689.0,797.0,821.0,357.0,1074.0,188.0,20.670391061452513,43.48355663824604,46.303763440860216,0901300010137,19.26375196,-99.1008989,4,5,False,False,False
09,013,Xochimilco,0001,0160,4044,2174.0,87.0,117.0,1858.0,503.0,1934.0,44.0,952.0,982.0,1256.0,545.0,1355.0,204.0,18.30258302583026,43.39171974522293,49.22440537745605,0901300010160,19.265380399999998,-99.11777595500001,2,4,False,False,False
09,013,Xochimilco,0001,0175,566,280.0,5.0,6.0,254.0,72.0,267.0,5.0,133.0,134.0,187.0,84.0,182.0,11.0,8.791208791208792,44.919786096256686,49.812734082397,0901300010175,19.26268116,-99.12378256,3,6,False,False,False
09,013,Xochimilco,0001,018A,1228,661.0,14.0,18.0,597.0,197.0,621.0,10.0,315.0,305.0,425.0,247.0,400.0,32.0,10.5,58.11764705882353,50.72463768115942,090130001018A,19.26248986,-99.11988525,2,4,False,False,False
09,013,Xochimilco,0001,0194,766,421.0,16.0,13.0,367.0,94.0,380.0,8.0,159.0,219.0,276.0,120.0,273.0,29.0,13.553113553113553,43.47826086956522,41.8421052631579,0901300010194,19.25937789,-99.12032875,1,3,False,False,False
09,013,Xochimilco,0001,0207,2878,1533.0,44.0,61.0,1348.0,459.0,1397.0,28.0,743.0,653.0,950.0,366.0,889.0,105.0,14.960629921259844,38.526315789473685,53.18539727988547,0901300010207,19.26308608,-99.11790888,2,4,False,False,False
09,013,Xochimilco,0001,0211,4509,2388.0,114.0,134.0,2010.0,485.0,2082.0,44.0,992.0,1087.0,1217.0,463.0,1525.0,248.0,19.147540983606557,38.044371405094495,47.64649375600384,0901300010211,19.262839120000002,-99.11102762,2,5,False,False,False
09,013,Xochimilco,0001,0226,1917,1014.0,34.0,54.0,871.0,248.0,917.0,24.0,474.0,436.0,525.0,226.0,623.0,88.0,17.97752808988764,43.047619047619044,51.69029443838604,0901300010226,19.26148636,-99.10469459,4,5,False,False,False
09,013,Xochimilco,0001,0230,2926,1512.0,66.0,87.0,1274.0,311.0,1321.0,19.0,650.0,671.0,758.0,332.0,963.0,153.0,17.86085150571132,43.79947229551451,49.20514761544285,0901300010230,19.25881906,-99.10646084,4,7,False,False,False
09,013,Xochimilco,0001,0245,2286,1185.0,46.0,69.0,1016.0,269.0,1054.0,23.0,530.0,524.0,667.0,272.0,747.0,115.0,18.473895582329316,40.779610194902546,50.284629981024665,0901300010245,19.26125035,-99.1026817,4,5,False,False,False
09,013,Xochimilco,0001,025A,3457,1816.0,103.0,94.0,1529.0,380.0,1598.0,76.0,818.0,778.0,1016.0,393.0,1149.0,197.0,23.759791122715406,38.681102362204726,51.18898623279099,090130001025A,19.25720016,-99.10277698,3,4,False,False,False
09,013,Xochimilco,0001,0279,4570,2294.0,174.0,198.0,1794.0,313.0,1899.0,57.0,843.0,1048.0,1100.0,313.0,1481.0,372.0,28.966914247130315,28.454545454545453,44.39178515007899,0901300010279,19.25586266,-99.05961512,2,3,True,False,False
09,013,Xochimilco,0001,0283,5623,2907.0,173.0,200.0,2368.0,505.0,2477.0,52.0,1133.0,1334.0,1538.0,682.0,1863.0,373.0,22.81266774020397,44.34330299089727,45.740815502624145,0901300010283,19.25832188,-99.13113182,1,5,False,False,False
09,013,Xochimilco,0001,0298,10318,5405.0,274.0,372.0,4466.0,783.0,4687.0,71.0,2132.0,2555.0,2956.0,1149.0,3683.0,646.0,19.46782514254684,38.870094722598104,45.48751866865799,0901300010298,19.25738558,-99.12676693,1,3,False,False,False
09,013,Xochimilco,0001,0300,880,442.0,32.0,33.0,356.0,68.0,372.0,3.0,179.0,192.0,232.0,89.0,288.0,65.0,23.61111111111111,38.362068965517246,48.11827956989247,0901300010300,19.253022105,-99.1178266,2,3,False,False,False
09,013,Xochimilco,0001,0315,2045,1100.0,26.0,31.0,1005.0,393.0,1027.0,23.0,572.0,455.0,660.0,280.0,612.0,57.0,13.071895424836603,42.42424242424242,55.69620253164557,0901300010315,19.25641914,-99.11581802,2,4,False,False,False
09,013,Xochimilco,0001,0334,6075,3180.0,169.0,205.0,2608.0,555.0,2723.0,64.0,1188.0,1533.0,1692.0,605.0,2053.0,374.0,21.334632245494397,35.7565011820331,43.62835108336394,0901300010334,19.25157531,-99.10080875,2,3,False,False,False
09,013,Xochimilco,0001,0353,5085,2682.0,149.0,204.0,2181.0,472.0,2290.0,83.0,1096.0,1193.0,1244.0,466.0,1709.0,353.0,25.511995318899945,37.459807073954984,47.86026200873362,0901300010353,19.25427723,-99.05802871,2,3,True,False,False
09,013,Xochimilco,0001,0368,11731,6006.0,444.0,526.0,4682.0,776.0,4966.0,112.0,2302.0,2663.0,2969.0,1061.0,3906.0,970.0,27.700972862263185,35.73593802627148,46.355215465163106,0901300010368,19.25235208,-99.05403462,2,3,True,False,False
09,013,Xochimilco,0001,0372,5104,2683.0,135.0,194.0,2187.0,433.0,2296.0,34.0,1105.0,1182.0,1275.0,498.0,1754.0,329.0,20.695553021664768,39.05882352941176,48.12717770034843,0901300010372,19.24859026,-99.12433344499999,1,2,False,False,False
09,013,Xochimilco,0001,0387,6531,3383.0,194.0,227.0,2773.0,537.0,2901.0,52.0,1444.0,1455.0,1673.0,595.0,2236.0,421.0,21.153846153846153,35.56485355648535,49.77593933126508,0901300010387,19.24846578,-99.12057301,1,2,False,False,False
09,013,Xochimilco,0001,0391,2513,1297.0,59.0,80.0,1105.0,215.0,1149.0,20.0,555.0,594.0,718.0,221.0,890.0,139.0,17.865168539325843,30.779944289693596,48.30287206266319,0901300010391,19.24825079,-99.11598796999999,1,2,False,False,False
09,013,Xochimilco,0001,0404,2374,1276.0,61.0,69.0,1097.0,236.0,1137.0,14.0,488.0,646.0,833.0,366.0,861.0,130.0,16.72473867595819,43.937575030012006,42.919964819700965,0901300010404,19.24987364,-99.11379035,1,2,False,False,False
09,013,Xochimilco,0001,0419,4481,2324.0,84.0,105.0,2032.0,522.0,2103.0,46.0,972.0,1128.0,1400.0,564.0,1510.0,189.0,15.562913907284766,40.285714285714285,46.219686162624825,0901300010419,19.24524172,-99.10910518,0,2,False,False,False
09,013,Xochimilco,0001,0423,939,496.0,36.0,41.0,397.0,66.0,422.0,9.0,163.0,259.0,269.0,100.0,331.0,77.0,25.981873111782477,37.174721189591075,38.62559241706161,0901300010423,19.2487118,-99.10164109,1,2,True,False,False
09,013,Xochimilco,0001,0438,1537,786.0,55.0,57.0,626.0,98.0,666.0,7.0,289.0,376.0,400.0,124.0,528.0,112.0,22.53787878787879,31.0,43.393393393393396,0901300010438,19.243664340000002,-99.10151625,0,1,False,False,False
09,013,Xochimilco,0001,0442,4369,2309.0,123.0,179.0,1880.0,407.0,1978.0,32.0,927.0,1050.0,1192.0,421.0,1473.0,302.0,22.674813306177867,35.31879194630873,46.865520728008086,0901300010442,19.24455356,-99.09610918999999,0,1,False,False,False
09,013,Xochimilco,0001,0461,6559,3445.0,218.0,246.0,2723.0,488.0,2915.0,43.0,1439.0,1472.0,1758.0,696.0,2235.0,464.0,22.684563758389263,39.59044368600683,49.36535162950258,0901300010461,19.246680105000003,-99.08409216999999,1,1,False,False,False
09,013,Xochimilco,0001,0480,6753,3518.0,231.0,271.0,2818.0,509.0,2974.0,54.0,1391.0,1580.0,1762.0,630.0,2309.0,502.0,24.07968817669987,35.754824063564136,46.772024209818426,0901300010480,19.240507110000003,-99.11700392,1,2,False,False,False
09,013,Xochimilco,0001,0495,536,272.0,15.0,20.0,224.0,52.0,234.0,12.0,105.0,129.0,152.0,41.0,172.0,35.0,27.325581395348834,26.973684210526315,44.871794871794876,0901300010495,19.24288475,-99.11180322,1,2,True,False,False
09,013,Xochimilco,0001,0508,6807,3498.0,213.0,267.0,2833.0,477.0,2989.0,58.0,1382.0,1601.0,1877.0,575.0,2356.0,480.0,22.835314091680814,30.63399041022909,46.23619939779191,0901300010508,19.240731345,-99.107779135,0,2,False,False,False
09,013,Xochimilco,0001,0527,6453,3308.0,232.0,272.0,2617.0,468.0,2775.0,72.0,1182.0,1593.0,1642.0,514.0,2149.0,504.0,26.80316426244765,31.303288672350792,42.59459459459459,0901300010527,19.25962819,-99.03148655,0,0,True,True,True
09,013,Xochimilco,0001,0550,3162,1648.0,99.0,115.0,1360.0,348.0,1430.0,31.0,770.0,657.0,833.0,307.0,1012.0,214.0,24.209486166007903,36.8547418967587,53.84615384615385,0901300010550,19.25449606,-99.013621675,3,4,True,False,False
09,013,Xochimilco,0001,0565,2947,1535.0,69.0,97.0,1287.0,321.0,1340.0,37.0,657.0,683.0,792.0,320.0,966.0,166.0,21.014492753623188,40.4040404040404,49.02985074626866,0901300010565,19.25430927,-99.01139268,3,4,False,False,False
09,013,Xochimilco,0001,0599,5132,785.0,40.0,68.0,641.0,100.0,681.0,22.0,280.0,401.0,404.0,119.0,541.0,108.0,24.029574861367838,29.455445544554454,41.116005873715125,0901300010599,19.23594672,-99.123788515,2,2,False,False,False
09,013,Xochimilco,0001,0601,5831,2981.0,188.0,234.0,2358.0,422.0,2503.0,46.0,1147.0,1353.0,1430.0,433.0,1936.0,422.0,24.173553719008265,30.27972027972028,45.82500998801438,0901300010601,19.22463545,-99.107873845,0,1,True,False,True
09,013,Xochimilco,0001,064A,3126,1627.0,75.0,116.0,1345.0,288.0,1413.0,41.0,630.0,780.0,848.0,310.0,1057.0,191.0,21.948912015137182,36.556603773584904,44.5859872611465,090130001064A,19.21791975,-99.09940985,0,1,False,False,False
09,013,Xochimilco,0001,0654,3725,1922.0,110.0,146.0,1533.0,310.0,1622.0,55.0,775.0,844.0,1001.0,358.0,1223.0,256.0,25.42927228127555,35.764235764235764,47.78051787916153,0901300010654,19.21823144,-99.0975774,0,1,True,False,True
09,013,Xochimilco,0001,0669,3864,1988.0,144.0,163.0,1559.0,245.0,1652.0,32.0,906.0,743.0,930.0,304.0,1314.0,307.0,25.799086757990867,32.68817204301075,54.842615012106535,0901300010669,19.19769793,-99.1222808,1,2,True,False,False
09,013,Xochimilco,0001,0688,4942,2639.0,173.0,227.0,2064.0,373.0,2204.0,44.0,995.0,1202.0,1274.0,473.0,1691.0,400.0,26.256652868125368,37.127158555729984,45.14519056261343,0901300010688,19.266999135,-99.1111281,2,5,True,False,False
09,013,Xochimilco,0001,0692,11447,5915.0,412.0,480.0,4633.0,667.0,4958.0,72.0,2232.0,2723.0,2966.0,992.0,3966.0,892.0,24.306606152294503,33.44571813890762,45.01815248083905,0901300010692,19.255451845,-99.032020045,0,0,True,True,True
09,013,Xochimilco,0001,0705,913,489.0,44.0,59.0,351.0,31.0,376.0,5.0,193.0,181.0,227.0,61.0,320.0,103.0,33.75,26.87224669603524,51.329787234042556,0901300010705,19.263487395,-99.09045026000001,1,1,True,False,False
09,013,Xochimilco,0001,071A,691,343.0,24.0,27.0,264.0,30.0,284.0,5.0,138.0,146.0,183.0,82.0,234.0,51.0,23.931623931623932,44.80874316939891,48.59154929577465,090130001071A,19.25605002,-99.07112274,1,1,False,False,False
09,013,Xochimilco,0001,0724,934,453.0,51.0,57.0,322.0,26.0,344.0,3.0,147.0,195.0,218.0,38.0,296.0,108.0,37.5,17.431192660550458,42.73255813953488,0901300010724,19.26127096,-99.06356533,2,3,True,False,False
09,013,Xochimilco,0001,0739,2840,1418.0,98.0,146.0,1095.0,133.0,1165.0,13.0,414.0,750.0,724.0,373.0,962.0,244.0,26.715176715176714,51.51933701657458,35.53648068669528,0901300010739,19.235979745,-99.090443935,0,0,True,True,True
09,013,Xochimilco,0001,0743,6722,3493.0,209.0,288.0,2763.0,393.0,2936.0,41.0,1302.0,1633.0,1738.0,633.0,2370.0,497.0,22.70042194092827,36.42117376294591,44.346049046321525,0901300010743,19.23512419,-99.09650545,0,0,False,False,False
09,013,Xochimilco,0001,0758,4419,2262.0,158.0,179.0,1761.0,248.0,1871.0,17.0,827.0,1041.0,1101.0,443.0,1513.0,337.0,23.397224058162593,40.236148955495004,44.20096205237841,0901300010758,19.23369904,-99.1061651,0,0,False,False,False
09,013,Xochimilco,0001,0762,1530,776.0,58.0,65.0,593.0,69.0,639.0,11.0,302.0,337.0,400.0,148.0,524.0,123.0,25.572519083969464,37.0,47.26134585289515,0901300010762,19.23443375,-99.09841142,0,0,True,True,True
09,013,Xochimilco,0001,0777,2101,1086.0,50.0,83.0,877.0,169.0,923.0,15.0,394.0,528.0,535.0,161.0,708.0,133.0,20.903954802259886,30.093457943925234,42.68689057421452,0901300010777,19.22351236,-99.10396538,0,2,False,False,False
09,013,Xochimilco,0001,0809,877,452.0,42.0,46.0,329.0,28.0,358.0,5.0,176.0,181.0,223.0,57.0,301.0,88.0,30.89700996677741,25.56053811659193,49.162011173184354,0901300010809,19.23223188,-99.14713166,0,0,True,True,True
09,013,Xochimilco,0001,0813,4180,2128.0,156.0,188.0,1647.0,197.0,1744.0,26.0,770.0,974.0,1053.0,336.0,1450.0,344.0,25.517241379310345,31.908831908831907,44.15137614678899,0901300010813,19.239468690000002,-99.143852565,1,1,True,False,False
09,013,Xochimilco,0001,0828,3434,1784.0,129.0,175.0,1386.0,199.0,1473.0,19.0,702.0,766.0,832.0,285.0,1187.0,304.0,27.211457455770848,34.25480769230769,47.657841140529534,0901300010828,19.23755547,-99.12651193,1,1,True,False,False
09,013,Xochimilco,0001,0832,754,363.0,30.0,27.0,287.0,40.0,307.0,11.0,126.0,180.0,198.0,64.0,247.0,57.0,27.530364372469634,32.323232323232325,41.042345276872965,0901300010832,19.22430695,-99.118040225,2,2,True,False,False
09,013,Xochimilco,0001,0847,1243,616.0,51.0,70.0,469.0,69.0,500.0,9.0,250.0,250.0,323.0,90.0,400.0,121.0,32.5,27.86377708978328,50.0,0901300010847,19.21711576,-99.1224519,0,0,True,True,True
09,013,Xochimilco,0001,0851,2606,1315.0,116.0,128.0,944.0,90.0,1030.0,19.0,535.0,495.0,604.0,210.0,854.0,244.0,30.79625292740047,34.7682119205298,51.94174757281553,0901300010851,19.20420653,-99.1292814,0,1,True,False,True
09,013,Xochimilco,0001,0866,2156,1128.0,80.0,115.0,859.0,97.0,922.0,9.0,439.0,482.0,522.0,177.0,762.0,195.0,26.77165354330709,33.90804597701149,47.613882863340564,0901300010866,19.24749239,-99.03406227,0,0,True,True,True
09,013,Xochimilco,0001,0870,2133,1091.0,84.0,95.0,853.0,99.0,903.0,15.0,418.0,485.0,532.0,155.0,754.0,179.0,25.72944297082228,29.135338345864664,46.29014396456257,0901300010870,19.24481041,-99.01952167,0,0,True,True,True
09,013,Xochimilco,0001,0885,1161,580.0,37.0,53.0,457.0,52.0,486.0,5.0,232.0,253.0,294.0,83.0,405.0,90.0,23.456790123456788,28.2312925170068,47.73662551440329,0901300010885,19.19852428,-99.11923843,1,2,False,False,False
09,013,Xochimilco,0001,089A,867,432.0,33.0,42.0,318.0,39.0,345.0,0.0,145.0,199.0,226.0,95.0,279.0,75.0,26.881720430107524,42.0353982300885,42.028985507246375,090130001089A,19.22415039,-99.09422077,0,0,True,True,True
09,013,Xochimilco,0001,0917,1860,1029.0,36.0,55.0,868.0,251.0,898.0,62.0,424.0,468.0,539.0,179.0,617.0,91.0,24.79740680713128,33.209647495361786,47.216035634743875,0901300010917,19.26517239,-99.13578243,2,5,True,False,False
09,013,Xochimilco,0001,1027,5389,2826.0,134.0,189.0,2346.0,462.0,2453.0,52.0,1122.0,1329.0,1422.0,514.0,1884.0,323.0,19.904458598726116,36.14627285513362,45.73991031390135,0901300011027,19.247648235,-99.09092564,0,0,False,False,False
09,013,Xochimilco,0001,1031,8257,4232.0,255.0,335.0,3345.0,534.0,3537.0,63.0,1661.0,1872.0,2044.0,826.0,2811.0,590.0,23.230167200284598,40.41095890410959,46.96070115917444,0901300011031,19.24282461,-99.08991489,0,0,False,False,False
09,013,Xochimilco,0001,1046,2097,1101.0,49.0,44.0,960.0,294.0,1001.0,19.0,430.0,566.0,671.0,309.0,666.0,93.0,16.816816816816818,46.050670640834575,42.95704295704296,0901300011046,19.2699985,-99.1161683,2,5,False,False,False
09,013,Xochimilco,0001,1050,4156,2184.0,123.0,145.0,1811.0,366.0,1900.0,26.0,926.0,974.0,1148.0,447.0,1445.0,268.0,20.346020761245676,38.937282229965156,48.73684210526316,0901300011050,19.26903191,-99.1131911,2,5,False,False,False
09,013,Xochimilco,0001,1065,4032,2111.0,68.0,92.0,1844.0,480.0,1908.0,34.0,786.0,1119.0,1247.0,460.0,1364.0,160.0,14.222873900293257,36.888532477947074,41.19496855345912,0901300011065,19.27678632,-99.1244559,1,6,False,False,False
09,013,Xochimilco,0001,107A,3253,1742.0,60.0,80.0,1520.0,434.0,1573.0,31.0,811.0,759.0,977.0,364.0,1086.0,140.0,15.745856353591158,37.25690890481064,51.557533375715195,090130001107A,19.2725941,-99.12469075,2,4,False,False,False
09,013,Xochimilco,0001,1084,2950,1509.0,98.0,113.0,1226.0,268.0,1299.0,34.0,605.0,693.0,647.0,234.0,958.0,211.0,25.5741127348643,36.16692426584235,46.574287913779834,0901300011084,19.27015438,-99.10303105,2,3,True,False,False
09,013,Xochimilco,0001,1099,2830,1431.0,117.0,141.0,1097.0,189.0,1170.0,20.0,569.0,601.0,689.0,225.0,908.0,258.0,30.616740088105725,32.65602322206096,48.63247863247863,0901300011099,19.27223055,-99.10109902,2,3,True,False,False
09,013,Xochimilco,0001,1101,4781,2448.0,191.0,251.0,1842.0,252.0,1970.0,43.0,856.0,1108.0,1199.0,392.0,1590.0,442.0,30.50314465408805,32.69391159299416,43.45177664974619,0901300011101,19.26640888,-99.09535553,2,3,True,False,False
09,013,Xochimilco,0001,1116,2848,1502.0,81.0,134.0,1208.0,243.0,1287.0,30.0,603.0,681.0,696.0,227.0,965.0,215.0,25.38860103626943,32.61494252873563,46.85314685314685,0901300011116,19.26403865,-99.09748734,4,5,True,False,False
09,013,Xochimilco,0001,1120,2499,1306.0,65.0,75.0,1079.0,245.0,1130.0,27.0,514.0,614.0,602.0,244.0,834.0,140.0,20.023980815347723,40.53156146179402,45.48672566371682,0901300011120,19.261654165,-99.09825402,4,5,False,False,False
09,013,Xochimilco,0001,1135,4026,2020.0,136.0,179.0,1583.0,214.0,1679.0,31.0,650.0,1022.0,1050.0,329.0,1369.0,315.0,25.27392257121987,31.333333333333336,38.71351995235259,0901300011135,19.259155720000003,-99.08377307,0,0,True,True,True
09,013,Xochimilco,0001,114A,6318,3246.0,228.0,263.0,2526.0,345.0,2674.0,43.0,1091.0,1578.0,1514.0,568.0,2181.0,491.0,24.484181568088033,37.51651254953765,40.80029917726253,090130001114A,19.259425995,-99.09060026,1,1,True,False,False
09,013,Xochimilco,0001,1154,7460,3823.0,271.0,328.0,3058.0,566.0,3194.0,48.0,1603.0,1588.0,1959.0,693.0,2492.0,599.0,25.963081861958266,35.37519142419602,50.187852222917975,0901300011154,19.2461776,-99.074241405,1,1,True,False,False
09,013,Xochimilco,0001,1169,11635,5973.0,492.0,553.0,4628.0,636.0,4890.0,69.0,2278.0,2606.0,2854.0,988.0,3992.0,1045.0,27.90581162324649,34.61807988787666,46.58486707566462,0901300011169,19.24902767,-99.06160094,2,3,True,False,False
09,013,Xochimilco,0001,1173,5729,2955.0,172.0,211.0,2401.0,448.0,2513.0,59.0,1167.0,1344.0,1430.0,505.0,1953.0,383.0,22.63184843830005,35.31468531468531,46.43851969757262,0901300011173,19.23194228,-99.12037027,2,2,False,False,False
09,013,Xochimilco,0001,1188,6177,3217.0,199.0,257.0,2599.0,480.0,2732.0,53.0,1351.0,1367.0,1592.0,562.0,2119.0,456.0,24.020764511562056,35.301507537688444,49.450951683748166,0901300011188,19.232118800000002,-99.11869049,2,2,False,False,False
09,013,Xochimilco,0001,1192,9781,5044.0,322.0,380.0,4018.0,637.0,4243.0,74.0,2126.0,2112.0,2495.0,835.0,3381.0,702.0,22.95178941141674,33.46693386773547,50.106057035116656,0901300011192,19.24789361,-99.01775925,1,2,False,False,False
09,013,Xochimilco,0001,1205,698,351.0,20.0,30.0,284.0,39.0,296.0,7.0,151.0,145.0,177.0,56.0,245.0,50.0,23.26530612244898,31.63841807909605,51.01351351351351,0901300011205,19.246387239999997,-99.01255938,0,0,False,False,False
09,013,Xochimilco,0001,121A,7212,3699.0,235.0,279.0,2966.0,476.0,3122.0,70.0,1321.0,1798.0,1939.0,758.0,2490.0,514.0,23.453815261044177,39.09231562661166,42.3126201153107,090130001121A,19.28512773,-99.11770356,2,5,False,False,False
09,013,Xochimilco,0001,1224,6729,3457.0,192.0,219.0,2884.0,522.0,3013.0,52.0,1317.0,1691.0,1857.0,729.0,2362.0,411.0,19.60203217612193,39.25686591276252,43.71058745436442,0901300011224,19.28230746,-99.11995913,1,4,False,False,False
09,013,Xochimilco,0001,1239,4240,2203.0,94.0,131.0,1877.0,431.0,1945.0,37.0,813.0,1128.0,1193.0,464.0,1446.0,225.0,18.118948824343015,38.89354568315172,41.79948586118252,0901300011239,19.27836432,-99.12046566,2,5,False,False,False
09,013,Xochimilco,0001,1262,2986,1549.0,37.0,63.0,1365.0,223.0,1426.0,17.0,649.0,776.0,878.0,287.0,1142.0,100.0,10.245183887915937,32.687927107061505,45.51192145862552,0901300011262,19.282512054999998,-99.10950030500001,1,1,False,False,False
09,013,Xochimilco,0001,1296,2160,1085.0,94.0,105.0,830.0,92.0,875.0,7.0,408.0,466.0,542.0,174.0,738.0,199.0,27.91327913279133,32.10332103321033,46.62857142857143,0901300011296,19.2333353,-99.09240294,0,0,True,True,True
09,013,Xochimilco,0001,1309,1210,622.0,46.0,50.0,494.0,73.0,523.0,12.0,241.0,282.0,309.0,97.0,421.0,96.0,25.653206650831358,31.3915857605178,46.08030592734226,0901300011309,19.23630672,-99.11225956,1,1,True,False,False
09,013,Xochimilco,0001,1313,4863,2470.0,160.0,177.0,1984.0,324.0,2100.0,46.0,1001.0,1097.0,1275.0,431.0,1660.0,337.0,23.072289156626503,33.80392156862745,47.66666666666667,0901300011313,19.25705919,-99.019686275,1,2,False,False,False
09,013,Xochimilco,0001,1328,8341,4364.0,299.0,389.0,3353.0,459.0,3570.0,61.0,1685.0,1882.0,2130.0,722.0,2894.0,688.0,25.881133379405668,33.89671361502347,47.198879551820724,0901300011328,19.250585165,-99.02592224,0,0,True,True,True
09,013,Xochimilco,0001,1332,5578,2946.0,102.0,129.0,2549.0,645.0,2651.0,44.0,1220.0,1429.0,1556.0,643.0,1904.0,231.0,14.443277310924369,41.32390745501285,46.02036967182195,0901300011332,19.265819385,-99.13175667499999,1,4,False,False,False
09,013,Xochimilco,0001,1347,1530,810.0,37.0,50.0,694.0,123.0,713.0,10.0,290.0,419.0,617.0,309.0,571.0,87.0,16.987740805604204,50.08103727714749,40.67321178120617,0901300011347,19.263289399999998,-99.126005865,2,4,False,False,False
09,013,Xochimilco,0001,1366,5812,2945.0,198.0,227.0,2324.0,378.0,2455.0,36.0,1109.0,1340.0,1606.0,687.0,1946.0,425.0,23.6896197327852,42.777085927770855,45.17311608961304,0901300011366,19.25397499,-99.07245537,1,1,False,False,False
09,013,Xochimilco,0001,1370,4391,2253.0,129.0,166.0,1822.0,298.0,1935.0,23.0,978.0,952.0,1209.0,653.0,1524.0,295.0,20.866141732283463,54.01157981803143,50.542635658914726,0901300011370,19.24888994,-99.07423864500001,1,1,False,False,False
09,013,Xochimilco,0001,1385,2068,1040.0,38.0,42.0,920.0,168.0,953.0,6.0,425.0,528.0,602.0,264.0,752.0,80.0,11.436170212765957,43.85382059800664,44.596012591815324,0901300011385,19.27843557,-99.11718404,1,3,False,False,False
09,013,Xochimilco,0001,139A,1719,888.0,25.0,45.0,773.0,137.0,808.0,5.0,393.0,415.0,487.0,150.0,636.0,70.0,11.79245283018868,30.800821355236142,48.63861386138614,090130001139A,19.279240295,-99.113451465,1,3,False,False,False
09,013,Xochimilco,0001,1402,3227,1624.0,127.0,161.0,1283.0,138.0,1348.0,27.0,655.0,693.0,815.0,295.0,1145.0,288.0,27.510917030567683,36.19631901840491,48.590504451038576,0901300011402,19.25556273,-99.08149591,1,1,True,False,False
09,013,Xochimilco,0001,1417,2212,1123.0,81.0,97.0,839.0,91.0,891.0,19.0,364.0,526.0,569.0,221.0,748.0,178.0,26.336898395721924,38.84007029876977,40.85297418630752,0901300011417,19.2539682,-99.07968612,1,1,True,False,False
09,013,Xochimilco,0001,1421,1247,657.0,37.0,39.0,531.0,95.0,565.0,4.0,291.0,272.0,327.0,117.0,436.0,76.0,18.34862385321101,35.77981651376147,51.50442477876106,0901300011421,19.24836779,-99.132542565,0,1,False,False,False
09,013,Xochimilco,0001,1436,2325,1164.0,85.0,106.0,912.0,96.0,977.0,18.0,462.0,515.0,587.0,207.0,816.0,191.0,25.612745098039213,35.26405451448041,47.28761514841351,0901300011436,19.22881969,-99.09649942,0,0,True,True,True
09,013,Xochimilco,0001,1440,4557,2295.0,183.0,233.0,1728.0,183.0,1863.0,28.0,772.0,1086.0,1147.0,366.0,1545.0,416.0,28.7378640776699,31.909328683522233,41.438539989264626,0901300011440,19.225404310000002,-99.08804811499999,0,0,True,True,True
09,013,Xochimilco,0001,1455,2154,1087.0,85.0,101.0,822.0,96.0,881.0,11.0,385.0,496.0,514.0,168.0,726.0,186.0,27.134986225895318,32.68482490272373,43.70034052213394,0901300011455,19.24119255,-99.13057374,0,0,True,True,True
09,013,Xochimilco,0001,146A,2687,1341.0,112.0,132.0,1009.0,110.0,1080.0,15.0,500.0,576.0,710.0,200.0,899.0,244.0,28.809788654060064,28.169014084507044,46.2962962962963,090130001146A,19.219029470000002,-99.12752159499999,0,0,True,True,True
09,013,Xochimilco,0001,1474,1442,695.0,57.0,74.0,537.0,56.0,572.0,10.0,260.0,309.0,354.0,170.0,481.0,131.0,29.313929313929314,48.0225988700565,45.45454545454545,0901300011474,19.19935106,-99.10570685,0,0,True,True,True
09,013,Xochimilco,0001,1489,648,331.0,38.0,30.0,244.0,29.0,260.0,7.0,130.0,129.0,172.0,59.0,215.0,68.0,34.883720930232556,34.30232558139535,50.0,0901300011489,19.2596846,-99.06018576,2,3,True,False,False
09,013,Xochimilco,0001,1493,1896,956.0,84.0,110.0,709.0,73.0,753.0,9.0,430.0,323.0,459.0,114.0,636.0,194.0,31.91823899371069,24.836601307189543,57.104913678618864,0901300011493,19.245743894999997,-99.02893355500001,0,0,True,True,True
09,013,Xochimilco,0001,1506,840,438.0,31.0,36.0,338.0,36.0,360.0,7.0,164.0,196.0,219.0,67.0,302.0,67.0,24.503311258278146,30.59360730593607,45.55555555555556,0901300011506,19.22911111,-99.11529151,2,3,True,False,False
09,013,Xochimilco,0001,1525,1151,580.0,41.0,47.0,447.0,58.0,481.0,11.0,213.0,268.0,302.0,121.0,389.0,88.0,25.449871465295633,40.06622516556291,44.28274428274428,0901300011525,19.2314755,-99.11439231,2,2,True,False,False
09,013,Xochimilco,0001,1559,2475,1298.0,112.0,145.0,954.0,83.0,1021.0,21.0,539.0,480.0,590.0,174.0,871.0,257.0,31.917336394948336,29.491525423728817,52.79138099902057,0901300011559,19.244238745,-99.02597406,0,0,True,True,True
09,014,Benito Juárez,0001,0011,3973,2096.0,67.0,108.0,1899.0,442.0,1943.0,26.0,605.0,1332.0,1662.0,722.0,1457.0,175.0,13.795470144131777,43.4416365824308,31.13741636644364,0901400010011,19.401627984999998,-99.15913099,7,11,False,False,False
09,014,Benito Juárez,0001,0026,4161,2124.0,82.0,88.0,1911.0,419.0,1953.0,22.0,630.0,1320.0,1781.0,802.0,1492.0,170.0,12.868632707774799,45.03088152723189,32.25806451612903,0901400010026,19.40320819,-99.15537608,5,9,False,False,False
09,014,Benito Juárez,0001,0030,5366,2846.0,116.0,154.0,2521.0,599.0,2592.0,33.0,908.0,1684.0,2230.0,997.0,1922.0,270.0,15.764828303850157,44.708520179372194,35.03086419753087,0901400010030,19.40207856,-99.14020811,6,6,False,False,False
09,014,Benito Juárez,0001,0045,3480,1834.0,64.0,81.0,1658.0,429.0,1700.0,45.0,621.0,1079.0,1451.0,618.0,1229.0,145.0,15.459723352318958,42.591316333563064,36.529411764705884,0901400010045,19.397461895,-99.167777035,10,15,False,False,False
09,014,Benito Juárez,0001,005A,5914,3205.0,151.0,169.0,2827.0,705.0,2887.0,84.0,1018.0,1866.0,2347.0,972.0,2122.0,320.0,19.038642789820923,41.414571793779295,35.26151714582612,090140001005A,19.398845729999998,-99.16227079000001,10,14,False,False,False
09,014,Benito Juárez,0001,0064,4064,2156.0,83.0,90.0,1944.0,500.0,1989.0,32.0,728.0,1259.0,1677.0,759.0,1444.0,173.0,14.19667590027701,45.25939177101968,36.60130718954248,0901400010064,19.396080365000003,-99.1577827,12,17,False,False,False
09,014,Benito Juárez,0001,0079,6309,3328.0,122.0,129.0,3018.0,785.0,3085.0,57.0,1067.0,2012.0,2652.0,1116.0,2233.0,251.0,13.793103448275861,42.081447963800905,34.58670988654781,0901400010079,19.399266,-99.1542374,10,14,False,False,False
09,014,Benito Juárez,0001,0083,4930,2643.0,77.0,94.0,2416.0,675.0,2461.0,41.0,877.0,1581.0,2145.0,978.0,1741.0,171.0,12.176909821941413,45.59440559440559,35.63592035757822,0901400010083,19.39556827,-99.15175885,11,13,False,False,False
09,014,Benito Juárez,0001,0098,6213,3407.0,163.0,184.0,2995.0,695.0,3074.0,38.0,975.0,2098.0,2591.0,1210.0,2300.0,347.0,16.73913043478261,46.700115785411036,31.717631750162656,0901400010098,19.39838517,-99.14783605,9,10,False,False,False
09,014,Benito Juárez,0001,0100,1983,1040.0,43.0,45.0,936.0,223.0,954.0,10.0,345.0,603.0,843.0,425.0,713.0,88.0,13.744740532959327,50.41518386714117,36.16352201257861,0901400010100,19.39590568,-99.14619744,9,10,False,False,False
09,014,Benito Juárez,0001,0115,5163,2754.0,113.0,148.0,2419.0,560.0,2483.0,33.0,866.0,1610.0,2094.0,897.0,1859.0,261.0,15.814954276492738,42.83667621776504,34.87716472009666,0901400010115,19.39884539,-99.14353739,7,8,False,False,False
09,014,Benito Juárez,0001,012A,5644,2997.0,117.0,122.0,2680.0,611.0,2758.0,42.0,968.0,1771.0,2267.0,1088.0,2069.0,239.0,13.581440309328178,47.99294221438024,35.097897026831035,090140001012A,19.395154339999998,-99.14419932,6,7,False,False,False
09,014,Benito Juárez,0001,0134,5075,2733.0,105.0,129.0,2426.0,598.0,2502.0,65.0,893.0,1606.0,2063.0,1003.0,1828.0,234.0,16.356673960612692,48.61851672321861,35.691446842525984,0901400010134,19.39509148,-99.13934114,6,7,False,False,False
09,014,Benito Juárez,0001,0149,3398,1754.0,55.0,82.0,1550.0,350.0,1603.0,36.0,566.0,1032.0,1358.0,567.0,1200.0,137.0,14.416666666666666,41.75257731958763,35.30879600748597,0901400010149,19.39774566,-99.13551795,4,5,False,False,False
09,014,Benito Juárez,0001,0153,2901,1532.0,76.0,84.0,1342.0,352.0,1381.0,23.0,604.0,774.0,999.0,399.0,990.0,160.0,18.484848484848484,39.93993993993994,43.73642288196959,0901400010153,19.396203104999998,-99.13246068500001,5,6,False,False,False
09,014,Benito Juárez,0001,0168,1670,895.0,31.0,37.0,803.0,202.0,822.0,20.0,301.0,519.0,650.0,271.0,601.0,68.0,14.64226289517471,41.692307692307686,36.61800486618005,0901400010168,19.39421003,-99.13419775,4,5,False,False,False
09,014,Benito Juárez,0001,0172,1828,1017.0,41.0,40.0,913.0,248.0,929.0,23.0,365.0,561.0,688.0,339.0,665.0,81.0,15.639097744360903,49.27325581395349,39.28955866523143,0901400010172,19.39230481,-99.13502242,4,5,False,False,False
09,014,Benito Juárez,0001,0187,6913,3714.0,184.0,169.0,3311.0,811.0,3388.0,46.0,1221.0,2165.0,2655.0,1175.0,2500.0,353.0,15.959999999999999,44.25612052730697,36.038961038961034,0901400010187,19.39528211,-99.182693935,8,10,False,False,False
09,014,Benito Juárez,0001,0191,4213,2242.0,91.0,108.0,1988.0,480.0,2039.0,33.0,685.0,1353.0,1786.0,780.0,1508.0,199.0,15.384615384615385,43.673012318029116,33.59489946051986,0901400010191,19.392259055,-99.17960963,6,9,False,False,False
09,014,Benito Juárez,0001,0204,6314,3355.0,146.0,180.0,3015.0,675.0,3051.0,45.0,938.0,2112.0,2838.0,1228.0,2340.0,326.0,15.854700854700853,43.26990838618745,30.744018354637824,0901400010204,19.39587204,-99.1768325,8,11,False,False,False
09,014,Benito Juárez,0001,0219,4029,2074.0,96.0,107.0,1857.0,360.0,1891.0,32.0,562.0,1325.0,1809.0,721.0,1497.0,203.0,15.69806279225117,39.8562741846324,29.719725013220515,0901400010219,19.3948621,-99.17422205,9,11,False,False,False
09,014,Benito Juárez,0001,0223,1127,580.0,19.0,16.0,534.0,167.0,545.0,5.0,205.0,335.0,521.0,207.0,367.0,35.0,10.899182561307901,39.731285988483684,37.61467889908257,0901400010223,19.39376031,-99.1721087,7,9,False,False,False
09,014,Benito Juárez,0001,0238,6776,3630.0,129.0,158.0,3293.0,893.0,3358.0,44.0,1142.0,2209.0,2822.0,1278.0,2400.0,287.0,13.791666666666666,45.28703047484054,34.008338296605125,0901400010238,19.39160011,-99.16802817,10,12,False,False,False
09,014,Benito Juárez,0001,0242,4514,2377.0,109.0,124.0,2106.0,455.0,2157.0,29.0,695.0,1451.0,1871.0,822.0,1651.0,233.0,15.869170199878862,43.933725280598615,32.22067686601762,0901400010242,19.39539823,-99.16641265,11,15,False,False,False
09,014,Benito Juárez,0001,0257,7766,4140.0,151.0,190.0,3728.0,886.0,3802.0,90.0,1299.0,2501.0,3197.0,1495.0,2842.0,341.0,15.165376495425756,46.76258992805755,34.16622830089426,0901400010257,19.390348145,-99.15873968,9,11,False,False,False
09,014,Benito Juárez,0001,0261,8246,4392.0,158.0,180.0,3988.0,1051.0,4067.0,101.0,1303.0,2756.0,3415.0,1576.0,2937.0,338.0,14.947225059584609,46.1493411420205,32.03835751167937,0901400010261,19.39181679,-99.155599545,10,13,False,False,False
09,014,Benito Juárez,0001,0276,4686,2430.0,102.0,110.0,2196.0,556.0,2240.0,26.0,769.0,1468.0,1988.0,825.0,1640.0,212.0,14.512195121951219,41.4989939637827,34.330357142857146,0901400010276,19.38970159,-99.14866875,8,11,False,False,False
09,014,Benito Juárez,0001,0280,2417,1314.0,42.0,43.0,1211.0,381.0,1237.0,13.0,532.0,705.0,913.0,411.0,830.0,85.0,11.80722891566265,45.016429353778754,43.00727566693613,0901400010280,19.38917922,-99.14418362,5,6,False,False,False
09,014,Benito Juárez,0001,0295,2208,1188.0,48.0,67.0,1031.0,237.0,1065.0,16.0,423.0,642.0,833.0,375.0,794.0,115.0,16.49874055415617,45.01800720288116,39.718309859154935,0901400010295,19.388261795,-99.144068735,4,5,False,False,False
09,014,Benito Juárez,0001,0308,3867,2038.0,69.0,102.0,1811.0,489.0,1864.0,30.0,768.0,1093.0,1489.0,607.0,1322.0,171.0,15.204236006051437,40.76561450638012,41.201716738197426,0901400010308,19.38988892,-99.14011146,4,6,False,False,False
09,014,Benito Juárez,0001,0312,2167,1181.0,40.0,49.0,1073.0,352.0,1109.0,43.0,495.0,612.0,754.0,379.0,721.0,89.0,18.307905686546462,50.265251989389924,44.63480613165014,0901400010312,19.39018722,-99.1349143,3,5,False,False,False
09,014,Benito Juárez,0001,0327,1777,1003.0,22.0,42.0,890.0,297.0,918.0,25.0,395.0,522.0,608.0,281.0,593.0,64.0,15.008431703204048,46.21710526315789,43.028322440087145,0901400010327,19.38831257,-99.13690709,3,4,False,False,False
09,014,Benito Juárez,0001,0331,2619,1431.0,48.0,64.0,1297.0,413.0,1323.0,33.0,565.0,750.0,959.0,446.0,884.0,112.0,16.402714932126695,46.5067778936392,42.705971277399854,0901400010331,19.38603128,-99.13608786,3,6,False,False,False
09,014,Benito Juárez,0001,0346,5180,2770.0,149.0,148.0,2449.0,514.0,2496.0,50.0,747.0,1744.0,2198.0,1000.0,1935.0,297.0,17.9328165374677,45.49590536851683,29.927884615384613,0901400010346,19.38880915,-99.18714811,4,5,False,False,False
09,014,Benito Juárez,0001,0350,3701,1967.0,78.0,103.0,1778.0,451.0,1808.0,29.0,565.0,1241.0,1596.0,678.0,1327.0,181.0,15.825169555388094,42.4812030075188,31.25,0901400010350,19.391446465,-99.18338973,6,9,False,False,False
09,014,Benito Juárez,0001,0365,1729,928.0,28.0,30.0,852.0,214.0,870.0,32.0,315.0,553.0,790.0,341.0,638.0,58.0,14.106583072100312,43.164556962025316,36.206896551724135,0901400010365,19.38637778,-99.18441517,5,7,False,False,False
09,014,Benito Juárez,0001,037A,2546,1303.0,53.0,60.0,1179.0,292.0,1199.0,14.0,368.0,830.0,1166.0,451.0,887.0,113.0,14.317925591882751,38.67924528301887,30.692243536280234,090140001037A,19.38620926,-99.17924751,4,6,False,False,False
09,014,Benito Juárez,0001,0384,4103,2153.0,86.0,112.0,1898.0,410.0,1940.0,29.0,649.0,1268.0,1812.0,733.0,1488.0,198.0,15.255376344086022,40.45253863134658,33.45360824742268,0901400010384,19.38918304,-99.17513565499999,6,9,False,False,False
09,014,Benito Juárez,0001,0399,4090,2218.0,118.0,126.0,1976.0,558.0,2025.0,33.0,723.0,1301.0,1682.0,748.0,1418.0,244.0,19.534555712270805,44.470868014268724,35.7037037037037,0901400010399,19.38786892,-99.17132975,10,11,False,False,False
09,014,Benito Juárez,0001,0401,5533,2965.0,129.0,141.0,2610.0,721.0,2653.0,35.0,895.0,1758.0,2261.0,973.0,1889.0,270.0,16.146109052408683,43.034055727554176,33.73539389370524,0901400010401,19.38669894,-99.16640746,8,10,False,False,False
09,014,Benito Juárez,0001,0416,3011,1587.0,67.0,90.0,1398.0,359.0,1438.0,18.0,459.0,975.0,1257.0,516.0,1039.0,157.0,16.843118383060634,41.05011933174224,31.91933240611961,0901400010416,19.38450593,-99.16296653,8,10,False,False,False
09,014,Benito Juárez,0001,0420,5609,2936.0,120.0,142.0,2621.0,652.0,2677.0,31.0,942.0,1729.0,2312.0,1049.0,1969.0,262.0,14.880650076180801,45.3719723183391,35.188644004482626,0901400010420,19.38555586,-99.15759446,10,13,False,False,False
09,014,Benito Juárez,0001,0435,5570,3030.0,110.0,136.0,2715.0,681.0,2783.0,58.0,1032.0,1749.0,2307.0,1015.0,2034.0,246.0,14.945919370698132,43.99653229302124,37.08228530362918,0901400010435,19.386665049999998,-99.15093691999999,8,10,False,False,False
09,014,Benito Juárez,0001,044A,4368,2268.0,85.0,112.0,2052.0,561.0,2096.0,37.0,691.0,1403.0,1764.0,790.0,1491.0,197.0,15.694164989939638,44.78458049886621,32.967557251908396,090140001044A,19.38332153,-99.15435957,6,9,False,False,False
09,014,Benito Juárez,0001,0454,1940,1079.0,44.0,47.0,955.0,254.0,980.0,12.0,371.0,609.0,766.0,332.0,701.0,91.0,14.693295292439373,43.34203655352481,37.857142857142854,0901400010454,19.38318675,-99.1516951,5,8,False,False,False
09,014,Benito Juárez,0001,0469,7095,3871.0,134.0,214.0,3389.0,769.0,3484.0,62.0,1207.0,2275.0,2785.0,1249.0,2620.0,348.0,15.648854961832063,44.847396768402156,34.644087256027554,0901400010469,19.37974547,-99.15049019,5,7,False,False,False
09,014,Benito Juárez,0001,0473,1915,1029.0,29.0,41.0,917.0,260.0,944.0,23.0,240.0,704.0,668.0,296.0,657.0,70.0,14.15525114155251,44.31137724550898,25.423728813559322,0901400010473,19.38399193,-99.1466464,4,6,False,False,False
09,014,Benito Juárez,0001,0488,10448,5638.0,239.0,350.0,4844.0,1029.0,5009.0,77.0,1842.0,3151.0,3910.0,1862.0,3815.0,589.0,17.45740498034076,47.62148337595908,36.77380714713516,0901400010488,19.38529356,-99.14448145,3,4,False,False,False
09,014,Benito Juárez,0001,0492,3322,1758.0,72.0,99.0,1532.0,347.0,1577.0,28.0,589.0,988.0,1323.0,545.0,1185.0,171.0,16.793248945147678,41.19425547996977,37.34939759036144,0901400010492,19.383966815,-99.140831095,1,2,False,False,False
09,014,Benito Juárez,0001,0505,3014,1597.0,60.0,67.0,1428.0,392.0,1464.0,35.0,584.0,877.0,1180.0,519.0,1036.0,127.0,15.637065637065636,43.983050847457626,39.89071038251366,0901400010505,19.37952316,-99.14192054,2,5,False,False,False
09,014,Benito Juárez,0001,051A,2793,1463.0,57.0,59.0,1309.0,404.0,1343.0,40.0,606.0,737.0,963.0,425.0,905.0,116.0,17.23756906077348,44.13291796469366,45.12285927029039,090140001051A,19.38376843,-99.13701357,2,6,False,False,False
09,014,Benito Juárez,0001,0524,2763,1533.0,53.0,45.0,1354.0,417.0,1387.0,36.0,558.0,824.0,1043.0,498.0,937.0,98.0,14.300960512273212,47.74688398849472,40.23071377072819,0901400010524,19.38065856,-99.1387408,1,2,False,False,False
09,014,Benito Juárez,0001,0539,2679,1407.0,49.0,48.0,1264.0,389.0,1293.0,20.0,548.0,745.0,980.0,415.0,875.0,97.0,13.37142857142857,42.3469387755102,42.38205723124517,0901400010539,19.37844898,-99.13900029,0,1,False,False,False
09,014,Benito Juárez,0001,0543,5681,2969.0,151.0,155.0,2606.0,577.0,2681.0,45.0,861.0,1815.0,2374.0,1048.0,2029.0,306.0,17.29916214884179,44.14490311710193,32.114882506527415,0901400010543,19.381706195,-99.1901599,3,5,False,False,False
09,014,Benito Juárez,0001,0558,2425,1268.0,97.0,73.0,1102.0,253.0,1133.0,30.0,368.0,762.0,1016.0,442.0,849.0,170.0,23.557126030624264,43.503937007874015,32.4801412180053,0901400010558,19.383859700000002,-99.186786635,4,6,False,False,False
09,014,Benito Juárez,0001,0562,3819,2005.0,84.0,100.0,1817.0,437.0,1842.0,24.0,561.0,1274.0,1619.0,675.0,1380.0,184.0,15.072463768115943,41.69240271772699,30.456026058631924,0901400010562,19.38169704,-99.18287907,3,4,False,False,False
09,014,Benito Juárez,0001,0577,6059,3209.0,123.0,140.0,2925.0,705.0,2977.0,41.0,841.0,2134.0,2855.0,1313.0,2220.0,263.0,13.693693693693692,45.98949211908931,28.249916022841788,0901400010577,19.382632909999998,-99.17730473,4,4,False,False,False
09,014,Benito Juárez,0001,0581,521,272.0,6.0,10.0,246.0,79.0,253.0,5.0,101.0,152.0,175.0,52.0,167.0,16.0,12.574850299401197,29.714285714285715,39.920948616600796,0901400010581,19.38318809,-99.17359617,7,8,False,False,False
09,014,Benito Juárez,0001,0596,3156,1731.0,74.0,67.0,1557.0,481.0,1595.0,40.0,630.0,963.0,1289.0,595.0,1076.0,141.0,16.82156133828996,46.15981380915438,39.49843260188088,0901400010596,19.379620495,-99.17255831,6,6,False,False,False
09,014,Benito Juárez,0001,0609,4320,2334.0,85.0,119.0,2105.0,638.0,2151.0,31.0,900.0,1251.0,1841.0,769.0,1467.0,204.0,16.01908657123381,41.77077675176534,41.84100418410041,0901400010609,19.38004424,-99.16800036,6,7,False,False,False
09,014,Benito Juárez,0001,0613,5414,2892.0,101.0,146.0,2580.0,687.0,2629.0,42.0,878.0,1750.0,2377.0,1114.0,1893.0,247.0,15.26677231907026,46.86579722339083,33.39672879421833,0901400010613,19.37907103,-99.161313295,6,7,False,False,False
09,014,Benito Juárez,0001,0628,5347,2909.0,97.0,115.0,2624.0,805.0,2689.0,43.0,1077.0,1606.0,2083.0,889.0,1819.0,212.0,14.018691588785046,42.678828612578016,40.052063964298995,0901400010628,19.37809582,-99.15680663,7,9,False,False,False
09,014,Benito Juárez,0001,0632,6933,3744.0,125.0,164.0,3375.0,960.0,3464.0,62.0,1372.0,2087.0,2768.0,1176.0,2415.0,289.0,14.534161490683232,42.48554913294797,39.607390300230946,0901400010632,19.375579645000002,-99.1522247,6,7,False,False,False
09,014,Benito Juárez,0001,0647,5658,3026.0,117.0,163.0,2617.0,634.0,2708.0,39.0,1003.0,1698.0,2015.0,826.0,1983.0,280.0,16.08673726676752,40.992555831265506,37.0384047267356,0901400010647,19.376181585,-99.14688642,4,5,False,False,False
09,014,Benito Juárez,0001,0651,6444,3443.0,146.0,201.0,2985.0,726.0,3099.0,68.0,1207.0,1888.0,2321.0,1045.0,2259.0,347.0,18.3709606020363,45.023696682464454,38.94804775734107,0901400010651,19.37195902,-99.14364058,3,4,False,False,False
09,014,Benito Juárez,0001,0666,3479,1836.0,92.0,91.0,1610.0,341.0,1667.0,31.0,600.0,1066.0,1318.0,559.0,1269.0,183.0,16.86367218282112,42.41274658573596,35.99280143971206,0901400010666,19.37589399,-99.13866507,0,1,False,False,False
09,014,Benito Juárez,0001,0670,6796,3563.0,160.0,199.0,3142.0,703.0,3225.0,59.0,1115.0,2108.0,2578.0,1148.0,2439.0,359.0,17.138171381713818,44.530643910007754,34.57364341085271,0901400010670,19.37158747,-99.13998894,2,3,False,False,False
09,014,Benito Juárez,0001,0685,4576,2434.0,118.0,128.0,2105.0,511.0,2180.0,46.0,772.0,1408.0,1727.0,753.0,1594.0,246.0,18.318695106649937,43.60162130862768,35.41284403669725,0901400010685,19.37361638,-99.19024165,4,10,False,False,False
09,014,Benito Juárez,0001,069A,1735,917.0,36.0,50.0,811.0,208.0,829.0,25.0,286.0,541.0,730.0,327.0,603.0,86.0,18.407960199004975,44.794520547945204,34.499396863691196,090140001069A,19.37337986,-99.18822506,5,10,False,False,False
09,014,Benito Juárez,0001,0702,4122,2240.0,89.0,95.0,2010.0,571.0,2061.0,30.0,758.0,1298.0,1718.0,725.0,1439.0,184.0,14.871438498957609,42.20023282887078,36.778262979136336,0901400010702,19.37526697,-99.18240478,4,8,False,False,False
09,014,Benito Juárez,0001,0717,1190,641.0,18.0,27.0,581.0,193.0,591.0,16.0,227.0,364.0,463.0,190.0,388.0,45.0,15.721649484536082,41.03671706263499,38.40947546531303,0901400010717,19.37378694,-99.1784378,5,7,False,False,False
09,014,Benito Juárez,0001,0721,4471,2535.0,87.0,115.0,2245.0,647.0,2325.0,49.0,954.0,1362.0,1764.0,810.0,1598.0,202.0,15.707133917396746,45.91836734693878,41.03225806451613,0901400010721,19.37706725,-99.17420601,6,6,False,False,False
09,014,Benito Juárez,0001,0736,5045,2657.0,93.0,121.0,2439.0,650.0,2490.0,27.0,924.0,1564.0,2226.0,1031.0,1789.0,214.0,13.471212968138623,46.316262353998205,37.10843373493976,0901400010736,19.37230184,-99.17267884,9,9,False,False,False
09,014,Benito Juárez,0001,0740,3523,1953.0,60.0,69.0,1769.0,522.0,1809.0,25.0,764.0,1043.0,1437.0,665.0,1247.0,129.0,12.34963913392141,46.27696590118302,42.23327805417358,0901400010740,19.37586315,-99.16971171,9,10,False,False,False
09,014,Benito Juárez,0001,0755,5093,2746.0,92.0,113.0,2512.0,713.0,2555.0,51.0,915.0,1634.0,2045.0,893.0,1799.0,205.0,14.23012784880489,43.66748166259169,35.81213307240704,0901400010755,19.37374674,-99.16501159,7,9,False,False,False
09,014,Benito Juárez,0001,076A,4076,2135.0,100.0,124.0,1895.0,441.0,1926.0,29.0,617.0,1304.0,1717.0,672.0,1454.0,224.0,17.400275103163686,39.13803145020384,32.035306334371754,090140001076A,19.37458251,-99.16001704,5,7,False,False,False
09,014,Benito Juárez,0001,0774,7049,3703.0,181.0,156.0,3273.0,867.0,3373.0,52.0,1263.0,2107.0,2732.0,1175.0,2406.0,337.0,16.167913549459684,43.00878477306003,37.44441150311296,0901400010774,19.3703936,-99.15062633,7,9,False,False,False
09,014,Benito Juárez,0001,0789,2843,1522.0,67.0,72.0,1375.0,346.0,1405.0,35.0,460.0,944.0,1126.0,506.0,1029.0,139.0,16.909620991253643,44.93783303730018,32.74021352313167,0901400010789,19.37063854,-99.14407,2,3,False,False,False
09,014,Benito Juárez,0001,0793,4670,2561.0,70.0,98.0,2326.0,615.0,2375.0,48.0,877.0,1496.0,1924.0,901.0,1711.0,168.0,12.624196376388078,46.82952182952183,36.92631578947368,0901400010793,19.37104199,-99.18082789,8,10,False,False,False
09,014,Benito Juárez,0001,0806,5486,2928.0,133.0,127.0,2646.0,762.0,2695.0,56.0,1008.0,1683.0,2278.0,979.0,1884.0,260.0,16.772823779193207,42.97629499561019,37.4025974025974,0901400010806,19.3710217,-99.17600462,8,10,False,False,False
09,014,Benito Juárez,0001,0810,6987,3805.0,165.0,204.0,3318.0,823.0,3408.0,53.0,1301.0,2103.0,2857.0,1238.0,2495.0,369.0,16.91382765531062,43.33216660833042,38.174882629107984,0901400010810,19.3683581,-99.1687811,6,6,False,False,False
09,014,Benito Juárez,0001,083A,3012,1575.0,70.0,71.0,1395.0,342.0,1435.0,31.0,535.0,895.0,1146.0,471.0,1053.0,141.0,16.334283000949668,41.09947643979058,37.282229965156795,090140001083A,19.370439915,-99.161805945,7,9,False,False,False
09,014,Benito Juárez,0001,0844,5577,2938.0,115.0,150.0,2631.0,586.0,2681.0,31.0,963.0,1716.0,2367.0,978.0,2045.0,265.0,14.474327628361857,41.31812420785805,35.91943304737038,0901400010844,19.36635496,-99.15884236,7,8,False,False,False
09,014,Benito Juárez,0001,0859,5794,3100.0,137.0,149.0,2759.0,697.0,2826.0,55.0,1079.0,1742.0,2265.0,1023.0,2062.0,286.0,16.53734238603298,45.16556291390729,38.181174805378625,0901400010859,19.367595880000003,-99.15328404,8,10,False,False,False
09,014,Benito Juárez,0001,0863,7925,4160.0,187.0,209.0,3692.0,865.0,3798.0,45.0,1387.0,2408.0,3153.0,1393.0,2827.0,396.0,15.599575521754511,44.18014589280051,36.519220642443386,0901400010863,19.366543120000003,-99.145903565,5,6,False,False,False
09,014,Benito Juárez,0001,0878,5681,3043.0,118.0,149.0,2675.0,597.0,2758.0,51.0,989.0,1764.0,2253.0,903.0,2078.0,267.0,15.30317613089509,40.07989347536618,35.85931834662799,0901400010878,19.367461255000002,-99.14028586500001,5,6,False,False,False
09,014,Benito Juárez,0001,0882,3795,2016.0,89.0,103.0,1812.0,412.0,1839.0,46.0,632.0,1204.0,1720.0,759.0,1400.0,192.0,17.0,44.127906976744185,34.366503534529635,0901400010882,19.3688735,-99.18904969,4,9,False,False,False
09,014,Benito Juárez,0001,0897,1771,996.0,49.0,38.0,907.0,246.0,927.0,21.0,359.0,567.0,727.0,308.0,661.0,87.0,16.338880484114977,42.36588720770289,38.727076591154265,0901400010897,19.37019476,-99.18613501,4,8,False,False,False
09,014,Benito Juárez,0001,090A,2649,1437.0,56.0,58.0,1320.0,466.0,1342.0,41.0,505.0,836.0,1167.0,538.0,854.0,114.0,18.149882903981265,46.101113967437875,37.63040238450074,090140001090A,19.36644087,-99.18746216,6,11,False,False,False
09,014,Benito Juárez,0001,0914,2250,1234.0,54.0,62.0,1120.0,285.0,1143.0,22.0,354.0,785.0,1084.0,489.0,835.0,116.0,16.526946107784433,45.11070110701107,30.971128608923888,0901400010914,19.36363521,-99.18288277,7,9,False,False,False
09,014,Benito Juárez,0001,0929,3731,2069.0,75.0,102.0,1872.0,532.0,1908.0,33.0,699.0,1208.0,1614.0,776.0,1340.0,177.0,15.671641791044777,48.07930607187112,36.63522012578616,0901400010929,19.36716295,-99.17923526,6,8,False,False,False
09,014,Benito Juárez,0001,0933,3060,1666.0,79.0,73.0,1499.0,400.0,1535.0,24.0,601.0,932.0,1309.0,557.0,1099.0,152.0,16.014558689717926,42.55156608097785,39.153094462540714,0901400010933,19.36455486,-99.17496251,7,7,False,False,False
09,014,Benito Juárez,0001,0948,3045,1612.0,37.0,56.0,1484.0,441.0,1521.0,35.0,622.0,896.0,1278.0,561.0,1043.0,93.0,12.272291466922338,43.89671361502347,40.89414858645628,0901400010948,19.36223742,-99.1723592,6,6,False,False,False
09,014,Benito Juárez,0001,0952,3854,2052.0,113.0,103.0,1721.0,394.0,1791.0,26.0,676.0,1114.0,1415.0,562.0,1327.0,216.0,18.236623963828183,39.71731448763251,37.74427694025684,0901400010952,19.36441646,-99.16675997499999,9,10,False,False,False
09,014,Benito Juárez,0001,0967,705,391.0,21.0,19.0,342.0,80.0,347.0,5.0,125.0,222.0,251.0,105.0,262.0,40.0,17.17557251908397,41.832669322709165,36.023054755043226,0901400010967,19.36097604,-99.16978526,4,4,False,False,False
09,014,Benito Juárez,0001,0971,3943,2115.0,84.0,114.0,1863.0,506.0,1914.0,40.0,712.0,1199.0,1562.0,668.0,1357.0,198.0,17.538688282977155,42.765685019206146,37.19958202716823,0901400010971,19.36108866,-99.16172769,6,8,False,False,False
09,014,Benito Juárez,0001,0986,5256,2843.0,118.0,127.0,2469.0,638.0,2576.0,48.0,1065.0,1499.0,2046.0,842.0,1831.0,245.0,16.002184598580012,41.15347018572825,41.34316770186335,0901400010986,19.36189328,-99.15624693,5,6,False,False,False
09,014,Benito Juárez,0001,0990,5697,3058.0,118.0,154.0,2699.0,650.0,2781.0,27.0,1053.0,1722.0,2233.0,1000.0,2049.0,272.0,14.592484138604197,44.78280340349306,37.86407766990291,0901400010990,19.3626832,-99.15246919,8,10,False,False,False
09,014,Benito Juárez,0001,1005,7611,4087.0,149.0,191.0,3633.0,908.0,3737.0,72.0,1386.0,2343.0,2963.0,1392.0,2725.0,340.0,15.119266055045872,46.97941275734053,37.088573722237086,0901400011005,19.36244897,-99.14632134,6,7,False,False,False
09,014,Benito Juárez,0001,101A,4333,2365.0,79.0,96.0,2089.0,558.0,2159.0,57.0,902.0,1254.0,1649.0,735.0,1531.0,175.0,15.153494448073154,44.572468162522746,41.778601204261236,090140001101A,19.359477159999997,-99.14705236,4,5,False,False,False
09,014,Benito Juárez,0001,1024,4142,2199.0,81.0,74.0,1998.0,511.0,2043.0,33.0,684.0,1359.0,1645.0,701.0,1487.0,155.0,12.642905178211164,42.61398176291794,33.480176211453745,0901400011024,19.36144932,-99.14132983,3,6,False,False,False
09,015,Cuauhtémoc,0001,0019,4263,2277.0,102.0,142.0,1929.0,475.0,1995.0,40.0,894.0,1099.0,1362.0,565.0,1454.0,244.0,19.53232462173315,41.483113069016156,44.81203007518797,0901500010019,19.4633492,-99.13723234,6,7,False,False,False
09,015,Cuauhtémoc,0001,0023,4902,2610.0,142.0,152.0,2211.0,519.0,2308.0,36.0,1078.0,1229.0,1598.0,642.0,1692.0,294.0,19.50354609929078,40.175219023779725,46.70710571923743,0901500010023,19.462189085,-99.133273555,8,9,False,False,False
09,015,Cuauhtémoc,0001,0038,2800,1426.0,86.0,79.0,1198.0,269.0,1250.0,26.0,482.0,767.0,929.0,427.0,929.0,165.0,20.55974165769645,45.96340150699677,38.56,0901500010038,19.46049539,-99.12961286,8,9,False,False,False
09,015,Cuauhtémoc,0001,0042,2930,1534.0,97.0,101.0,1284.0,180.0,1352.0,10.0,537.0,813.0,970.0,433.0,1104.0,198.0,18.84057971014493,44.639175257731964,39.718934911242606,0901500010042,19.46019859,-99.15618113,3,4,False,False,False
09,015,Cuauhtémoc,0001,0061,1327,750.0,29.0,33.0,634.0,154.0,667.0,10.0,286.0,376.0,515.0,233.0,480.0,62.0,15.0,45.24271844660194,42.87856071964018,0901500010061,19.46236735,-99.14692767,4,4,False,False,False
09,015,Cuauhtémoc,0001,0076,6626,3496.0,153.0,207.0,3021.0,638.0,3130.0,49.0,1159.0,1968.0,2479.0,1093.0,2383.0,360.0,17.163239613932017,44.09035901573215,37.02875399361022,0901500010076,19.45859215,-99.14458618500001,7,7,False,False,False
09,015,Cuauhtémoc,0001,0080,7933,4160.0,201.0,272.0,3543.0,787.0,3678.0,76.0,1429.0,2245.0,2771.0,1140.0,2756.0,473.0,19.920174165457187,41.140382533381455,38.852637302882,0901500010080,19.46196266,-99.13880663,5,5,False,False,False
09,015,Cuauhtémoc,0001,0095,3670,1982.0,96.0,117.0,1691.0,468.0,1749.0,32.0,774.0,973.0,1202.0,528.0,1223.0,213.0,20.032706459525755,43.92678868552412,44.25385934819897,0901500010095,19.45846343,-99.13694486,4,4,False,False,False
09,015,Cuauhtémoc,0001,0108,3456,1829.0,62.0,104.0,1563.0,386.0,1636.0,28.0,697.0,938.0,1121.0,481.0,1177.0,166.0,16.482582837723026,42.908117752007136,42.603911980440095,0901500010108,19.45959828,-99.13345293,7,8,False,False,False
09,015,Cuauhtémoc,0001,0112,2227,1191.0,63.0,81.0,1014.0,290.0,1054.0,13.0,483.0,568.0,723.0,327.0,724.0,144.0,21.685082872928177,45.22821576763486,45.82542694497154,0901500010112,19.45989847,-99.13011383,7,8,False,False,False
09,015,Cuauhtémoc,0001,0127,8402,4427.0,292.0,312.0,3650.0,704.0,3815.0,79.0,1454.0,2357.0,2818.0,1234.0,2946.0,604.0,23.18397827562797,43.78992193044712,38.1127129750983,0901500010127,19.45829376,-99.12627461,7,7,False,False,False
09,015,Cuauhtémoc,0001,0131,2585,1360.0,72.0,82.0,1138.0,179.0,1207.0,16.0,502.0,704.0,838.0,391.0,959.0,154.0,17.72679874869656,46.658711217183765,41.5907207953604,0901500010131,19.454314425,-99.13529614,12,12,False,False,False
09,015,Cuauhtémoc,0001,0146,1384,758.0,26.0,49.0,626.0,185.0,663.0,14.0,321.0,342.0,444.0,176.0,441.0,75.0,20.181405895691608,39.63963963963964,48.41628959276018,0901500010146,19.45593139,-99.13412121,9,9,False,False,False
09,015,Cuauhtémoc,0001,0150,1556,819.0,52.0,53.0,681.0,180.0,705.0,5.0,321.0,384.0,480.0,208.0,501.0,105.0,21.956087824351297,43.333333333333336,45.53191489361702,0901500010150,19.45511544,-99.132315205,10,10,False,False,False
09,015,Cuauhtémoc,0001,0165,5259,2765.0,151.0,163.0,2337.0,478.0,2437.0,44.0,965.0,1470.0,1704.0,734.0,1859.0,314.0,19.257665411511564,43.075117370892016,39.59786622897005,0901500010165,19.45503762,-99.12806528,7,7,False,False,False
09,015,Cuauhtémoc,0001,017A,5239,2839.0,131.0,155.0,2412.0,427.0,2520.0,21.0,975.0,1545.0,1781.0,801.0,1985.0,286.0,15.465994962216625,44.97473329590118,38.69047619047619,090150001017A,19.45785035,-99.15944928,3,4,False,False,False
09,015,Cuauhtémoc,0001,0184,6961,3637.0,232.0,307.0,3017.0,573.0,3154.0,58.0,1340.0,1811.0,2236.0,967.0,2444.0,539.0,24.427168576104748,43.24686940966011,42.4857324032974,0901500010184,19.45769784,-99.15181007,4,4,True,False,False
09,015,Cuauhtémoc,0001,0199,490,263.0,7.0,7.0,241.0,60.0,246.0,3.0,96.0,150.0,194.0,96.0,181.0,14.0,9.392265193370166,49.48453608247423,39.02439024390244,0901500010199,19.45479254,-99.15033914,4,4,False,False,False
09,015,Cuauhtémoc,0001,0201,1612,846.0,28.0,48.0,740.0,222.0,769.0,7.0,349.0,420.0,645.0,329.0,518.0,76.0,16.023166023166024,51.007751937984494,45.38361508452536,0901500010201,19.45390559,-99.14891059,4,4,False,False,False
09,015,Cuauhtémoc,0001,0216,1285,664.0,18.0,25.0,595.0,175.0,616.0,18.0,258.0,358.0,509.0,247.0,420.0,43.0,14.523809523809526,48.52652259332024,41.883116883116884,0901500010216,19.45627496,-99.14815767,5,5,False,False,False
09,015,Cuauhtémoc,0001,0220,832,461.0,12.0,29.0,401.0,129.0,412.0,11.0,195.0,216.0,325.0,167.0,272.0,41.0,19.11764705882353,51.38461538461539,47.33009708737864,0901500010220,19.45519279,-99.14699794,5,5,False,False,False
09,015,Cuauhtémoc,0001,0235,1280,699.0,20.0,34.0,631.0,185.0,649.0,20.0,257.0,392.0,511.0,275.0,446.0,54.0,16.591928251121075,53.8160469667319,39.59938366718028,0901500010235,19.455219965,-99.14558496500001,5,5,False,False,False
09,015,Cuauhtémoc,0001,024A,1076,560.0,18.0,21.0,495.0,145.0,515.0,10.0,226.0,288.0,432.0,176.0,350.0,39.0,14.000000000000002,40.74074074074074,43.883495145631066,090150001024A,19.45505275,-99.14406412,7,7,False,False,False
09,015,Cuauhtémoc,0001,0269,1259,651.0,21.0,42.0,578.0,163.0,597.0,9.0,242.0,355.0,484.0,231.0,415.0,63.0,17.349397590361445,47.72727272727273,40.53601340033501,0901500010269,19.45440498,-99.14151319999999,8,8,False,False,False
09,015,Cuauhtémoc,0001,0273,594,311.0,4.0,11.0,284.0,89.0,291.0,10.0,125.0,166.0,230.0,144.0,195.0,15.0,12.82051282051282,62.60869565217392,42.955326460481096,0901500010273,19.45444883,-99.139408515,10,10,False,False,False
09,015,Cuauhtémoc,0001,0292,1418,772.0,25.0,47.0,683.0,211.0,706.0,13.0,306.0,399.0,569.0,270.0,472.0,72.0,18.008474576271187,47.45166959578208,43.342776203966004,0901500010292,19.45359376,-99.13600789,12,12,False,False,False
09,015,Cuauhtémoc,0001,0305,1377,735.0,31.0,27.0,639.0,198.0,668.0,13.0,302.0,366.0,555.0,244.0,441.0,58.0,16.099773242630384,43.96396396396396,45.209580838323355,0901500010305,19.45267085,-99.13429042,12,12,False,False,False
09,015,Cuauhtémoc,0001,0324,695,350.0,15.0,19.0,311.0,72.0,323.0,4.0,116.0,207.0,302.0,137.0,239.0,34.0,15.899581589958158,45.36423841059602,35.91331269349845,0901500010324,19.45215393,-99.13220116,11,11,False,False,False
09,015,Cuauhtémoc,0001,0339,4888,2618.0,192.0,224.0,2073.0,399.0,2175.0,62.0,788.0,1383.0,1496.0,779.0,1674.0,416.0,28.55436081242533,52.07219251336899,36.229885057471265,0901500010339,19.45012267,-99.13120594,10,10,True,False,False
09,015,Cuauhtémoc,0001,0343,10857,5768.0,429.0,529.0,4498.0,869.0,4784.0,138.0,1744.0,3031.0,3146.0,1496.0,3629.0,958.0,30.20115734362083,47.55244755244755,36.45484949832776,0901500010343,19.4468805,-99.1277917,8,8,True,False,False
09,015,Cuauhtémoc,0001,0358,9880,5176.0,393.0,484.0,4107.0,858.0,4310.0,97.0,1567.0,2738.0,2997.0,1512.0,3249.0,877.0,29.978454909202835,50.45045045045045,36.35730858468678,0901500010358,19.44657311,-99.12755891,8,8,True,False,False
09,015,Cuauhtémoc,0001,0362,3396,1845.0,69.0,92.0,1632.0,444.0,1691.0,34.0,775.0,916.0,1333.0,618.0,1188.0,161.0,16.414141414141415,46.3615903975994,45.83086930810171,0901500010362,19.45405227,-99.14683526,4,4,False,False,False
09,015,Cuauhtémoc,0001,0377,1050,564.0,21.0,24.0,502.0,176.0,520.0,10.0,264.0,256.0,415.0,187.0,326.0,45.0,16.87116564417178,45.06024096385542,50.76923076923077,0901500010377,19.45358057,-99.14640606,4,4,False,False,False
09,015,Cuauhtémoc,0001,0381,1189,619.0,15.0,34.0,549.0,159.0,560.0,13.0,247.0,312.0,484.0,216.0,390.0,49.0,15.897435897435896,44.62809917355372,44.107142857142854,0901500010381,19.45384167,-99.14503426,5,5,False,False,False
09,015,Cuauhtémoc,0001,0396,448,250.0,6.0,11.0,230.0,57.0,234.0,7.0,87.0,147.0,176.0,92.0,173.0,17.0,13.872832369942195,52.27272727272727,37.17948717948718,0901500010396,19.452304339999998,-99.143493495,6,6,False,False,False
09,015,Cuauhtémoc,0001,0409,1281,677.0,24.0,18.0,618.0,190.0,637.0,12.0,250.0,387.0,512.0,261.0,428.0,42.0,12.616822429906541,50.9765625,39.24646781789639,0901500010409,19.45337258,-99.14123889,9,9,False,False,False
09,015,Cuauhtémoc,0001,0428,1578,864.0,25.0,41.0,766.0,236.0,790.0,19.0,342.0,447.0,624.0,314.0,530.0,66.0,16.037735849056602,50.32051282051282,43.291139240506325,0901500010428,19.45215864,-99.13906802,12,12,False,False,False
09,015,Cuauhtémoc,0001,0447,1394,758.0,35.0,41.0,669.0,197.0,689.0,17.0,266.0,423.0,549.0,256.0,472.0,76.0,19.703389830508474,46.63023679417122,38.6066763425254,0901500010447,19.45147738,-99.13555526,12,12,False,False,False
09,015,Cuauhtémoc,0001,0451,587,287.0,6.0,18.0,249.0,64.0,258.0,10.0,101.0,157.0,248.0,100.0,185.0,24.0,18.37837837837838,40.32258064516129,39.14728682170542,0901500010451,19.45017774,-99.13422666,11,11,False,False,False
09,015,Cuauhtémoc,0001,0466,11023,5897.0,303.0,341.0,5063.0,1209.0,5218.0,104.0,1970.0,3222.0,3902.0,1761.0,3854.0,644.0,19.408406850025948,45.130702203997956,37.75392870831736,0901500010466,19.45209401,-99.16044664,6,7,False,False,False
09,015,Cuauhtémoc,0001,0470,6778,3587.0,182.0,207.0,3097.0,725.0,3200.0,50.0,1067.0,2130.0,2454.0,1177.0,2372.0,389.0,18.50758853288364,47.96251018744906,33.34375,0901500010470,19.4532464,-99.1532024,4,4,False,False,False
09,015,Cuauhtémoc,0001,0485,9893,5268.0,241.0,266.0,4620.0,1099.0,4761.0,92.0,1741.0,3020.0,3662.0,1645.0,3521.0,507.0,17.01221243964783,44.9208083014746,36.56794791010292,0901500010485,19.44832054,-99.15575476,4,6,False,False,False
09,015,Cuauhtémoc,0001,049A,1836,995.0,55.0,58.0,825.0,174.0,854.0,5.0,321.0,523.0,611.0,306.0,651.0,113.0,18.125960061443934,50.08183306055647,37.58782201405152,090150001049A,19.44707323,-99.15294736,7,8,False,False,False
09,015,Cuauhtémoc,0001,0502,8991,4763.0,252.0,282.0,4045.0,965.0,4200.0,103.0,1723.0,2473.0,3117.0,1540.0,3080.0,534.0,20.681818181818183,49.4064805903112,41.023809523809526,0901500010502,19.44706467,-99.14788905,7,8,False,False,False
09,015,Cuauhtémoc,0001,0517,8412,4493.0,289.0,317.0,3678.0,808.0,3854.0,71.0,1481.0,2367.0,2688.0,1242.0,2870.0,606.0,23.588850174216027,46.205357142857146,38.42760768033212,0901500010517,19.44953954,-99.14438705,10,11,False,False,False
09,015,Cuauhtémoc,0001,0521,8735,4583.0,283.0,338.0,3836.0,843.0,3987.0,72.0,1594.0,2385.0,3002.0,1389.0,2993.0,621.0,23.15402606080855,46.26915389740173,39.9799347880612,0901500010521,19.44826371,-99.13906354,11,11,False,False,False
09,015,Cuauhtémoc,0001,0536,5292,2718.0,178.0,175.0,2232.0,387.0,2346.0,33.0,842.0,1495.0,1736.0,793.0,1845.0,353.0,20.92140921409214,45.67972350230415,35.89087809036658,0901500010536,19.44364164,-99.13702806,12,13,False,False,False
09,015,Cuauhtémoc,0001,0540,6835,3618.0,249.0,293.0,2898.0,572.0,3060.0,70.0,1168.0,1886.0,2214.0,1028.0,2326.0,542.0,26.311263972484955,46.43179765130985,38.169934640522875,0901500010540,19.44370115,-99.13512769,10,10,True,False,False
09,015,Cuauhtémoc,0001,0555,4962,2616.0,103.0,131.0,2337.0,680.0,2387.0,65.0,1008.0,1375.0,1756.0,761.0,1657.0,234.0,18.044659022329512,43.337129840546694,42.22873900293255,0901500010555,19.44788592,-99.16071211,7,8,False,False,False
09,015,Cuauhtémoc,0001,056A,7081,3671.0,218.0,241.0,3088.0,723.0,3218.0,66.0,1247.0,1959.0,2355.0,1092.0,2365.0,459.0,22.198731501057082,46.36942675159236,38.75077688004972,090150001056A,19.44491623,-99.14446424,9,10,False,False,False
09,015,Cuauhtémoc,0001,0574,10841,5722.0,364.0,404.0,4680.0,1036.0,4919.0,95.0,2038.0,2872.0,3555.0,1566.0,3644.0,768.0,23.6827661909989,44.050632911392405,41.43118520024395,0901500010574,19.44487704,-99.14209442,11,12,False,False,False
09,015,Cuauhtémoc,0001,0589,5616,2967.0,214.0,240.0,2364.0,543.0,2482.0,46.0,954.0,1526.0,1709.0,732.0,1821.0,454.0,27.457440966501924,42.83206553540082,38.43674456083803,0901500010589,19.442829815,-99.127669295,8,8,True,False,False
09,015,Cuauhtémoc,0001,0593,4685,2465.0,111.0,117.0,2194.0,594.0,2251.0,36.0,927.0,1322.0,1725.0,830.0,1600.0,228.0,16.5,48.11594202898551,41.18169702354509,0901500010593,19.444017625,-99.16318171500001,10,11,False,False,False
09,015,Cuauhtémoc,0001,0606,5014,2650.0,119.0,137.0,2356.0,586.0,2415.0,53.0,838.0,1570.0,1865.0,926.0,1770.0,256.0,17.457627118644066,49.651474530831095,34.69979296066252,0901500010606,19.44279462,-99.15781848,6,8,False,False,False
09,015,Cuauhtémoc,0001,0610,10667,5461.0,246.0,369.0,4616.0,981.0,4822.0,99.0,1849.0,2958.0,3577.0,1625.0,3635.0,615.0,19.642365887207703,45.42913055633212,38.345085026959765,0901500010610,19.44118702,-99.148457355,5,6,False,False,False
09,015,Cuauhtémoc,0001,0625,1497,815.0,28.0,34.0,692.0,189.0,724.0,23.0,346.0,376.0,502.0,272.0,503.0,62.0,16.898608349900595,54.18326693227091,47.790055248618785,0901500010625,19.439442,-99.14503674,5,7,False,False,False
09,015,Cuauhtémoc,0001,063A,4292,2179.0,135.0,192.0,1778.0,337.0,1858.0,32.0,717.0,1134.0,1489.0,687.0,1441.0,327.0,24.91325468424705,46.13834788448623,38.58988159311087,090150001063A,19.43880669,-99.14157273,6,7,True,False,False
09,015,Cuauhtémoc,0001,0644,8279,4267.0,281.0,316.0,3491.0,793.0,3668.0,78.0,1292.0,2360.0,2731.0,1254.0,2698.0,597.0,25.018532246108226,45.917246429879164,35.223555070883314,0901500010644,19.43882883,-99.13431391,8,9,True,False,False
09,015,Cuauhtémoc,0001,0659,4180,2197.0,133.0,148.0,1795.0,402.0,1866.0,45.0,697.0,1166.0,1231.0,594.0,1393.0,281.0,23.40272792534099,48.25345247766044,37.352625937834944,0901500010659,19.43916544,-99.12956825,6,6,False,False,False
09,015,Cuauhtémoc,0001,0663,1838,981.0,53.0,79.0,765.0,185.0,809.0,15.0,372.0,436.0,552.0,265.0,580.0,132.0,25.344827586206897,48.007246376811594,45.982694684796044,0901500010663,19.436549239999998,-99.12614287,3,3,True,False,False
09,015,Cuauhtémoc,0001,0678,9903,5153.0,211.0,285.0,4523.0,1018.0,4664.0,61.0,1691.0,2970.0,3875.0,1682.0,3505.0,496.0,15.891583452211128,43.406451612903226,36.25643224699828,0901500010678,19.43848252,-99.16544405,8,9,False,False,False
09,015,Cuauhtémoc,0001,0682,5682,2985.0,133.0,136.0,2653.0,602.0,2724.0,34.0,878.0,1840.0,2326.0,988.0,2051.0,269.0,14.77328132618235,42.476354256233876,32.23201174743025,0901500010682,19.441972775,-99.16214177,9,10,False,False,False
09,015,Cuauhtémoc,0001,0697,6982,3627.0,152.0,178.0,3182.0,718.0,3277.0,58.0,1165.0,2103.0,2723.0,1257.0,2464.0,330.0,15.746753246753247,46.16232096951891,35.550808666463226,0901500010697,19.4381256,-99.1591336,8,8,False,False,False
09,015,Cuauhtémoc,0001,070A,1542,810.0,25.0,41.0,739.0,196.0,751.0,12.0,282.0,465.0,614.0,276.0,543.0,66.0,14.3646408839779,44.951140065146575,37.54993342210386,090150001070A,19.43655414,-99.15570055,4,5,False,False,False
09,015,Cuauhtémoc,0001,0714,2769,1378.0,54.0,71.0,1228.0,294.0,1256.0,15.0,415.0,839.0,1105.0,486.0,934.0,125.0,14.989293361884368,43.98190045248869,33.04140127388535,0901500010714,19.43721594,-99.15119841,7,8,False,False,False
09,015,Cuauhtémoc,0001,0733,369,180.0,7.0,5.0,153.0,28.0,157.0,8.0,30.0,120.0,146.0,73.0,125.0,12.0,16.0,50.0,19.10828025477707,0901500010733,19.435023620000003,-99.147627525,7,8,False,False,False
09,015,Cuauhtémoc,0001,0748,4753,2358.0,135.0,146.0,2008.0,309.0,2079.0,22.0,727.0,1346.0,1028.0,442.0,1699.0,281.0,17.83402001177163,42.996108949416346,34.96873496873497,0901500010748,19.432907215,-99.14279808,4,6,False,False,False
09,015,Cuauhtémoc,0001,0752,1708,876.0,54.0,53.0,728.0,137.0,757.0,11.0,258.0,496.0,581.0,243.0,591.0,107.0,19.96615905245347,41.82444061962134,34.081902245706736,0901500010752,19.43585706,-99.13478995,3,5,False,False,False
09,015,Cuauhtémoc,0001,0771,947,488.0,33.0,47.0,377.0,54.0,405.0,13.0,129.0,274.0,269.0,121.0,323.0,80.0,28.792569659442723,44.98141263940521,31.851851851851855,0901500010771,19.433301035,-99.13419943,3,6,True,False,False
09,015,Cuauhtémoc,0001,0786,2006,1030.0,73.0,84.0,784.0,135.0,858.0,41.0,255.0,599.0,545.0,219.0,649.0,157.0,30.508474576271187,40.18348623853211,29.72027972027972,0901500010786,19.43208537,-99.12677375,2,3,True,False,False
09,015,Cuauhtémoc,0001,0790,2984,1419.0,55.0,67.0,1292.0,230.0,1307.0,18.0,318.0,989.0,1492.0,572.0,1062.0,122.0,13.182674199623351,38.337801608579085,24.33052792654935,0901500010790,19.432697455,-99.16583789500001,7,7,False,False,False
09,015,Cuauhtémoc,0001,0803,974,416.0,30.0,13.0,386.0,53.0,391.0,3.0,56.0,335.0,524.0,196.0,333.0,43.0,13.813813813813812,37.404580152671755,14.322250639386189,0901500010803,19.42907292,-99.16214313,4,4,False,False,False
09,015,Cuauhtémoc,0001,0822,4209,2119.0,103.0,94.0,1938.0,373.0,1965.0,19.0,503.0,1460.0,1984.0,819.0,1565.0,197.0,13.801916932907348,41.28024193548387,25.597964376590333,0901500010822,19.43025461,-99.16875755,9,10,False,False,False
09,015,Cuauhtémoc,0001,0837,732,347.0,8.0,17.0,328.0,51.0,333.0,5.0,74.0,258.0,410.0,178.0,277.0,25.0,10.830324909747292,43.41463414634146,22.22222222222222,0901500010837,19.43027545,-99.16283015,5,5,False,False,False
09,015,Cuauhtémoc,0001,0841,1803,852.0,47.0,29.0,762.0,145.0,776.0,10.0,191.0,585.0,929.0,382.0,617.0,76.0,13.938411669367909,41.1194833153929,24.613402061855673,0901500010841,19.42696301,-99.15903231,4,4,False,False,False
09,015,Cuauhtémoc,0001,0856,2963,1450.0,76.0,79.0,1257.0,241.0,1295.0,16.0,295.0,998.0,1285.0,523.0,1016.0,155.0,16.830708661417322,40.70038910505836,22.779922779922778,0901500010856,19.42764615,-99.15480196,5,5,False,False,False
09,015,Cuauhtémoc,0001,0860,1788,831.0,33.0,43.0,733.0,158.0,748.0,14.0,237.0,510.0,715.0,285.0,575.0,76.0,15.65217391304348,39.86013986013986,31.684491978609625,0901500010860,19.43047888,-99.1487824,4,4,False,False,False
09,015,Cuauhtémoc,0001,0875,7970,4173.0,261.0,266.0,3487.0,680.0,3634.0,57.0,1350.0,2282.0,2707.0,1231.0,2807.0,527.0,20.8051300320627,45.47469523457702,37.14914694551458,0901500010875,19.42841737,-99.14280693,5,7,False,False,False
09,015,Cuauhtémoc,0001,088A,2011,1071.0,37.0,71.0,935.0,292.0,962.0,22.0,419.0,542.0,626.0,313.0,643.0,108.0,20.21772939346812,50.0,43.555093555093556,090150001088A,19.42942529,-99.14029497,5,7,False,False,False
09,015,Cuauhtémoc,0001,0894,2048,1122.0,69.0,59.0,943.0,213.0,983.0,12.0,374.0,608.0,687.0,363.0,730.0,128.0,19.17808219178082,52.838427947598255,38.046795523906404,0901500010894,19.4276724,-99.13426565,4,7,False,False,False
09,015,Cuauhtémoc,0001,0907,2642,1321.0,107.0,99.0,1045.0,165.0,1107.0,20.0,390.0,712.0,719.0,297.0,880.0,206.0,25.681818181818183,41.307371349095966,35.230352303523034,0901500010907,19.4281429,-99.13151022,5,7,True,False,False
09,015,Cuauhtémoc,0001,0911,4562,2366.0,187.0,211.0,1834.0,298.0,1949.0,35.0,631.0,1312.0,1167.0,541.0,1536.0,398.0,28.190104166666668,46.35818337617824,32.37557721908671,0901500010911,19.42791205,-99.1270594,4,5,True,False,False
09,015,Cuauhtémoc,0001,0926,3007,1482.0,70.0,42.0,1355.0,286.0,1380.0,17.0,324.0,1053.0,1541.0,610.0,1069.0,112.0,12.067352666043032,39.584685269305645,23.47826086956522,0901500010926,19.42769759,-99.17296821,7,9,False,False,False
09,015,Cuauhtémoc,0001,0930,626,305.0,12.0,13.0,273.0,62.0,278.0,3.0,67.0,211.0,301.0,116.0,211.0,25.0,13.270142180094787,38.53820598006645,24.100719424460433,0901500010930,19.4262656,-99.17062113,8,8,False,False,False
09,015,Cuauhtémoc,0001,0945,1082,514.0,12.0,18.0,479.0,80.0,489.0,5.0,110.0,378.0,526.0,206.0,399.0,30.0,8.771929824561402,39.163498098859314,22.494887525562373,0901500010945,19.425577295,-99.168544725,7,7,False,False,False
09,015,Cuauhtémoc,0001,095A,738,368.0,19.0,11.0,322.0,47.0,330.0,7.0,78.0,251.0,376.0,172.0,275.0,30.0,13.454545454545455,45.744680851063826,23.636363636363637,090150001095A,19.42457883,-99.16522420999999,6,6,False,False,False
09,015,Cuauhtémoc,0001,0964,3794,1986.0,118.0,149.0,1647.0,296.0,1712.0,63.0,524.0,1183.0,1304.0,656.0,1351.0,267.0,24.42635085122132,50.306748466257666,30.60747663551402,0901500010964,19.42606825,-99.1366352,5,7,True,False,False
09,015,Cuauhtémoc,0001,0979,2385,1220.0,104.0,110.0,953.0,186.0,1013.0,23.0,375.0,630.0,734.0,345.0,767.0,214.0,30.899608865710558,47.002724795640326,37.018756169792695,0901500010979,19.4251976,-99.13148497,4,6,True,False,False
09,015,Cuauhtémoc,0001,0983,982,473.0,11.0,14.0,444.0,97.0,449.0,6.0,108.0,339.0,490.0,212.0,347.0,25.0,8.93371757925072,43.26530612244898,24.053452115812917,0901500010983,19.422762425000002,-99.16998229000001,6,6,False,False,False
09,015,Cuauhtémoc,0001,0998,2370,1174.0,56.0,59.0,1024.0,174.0,1048.0,9.0,266.0,780.0,1088.0,447.0,850.0,115.0,14.588235294117647,41.08455882352941,25.38167938931298,0901500010998,19.420851210000002,-99.16793149,5,5,False,False,False
09,015,Cuauhtémoc,0001,1002,2701,1353.0,40.0,52.0,1244.0,286.0,1261.0,19.0,355.0,904.0,1216.0,458.0,958.0,92.0,11.586638830897703,37.66447368421053,28.152260111022997,0901500011002,19.41977314,-99.16178512,3,3,False,False,False
09,015,Cuauhtémoc,0001,1017,4538,2411.0,89.0,103.0,2160.0,500.0,2195.0,42.0,638.0,1553.0,1826.0,848.0,1660.0,192.0,14.096385542168674,46.440306681270535,29.066059225512532,0901500011017,19.42205252,-99.1563463,4,4,False,False,False
09,015,Cuauhtémoc,0001,1036,6722,3465.0,210.0,219.0,2920.0,638.0,3037.0,62.0,1137.0,1900.0,2307.0,1016.0,2282.0,429.0,21.51621384750219,44.03987863025574,37.43826144221271,0901500011036,19.42159538,-99.14584181999999,10,10,False,False,False
09,015,Cuauhtémoc,0001,1040,5119,2690.0,153.0,194.0,2249.0,468.0,2342.0,56.0,801.0,1538.0,1747.0,785.0,1781.0,347.0,22.62773722627737,44.93417286777333,34.20153714773698,0901500011040,19.421168215,-99.14054398,7,8,False,False,False
09,015,Cuauhtémoc,0001,1055,2373,1257.0,58.0,58.0,1069.0,236.0,1106.0,19.0,395.0,711.0,865.0,364.0,833.0,116.0,16.206482593037215,42.08092485549133,35.714285714285715,0901500011055,19.4216071,-99.13583779,5,6,False,False,False
09,015,Cuauhtémoc,0001,106A,6265,3291.0,198.0,235.0,2707.0,431.0,2822.0,61.0,952.0,1862.0,2045.0,900.0,2276.0,433.0,21.704745166959576,44.00977995110024,33.734939759036145,090150001106A,19.419065365,-99.13113607,3,4,False,False,False
09,015,Cuauhtémoc,0001,1074,7648,4017.0,232.0,319.0,3318.0,577.0,3484.0,46.0,1354.0,2120.0,2444.0,1134.0,2741.0,551.0,21.780372126960962,46.39934533551555,38.86337543053961,0901500011074,19.41788009,-99.12869576,3,4,False,False,False
09,015,Cuauhtémoc,0001,1089,2004,1009.0,41.0,45.0,911.0,167.0,938.0,10.0,247.0,688.0,951.0,406.0,744.0,86.0,12.903225806451612,42.6919032597266,26.332622601279315,0901500011089,19.41982795,-99.17411467,7,7,False,False,False
09,015,Cuauhtémoc,0001,1093,901,463.0,20.0,10.0,434.0,82.0,437.0,9.0,106.0,331.0,432.0,184.0,352.0,30.0,11.079545454545455,42.592592592592595,24.25629290617849,0901500011093,19.4181264,-99.16746012,6,6,False,False,False
09,015,Cuauhtémoc,0001,1106,1552,752.0,37.0,44.0,687.0,146.0,693.0,27.0,148.0,545.0,744.0,317.0,541.0,81.0,19.963031423290204,42.60752688172043,21.356421356421357,0901500011106,19.41653261,-99.16239834,5,5,False,False,False
09,015,Cuauhtémoc,0001,1110,6307,3279.0,113.0,137.0,2927.0,672.0,3003.0,45.0,912.0,2091.0,2631.0,1207.0,2255.0,250.0,13.082039911308204,45.87609274040289,30.369630369630368,0901500011110,19.41639696,-99.15633459,7,7,False,False,False
09,015,Cuauhtémoc,0001,1125,8637,4579.0,213.0,226.0,3970.0,947.0,4110.0,72.0,1536.0,2557.0,3264.0,1621.0,3023.0,439.0,16.903738008600726,49.66299019607843,37.372262773722625,0901500011125,19.416374485,-99.15177875,7,7,False,False,False
09,015,Cuauhtémoc,0001,113A,9074,4832.0,234.0,292.0,4110.0,920.0,4258.0,65.0,1742.0,2512.0,3327.0,1629.0,3190.0,526.0,18.52664576802508,48.963029756537416,40.911225927665576,090150001113A,19.415237575,-99.14528345,5,5,False,False,False
09,015,Cuauhtémoc,0001,1144,7972,4137.0,168.0,250.0,3538.0,911.0,3662.0,84.0,1323.0,2328.0,2694.0,1231.0,2627.0,418.0,19.10925009516559,45.69413511507053,36.12779901693064,0901500011144,19.41651215,-99.14078807,6,6,False,False,False
09,015,Cuauhtémoc,0001,1159,4258,2265.0,116.0,134.0,1946.0,442.0,2001.0,30.0,773.0,1218.0,1417.0,680.0,1504.0,250.0,18.617021276595743,47.988708539167256,38.63068465767117,0901500011159,19.41569441,-99.13683877,5,5,False,False,False
09,015,Cuauhtémoc,0001,1163,2805,1455.0,72.0,91.0,1237.0,265.0,1288.0,29.0,500.0,779.0,960.0,401.0,972.0,163.0,19.753086419753085,41.770833333333336,38.81987577639752,0901500011163,19.41515862,-99.13253712,4,5,False,False,False
09,015,Cuauhtémoc,0001,1178,3010,1568.0,73.0,62.0,1422.0,385.0,1449.0,19.0,441.0,1005.0,1378.0,598.0,1037.0,135.0,14.850530376084862,43.39622641509434,30.434782608695656,0901500011178,19.417244085,-99.17702141000001,5,5,False,False,False
09,015,Cuauhtémoc,0001,1182,3062,1583.0,69.0,87.0,1393.0,337.0,1430.0,22.0,430.0,1000.0,1394.0,585.0,1056.0,156.0,16.856060606060606,41.96556671449068,30.069930069930066,0901500011182,19.41743902,-99.17198796,6,6,False,False,False
09,015,Cuauhtémoc,0001,1197,1206,581.0,32.0,26.0,534.0,107.0,542.0,4.0,118.0,424.0,607.0,237.0,427.0,58.0,14.519906323185012,39.04448105436573,21.771217712177123,0901500011197,19.41312227,-99.170997535,6,6,False,False,False
09,015,Cuauhtémoc,0001,120A,1876,863.0,45.0,38.0,777.0,152.0,784.0,14.0,174.0,610.0,898.0,273.0,625.0,83.0,15.52,30.400890868596882,22.193877551020407,090150001120A,19.41528213,-99.16671835,6,6,False,False,False
09,015,Cuauhtémoc,0001,1214,2761,1316.0,37.0,66.0,1204.0,289.0,1232.0,36.0,358.0,870.0,1290.0,537.0,915.0,103.0,15.191256830601093,41.627906976744185,29.05844155844156,0901500011214,19.4140631,-99.16324026,6,7,False,False,False
09,015,Cuauhtémoc,0001,1229,840,397.0,45.0,26.0,341.0,67.0,343.0,4.0,131.0,209.0,201.0,101.0,274.0,71.0,27.37226277372263,50.24875621890548,38.19241982507289,0901500011229,19.40921699,-99.15275897,5,5,True,False,False
09,015,Cuauhtémoc,0001,1233,9393,5065.0,265.0,299.0,4252.0,922.0,4440.0,87.0,1794.0,2640.0,3142.0,1449.0,3330.0,564.0,19.54954954954955,46.11712285168682,40.4054054054054,0901500011233,19.41429876,-99.14607112,5,5,False,False,False
09,015,Cuauhtémoc,0001,1248,6418,3311.0,158.0,192.0,2837.0,718.0,2941.0,65.0,1172.0,1763.0,2193.0,950.0,2119.0,350.0,19.58470976875885,43.31965344277246,39.850391023461405,0901500011248,19.41093666,-99.14307028,3,3,False,False,False
09,015,Cuauhtémoc,0001,1252,5261,2798.0,148.0,156.0,2376.0,659.0,2478.0,87.0,1051.0,1423.0,1742.0,864.0,1717.0,304.0,22.772277227722775,49.598163030998855,42.41323648103309,0901500011252,19.41035941,-99.14068426,2,2,False,False,False
09,015,Cuauhtémoc,0001,1267,3280,1710.0,66.0,100.0,1500.0,408.0,1547.0,20.0,584.0,958.0,1148.0,626.0,1092.0,166.0,17.032967032967033,54.52961672473867,37.75048480930834,0901500011267,19.41212276,-99.13712644,2,2,False,False,False
09,015,Cuauhtémoc,0001,1271,1636,868.0,34.0,37.0,756.0,220.0,775.0,11.0,339.0,436.0,576.0,278.0,536.0,71.0,15.298507462686567,48.26388888888889,43.74193548387097,0901500011271,19.410256835,-99.13471885999999,3,4,False,False,False
09,015,Cuauhtémoc,0001,1286,1346,709.0,30.0,37.0,617.0,198.0,631.0,12.0,274.0,354.0,432.0,188.0,419.0,67.0,18.85441527446301,43.51851851851852,43.42313787638668,0901500011286,19.40939106,-99.13217802,4,5,False,False,False
09,015,Cuauhtémoc,0001,1290,4939,2622.0,119.0,148.0,2258.0,594.0,2334.0,38.0,922.0,1411.0,1484.0,721.0,1664.0,267.0,18.329326923076923,48.58490566037736,39.50299914310197,0901500011290,19.41234355,-99.128734335,4,5,False,False,False
09,015,Cuauhtémoc,0001,1303,2006,1029.0,43.0,35.0,936.0,265.0,946.0,19.0,309.0,637.0,843.0,395.0,671.0,78.0,14.456035767511178,46.8564650059312,32.66384778012685,0901500011303,19.41290292,-99.17984299,3,4,False,False,False
09,015,Cuauhtémoc,0001,1318,2378,1262.0,51.0,48.0,1148.0,319.0,1169.0,19.0,305.0,859.0,1084.0,472.0,829.0,99.0,14.234016887816647,43.542435424354245,26.09067579127459,0901500011318,19.4113746,-99.17620307,5,6,False,False,False
09,015,Cuauhtémoc,0001,1322,1252,641.0,18.0,19.0,593.0,122.0,603.0,9.0,158.0,443.0,553.0,190.0,471.0,37.0,9.766454352441615,34.35804701627486,26.202321724709783,0901500011322,19.4125469,-99.17358202,4,4,False,False,False
09,015,Cuauhtémoc,0001,1337,1967,1021.0,53.0,40.0,923.0,210.0,942.0,12.0,248.0,692.0,918.0,372.0,713.0,93.0,14.726507713884992,40.52287581699346,26.326963906581742,0901500011337,19.408922484999998,-99.17390747,6,6,False,False,False
09,015,Cuauhtémoc,0001,1341,3497,1739.0,85.0,91.0,1565.0,325.0,1597.0,19.0,400.0,1193.0,1606.0,669.0,1240.0,176.0,15.725806451612904,41.656288916562886,25.046963055729492,0901500011341,19.4079129,-99.16964317,5,6,False,False,False
09,015,Cuauhtémoc,0001,1356,3309,1760.0,40.0,67.0,1626.0,423.0,1663.0,25.0,528.0,1111.0,1420.0,678.0,1203.0,107.0,10.972568578553615,47.74647887323943,31.7498496692724,0901500011356,19.40683965,-99.16666056,8,10,False,False,False
09,015,Cuauhtémoc,0001,1360,1780,925.0,32.0,28.0,858.0,210.0,873.0,13.0,268.0,599.0,770.0,361.0,648.0,60.0,11.265432098765432,46.883116883116884,30.698739977090494,0901500011360,19.41002604,-99.16405911,7,9,False,False,False
09,015,Cuauhtémoc,0001,1375,3238,1623.0,62.0,65.0,1472.0,403.0,1501.0,32.0,517.0,983.0,1309.0,557.0,1069.0,127.0,14.873713751169317,42.55156608097785,34.44370419720186,0901500011375,19.41064577,-99.16110257,7,9,False,False,False
09,015,Cuauhtémoc,0001,138A,584,316.0,10.0,10.0,291.0,88.0,295.0,5.0,138.0,157.0,256.0,125.0,203.0,20.0,12.31527093596059,48.828125,46.779661016949156,090150001138A,19.411618635,-99.15647025,4,5,False,False,False
09,015,Cuauhtémoc,0001,1394,5232,2722.0,147.0,171.0,2289.0,430.0,2394.0,19.0,821.0,1573.0,1841.0,818.0,1859.0,318.0,18.128025820333512,44.43237370994025,34.29406850459482,0901500011394,19.40856902,-99.14840605,5,5,False,False,False
09,015,Cuauhtémoc,0001,1407,2280,1222.0,63.0,68.0,1057.0,296.0,1089.0,17.0,543.0,546.0,804.0,399.0,761.0,131.0,19.44809461235217,49.62686567164179,49.862258953168045,0901500011407,19.4089047,-99.13744076,2,3,False,False,False
09,015,Cuauhtémoc,0001,1411,2636,1274.0,49.0,55.0,1165.0,282.0,1181.0,24.0,409.0,770.0,1159.0,461.0,883.0,104.0,14.496036240090602,39.77566867989646,34.63166807790009,0901500011411,19.40804077,-99.17982174,5,7,False,False,False
09,015,Cuauhtémoc,0001,1426,1401,698.0,19.0,31.0,646.0,141.0,649.0,8.0,170.0,477.0,629.0,267.0,505.0,50.0,11.485148514851486,42.4483306836248,26.194144838212637,0901500011426,19.40555897,-99.17347716,6,6,False,False,False
09,015,Cuauhtémoc,0001,1430,1325,659.0,17.0,29.0,609.0,123.0,621.0,5.0,148.0,473.0,629.0,283.0,486.0,46.0,10.493827160493826,44.992050874403816,23.832528180354267,0901500011430,19.40407976,-99.17019241,10,12,False,False,False
09,015,Cuauhtémoc,0001,1445,1674,855.0,31.0,38.0,783.0,183.0,792.0,11.0,219.0,571.0,735.0,328.0,600.0,69.0,13.333333333333334,44.625850340136054,27.65151515151515,0901500011445,19.402772045,-99.1684004,11,14,False,False,False
09,015,Cuauhtémoc,0001,145A,3506,1792.0,62.0,76.0,1652.0,428.0,1684.0,26.0,556.0,1127.0,1506.0,631.0,1224.0,138.0,13.398692810457517,41.899070385126166,33.0166270783848,090150001145A,19.40441394,-99.16568533,9,12,False,False,False
09,015,Cuauhtémoc,0001,1464,3031,1603.0,58.0,84.0,1423.0,324.0,1454.0,21.0,461.0,991.0,1301.0,627.0,1099.0,142.0,14.83166515013649,48.19369715603382,31.705639614855567,0901500011464,19.4050536,-99.16089343,8,11,False,False,False
09,015,Cuauhtémoc,0001,1479,3131,1610.0,28.0,69.0,1489.0,410.0,1504.0,27.0,517.0,985.0,1235.0,576.0,1079.0,97.0,11.492122335495829,46.63967611336032,34.375,0901500011479,19.406048795,-99.15708129000001,5,8,False,False,False
09,015,Cuauhtémoc,0001,1483,7382,3790.0,229.0,269.0,3126.0,550.0,3274.0,41.0,1138.0,2129.0,2519.0,1074.0,2576.0,498.0,20.92391304347826,42.635966653433904,34.758704948075746,0901500011483,19.40557337,-99.14782955,4,5,False,False,False
09,015,Cuauhtémoc,0001,1498,6019,3187.0,143.0,129.0,2799.0,678.0,2904.0,51.0,1093.0,1807.0,2338.0,1046.0,2121.0,272.0,15.22866572371523,44.73909324208725,37.637741046831955,0901500011498,19.40578108,-99.13952441,5,5,False,False,False
09,015,Cuauhtémoc,0001,1500,3145,1641.0,52.0,87.0,1472.0,413.0,1516.0,34.0,643.0,871.0,1169.0,504.0,1059.0,139.0,16.336166194523134,43.11377245508982,42.41424802110818,0901500011500,19.40673282,-99.13354427,3,4,False,False,False
09,015,Cuauhtémoc,0001,1515,3624,1917.0,72.0,113.0,1663.0,460.0,1727.0,29.0,804.0,915.0,1160.0,503.0,1203.0,185.0,17.78886118038238,43.36206896551724,46.554719166184135,0901500011515,19.40553857,-99.13053082,4,5,False,False,False
09,015,Cuauhtémoc,0001,152A,3565,1891.0,94.0,121.0,1588.0,359.0,1651.0,36.0,563.0,1087.0,1174.0,511.0,1229.0,215.0,20.423108218063465,43.52640545144804,34.10054512416717,090150001152A,19.40635393,-99.12755608,6,7,False,False,False
09,015,Cuauhtémoc,0001,1534,3133,1654.0,64.0,77.0,1448.0,351.0,1488.0,25.0,546.0,940.0,1128.0,569.0,1097.0,141.0,15.132178669097538,50.443262411347526,36.693548387096776,0901500011534,19.423885565,-99.149600625,8,8,False,False,False
09,015,Cuauhtémoc,0001,1549,4833,2536.0,104.0,106.0,2261.0,602.0,2336.0,39.0,838.0,1497.0,1831.0,884.0,1659.0,210.0,15.009041591320072,48.2796286182414,35.87328767123288,0901500011549,19.42059826,-99.15187483,7,7,False,False,False
09,016,Miguel Hidalgo,0001,0020,2880,1436.0,90.0,97.0,1218.0,166.0,1269.0,19.0,487.0,782.0,1017.0,382.0,1052.0,187.0,19.581749049429657,37.561455260570305,38.376674546887315,0901600010020,19.4670266,-99.20946345,0,0,False,False,False
09,016,Miguel Hidalgo,0001,004A,7185,3694.0,233.0,261.0,3086.0,653.0,3208.0,39.0,1531.0,1675.0,2408.0,1004.0,2433.0,494.0,21.907110563090836,41.69435215946844,47.724438902743145,090160001004A,19.46121185,-99.19167079,4,6,False,False,False
09,016,Miguel Hidalgo,0001,0054,4315,2248.0,107.0,123.0,1965.0,446.0,2026.0,32.0,818.0,1206.0,1626.0,691.0,1519.0,230.0,17.248189598420012,42.4969249692497,40.375123395853905,0901600010054,19.459319309999998,-99.18561105,5,7,False,False,False
09,016,Miguel Hidalgo,0001,0069,4680,2545.0,103.0,119.0,2232.0,575.0,2303.0,53.0,934.0,1366.0,1735.0,755.0,1657.0,222.0,16.59625829812915,43.51585014409222,40.555796786799824,0901600010069,19.45571092,-99.175979395,1,1,False,False,False
09,016,Miguel Hidalgo,0001,0073,1201,634.0,25.0,36.0,569.0,177.0,585.0,18.0,255.0,330.0,458.0,236.0,392.0,61.0,20.153061224489797,51.52838427947598,43.58974358974359,0901600010073,19.456127345,-99.16625651,3,4,False,False,False
09,016,Miguel Hidalgo,0001,0092,8058,4052.0,191.0,208.0,3499.0,306.0,3637.0,17.0,1087.0,2550.0,3318.0,1445.0,3193.0,399.0,13.028499843407454,43.55033152501507,29.887269727797634,0901600010092,19.45738303,-99.21392156,1,1,False,False,False
09,016,Miguel Hidalgo,0001,0105,5129,2699.0,122.0,153.0,2308.0,619.0,2414.0,67.0,1133.0,1276.0,1612.0,700.0,1689.0,275.0,20.24866785079929,43.424317617866,46.93454846727423,0901600010105,19.45783419,-99.20741343,3,5,False,False,False
09,016,Miguel Hidalgo,0001,011A,5077,2642.0,113.0,186.0,2266.0,575.0,2342.0,54.0,1135.0,1201.0,1533.0,632.0,1691.0,299.0,20.875221762270847,41.226353555120674,48.46285226302306,090160001011A,19.45519989,-99.202307935,4,6,False,False,False
09,016,Miguel Hidalgo,0001,0124,4285,2317.0,111.0,140.0,1927.0,455.0,2012.0,44.0,849.0,1154.0,1341.0,589.0,1472.0,251.0,20.040760869565215,43.92244593586875,42.19681908548708,0901600010124,19.4553009,-99.19939419,4,6,False,False,False
09,016,Miguel Hidalgo,0001,0139,5001,2670.0,159.0,155.0,2223.0,490.0,2315.0,47.0,1044.0,1266.0,1597.0,695.0,1733.0,314.0,20.830929024812463,43.51909830933,45.09719222462203,0901600010139,19.45788714,-99.19462225,3,6,False,False,False
09,016,Miguel Hidalgo,0001,0143,6897,3620.0,216.0,265.0,2995.0,516.0,3131.0,73.0,1221.0,1907.0,2306.0,949.0,2479.0,481.0,22.347720855183542,41.15351257588898,38.99712551900351,0901600010143,19.455000745,-99.19172578999999,1,4,False,False,False
09,016,Miguel Hidalgo,0001,0158,4030,2133.0,127.0,153.0,1789.0,319.0,1850.0,26.0,660.0,1187.0,1367.0,547.0,1470.0,280.0,20.816326530612244,40.01463057790783,35.67567567567568,0901600010158,19.45877947,-99.18642778,5,7,False,False,False
09,016,Miguel Hidalgo,0001,0162,4905,2590.0,128.0,180.0,2167.0,466.0,2249.0,44.0,883.0,1366.0,1734.0,721.0,1701.0,308.0,20.693709582598473,41.58016147635525,39.26189417518897,0901600010162,19.455744680000002,-99.1851918,3,5,False,False,False
09,016,Miguel Hidalgo,0001,0177,7071,3730.0,183.0,221.0,3241.0,685.0,3335.0,54.0,1230.0,2104.0,2645.0,1103.0,2556.0,404.0,17.918622848200314,41.70132325141777,36.8815592203898,0901600010177,19.45104246,-99.18234262,4,4,False,False,False
09,016,Miguel Hidalgo,0001,0181,9026,4799.0,195.0,236.0,4200.0,947.0,4326.0,68.0,1833.0,2486.0,3182.0,1325.0,3253.0,431.0,15.339686443283124,41.640477686989314,42.37170596393897,0901600010181,19.45028529,-99.17902452,3,3,False,False,False
09,016,Miguel Hidalgo,0001,0209,1289,704.0,21.0,25.0,652.0,184.0,663.0,10.0,287.0,374.0,530.0,240.0,468.0,46.0,11.965811965811966,45.28301886792453,43.288084464555055,0901600010209,19.450624945,-99.171373135,4,5,False,False,False
09,016,Miguel Hidalgo,0001,0213,7545,4057.0,176.0,208.0,3520.0,805.0,3625.0,76.0,1321.0,2304.0,2655.0,1202.0,2715.0,384.0,16.94290976058932,45.27306967984934,36.44137931034483,0901600010213,19.44444221,-99.16697049999999,8,9,False,False,False
09,016,Miguel Hidalgo,0001,0247,10020,5235.0,269.0,368.0,4364.0,870.0,4570.0,92.0,1903.0,2662.0,2985.0,1216.0,3494.0,637.0,20.864338866628508,40.73701842546063,41.64113785557987,0901600010247,19.45275583,-99.20226512,4,6,False,False,False
09,016,Miguel Hidalgo,0001,0251,8170,4236.0,205.0,298.0,3528.0,761.0,3713.0,99.0,1577.0,2126.0,2523.0,1008.0,2767.0,503.0,21.756414889772316,39.95243757431629,42.472394290331266,0901600010251,19.45221631,-99.19706028,4,6,False,False,False
09,016,Miguel Hidalgo,0001,0270,7375,3827.0,206.0,254.0,3231.0,721.0,3350.0,50.0,1359.0,1989.0,2454.0,970.0,2510.0,460.0,20.318725099601593,39.52730236348818,40.56716417910447,0901600010270,19.44988208,-99.18604088,4,4,False,False,False
09,016,Miguel Hidalgo,0001,0285,7645,4004.0,195.0,257.0,3409.0,707.0,3541.0,60.0,1401.0,2139.0,2634.0,1096.0,2702.0,452.0,18.948926720947444,41.60971905846621,39.56509460604349,0901600010285,19.44529101,-99.175893425,4,4,False,False,False
09,016,Miguel Hidalgo,0001,029A,9287,4934.0,211.0,285.0,4216.0,839.0,4378.0,76.0,1613.0,2761.0,3425.0,1446.0,3377.0,496.0,16.938110749185668,42.21897810218978,36.84330744632252,090160001029A,19.4477355,-99.17246496,5,6,False,False,False
09,016,Miguel Hidalgo,0001,0317,1962,1074.0,26.0,36.0,988.0,317.0,1011.0,27.0,424.0,581.0,836.0,419.0,671.0,62.0,13.263785394932937,50.119617224880386,41.938674579624134,0901600010317,19.450897565,-99.215603085,4,4,False,False,False
09,016,Miguel Hidalgo,0001,0321,2123,1176.0,39.0,44.0,1044.0,287.0,1073.0,14.0,474.0,596.0,840.0,370.0,757.0,83.0,12.813738441215325,44.047619047619044,44.17520969245107,0901600010321,19.44696858,-99.21695352,4,4,False,False,False
09,016,Miguel Hidalgo,0001,0336,1100,591.0,24.0,32.0,530.0,191.0,542.0,16.0,260.0,282.0,412.0,223.0,339.0,56.0,21.238938053097346,54.12621359223301,47.97047970479705,0901600010336,19.44834352,-99.21370966500001,4,4,False,False,False
09,016,Miguel Hidalgo,0001,0340,1041,579.0,28.0,26.0,515.0,149.0,534.0,11.0,223.0,310.0,375.0,188.0,366.0,54.0,17.759562841530055,50.13333333333333,41.760299625468164,0901600010340,19.44778559,-99.20811191,5,6,False,False,False
09,016,Miguel Hidalgo,0001,036A,3263,1722.0,89.0,113.0,1470.0,355.0,1527.0,41.0,707.0,819.0,1031.0,442.0,1115.0,202.0,21.793721973094172,42.8709990300679,46.29993451211526,090160001036A,19.44706085,-99.20230158,3,5,False,False,False
09,016,Miguel Hidalgo,0001,0374,5805,2997.0,142.0,225.0,2461.0,567.0,2603.0,64.0,1106.0,1493.0,1689.0,741.0,1894.0,367.0,22.75607180570222,43.87211367673179,42.489435266999614,0901600010374,19.44871013,-99.19829833,2,4,False,False,False
09,016,Miguel Hidalgo,0001,0389,4656,2478.0,151.0,181.0,2034.0,406.0,2133.0,35.0,928.0,1204.0,1436.0,656.0,1628.0,332.0,22.542997542997544,45.682451253481894,43.50679793717768,0901600010389,19.44713244,-99.19751354,2,4,False,False,False
09,016,Miguel Hidalgo,0001,0393,10717,5723.0,275.0,365.0,4882.0,1037.0,5044.0,85.0,1816.0,3223.0,3695.0,1553.0,3845.0,640.0,18.855656697009103,42.029769959404604,36.00317208564631,0901600010393,19.44624945,-99.18602029,3,3,False,False,False
09,016,Miguel Hidalgo,0001,0410,1560,863.0,26.0,35.0,787.0,229.0,802.0,17.0,350.0,452.0,604.0,250.0,558.0,61.0,13.978494623655912,41.390728476821195,43.64089775561097,0901600010410,19.44442116,-99.21542362,4,4,False,False,False
09,016,Miguel Hidalgo,0001,0425,2723,1515.0,55.0,56.0,1364.0,369.0,1399.0,26.0,519.0,877.0,1123.0,525.0,995.0,111.0,13.768844221105528,46.74977738201246,37.09792709077912,0901600010425,19.44587316,-99.21577736500001,4,4,False,False,False
09,016,Miguel Hidalgo,0001,043A,1613,883.0,29.0,48.0,805.0,264.0,825.0,18.0,401.0,424.0,661.0,322.0,541.0,77.0,17.56007393715342,48.71406959152799,48.60606060606061,090160001043A,19.44618415,-99.21294701,5,5,False,False,False
09,016,Miguel Hidalgo,0001,0444,18174,8931.0,709.0,796.0,7408.0,1152.0,7606.0,82.0,2518.0,5060.0,7377.0,2220.0,6256.0,1505.0,25.36764705882353,30.093533956893047,33.10544307125953,0901600010444,19.44018194,-99.20295341,5,5,True,False,False
09,016,Miguel Hidalgo,0001,0459,3824,1980.0,101.0,141.0,1691.0,338.0,1741.0,44.0,643.0,1097.0,1369.0,562.0,1353.0,242.0,21.138211382113823,41.051862673484294,36.932797242963815,0901600010459,19.44223532,-99.19839999499999,4,4,False,False,False
09,016,Miguel Hidalgo,0001,0463,4077,2115.0,108.0,141.0,1794.0,350.0,1874.0,26.0,756.0,1113.0,1293.0,460.0,1444.0,249.0,19.044321329639892,35.57617942768755,40.34151547491996,0901600010463,19.44402057,-99.19285458,4,4,False,False,False
09,016,Miguel Hidalgo,0001,0478,6255,3270.0,227.0,200.0,2744.0,299.0,2847.0,11.0,860.0,1972.0,2645.0,1004.0,2445.0,427.0,17.914110429447852,37.95841209829868,30.20723568668774,0901600010478,19.440054619999998,-99.18478515,5,6,False,False,False
09,016,Miguel Hidalgo,0001,0482,9902,5157.0,316.0,362.0,4325.0,636.0,4464.0,60.0,1478.0,2975.0,3843.0,1503.0,3689.0,678.0,20.00542152344809,39.11007025761124,33.10931899641577,0901600010482,19.44195273,-99.17971007,5,7,False,False,False
09,016,Miguel Hidalgo,0001,0497,8511,4420.0,273.0,319.0,3695.0,734.0,3840.0,83.0,1475.0,2353.0,2801.0,1209.0,2961.0,592.0,22.796352583586625,43.16315601570867,38.41145833333333,0901600010497,19.44200731,-99.173521255,9,11,False,False,False
09,016,Miguel Hidalgo,0001,050A,4753,2479.0,133.0,153.0,2119.0,462.0,2190.0,69.0,819.0,1369.0,1743.0,783.0,1657.0,286.0,21.424260712130355,44.922547332185886,37.397260273972606,090160001050A,19.44021046,-99.17007149,8,10,False,False,False
09,016,Miguel Hidalgo,0001,0548,2003,1045.0,35.0,37.0,953.0,299.0,974.0,11.0,418.0,556.0,850.0,316.0,654.0,72.0,12.691131498470948,37.1764705882353,42.91581108829568,0901600010548,19.44131895,-99.20916315,5,5,False,False,False
09,016,Miguel Hidalgo,0001,0552,1276,659.0,39.0,42.0,581.0,187.0,598.0,59.0,297.0,299.0,439.0,158.0,394.0,81.0,35.53299492385787,35.99088838268793,49.66555183946488,0901600010552,19.43824633,-99.19596754,4,4,True,False,False
09,016,Miguel Hidalgo,0001,0571,3127,1632.0,81.0,75.0,1460.0,261.0,1492.0,8.0,412.0,1080.0,1396.0,598.0,1199.0,156.0,13.678065054211844,42.83667621776504,27.61394101876676,0901600010571,19.438743375,-99.191740655,7,7,False,False,False
09,016,Miguel Hidalgo,0001,0590,782,398.0,19.0,27.0,358.0,76.0,366.0,6.0,117.0,249.0,320.0,118.0,282.0,46.0,18.439716312056735,36.875,31.967213114754102,0901600010590,19.43778793,-99.17573111499999,9,12,False,False,False
09,016,Miguel Hidalgo,0001,0603,2645,1405.0,72.0,66.0,1248.0,316.0,1272.0,26.0,425.0,846.0,1066.0,459.0,932.0,138.0,17.59656652360515,43.05816135084427,33.411949685534594,0901600010603,19.43533193,-99.17268591,10,13,False,False,False
09,016,Miguel Hidalgo,0001,0618,591,266.0,0.0,0.0,265.0,3.0,266.0,3.0,250.0,9.0,,0.0,262.0,0.0,1.1450381679389312,,93.98496240601504,0901600010618,19.436463935,-99.213696555,4,4,False,False,False
09,016,Miguel Hidalgo,0001,0622,4721,2537.0,210.0,222.0,2052.0,565.0,2133.0,47.0,930.0,1196.0,1662.0,575.0,1487.0,432.0,32.21250840618695,34.59687123947052,43.60056258790436,0901600010622,19.43728206,-99.21079953,4,4,True,False,False
09,016,Miguel Hidalgo,0001,0637,3488,1872.0,122.0,177.0,1532.0,339.0,1597.0,40.0,664.0,907.0,1284.0,382.0,1193.0,299.0,28.415758591785416,29.750778816199375,41.57795867251096,0901600010637,19.43610671,-99.20419544,5,5,True,False,False
09,016,Miguel Hidalgo,0001,0641,2207,1083.0,75.0,74.0,956.0,171.0,975.0,11.0,341.0,629.0,968.0,298.0,785.0,149.0,20.382165605095544,30.785123966942145,34.97435897435898,0901600010641,19.43618727,-99.19880982,4,4,False,False,False
09,016,Miguel Hidalgo,0001,0656,3967,2040.0,127.0,141.0,1776.0,378.0,1813.0,18.0,592.0,1219.0,1707.0,591.0,1398.0,268.0,20.457796852646638,34.62214411247803,32.6530612244898,0901600010656,19.43459676,-99.19326362,5,5,False,False,False
09,016,Miguel Hidalgo,0001,0660,4042,2213.0,129.0,135.0,1937.0,485.0,1967.0,19.0,666.0,1299.0,1742.0,692.0,1452.0,264.0,19.490358126721762,39.724454649827784,33.85866802236909,0901600010660,19.435820655,-99.18865247,5,5,False,False,False
09,016,Miguel Hidalgo,0001,0675,2612,1412.0,84.0,80.0,1226.0,279.0,1261.0,17.0,399.0,860.0,1190.0,470.0,947.0,164.0,19.1129883843717,39.49579831932773,31.64155432196669,0901600010675,19.433277185,-99.18582928500001,4,6,False,False,False
09,016,Miguel Hidalgo,0001,068A,2198,1220.0,81.0,79.0,1052.0,289.0,1078.0,19.0,396.0,682.0,1016.0,430.0,763.0,160.0,23.46002621231979,42.322834645669296,36.734693877551024,090160001068A,19.432404155,-99.18202196,6,9,False,False,False
09,016,Miguel Hidalgo,0001,0694,906,499.0,26.0,29.0,435.0,115.0,447.0,3.0,173.0,274.0,365.0,152.0,320.0,55.0,18.125,41.64383561643836,38.702460850111855,0901600010694,19.432379635,-99.179418065,5,8,False,False,False
09,016,Miguel Hidalgo,0001,0707,1745,925.0,29.0,30.0,834.0,193.0,856.0,14.0,289.0,565.0,757.0,307.0,641.0,59.0,11.388455538221528,40.554821664464995,33.76168224299065,0901600010707,19.43448269,-99.17777099,7,10,False,False,False
09,016,Miguel Hidalgo,0001,0711,2471,1267.0,74.0,69.0,1147.0,289.0,1162.0,15.0,305.0,856.0,1150.0,502.0,858.0,143.0,18.414918414918414,43.65217391304348,26.247848537005165,0901600010711,19.42922194,-99.17666615,8,11,False,False,False
09,016,Miguel Hidalgo,0001,0730,4046,2224.0,131.0,174.0,1893.0,399.0,1951.0,20.0,603.0,1342.0,1590.0,585.0,1494.0,305.0,21.75368139223561,36.79245283018868,30.90722706304459,0901600010730,19.432586399999998,-99.211698335,3,3,False,False,False
09,016,Miguel Hidalgo,0001,0745,2741,1498.0,102.0,128.0,1269.0,352.0,1305.0,64.0,515.0,783.0,1060.0,444.0,917.0,230.0,32.06106870229007,41.88679245283019,39.46360153256705,0901600010745,19.43025505,-99.20212931,7,7,True,False,False
09,016,Miguel Hidalgo,0001,075A,665,365.0,21.0,21.0,329.0,98.0,335.0,8.0,101.0,233.0,299.0,131.0,231.0,42.0,21.645021645021643,43.812709030100336,30.149253731343283,090160001075A,19.42916083,-99.1993511,5,6,False,False,False
09,016,Miguel Hidalgo,0001,0783,3448,1816.0,115.0,122.0,1548.0,408.0,1593.0,33.0,481.0,1095.0,1469.0,502.0,1140.0,237.0,23.684210526315788,34.17290673927842,30.19460138104206,0901600010783,19.42957434,-99.189307655,2,3,False,False,False
09,016,Miguel Hidalgo,0001,0800,1473,739.0,40.0,54.0,570.0,36.0,620.0,6.0,374.0,246.0,388.0,56.0,534.0,94.0,18.726591760299627,14.432989690721648,60.322580645161295,0901600010800,19.430470935000002,-99.22383145,2,2,False,False,False
09,016,Miguel Hidalgo,0001,0815,2767,1504.0,105.0,97.0,1299.0,338.0,1341.0,33.0,521.0,816.0,808.0,336.0,961.0,202.0,24.453694068678463,41.584158415841586,38.851603281133485,0901600010815,19.42992116,-99.22076414,2,2,True,False,False
09,016,Miguel Hidalgo,0001,082A,2213,1137.0,48.0,60.0,996.0,298.0,1037.0,21.0,489.0,545.0,612.0,244.0,698.0,108.0,18.48137535816619,39.869281045751634,47.155255544840884,090160001082A,19.43065834,-99.21797763,4,4,False,False,False
09,016,Miguel Hidalgo,0001,0834,555,298.0,19.0,24.0,251.0,53.0,258.0,6.0,84.0,174.0,184.0,77.0,198.0,43.0,24.747474747474747,41.84782608695652,32.55813953488372,0901600010834,19.42941704,-99.2154279,4,5,True,False,False
09,016,Miguel Hidalgo,0001,0849,831,447.0,21.0,18.0,392.0,118.0,400.0,7.0,153.0,245.0,308.0,115.0,274.0,39.0,16.78832116788321,37.33766233766234,38.25,0901600010849,19.42925946,-99.20570083,3,3,False,False,False
09,016,Miguel Hidalgo,0001,0853,2446,1487.0,87.0,82.0,1337.0,468.0,1357.0,36.0,481.0,872.0,939.0,387.0,869.0,169.0,23.590333716915996,41.21405750798722,35.44583640383198,0901600010853,19.424660745,-99.22531972499999,2,2,False,False,False
09,016,Miguel Hidalgo,0001,0868,1152,638.0,49.0,32.0,564.0,188.0,576.0,6.0,189.0,385.0,424.0,147.0,376.0,81.0,23.138297872340424,34.66981132075472,32.8125,0901600010868,19.4269888,-99.22188411,2,3,False,False,False
09,016,Miguel Hidalgo,0001,0872,1363,726.0,18.0,14.0,329.0,100.0,333.0,4.0,98.0,229.0,446.0,190.0,229.0,32.0,15.72052401746725,42.600896860986545,29.429429429429426,0901600010872,19.42681111,-99.21458907,4,5,False,False,False
09,016,Miguel Hidalgo,0001,0891,2076,1032.0,39.0,52.0,929.0,243.0,942.0,17.0,256.0,682.0,959.0,400.0,686.0,91.0,15.743440233236154,41.71011470281543,27.176220806794056,0901600010891,19.41420943,-99.18216353,3,4,False,False,False
09,016,Miguel Hidalgo,0001,0904,1535,871.0,37.0,50.0,767.0,168.0,789.0,4.0,209.0,580.0,425.0,152.0,599.0,87.0,15.191986644407345,35.76470588235294,26.489226869455006,0901600010904,19.41653867,-99.23250559,0,0,False,False,False
09,016,Miguel Hidalgo,0001,0919,722,403.0,16.0,15.0,366.0,108.0,376.0,8.0,117.0,254.0,228.0,74.0,258.0,31.0,15.11627906976744,32.45614035087719,31.117021276595747,0901600010919,19.42031376,-99.21842203,0,2,False,False,False
09,016,Miguel Hidalgo,0001,0923,1521,890.0,20.0,51.0,759.0,183.0,803.0,6.0,257.0,540.0,436.0,133.0,576.0,71.0,13.368055555555555,30.504587155963304,32.004981320049815,0901600010923,19.41587598,-99.22584913,0,1,False,False,False
09,016,Miguel Hidalgo,0001,0942,862,493.0,24.0,30.0,422.0,149.0,431.0,16.0,153.0,277.0,224.0,87.0,273.0,54.0,25.64102564102564,38.839285714285715,35.498839907192576,0901600010942,19.41944445,-99.2153634,0,2,True,False,True
09,016,Miguel Hidalgo,0001,0961,877,514.0,28.0,40.0,437.0,97.0,445.0,7.0,133.0,310.0,221.0,60.0,340.0,68.0,22.058823529411764,27.149321266968325,29.8876404494382,0901600010961,19.42211811,-99.21258135,0,1,False,False,False
09,016,Miguel Hidalgo,0001,0980,805,489.0,21.0,34.0,444.0,110.0,452.0,4.0,134.0,312.0,233.0,93.0,334.0,55.0,17.664670658682635,39.91416309012876,29.646017699115045,0901600010980,19.41610423,-99.21177384,0,2,False,False,False
09,016,Miguel Hidalgo,0001,0995,1836,1038.0,36.0,39.0,961.0,303.0,968.0,14.0,362.0,606.0,627.0,256.0,658.0,75.0,13.5258358662614,40.82934609250399,37.39669421487603,0901600010995,19.42466356,-99.20421762000001,1,1,False,False,False
09,016,Miguel Hidalgo,0001,1029,2458,1271.0,39.0,54.0,1153.0,331.0,1172.0,37.0,361.0,808.0,1046.0,435.0,822.0,93.0,15.815085158150852,41.586998087954115,30.802047781569964,0901600011029,19.41118346,-99.18531923,3,5,False,False,False
09,016,Miguel Hidalgo,0001,1033,1059,584.0,19.0,14.0,317.0,94.0,329.0,7.0,138.0,189.0,318.0,128.0,223.0,33.0,17.937219730941703,40.25157232704403,41.94528875379939,0901600011033,19.40969753,-99.23590046,0,1,False,False,False
09,016,Miguel Hidalgo,0001,1048,1082,600.0,16.0,16.0,378.0,99.0,390.0,6.0,134.0,249.0,310.0,113.0,279.0,32.0,13.620071684587815,36.45161290322581,34.35897435897436,0901600011048,19.413862015,-99.22978915499999,0,0,False,False,False
09,016,Miguel Hidalgo,0001,1052,848,478.0,16.0,28.0,416.0,143.0,441.0,9.0,195.0,243.0,256.0,79.0,273.0,44.0,19.413919413919416,30.859375,44.21768707482993,0901600011052,19.41065716,-99.21780571,0,1,False,False,False
09,016,Miguel Hidalgo,0001,1067,639,338.0,6.0,9.0,171.0,59.0,180.0,0.0,66.0,112.0,214.0,92.0,112.0,15.0,13.392857142857142,42.99065420560748,36.666666666666664,0901600011067,19.4147218,-99.21575606,0,2,False,False,False
09,016,Miguel Hidalgo,0001,1090,4044,2118.0,85.0,143.0,1811.0,445.0,1869.0,44.0,782.0,1080.0,1149.0,499.0,1366.0,228.0,19.91215226939971,43.429068755439516,41.84055644729802,0901600011090,19.401817514999998,-99.20605355000001,2,3,False,False,False
09,016,Miguel Hidalgo,0001,1103,3137,1672.0,102.0,123.0,1388.0,343.0,1442.0,24.0,650.0,791.0,991.0,398.0,1045.0,225.0,23.827751196172247,40.16145307769929,45.07628294036061,0901600011103,19.40474801,-99.20232079,3,4,False,False,False
09,016,Miguel Hidalgo,0001,1118,6098,3162.0,166.0,206.0,2622.0,647.0,2745.0,68.0,1187.0,1550.0,1802.0,816.0,1975.0,372.0,22.278481012658226,45.28301886792453,43.24225865209472,0901600011118,19.40539767,-99.19843331,3,4,False,False,False
09,016,Miguel Hidalgo,0001,1122,2020,1059.0,53.0,69.0,880.0,207.0,924.0,18.0,416.0,507.0,607.0,244.0,673.0,122.0,20.802377414561665,40.19769357495881,45.02164502164502,0901600011122,19.408115245,-99.196402835,2,2,False,False,False
09,016,Miguel Hidalgo,0001,1137,3762,2012.0,84.0,95.0,1755.0,516.0,1816.0,27.0,879.0,935.0,1241.0,513.0,1239.0,179.0,16.626311541565777,41.337630942788074,48.40308370044053,0901600011137,19.405338174999997,-99.19509033,3,4,False,False,False
09,016,Miguel Hidalgo,0001,1141,3492,1912.0,96.0,105.0,1643.0,447.0,1702.0,41.0,747.0,948.0,1168.0,590.0,1196.0,201.0,20.234113712374583,50.513698630136986,43.889541715628674,0901600011141,19.40912246,-99.19145241,3,5,False,False,False
09,016,Miguel Hidalgo,0001,1156,8675,4515.0,262.0,314.0,3827.0,816.0,3969.0,91.0,1690.0,2253.0,2933.0,1256.0,3011.0,576.0,22.152108933909002,42.823048073644735,42.579994960947346,0901600011156,19.400223635,-99.18871497,3,4,False,False,False
09,016,Miguel Hidalgo,0001,1160,7005,3831.0,136.0,174.0,3411.0,1005.0,3509.0,81.0,1375.0,2126.0,2665.0,1281.0,2406.0,310.0,16.25103906899418,48.06754221388368,39.18495297805642,0901600011160,19.409843255,-99.18928787,3,5,False,False,False
09,016,Miguel Hidalgo,0001,1175,1823,973.0,27.0,51.0,885.0,263.0,902.0,25.0,341.0,559.0,665.0,294.0,622.0,78.0,16.559485530546624,44.21052631578947,37.80487804878049,0901600011175,19.403000589999998,-99.18736617,4,6,False,False,False
09,016,Miguel Hidalgo,0001,118A,7942,4219.0,166.0,192.0,3781.0,880.0,3873.0,68.0,1260.0,2597.0,3222.0,1515.0,2901.0,358.0,14.68459152016546,47.02048417132216,32.53292021688613,090160001118A,19.40326868,-99.17753543,5,7,False,False,False
09,016,Miguel Hidalgo,0001,1194,1448,779.0,24.0,55.0,681.0,171.0,708.0,13.0,272.0,434.0,503.0,255.0,510.0,79.0,18.03921568627451,50.695825049701796,38.4180790960452,0901600011194,19.39915544,-99.18771929,2,4,False,False,False
09,016,Miguel Hidalgo,0001,1207,8322,4323.0,178.0,238.0,3790.0,875.0,3904.0,53.0,1380.0,2511.0,3169.0,1432.0,2915.0,416.0,16.089193825042884,45.1877563900284,35.34836065573771,0901600011207,19.40153379,-99.17920053,6,8,False,False,False
09,016,Miguel Hidalgo,0001,1211,5224,2767.0,95.0,126.0,2460.0,617.0,2533.0,39.0,1022.0,1505.0,1919.0,941.0,1843.0,221.0,14.107433532284318,49.035956227201666,40.347414133438605,0901600011211,19.39836202,-99.18261089500001,7,10,False,False,False
09,016,Miguel Hidalgo,0001,1226,5300,2819.0,102.0,96.0,2529.0,579.0,2597.0,54.0,808.0,1782.0,2269.0,1000.0,1950.0,198.0,12.923076923076923,44.072278536800354,31.11282248748556,0901600011226,19.40045219,-99.17304203,10,11,False,False,False
09,016,Miguel Hidalgo,0001,1230,682,383.0,24.0,29.0,320.0,84.0,336.0,6.0,144.0,190.0,192.0,54.0,236.0,53.0,25.0,28.125,42.857142857142854,0901600011230,19.40816241,-99.24590716,0,1,True,False,True
09,016,Miguel Hidalgo,0001,125A,1264,722.0,33.0,51.0,640.0,180.0,656.0,6.0,294.0,361.0,347.0,84.0,460.0,84.0,19.565217391304348,24.207492795389047,44.81707317073171,090160001125A,19.40310543,-99.24828516,0,1,False,False,False
09,016,Miguel Hidalgo,0001,1264,1029,568.0,12.0,20.0,355.0,121.0,360.0,4.0,133.0,227.0,299.0,115.0,234.0,32.0,15.384615384615385,38.46153846153847,36.94444444444444,0901600011264,19.404535404999997,-99.240527945,0,1,False,False,False
09,016,Miguel Hidalgo,0001,1279,1997,1100.0,44.0,38.0,665.0,207.0,684.0,16.0,208.0,470.0,656.0,293.0,458.0,82.0,21.397379912663755,44.66463414634146,30.409356725146196,0901600011279,19.40136593,-99.23491774,0,1,False,False,False
09,016,Miguel Hidalgo,0001,1283,1905,1014.0,27.0,31.0,462.0,126.0,470.0,6.0,175.0,295.0,608.0,256.0,336.0,58.0,19.047619047619047,42.10526315789473,37.234042553191486,0901600011283,19.39437762,-99.23575246,0,0,False,False,False
09,016,Miguel Hidalgo,0001,1298,1559,890.0,35.0,49.0,775.0,227.0,807.0,3.0,385.0,418.0,449.0,110.0,548.0,84.0,15.875912408759124,24.4988864142539,47.70755885997522,0901600011298,19.39557057,-99.25660855,1,1,False,False,False
09,016,Miguel Hidalgo,0001,1300,6096,3418.0,160.0,141.0,2072.0,438.0,2148.0,21.0,678.0,1462.0,1715.0,710.0,1634.0,301.0,19.7062423500612,41.39941690962099,31.564245810055862,0901600011300,19.38713956,-99.24784894,2,3,False,False,False
09,016,Miguel Hidalgo,0001,1315,1526,832.0,37.0,51.0,700.0,216.0,722.0,43.0,332.0,387.0,567.0,249.0,484.0,88.0,27.066115702479337,43.91534391534391,45.98337950138504,0901600011315,19.4498522,-99.20260394,5,7,True,False,False
09,016,Miguel Hidalgo,0001,132A,2889,1565.0,82.0,102.0,1316.0,323.0,1377.0,28.0,645.0,727.0,964.0,435.0,993.0,184.0,21.34944612286002,45.12448132780083,46.84095860566449,090160001132A,19.4488856,-99.20088229,4,6,False,False,False
09,016,Miguel Hidalgo,0001,1334,3168,1693.0,109.0,107.0,1427.0,299.0,1480.0,23.0,634.0,846.0,1009.0,426.0,1128.0,216.0,21.187943262411345,42.22001982160555,42.83783783783784,0901600011334,19.451912155000002,-99.19165807499999,3,4,False,False,False
09,016,Miguel Hidalgo,0001,1349,15549,8211.0,456.0,558.0,6965.0,1590.0,7234.0,142.0,3186.0,4043.0,4733.0,2099.0,5375.0,1014.0,21.506976744186048,44.34819353475597,44.04202377661045,0901600011349,19.44743511,-99.194374445,2,3,False,False,False
09,016,Miguel Hidalgo,0001,1353,1597,825.0,67.0,100.0,596.0,16.0,645.0,3.0,415.0,230.0,419.0,42.0,580.0,167.0,29.310344827586203,10.023866348448687,64.34108527131784,0901600011353,19.432880755,-99.21924487,4,4,True,False,False
09,016,Miguel Hidalgo,0001,1368,1893,900.0,29.0,40.0,729.0,15.0,792.0,5.0,625.0,166.0,361.0,33.0,714.0,69.0,10.364145658263306,9.141274238227147,78.91414141414141,0901600011368,19.43629529,-99.22065355,2,2,False,False,False
09,017,Venustiano Carranza,0001,0013,5152,2727.0,167.0,213.0,2247.0,462.0,2336.0,50.0,959.0,1374.0,1550.0,707.0,1785.0,380.0,24.089635854341736,45.61290322580645,41.053082191780824,0901700010013,19.45917685,-99.12186789,4,4,False,False,False
09,017,Venustiano Carranza,0001,0028,4855,2548.0,152.0,173.0,2152.0,492.0,2253.0,62.0,1092.0,1154.0,1489.0,587.0,1660.0,325.0,23.313253012048193,39.422431161853595,48.46870838881491,0901700010028,19.455457335,-99.11728855499999,3,4,False,False,False
09,017,Venustiano Carranza,0001,0032,10277,5348.0,331.0,412.0,4366.0,689.0,4554.0,92.0,1673.0,2875.0,3480.0,1351.0,3677.0,743.0,22.708729942888223,38.82183908045977,36.73693456302152,0901700010032,19.45153722,-99.11797737,4,4,False,False,False
09,017,Venustiano Carranza,0001,0047,3850,1983.0,104.0,151.0,1646.0,399.0,1721.0,28.0,713.0,1006.0,1146.0,489.0,1247.0,255.0,22.694466720128307,42.67015706806283,41.429401510749564,0901700010047,19.45096307,-99.11140829,4,4,False,False,False
09,017,Venustiano Carranza,0001,0051,3587,1936.0,103.0,121.0,1634.0,427.0,1703.0,39.0,802.0,901.0,1048.0,490.0,1207.0,224.0,21.789560894780447,46.75572519083969,47.09336465061656,0901700010051,19.45080168,-99.10656209,3,3,False,False,False
09,017,Venustiano Carranza,0001,0066,2976,1606.0,75.0,100.0,1366.0,358.0,1408.0,33.0,669.0,736.0,918.0,388.0,1008.0,175.0,20.634920634920633,42.26579520697168,47.51420454545455,0901700010066,19.44862404,-99.107025805,3,3,False,False,False
09,017,Venustiano Carranza,0001,0070,3664,1965.0,102.0,128.0,1611.0,376.0,1684.0,29.0,823.0,859.0,1032.0,526.0,1235.0,230.0,20.97165991902834,50.968992248062015,48.87173396674584,0901700010070,19.447216349999998,-99.099754415,1,1,False,False,False
09,017,Venustiano Carranza,0001,0085,2912,1521.0,94.0,113.0,1269.0,307.0,1311.0,41.0,583.0,728.0,854.0,385.0,962.0,207.0,25.779625779625782,45.08196721311475,44.4698703279939,0901700010085,19.4499237,-99.095946555,1,1,True,False,False
09,017,Venustiano Carranza,0001,009A,4499,2304.0,149.0,169.0,1911.0,429.0,1973.0,32.0,954.0,1016.0,1342.0,490.0,1482.0,318.0,23.616734143049932,36.51266766020864,48.35276229092752,090170001009A,19.446363825,-99.096592035,1,1,False,False,False
09,017,Venustiano Carranza,0001,0102,2899,1516.0,93.0,104.0,1231.0,265.0,1280.0,35.0,554.0,726.0,825.0,327.0,966.0,197.0,24.016563146997928,39.63636363636363,43.28125,0901700010102,19.44789947,-99.09131184,1,2,False,False,False
09,017,Venustiano Carranza,0001,0117,3305,1696.0,86.0,111.0,1427.0,333.0,1489.0,36.0,665.0,821.0,991.0,386.0,1094.0,197.0,21.29798903107861,38.95055499495459,44.660846205507056,0901700010117,19.44687928,-99.09220379,1,2,False,False,False
09,017,Venustiano Carranza,0001,0121,5176,2725.0,139.0,182.0,2233.0,558.0,2353.0,61.0,1122.0,1230.0,1447.0,613.0,1675.0,321.0,22.80597014925373,42.363510711817554,47.68380790480238,0901700010121,19.44394921,-99.08415842,1,2,False,False,False
09,017,Venustiano Carranza,0001,0155,2974,1527.0,82.0,92.0,1288.0,337.0,1334.0,44.0,579.0,755.0,890.0,438.0,951.0,174.0,22.923238696109358,49.21348314606742,43.403298350824585,0901700010155,19.4498846,-99.12112166,4,4,False,False,False
09,017,Venustiano Carranza,0001,016A,1827,929.0,76.0,69.0,781.0,197.0,812.0,11.0,339.0,473.0,547.0,220.0,584.0,145.0,26.71232876712329,40.21937842778793,41.748768472906406,090170001016A,19.449540675,-99.11646769,5,5,True,False,False
09,017,Venustiano Carranza,0001,0174,2235,1197.0,63.0,74.0,982.0,256.0,1025.0,28.0,431.0,594.0,675.0,304.0,726.0,137.0,22.727272727272727,45.03703703703704,42.048780487804876,0901700010174,19.44860824,-99.116705755,5,5,False,False,False
09,017,Venustiano Carranza,0001,0189,1652,888.0,62.0,52.0,746.0,190.0,773.0,21.0,370.0,399.0,473.0,188.0,556.0,114.0,24.280575539568343,39.74630021141649,47.86545924967658,0901700010189,19.44797949,-99.10996401,5,5,True,False,False
09,017,Venustiano Carranza,0001,0193,1487,774.0,29.0,40.0,672.0,172.0,701.0,4.0,339.0,361.0,461.0,212.0,500.0,69.0,14.6,45.98698481561822,48.35948644793152,0901700010193,19.44482811,-99.10779914,4,4,False,False,False
09,017,Venustiano Carranza,0001,0206,2629,1375.0,75.0,102.0,1159.0,311.0,1202.0,29.0,547.0,654.0,755.0,340.0,848.0,177.0,24.29245283018868,45.033112582781456,45.50748752079867,0901700010206,19.44673533,-99.10533874,2,2,True,False,False
09,017,Venustiano Carranza,0001,0210,13581,7061.0,525.0,636.0,5589.0,1098.0,5920.0,106.0,2539.0,3371.0,3907.0,1618.0,4491.0,1161.0,28.211979514584723,41.412848733043255,42.888513513513516,0901700010210,19.447086225,-99.12341677500001,5,5,True,False,False
09,017,Venustiano Carranza,0001,0225,7677,4111.0,291.0,354.0,3196.0,606.0,3393.0,63.0,1433.0,1955.0,2230.0,1025.0,2590.0,645.0,27.335907335907333,45.964125560538115,42.234011199528446,0901700010225,19.44306942,-99.11940409,4,4,True,False,False
09,017,Venustiano Carranza,0001,023A,1910,977.0,50.0,68.0,809.0,194.0,846.0,28.0,378.0,467.0,565.0,238.0,615.0,118.0,23.739837398373982,42.123893805309734,44.680851063829785,090170001023A,19.44725423,-99.11793538,6,6,False,False,False
09,017,Venustiano Carranza,0001,0244,2421,1259.0,68.0,74.0,976.0,277.0,1021.0,31.0,500.0,521.0,635.0,264.0,699.0,142.0,24.74964234620887,41.574803149606296,48.97159647404506,0901700010244,19.44489028,-99.11429563,6,6,True,False,False
09,017,Venustiano Carranza,0001,0259,1596,851.0,39.0,52.0,722.0,200.0,749.0,22.0,367.0,381.0,441.0,193.0,522.0,91.0,21.64750957854406,43.76417233560091,48.99866488651535,0901700010259,19.443085525,-99.11179662,4,4,False,False,False
09,017,Venustiano Carranza,0001,0263,1799,947.0,45.0,60.0,796.0,218.0,834.0,26.0,392.0,441.0,495.0,241.0,578.0,105.0,22.664359861591695,48.68686868686869,47.00239808153477,0901700010263,19.44243342,-99.110549555,4,4,False,False,False
09,017,Venustiano Carranza,0001,0278,2185,1138.0,69.0,74.0,961.0,233.0,1001.0,18.0,355.0,646.0,611.0,254.0,728.0,143.0,22.115384615384613,41.57119476268412,35.464535464535466,0901700010278,19.44165952,-99.10902249,3,3,False,False,False
09,017,Venustiano Carranza,0001,0282,3381,1741.0,90.0,123.0,1428.0,346.0,1491.0,34.0,684.0,804.0,972.0,382.0,1082.0,213.0,22.828096118299445,39.300411522633745,45.87525150905433,0901700010282,19.44188526,-99.10713076,3,3,False,False,False
09,017,Venustiano Carranza,0001,0297,3631,1865.0,122.0,155.0,1535.0,348.0,1589.0,34.0,771.0,816.0,1055.0,399.0,1187.0,277.0,26.20050547598989,37.81990521327015,48.521082441787286,0901700010297,19.44372915,-99.10109724,1,1,True,False,False
09,017,Venustiano Carranza,0001,030A,3513,1861.0,89.0,140.0,1553.0,377.0,1616.0,38.0,763.0,852.0,1091.0,430.0,1176.0,229.0,22.70408163265306,39.413382218148485,47.21534653465346,090170001030A,19.44419199,-99.09888233,2,2,False,False,False
09,017,Venustiano Carranza,0001,0314,3467,1804.0,86.0,126.0,1486.0,345.0,1536.0,15.0,735.0,797.0,1084.0,451.0,1141.0,212.0,19.894829097283086,41.60516605166052,47.8515625,0901700010314,19.44314874,-99.0934755,2,3,False,False,False
09,017,Venustiano Carranza,0001,0329,3668,1858.0,111.0,132.0,1557.0,386.0,1633.0,54.0,748.0,883.0,1168.0,456.0,1171.0,243.0,25.362937660119556,39.04109589041096,45.80526638089406,0901700010329,19.442269365,-99.08949403,3,4,True,False,False
09,017,Venustiano Carranza,0001,0333,3022,1588.0,99.0,115.0,1303.0,311.0,1360.0,37.0,587.0,772.0,849.0,351.0,992.0,214.0,25.30241935483871,41.342756183745585,43.161764705882355,0901700010333,19.442596055,-99.08712332,3,4,True,False,False
09,017,Venustiano Carranza,0001,0348,2881,1510.0,100.0,133.0,1209.0,245.0,1250.0,34.0,587.0,663.0,730.0,300.0,964.0,233.0,27.69709543568465,41.0958904109589,46.96,0901700010348,19.4394419,-99.08307545,2,3,True,False,False
09,017,Venustiano Carranza,0001,0352,3400,1794.0,101.0,154.0,1462.0,316.0,1523.0,32.0,719.0,800.0,804.0,348.0,1146.0,255.0,25.043630017452006,43.28358208955223,47.209455022980954,0901700010352,19.439863095,-99.07978151,1,2,True,False,False
09,017,Venustiano Carranza,0001,0367,5702,3003.0,220.0,258.0,2363.0,488.0,2500.0,42.0,995.0,1499.0,1643.0,724.0,1875.0,478.0,27.73333333333333,44.0657334144857,39.800000000000004,0901700010367,19.4385267,-99.12239306,5,5,True,False,False
09,017,Venustiano Carranza,0001,0371,7102,3695.0,265.0,288.0,2994.0,606.0,3154.0,62.0,1383.0,1767.0,2167.0,862.0,2388.0,553.0,25.753768844221103,39.77849561605907,43.84908053265694,0901700010371,19.44048894,-99.11433548,4,4,True,False,False
09,017,Venustiano Carranza,0001,0386,1928,1007.0,51.0,65.0,835.0,228.0,872.0,21.0,432.0,435.0,548.0,250.0,607.0,116.0,22.57001647446458,45.62043795620438,49.54128440366973,0901700010386,19.439893724999997,-99.11135652499999,3,3,False,False,False
09,017,Venustiano Carranza,0001,0390,6818,3567.0,244.0,302.0,2882.0,526.0,3018.0,38.0,1232.0,1779.0,2065.0,880.0,2356.0,546.0,24.78777589134126,42.615012106537534,40.821736249171636,0901700010390,19.439243625000003,-99.11792260499999,5,5,True,False,False
09,017,Venustiano Carranza,0001,0403,2343,1228.0,72.0,72.0,1034.0,273.0,1083.0,45.0,518.0,565.0,642.0,252.0,761.0,144.0,24.83574244415243,39.25233644859813,47.830101569713754,0901700010403,19.438873585000003,-99.11268151,3,3,True,False,False
09,017,Venustiano Carranza,0001,0418,2531,1286.0,78.0,89.0,1060.0,261.0,1107.0,23.0,508.0,598.0,679.0,275.0,799.0,167.0,23.779724655819777,40.500736377025035,45.88979223125564,0901700010418,19.43722561,-99.10868558000001,2,2,False,False,False
09,017,Venustiano Carranza,0001,0422,6439,3349.0,214.0,263.0,2732.0,588.0,2856.0,46.0,1369.0,1484.0,1971.0,847.0,2144.0,477.0,24.39365671641791,42.97311009639777,47.93417366946779,0901700010422,19.43899843,-99.10362475,1,1,True,False,False
09,017,Venustiano Carranza,0001,0437,3905,2023.0,104.0,155.0,1686.0,390.0,1768.0,39.0,839.0,920.0,1158.0,507.0,1296.0,259.0,22.993827160493826,43.78238341968912,47.45475113122172,0901700010437,19.4406743,-99.098683705,2,2,False,False,False
09,017,Venustiano Carranza,0001,0441,5328,2768.0,177.0,229.0,2247.0,226.0,2359.0,20.0,828.0,1531.0,1868.0,744.0,2021.0,406.0,21.0786739238001,39.82869379014989,35.0996184824078,0901700010441,19.439953055,-99.09444182,3,3,False,False,False
09,017,Venustiano Carranza,0001,0456,2635,1418.0,51.0,109.0,1205.0,335.0,1248.0,51.0,606.0,642.0,834.0,392.0,870.0,160.0,24.25287356321839,47.00239808153477,48.55769230769231,0901700010456,19.435856774999998,-99.09486401,5,5,True,False,False
09,017,Venustiano Carranza,0001,0460,4897,2591.0,126.0,191.0,2163.0,553.0,2261.0,34.0,1173.0,1087.0,1481.0,596.0,1610.0,317.0,21.801242236024844,40.243079000675216,51.8796992481203,0901700010460,19.43809681,-99.09091668,4,5,False,False,False
09,017,Venustiano Carranza,0001,0475,1419,758.0,37.0,63.0,614.0,131.0,642.0,13.0,184.0,454.0,406.0,182.0,483.0,100.0,23.395445134575567,44.827586206896555,28.66043613707165,0901700010475,19.43701557,-99.08368873,2,3,False,False,False
09,017,Venustiano Carranza,0001,048A,4890,2621.0,191.0,196.0,2096.0,458.0,2207.0,50.0,902.0,1304.0,1403.0,655.0,1638.0,387.0,26.67887667887668,46.68567355666429,40.869959220661535,090170001048A,19.434604975,-99.12220386999999,4,4,True,False,False
09,017,Venustiano Carranza,0001,0494,4947,2589.0,155.0,182.0,2132.0,496.0,2230.0,53.0,959.0,1271.0,1511.0,695.0,1636.0,337.0,23.838630806845966,45.99602911978822,43.00448430493273,0901700010494,19.435756415,-99.11852792,5,5,False,False,False
09,017,Venustiano Carranza,0001,0507,2189,1127.0,54.0,88.0,955.0,231.0,983.0,17.0,430.0,550.0,683.0,340.0,724.0,142.0,21.96132596685083,49.780380673499266,43.743641912512714,0901700010507,19.4325591,-99.11782357,4,4,False,False,False
09,017,Venustiano Carranza,0001,0526,4882,2580.0,148.0,169.0,2133.0,441.0,2240.0,42.0,898.0,1342.0,1602.0,699.0,1692.0,317.0,21.217494089834517,43.63295880149813,40.089285714285715,0901700010526,19.430864265,-99.10887893,1,1,False,False,False
09,017,Venustiano Carranza,0001,0530,1856,997.0,57.0,55.0,845.0,227.0,868.0,19.0,363.0,501.0,632.0,266.0,618.0,112.0,21.197411003236247,42.08860759493671,41.82027649769585,0901700010530,19.42944224,-99.10660553,3,3,False,False,False
09,017,Venustiano Carranza,0001,0545,3543,1876.0,96.0,115.0,1613.0,413.0,1663.0,58.0,749.0,914.0,1183.0,545.0,1200.0,211.0,22.416666666666664,46.069315300084526,45.039085989176186,0901700010545,19.432377635,-99.10296604,2,2,False,False,False
09,017,Venustiano Carranza,0001,055A,5390,2810.0,145.0,191.0,2386.0,631.0,2482.0,82.0,1102.0,1379.0,1681.0,751.0,1755.0,336.0,23.817663817663817,44.67578822129685,44.399677679290896,090170001055A,19.43277262,-99.0971571,3,3,False,False,False
09,017,Venustiano Carranza,0001,0564,3597,1870.0,95.0,121.0,1611.0,450.0,1656.0,37.0,778.0,877.0,1181.0,507.0,1161.0,216.0,21.791559000861326,42.929720575783236,46.98067632850241,0901700010564,19.43431012,-99.09174247,5,5,False,False,False
09,017,Venustiano Carranza,0001,0579,2007,1048.0,94.0,116.0,784.0,117.0,832.0,13.0,246.0,586.0,545.0,211.0,667.0,210.0,33.43328335832084,38.71559633027523,29.567307692307693,0901700010579,19.42961513,-99.12356767,3,4,True,False,False
09,017,Venustiano Carranza,0001,0583,3123,1660.0,119.0,117.0,1358.0,308.0,1413.0,17.0,664.0,742.0,884.0,379.0,1050.0,236.0,24.095238095238095,42.873303167420815,46.99221514508139,0901700010583,19.4276823,-99.12098908,4,7,False,False,False
09,017,Venustiano Carranza,0001,0600,1428,792.0,35.0,31.0,704.0,209.0,723.0,12.0,363.0,360.0,520.0,252.0,495.0,66.0,15.757575757575756,48.46153846153846,50.20746887966805,0901700010600,19.42586562,-99.1116902,5,8,False,False,False
09,017,Venustiano Carranza,0001,0615,1474,810.0,30.0,29.0,734.0,255.0,757.0,16.0,390.0,365.0,530.0,266.0,479.0,59.0,15.657620041753653,50.18867924528302,51.51915455746368,0901700010615,19.42457202,-99.10828953,3,5,False,False,False
09,017,Venustiano Carranza,0001,062A,2021,1071.0,59.0,48.0,917.0,248.0,955.0,18.0,384.0,571.0,654.0,281.0,669.0,107.0,18.684603886397607,42.96636085626911,40.20942408376963,090170001062A,19.42797319,-99.10662285,3,3,False,False,False
09,017,Venustiano Carranza,0001,0634,3946,2060.0,104.0,136.0,1757.0,443.0,1827.0,43.0,800.0,1023.0,1267.0,561.0,1314.0,240.0,21.537290715372905,44.277821625887924,43.78762999452655,0901700010634,19.42491359,-99.10303171,4,4,False,False,False
09,017,Venustiano Carranza,0001,0649,5209,2767.0,146.0,186.0,2335.0,619.0,2431.0,52.0,1193.0,1229.0,1530.0,716.0,1716.0,332.0,22.377622377622377,46.79738562091503,49.0744549568079,0901700010649,19.428226585,-99.10140190499999,4,4,False,False,False
09,017,Venustiano Carranza,0001,0653,4238,2204.0,96.0,131.0,1891.0,485.0,1981.0,50.0,897.0,1084.0,1378.0,656.0,1406.0,227.0,19.701280227596015,47.60522496371553,45.2801615345785,0901700010653,19.4304362,-99.09917809,3,3,False,False,False
09,017,Venustiano Carranza,0001,0668,3103,1629.0,78.0,107.0,1369.0,323.0,1422.0,33.0,597.0,825.0,939.0,398.0,1046.0,185.0,20.84130019120459,42.38551650692226,41.983122362869196,0901700010668,19.428273155,-99.09603503,4,4,False,False,False
09,017,Venustiano Carranza,0001,0672,3902,2090.0,106.0,118.0,1766.0,480.0,1835.0,46.0,844.0,988.0,1224.0,524.0,1286.0,224.0,20.99533437013997,42.810457516339866,45.99455040871935,0901700010672,19.43131063,-99.09290096,3,3,False,False,False
09,017,Venustiano Carranza,0001,0691,1989,995.0,55.0,92.0,825.0,177.0,858.0,7.0,308.0,547.0,536.0,224.0,648.0,147.0,23.765432098765434,41.7910447761194,35.8974358974359,0901700010691,19.42558311,-99.12328203,3,7,False,False,False
09,017,Venustiano Carranza,0001,0719,2109,1112.0,33.0,61.0,976.0,244.0,1011.0,23.0,395.0,613.0,827.0,367.0,732.0,94.0,15.983606557377051,44.37726723095526,39.0702274975272,0901700010719,19.42056281,-99.11605865,4,8,False,False,False
09,017,Venustiano Carranza,0001,0723,815,451.0,17.0,11.0,402.0,116.0,417.0,15.0,189.0,228.0,291.0,158.0,286.0,28.0,15.034965034965033,54.29553264604811,45.32374100719424,0901700010723,19.42398791,-99.11251227,4,8,False,False,False
09,017,Venustiano Carranza,0001,0738,961,500.0,14.0,22.0,456.0,152.0,461.0,7.0,192.0,267.0,376.0,132.0,304.0,36.0,14.144736842105262,35.1063829787234,41.64859002169197,0901700010738,19.42168989,-99.1143849,4,8,False,False,False
09,017,Venustiano Carranza,0001,0742,1718,930.0,38.0,53.0,819.0,219.0,843.0,8.0,381.0,461.0,690.0,321.0,600.0,91.0,16.5,46.52173913043478,45.195729537366546,0901700010742,19.42147696,-99.11070541,4,8,False,False,False
09,017,Venustiano Carranza,0001,0757,643,361.0,16.0,13.0,332.0,114.0,335.0,7.0,135.0,200.0,257.0,135.0,218.0,29.0,16.51376146788991,52.52918287937744,40.298507462686565,0901700010757,19.420940645,-99.11016864,4,8,False,False,False
09,017,Venustiano Carranza,0001,0761,1213,652.0,19.0,40.0,578.0,193.0,591.0,10.0,281.0,310.0,434.0,234.0,385.0,59.0,17.92207792207792,53.91705069124424,47.54653130287648,0901700010761,19.42416021,-99.10766782,3,3,False,False,False
09,017,Venustiano Carranza,0001,0776,2153,1161.0,40.0,51.0,1031.0,332.0,1066.0,19.0,454.0,611.0,755.0,350.0,699.0,91.0,15.736766809728184,46.35761589403973,42.589118198874296,0901700010776,19.4227609,-99.10416167,5,5,False,False,False
09,017,Venustiano Carranza,0001,0780,4389,2346.0,87.0,139.0,2033.0,602.0,2104.0,44.0,921.0,1181.0,1392.0,659.0,1431.0,226.0,18.867924528301888,47.34195402298851,43.77376425855513,0901700010780,19.42666409,-99.09775044,5,5,False,False,False
09,017,Venustiano Carranza,0001,0808,3529,1840.0,94.0,133.0,1494.0,353.0,1588.0,41.0,781.0,806.0,953.0,355.0,1141.0,227.0,23.488168273444344,37.2507869884575,49.18136020151134,0901700010808,19.42782504,-99.06962187,3,3,False,False,False
09,017,Venustiano Carranza,0001,0812,3791,1983.0,107.0,138.0,1624.0,355.0,1711.0,38.0,811.0,894.0,1188.0,494.0,1269.0,245.0,22.301024428684002,41.582491582491585,47.39918176504968,0901700010812,19.42528655,-99.06559074,4,5,False,False,False
09,017,Venustiano Carranza,0001,0827,4011,2070.0,134.0,168.0,1683.0,333.0,1767.0,49.0,881.0,886.0,1036.0,399.0,1350.0,302.0,26.0,38.513513513513516,49.85851726089417,0901700010827,19.43111021,-99.05872919,2,3,True,False,False
09,017,Venustiano Carranza,0001,0831,5009,2608.0,153.0,167.0,2149.0,477.0,2266.0,67.0,1090.0,1173.0,1349.0,604.0,1672.0,320.0,23.145933014354068,44.77390659747961,48.10238305383937,0901700010831,19.42870935,-99.05668934,2,3,False,False,False
09,017,Venustiano Carranza,0001,0846,3052,1625.0,76.0,112.0,1358.0,348.0,1415.0,31.0,655.0,760.0,918.0,401.0,1010.0,188.0,21.683168316831683,43.68191721132897,46.28975265017668,0901700010846,19.42555985,-99.0691423,3,3,False,False,False
09,017,Venustiano Carranza,0001,0865,4462,2347.0,152.0,193.0,1879.0,378.0,1991.0,51.0,990.0,1000.0,1182.0,448.0,1501.0,345.0,26.382411725516324,37.90186125211506,49.72375690607735,0901700010865,19.42660581,-99.05704609,2,3,True,False,False
09,017,Venustiano Carranza,0001,087A,4441,2337.0,123.0,148.0,1949.0,465.0,2037.0,48.0,974.0,1059.0,1177.0,467.0,1484.0,271.0,21.495956873315365,39.677145284621915,47.815414825724105,090170001087A,19.42363164,-99.0710633,2,3,False,False,False
09,017,Venustiano Carranza,0001,0884,8393,4377.0,306.0,324.0,3573.0,636.0,3756.0,53.0,1678.0,2067.0,2470.0,1037.0,2937.0,630.0,23.255022131426625,41.983805668016196,44.67518636847711,0901700010884,19.423072745,-99.06524965,3,4,False,False,False
09,017,Venustiano Carranza,0001,0899,3055,1616.0,106.0,151.0,1293.0,208.0,1362.0,11.0,493.0,864.0,866.0,354.0,1085.0,257.0,24.70046082949309,40.877598152424945,36.19676945668135,0901700010899,19.422231775,-99.12597091,3,7,True,False,False
09,017,Venustiano Carranza,0001,0901,1384,720.0,28.0,55.0,624.0,176.0,643.0,10.0,247.0,391.0,420.0,177.0,448.0,83.0,20.758928571428573,42.142857142857146,38.41368584758943,0901700010901,19.41926777,-99.12191009,4,9,False,False,False
09,017,Venustiano Carranza,0001,0916,1426,758.0,24.0,36.0,671.0,218.0,688.0,18.0,333.0,355.0,477.0,194.0,453.0,60.0,17.218543046357617,40.670859538784065,48.401162790697676,0901700010916,19.4178437,-99.11785034,5,10,False,False,False
09,017,Venustiano Carranza,0001,0935,3159,1745.0,85.0,74.0,1544.0,475.0,1590.0,29.0,722.0,867.0,1163.0,591.0,1069.0,159.0,17.586529466791394,50.81685296646603,45.40880503144654,0901700010935,19.41707547,-99.11188231,4,9,False,False,False
09,017,Venustiano Carranza,0001,094A,1135,628.0,24.0,32.0,557.0,173.0,572.0,8.0,161.0,411.0,427.0,223.0,384.0,56.0,16.666666666666664,52.2248243559719,28.146853146853147,090170001094A,19.41836888,-99.11038873,4,8,False,False,False
09,017,Venustiano Carranza,0001,0954,860,478.0,21.0,27.0,430.0,143.0,440.0,11.0,183.0,257.0,294.0,145.0,287.0,48.0,20.557491289198605,49.31972789115646,41.590909090909086,0901700010954,19.42141055,-99.107562755,3,6,False,False,False
09,017,Venustiano Carranza,0001,0969,486,256.0,6.0,7.0,237.0,82.0,244.0,8.0,110.0,132.0,168.0,59.0,155.0,13.0,13.548387096774196,35.11904761904761,45.08196721311475,0901700010969,19.418902075,-99.10658766,4,5,False,False,False
09,017,Venustiano Carranza,0001,0973,996,523.0,18.0,16.0,468.0,157.0,484.0,14.0,230.0,251.0,334.0,109.0,311.0,34.0,15.434083601286176,32.634730538922156,47.5206611570248,0901700010973,19.42017174,-99.10468668499999,4,4,False,False,False
09,017,Venustiano Carranza,0001,0988,1288,689.0,24.0,29.0,626.0,220.0,643.0,15.0,305.0,336.0,430.0,208.0,406.0,53.0,16.748768472906402,48.372093023255815,47.43390357698289,0901700010988,19.42130324,-99.10227467,5,5,False,False,False
09,017,Venustiano Carranza,0001,0992,965,502.0,11.0,31.0,445.0,156.0,455.0,10.0,253.0,201.0,321.0,146.0,289.0,42.0,17.99307958477509,45.482866043613704,55.604395604395606,0901700010992,19.420862895,-99.1004732,5,5,False,False,False
09,017,Venustiano Carranza,0001,1007,2306,1223.0,73.0,75.0,1022.0,194.0,1079.0,19.0,445.0,634.0,712.0,320.0,828.0,148.0,20.169082125603865,44.9438202247191,41.241890639481,0901700011007,19.42089832,-99.096758615,6,6,False,False,False
09,017,Venustiano Carranza,0001,1011,3456,1815.0,94.0,116.0,1539.0,371.0,1608.0,30.0,667.0,940.0,1144.0,458.0,1168.0,210.0,20.54794520547945,40.03496503496503,41.48009950248756,0901700011011,19.42068816,-99.08936817,4,5,False,False,False
09,017,Venustiano Carranza,0001,1026,2822,1509.0,70.0,74.0,1308.0,333.0,1360.0,37.0,500.0,859.0,915.0,410.0,975.0,144.0,18.564102564102562,44.80874316939891,36.76470588235294,0901700011026,19.41961387,-99.08578919,2,3,False,False,False
09,017,Venustiano Carranza,0001,1030,3171,1689.0,81.0,108.0,1384.0,341.0,1436.0,21.0,743.0,691.0,815.0,336.0,1043.0,189.0,20.13422818791946,41.22699386503068,51.74094707520891,0901700011030,19.4173886,-99.07308957,3,6,False,False,False
09,017,Venustiano Carranza,0001,1045,4132,2209.0,120.0,178.0,1786.0,208.0,1872.0,11.0,654.0,1218.0,1471.0,588.0,1578.0,298.0,19.581749049429657,39.97280761386811,34.93589743589743,0901700011045,19.41730218,-99.12707948,4,5,False,False,False
09,017,Venustiano Carranza,0001,105A,4115,2163.0,90.0,119.0,1836.0,507.0,1899.0,44.0,667.0,1229.0,1368.0,572.0,1329.0,209.0,19.036869826937547,41.812865497076025,35.12374934175882,090170001105A,19.41581768,-99.12272228,7,12,False,False,False
09,017,Venustiano Carranza,0001,1064,1702,920.0,41.0,45.0,807.0,264.0,829.0,24.0,367.0,456.0,562.0,267.0,543.0,86.0,20.257826887661142,47.50889679715303,44.27020506634499,0901700011064,19.41667635,-99.11766322,6,11,False,False,False
09,017,Venustiano Carranza,0001,1079,2580,1422.0,48.0,53.0,1252.0,366.0,1293.0,37.0,593.0,698.0,853.0,408.0,886.0,101.0,15.575620767494355,47.83118405627198,45.86233565351895,0901700011079,19.41579563,-99.11401234,3,8,False,False,False
09,017,Venustiano Carranza,0001,1083,1213,676.0,18.0,25.0,616.0,201.0,631.0,19.0,287.0,343.0,363.0,187.0,415.0,43.0,14.93975903614458,51.515151515151516,45.48335974643423,0901700011083,19.41582521,-99.11070714,4,9,False,False,False
09,017,Venustiano Carranza,0001,1098,807,435.0,22.0,27.0,383.0,112.0,392.0,7.0,171.0,218.0,258.0,116.0,271.0,49.0,20.66420664206642,44.96124031007752,43.62244897959184,0901700011098,19.414994880000002,-99.10923783,3,6,False,False,False
09,017,Venustiano Carranza,0001,1100,1312,721.0,19.0,20.0,647.0,234.0,668.0,19.0,350.0,318.0,370.0,145.0,413.0,39.0,14.043583535108958,39.189189189189186,52.39520958083832,0901700011100,19.41547597,-99.10582919,2,5,False,False,False
09,017,Venustiano Carranza,0001,1115,1753,967.0,24.0,37.0,875.0,299.0,900.0,14.0,413.0,484.0,572.0,290.0,576.0,61.0,13.020833333333334,50.6993006993007,45.88888888888889,0901700011115,19.41616845,-99.10369532,4,6,False,False,False
09,017,Venustiano Carranza,0001,1134,1331,722.0,26.0,29.0,644.0,210.0,658.0,18.0,288.0,369.0,491.0,241.0,434.0,55.0,16.82027649769585,49.08350305498982,43.76899696048632,0901700011134,19.41878547,-99.1009565,4,6,False,False,False
09,017,Venustiano Carranza,0001,1149,1182,642.0,25.0,33.0,572.0,201.0,584.0,19.0,207.0,376.0,398.0,158.0,371.0,58.0,20.754716981132077,39.698492462311556,35.44520547945205,0901700011149,19.41587611,-99.10113816,4,6,False,False,False
09,017,Venustiano Carranza,0001,1153,885,464.0,22.0,22.0,408.0,67.0,418.0,6.0,141.0,277.0,342.0,136.0,341.0,44.0,14.66275659824047,39.76608187134503,33.73205741626794,0901700011153,19.41961168,-99.09683357,6,6,False,False,False
09,017,Venustiano Carranza,0001,1168,2078,1086.0,27.0,53.0,944.0,258.0,983.0,18.0,424.0,555.0,585.0,226.0,686.0,80.0,14.285714285714285,38.63247863247864,43.13326551373347,0901700011168,19.41811165,-99.09631943,5,8,False,False,False
09,017,Venustiano Carranza,0001,1172,2458,1274.0,52.0,68.0,1104.0,315.0,1149.0,22.0,524.0,624.0,739.0,319.0,789.0,120.0,17.99746514575412,43.16644113667118,45.60487380330722,0901700011172,19.41550292,-99.09518599,4,7,False,False,False
09,017,Venustiano Carranza,0001,1187,2452,1295.0,60.0,87.0,1121.0,306.0,1157.0,20.0,488.0,669.0,787.0,368.0,815.0,147.0,20.49079754601227,46.75984752223634,42.17804667242869,0901700011187,19.41466676,-99.09413844,4,7,False,False,False
09,017,Venustiano Carranza,0001,1191,2663,1383.0,73.0,78.0,1180.0,312.0,1236.0,14.0,562.0,673.0,786.0,333.0,868.0,151.0,19.00921658986175,42.36641221374045,45.46925566343042,0901700011191,19.41410301,-99.09312359,3,6,False,False,False
09,017,Venustiano Carranza,0001,1204,3016,1573.0,71.0,103.0,1350.0,341.0,1406.0,37.0,631.0,773.0,967.0,395.0,1009.0,174.0,20.911793855302278,40.847983453981385,44.87908961593172,0901700011204,19.418283885,-99.08961275,4,5,False,False,False
09,017,Venustiano Carranza,0001,1219,2419,1289.0,59.0,93.0,1104.0,298.0,1150.0,26.0,514.0,636.0,719.0,302.0,806.0,152.0,22.084367245657567,42.00278164116829,44.69565217391304,0901700011219,19.41340182,-99.09195315,4,5,False,False,False
09,017,Venustiano Carranza,0001,1223,3613,1941.0,98.0,122.0,1666.0,438.0,1712.0,34.0,743.0,968.0,1125.0,429.0,1228.0,220.0,20.684039087947884,38.13333333333333,43.399532710280376,0901700011223,19.41303397,-99.09146615,4,5,False,False,False
09,017,Venustiano Carranza,0001,1238,3484,1827.0,90.0,112.0,1563.0,391.0,1630.0,31.0,682.0,947.0,1125.0,500.0,1172.0,202.0,19.880546075085324,44.44444444444444,41.84049079754602,0901700011238,19.41653106,-99.08475986,3,4,False,False,False
09,017,Venustiano Carranza,0001,1242,4012,2155.0,118.0,143.0,1812.0,452.0,1884.0,26.0,812.0,1069.0,1271.0,522.0,1360.0,261.0,21.102941176470587,41.07002360346184,43.09978768577495,0901700011242,19.41158477,-99.08853869,3,4,False,False,False
09,017,Venustiano Carranza,0001,1257,2583,1402.0,63.0,86.0,1207.0,317.0,1252.0,20.0,517.0,735.0,914.0,423.0,890.0,149.0,18.98876404494382,46.2800875273523,41.29392971246006,0901700011257,19.41232817,-99.0823382,2,3,False,False,False
09,017,Venustiano Carranza,0001,1261,3703,1986.0,83.0,115.0,1681.0,400.0,1741.0,28.0,747.0,992.0,1214.0,564.0,1281.0,198.0,17.64246682279469,46.45799011532125,42.90637564618036,0901700011261,19.410493785,-99.08601315,1,2,False,False,False
09,017,Venustiano Carranza,0001,1276,2438,1308.0,64.0,65.0,1115.0,296.0,1166.0,22.0,560.0,604.0,748.0,306.0,819.0,129.0,18.43711843711844,40.909090909090914,48.02744425385935,0901700011276,19.41054584,-99.08301707,2,3,False,False,False
09,017,Venustiano Carranza,0001,1280,3707,1939.0,115.0,136.0,1628.0,388.0,1693.0,30.0,731.0,960.0,1125.0,503.0,1240.0,251.0,22.661290322580648,44.711111111111116,43.1777909037212,0901700011280,19.41430617,-99.07735906,4,6,False,False,False
09,017,Venustiano Carranza,0001,1295,4277,2224.0,134.0,146.0,1865.0,414.0,1922.0,34.0,761.0,1161.0,1406.0,599.0,1451.0,280.0,21.64024810475534,42.603129445234714,39.59417273673257,0901700011295,19.41343449,-99.07683837,4,7,False,False,False
09,017,Venustiano Carranza,0001,1308,2791,1472.0,69.0,85.0,1250.0,304.0,1296.0,24.0,616.0,675.0,862.0,380.0,946.0,154.0,18.816067653276956,44.08352668213457,47.53086419753087,0901700011308,19.40821551,-99.08083289,2,3,False,False,False
09,017,Venustiano Carranza,0001,1312,10188,5289.0,297.0,403.0,4231.0,647.0,4466.0,49.0,1677.0,2777.0,2958.0,1158.0,3584.0,700.0,20.8984375,39.148073022312374,37.55038065382893,0901700011312,19.41231891,-99.12661638,4,6,False,False,False
09,017,Venustiano Carranza,0001,1327,2763,1471.0,58.0,75.0,1275.0,355.0,1317.0,32.0,538.0,773.0,907.0,367.0,920.0,133.0,17.934782608695652,40.46306504961411,40.850417615793475,0901700011327,19.409879535,-99.12352938000001,5,7,False,False,False
09,017,Venustiano Carranza,0001,1331,3109,1652.0,64.0,78.0,1451.0,426.0,1501.0,31.0,688.0,812.0,854.0,383.0,1025.0,142.0,16.878048780487806,44.84777517564403,45.836109260493004,0901700011331,19.412748905,-99.118460955,5,10,False,False,False
09,017,Venustiano Carranza,0001,1346,1274,689.0,20.0,31.0,609.0,175.0,631.0,7.0,274.0,356.0,444.0,202.0,434.0,51.0,13.36405529953917,45.4954954954955,43.42313787638668,0901700011346,19.41329837,-99.11094328,2,4,False,False,False
09,017,Venustiano Carranza,0001,1350,1222,644.0,18.0,34.0,580.0,191.0,594.0,4.0,289.0,303.0,414.0,183.0,389.0,52.0,14.395886889460154,44.20289855072464,48.65319865319865,0901700011350,19.41336749,-99.10754642,3,6,False,False,False
09,017,Venustiano Carranza,0001,1365,1058,590.0,15.0,25.0,535.0,189.0,548.0,12.0,288.0,260.0,393.0,213.0,346.0,40.0,15.028901734104046,54.19847328244275,52.55474452554745,0901700011365,19.41273054,-99.10665742,2,5,False,False,False
09,017,Venustiano Carranza,0001,137A,1940,1051.0,43.0,52.0,918.0,284.0,944.0,27.0,492.0,451.0,646.0,297.0,634.0,95.0,19.242902208201894,45.975232198142415,52.118644067796616,090170001137A,19.413064175,-99.10346333,3,5,False,False,False
09,017,Venustiano Carranza,0001,1384,1299,688.0,18.0,36.0,619.0,207.0,633.0,18.0,267.0,366.0,473.0,205.0,412.0,54.0,17.475728155339805,43.34038054968288,42.18009478672986,0901700011384,19.41174855,-99.09982997,2,4,False,False,False
09,017,Venustiano Carranza,0001,1399,4440,2294.0,131.0,182.0,1907.0,298.0,1987.0,25.0,680.0,1307.0,1551.0,624.0,1609.0,313.0,21.006836544437537,40.232108317214696,34.2224458983392,0901700011399,19.40874942,-99.12625628,5,7,False,False,False
09,017,Venustiano Carranza,0001,1401,4497,2344.0,128.0,191.0,1934.0,390.0,2019.0,46.0,729.0,1285.0,1179.0,553.0,1544.0,319.0,23.639896373056995,46.904156064461404,36.10698365527489,0901700011401,19.4111025,-99.11805003,6,9,False,False,False
09,017,Venustiano Carranza,0001,1416,6791,3532.0,214.0,269.0,2923.0,621.0,3049.0,63.0,1398.0,1643.0,1863.0,855.0,2302.0,483.0,23.71850564726325,45.893719806763286,45.8510987208921,0901700011416,19.4076338,-99.11515556,5,6,False,False,False
09,017,Venustiano Carranza,0001,1420,547,275.0,11.0,25.0,232.0,50.0,240.0,6.0,133.0,107.0,128.0,46.0,182.0,36.0,23.076923076923077,35.9375,55.41666666666667,0901700011420,19.4099516,-99.112670605,2,4,False,False,False
09,017,Venustiano Carranza,0001,144A,5519,2895.0,120.0,154.0,2501.0,599.0,2592.0,27.0,1117.0,1470.0,2020.0,933.0,1902.0,274.0,15.825446898002102,46.18811881188119,43.09413580246913,090170001144A,19.40778161,-99.11280897,4,5,False,False,False
09,017,Venustiano Carranza,0001,1454,1543,858.0,37.0,38.0,768.0,246.0,783.0,9.0,402.0,381.0,551.0,275.0,522.0,75.0,16.091954022988507,49.9092558983666,51.34099616858238,0901700011454,19.41077994,-99.10090429,1,3,False,False,False
09,017,Venustiano Carranza,0001,1469,1356,712.0,57.0,61.0,546.0,83.0,577.0,10.0,253.0,323.0,361.0,162.0,463.0,118.0,27.645788336933048,44.87534626038781,43.84748700173311,0901700011469,19.430279615,-99.06277417,2,3,True,False,False
09,017,Venustiano Carranza,0001,1473,1181,603.0,48.0,50.0,463.0,58.0,494.0,11.0,223.0,270.0,311.0,118.0,405.0,98.0,26.913580246913583,37.942122186495176,45.1417004048583,0901700011473,19.42926707,-99.061470535,2,3,True,False,False
09,017,Venustiano Carranza,0001,1488,1079,564.0,46.0,61.0,432.0,66.0,462.0,5.0,170.0,291.0,284.0,120.0,366.0,107.0,30.601092896174865,42.25352112676056,36.79653679653679,0901700011488,19.42819441,-99.06052379,2,3,True,False,False
09,017,Venustiano Carranza,0001,1492,900,475.0,36.0,48.0,369.0,51.0,389.0,6.0,140.0,249.0,242.0,130.0,318.0,84.0,28.30188679245283,53.71900826446281,35.98971722365039,0901700011492,19.426731165,-99.05883414,2,3,True,False,False
09,017,Venustiano Carranza,0001,1505,2513,1346.0,83.0,99.0,1121.0,173.0,1171.0,27.0,502.0,668.0,823.0,366.0,948.0,182.0,22.046413502109704,44.471445929526126,42.86934244235696,0901700011505,19.42852195,-99.06218247,2,3,False,False,False
09,017,Venustiano Carranza,0001,151A,2248,1208.0,82.0,76.0,1001.0,156.0,1044.0,20.0,436.0,608.0,717.0,315.0,845.0,158.0,21.06508875739645,43.93305439330544,41.7624521072797,090170001151A,19.42567848,-99.06130959,2,3,False,False,False
09,017,Venustiano Carranza,0001,1524,4295,2229.0,117.0,158.0,1850.0,394.0,1946.0,48.0,895.0,1049.0,1204.0,466.0,1456.0,275.0,22.184065934065934,38.70431893687707,45.9917780061665,0901700011524,19.42374435,-99.06248439999999,2,3,False,False,False
